invoice_id,project_id,vendor_name,category,invoice_amount_naira,invoice_date,payment_status,notes
INV05063,PRJ00278,Mama Bisi Kitchen Services,Catering,67913129,14-03-2023,disputed,
INV02797,PRJ00659,Naija Faces Casting,Talent,29352645,25/06/2021,Pending,
INV09667,PRJ00100,SoundWave Post,Post-Production,10596183,10/11/2025,paid,
INV03097,PRJ00605,Urban Set Scouts,Location,15820750,21 Apr 2024,Pd,
INV07741,PRJ00121,Urban Set Scouts,Location,2298615,2022-06-22,pending,
INV02578,PRJ02590,ColourGrade Lagos,Post-Production,5308896,12-04-2025,Pending,
INV07621,PRJ01499,Reel Edit Studios,Post-Production,42481661,15/08/2025,Pending,
INV06748,PRJ00087,SoundWave Post NG,Post-Production,3404770,16/07/2024,paid,
INV07180,PRJ02677,Stagehand Talent Agency,Talent,5450510,27/06/2023,disputed,
INV08488,PRJ00406,Crew Connect NG,Crew,44725823,15/04/2023,Pd,
INV07271,PRJ00437,COLOURGRADE LAGOS,Post-Production,36275035,08/10/2021,paid,
INV01953,PRJ03979,ProGear Nigeria,Equipment Rental,37419799,2023-03-22,pending,
INV01758,PRJ00221,OnSet Meals NG,Catering,860075,25 Nov 2023,OVERDUE,
INV08318,PRJ03925,Lagos Grip & Lighting,Equipment Rental,13889546,16/06/2025,Paid,
INV07594,PRJ02309,OnSet Meals NG,Catering,50677579,2023-07-21,paid,
INV00609,PRJ02654,Lagos Grip & Lighting Co,Equipment Rental,7260075,2021-08-28,paid,
INV09720,PRJ02550,Naija Faces Casting,Talent,42427447,28/01/2025,Paid,
INV07554,PRJ00398,Crew Connect NG,Crew,66286474,15 Oct 2021,PAID,
INV08980,PRJ03250,SoundWave Post NG,Post-Production,14199016,2024-09-17,OVERDUE,
INV02232,PRJ02696,Chop Life Catering,Catering,14249770,25-06-2021,Disputed,
INV09373,PRJ02189,Crew Connect NG,Crew,29347081,21 Jan 2022,Disputed,
INV01982,PRJ03497,ColourGrade Lagos,Post-Production,"NGN 21,812,210",2024-04-18,Pending,
INV05687,PRJ01127,Chop Life Catering,Catering,4293922,2021-07-06,Paid,
INV01764,PRJ00716,Naija Faces Casting,Talent,533820,25-05-2022,Disputed,
INV05608,PRJ02694,Crewnnect,Crew,25602557,18-11-2025,OVERDUE,
INV07895,PRJ02244,SoundWave Post NG,Post-Production,7486094,12 Mar 2021,PAID,
INV00907,PRJ00937,Redline Camera Rentals,Equipment Rental,29912005,12 Jun 2023,Pd,
INV09541,PRJ02999,ColourGrade Lagos,Post-Production,25522220,2025-04-05,Paid,
INV05766,PRJ03160,Stagehand Talent Agency,Talent,20219766,2021-10-14,pending,
INV05943,PRJ01128,REDLINE CAMERA RENTALS,Equipment Rental,"NGN 9,441,274",2025-11-07,OVERDUE,
INV02005,PRJ02535,Lagos Grip & Lighting Co,Equipment Rental,2184355,21-10-2024,Paid,
INV05671,PRJ01602,Crew Connect NG,Crew,10127421,13 Jul 2024,disputed,
INV06185,PRJ03368,Stagehand Talent Agency,Talent,1946175,2025-02-13,OVERDUE,
INV09144,PRJ02538,ondeck production staffing,Crew,5006344,2021-12-23,Overdue,
INV05280,PRJ03351,Frame & Focus Equipment,Equipment Rental,32582000,28 Jul 2023,Overdue,
INV03506,PRJ02114,Mama Bisi Kitchen Services,Catering,2962725,2021-09-16,paid,
INV05793,PRJ02369,Stagehand Talent Agency,Talent,14684480,26-12-2025,pending,
INV07202,PRJ00149,Coastline Property Services,Location,1175243,09-05-2022,Paid,
INV05102,PRJ01125,Mama Bisi Kitchen Services,Catering,30806118,2021-02-25,Overdue,
INV07776,PRJ02518,Chop Life Catering,Catering,2818370,09-05-2025,Pending,
INV06377,PRJ01865,Chop Life Catering,Catering,2600172,16-04-2023,disputed,
INV02793,PRJ01962,Mama Bisi Kitchen Services,Catering,333903,05-02-2025,disputed,
INV03066,PRJ03179,Naija Locations Ltd,Location,4313144,17-03-2023,disputed,
INV02425,PRJ03888,Redline Camera Rentals,Equipment Rental,12539757,24 Jun 2022,disputed,
INV07185,PRJ02058,ColourGrade Lagos,Post-Production,11805095,2025-05-06,Overdue,
INV01611,PRJ03622,Frame & Focus Equipment,Equipment Rental,6812043,28-02-2023,Pending,
INV06955,PRJ00160,Crew Connect NG,Crew,30293913,02 Aug 2021,PAID,
INV05656,PRJ03585,Naija Faces Casting,Talent,34890414,2021-02-02,Paid,
INV01274,PRJ02619,Crewnnect,Crew,6663735,10/06/2021,disputed,
INV08388,PRJ03132,Crew Connect NG,Crew,11660253,05/04/2023,Pending,
INV00921,PRJ01794,OnSet Meals NG,Catering,16218345,2025-10-18,Overdue,
INV08233,PRJ01902,NAIJA FACES CASTING,Talent,20776793,2023-02-01,Paid,
INV03562,PRJ00864,Mama Bisi Kitchen Services,Catering,8555498,15 Aug 2025,disputed,
INV08064,PRJ02811,soundwave post ng,Post-Production,10734285,2021-08-16,PAID,
INV08723,PRJ03337,OnSet Meals NG,Catering,9378682,16 Jul 2021,OVERDUE,
INV02976,PRJ00849,ColourGrade Lagos,Post-Production,25697500,01/03/2021,paid,
INV08101,PRJ00917,OnDeck Production Staffing,Crew,16317389,05-03-2021,PAID,
INV00691,PRJ01973,COLOURGRADE LAGOS,Post-Production,17522405,27-11-2021,paid,
INV07278,PRJ01758,NAIJA FACES CASTING,Talent,19350528,20 Oct 2022,OVERDUE,
INV06392,PRJ00985,Reel Edit Studios,Post-Production,58931930,19 Nov 2024,PAID,
INV06274,PRJ03913,SOUNDWAVE POST NG,Post-Production,25157066,13 Aug 2023,Pd,
INV04711,PRJ02894,Naija Locations Ltd,Location,14164644,11 Jan 2023,disputed,
INV05557,PRJ02226,Naija Faces Casting,Talent,2607600,14/12/2025,Pd,
INV02614,PRJ02737,MAMA BISI KITCHEN SERVICES,Catering,23447296,21 Apr 2021,Pd,
INV05491,PRJ03463,COLOURGRADE LAGOS,Post-Production,54672520,25 Dec 2025,Disputed,
INV00543,PRJ02895,Crew Connect NG,Crew,1619259,2024-07-02,pending,
INV05974,PRJ00607,ColourGrade Lagos,Post-Production,2983154,26-10-2021,PAID,
INV05607,PRJ02694,REEL EDIT STUDIOS,Post-Production,43578864,19 Dec 2025,OVERDUE,
INV07047,PRJ03178,Chop Life Catering,Catering,19934568,07/07/2023,pending,
INV03645,PRJ02746,ColourGrade Lagos,Post-Production,20387767,20 Jan 2022,Paid,
INV05914,PRJ03258,Frame & Focus Equipment,Equipment Rental,11998459,09-10-2023,Paid,
INV09580,PRJ01850,redline camera rentals,Equipment Rental,6036661,27-12-2025,Pending,
INV03065,PRJ01009,ProGear Nigeria,Equipment Rental,16017189,15 Sep 2022,Pending,
INV06343,PRJ03873,OnSet Meals NG,Catering,22165154,11-02-2022,pending,
INV00686,PRJ01913,ColourGrade Lagos,Post-Production,"NGN 2,348,279",07/11/2023,PAID,
INV06905,PRJ00086,OnDeck Production Staffing,Crew,6758867,08/04/2021,disputed,
INV00376,PRJ00598,ONDECK PRODUCTION STAFFING,Crew,22112161,2021-09-12,Paid,
INV09098,PRJ03592,frame & focus equipment,Equipment Rental,15769558,08 Nov 2024,pending,
INV07393,PRJ00062,Naija Faces Casting,Talent,21134930,01-01-2021,disputed,
INV04639,PRJ00924,naija locations ltd,Location,58710239,2024-04-01,pending,
INV01062,PRJ02035,Naija Locations Ltd,Location,187883,2024-09-10,disputed,
INV01320,PRJ01410,SoundWave Post NG,Post-Production,15444513,26 Mar 2025,OVERDUE,
INV02677,PRJ00823,chop life catering,Catering,"NGN 27,687,591",10 Feb 2021,Pd,
INV04674,PRJ01994,ColourGrade Lagos,Post-Production,7012074,26/11/2024,pending,
INV02825,PRJ03806,Crew Connect NG,Crew,17356355,23-05-2022,Paid,
INV03202,PRJ02991,Coastline Property Services,Location,40665036,04-03-2024,OVERDUE,
INV04876,PRJ02327,ColourGrade Lagos,Post-Production,5244960,19/08/2023,Pd,
INV05570,PRJ03798,Naija Faces Casting,Talent,56765676,12/07/2025,Paid,
INV07153,PRJ01190,stagehand talent agency,Talent,62795898,13 May 2025,disputed,
INV02954,PRJ00970,OnSet Meals NG,Catering,4191538,24 Aug 2022,Paid,
INV01710,PRJ03101,Frame & Focus Equipment,Equipment Rental,22474279,18/01/2023,Pd,
INV04057,PRJ01505,ColourGrade Lagos,Post-Production,12926924,11-12-2024,OVERDUE,
INV00595,PRJ01401,ProGear,Equipment Rental,62377250,2023-05-13,disputed,
INV00118,PRJ00743,OnDeck Production Staffing,Crew,4985891,2025-02-19,Paid,
INV09095,PRJ02426,NAIJA FACES CASTING,Talent,26952720,01 Dec 2023,Overdue,
INV06504,PRJ02158,Naija Locations Ltd,Location,27590144,02/05/2025,Overdue,
INV00629,PRJ03558,Chop Life Catering,Catering,21188326,23 Dec 2024,Overdue,
INV07323,PRJ03994,Lagos Grip & Lighting Co,Equipment Rental,21346565,2021-01-13,Paid,
INV00094,PRJ03787,Reel Edit Studios,Post-Production,46485914,21-11-2023,OVERDUE,
INV04165,PRJ03808,Urban Set Scouts,Location,26864576,14-04-2022,paid,
INV05480,PRJ02611,ONSET MEALS NG,Catering,33599402,04 Jun 2021,Pending,
INV09202,PRJ03803,ProGear Nigeria,Equipment Rental,25099218,2024-08-20,paid,
INV01844,PRJ01811,Stagehand Talent Agency,Talent,36496400,21-04-2025,pending,
INV09489,PRJ03066,ondeck production staffing,Crew,39793583,02-06-2025,Paid,
INV08732,PRJ01575,Naija Faces Casting,Talent,"NGN 15,019,412",16/08/2024,Disputed,
INV00304,PRJ01730,redline camera rentals,Equipment Rental,14611806,03 Mar 2022,Pd,
INV01271,PRJ02228,Crew Connect NG,Crew,1793943,2024-07-17,paid,
INV06830,PRJ00524,OnDeck Production Staffing,Crew,16620755,06 Dec 2025,OVERDUE,
INV08419,PRJ01523,Coastline Property Services,Location,31391554,22-10-2024,Pending,
INV03920,PRJ01339,Urban Set Scouts,Location,3894329,02-04-2024,PAID,
INV05619,PRJ03958,Naija Locations Ltd,Location,12632683,27/11/2024,Pending,
INV07219,PRJ01722,NAIJA LOCATIONS LTD,Location,15031951,02-10-2024,OVERDUE,
INV05705,PRJ00326,Stagehand Talent Agency,Talent,8585166,13/10/2024,pending,
INV05859,PRJ03456,Frame & Focus Equipment,Equipment Rental,5220738,09-03-2023,PAID,
INV01938,PRJ02609,REEL EDIT STUDIOS,Post-Production,28272115,01-04-2021,pending,
INV07739,PRJ00121,Urban Set Scouts,Location,30020492,17 Nov 2024,Pd,
INV03280,PRJ01742,SoundWave Post NG,Post-Production,2586936,08 Oct 2023,pending,
INV03052,PRJ01102,Naija Faces Casting,Talent,"NGN 41,952,488",2022-01-24,disputed,
INV07394,PRJ00062,OnDeck Production Staffing,Crew,2354447,2021-08-10,disputed,
INV08592,PRJ02786,Urban Set Scouts,Location,985963,2022-07-19,disputed,
INV01461,PRJ02875,onset meals ng,Catering,5233357,16-12-2024,Pd,
INV02829,PRJ02665,Reel Edit Studios,Post-Production,1587020,2022-08-10,Disputed,
INV00950,PRJ00777,SoundWave Post NG,Post-Production,1187469,04/09/2025,Disputed,
INV03439,PRJ02128,ProGear Nigeria,Equipment Rental,20442383,2024-10-10,Disputed,
INV03601,PRJ01500,Naija Faces Casting,Talent,153317,27 Feb 2023,Disputed,
INV07568,PRJ02539,Lagos Grip & Lighting Co,Equipment Rental,7099472,2023-02-09,disputed,
INV08492,PRJ01319,URBAN SET SCOUTS,Location,9559221,2021-07-17,Paid,
INV02295,PRJ03659,FRAME & FOCUS EQUIPMENT,Equipment Rental,20498608,18-02-2023,Overdue,
INV07907,PRJ01947,Reel Edit Studios,Post-Production,15000,10 Jan 2023,paid,
INV01996,PRJ02232,Redline Camera Rentals,Equipment Rental,2975679,14/05/2025,paid,
INV05169,PRJ01621,Stagehand Talent Agency,Talent,26980094,2021-10-16,Paid,
INV03959,PRJ00494,Reel Edit Studios,Post-Production,30237832,15-03-2024,disputed,
INV03510,PRJ00430,colourgrade lagos,Post-Production,12076125,2021-02-27,disputed,
INV04255,PRJ01236,Stagehand Talent Agency,Talent,8783438,2023-05-18,PAID,
INV04185,PRJ02020,Naija Locations,Location,18246159,2022-07-14,disputed,
INV02263,PRJ02057,Coastline Property Services,Location,23308573,15-03-2022,Overdue,
INV01594,PRJ03464,OnDeck Production Staffing,Crew,12549555,18/08/2021,Overdue,
INV05714,PRJ03531,Stagehand Talent Agency,Talent,567377,2022-11-24,pending,
INV00687,PRJ01226,OnDeck Production Staffing,Crew,37266071,21/06/2025,PAID,
INV09416,PRJ02137,COLOURGRADE LAGOS,Post-Production,9047726,08/05/2021,Overdue,
INV05567,PRJ02124,stagehand talent agency,Talent,20113271,14-09-2025,Pending,
INV04353,PRJ00525,Naija Locations Ltd,Location,14720560,2021-04-16,OVERDUE,
INV09044,PRJ03758,Lagos Grip & Lighting Co,Equipment Rental,23171763,20-01-2021,disputed,
INV05282,PRJ03351,colourgrade lagos,Post-Production,454441,11 Mar 2021,Pending,
INV00706,PRJ02879,naija locations ltd,Location,7522849,2024-10-18,PAID,
INV08555,PRJ01083,Crew Connect NG,Crew,26716518,02-03-2024,Overdue,
INV04265,PRJ00639,crew connect ng,Crew,13082326,2021-10-02,Pending,
INV05246,PRJ03869,Redline Camera Rentals,Equipment Rental,5425642,02-09-2023,Overdue,
INV00413,PRJ02802,Reel Edit Studios,Post-Production,34002570,02-06-2021,Pending,
INV02587,PRJ00435,Naija Locations Ltd,Location,588246,08/08/2025,paid,
INV06593,PRJ02030,Redline Camera Rentals,Equipment Rental,21895834,11 Apr 2021,OVERDUE,
INV07704,PRJ03759,ColourGrade Lagos,Post-Production,225503,21-06-2025,Paid,
INV08283,PRJ03095,naija faces casting,Talent,4341807,16-08-2025,Pending,
INV05159,PRJ02448,Chop Life Catering,Catering,4887479,2025-03-10,Overdue,
INV08353,PRJ01221,Naija Faces Casting,Talent,27425477,23 Mar 2023,Pd,
INV04490,PRJ00706,Naija Locations Ltd,Location,31953507,20-07-2022,Overdue,
INV01001,PRJ00816,CREW CONNECT NG,Crew,10531282,19/12/2025,disputed,
INV02594,PRJ03897,Crew Connect NG,Crew,22090168,05-08-2024,OVERDUE,
INV01128,PRJ03329,Frame & Focus Equipment,Equipment Rental,19191267,06-08-2023,Overdue,
INV01231,PRJ01746,Urban Set Scouts,Location,6637020,22-09-2022,Paid,
INV05090,PRJ03921,Stagehand Talent Agency,Talent,17710499,01-04-2022,pending,
INV05133,PRJ00836,Coastline Property Services,Location,11295913,2024-10-08,Disputed,
INV02427,PRJ03888,Naija Faces Casting,Talent,3813273,07 Dec 2025,Disputed,
INV06540,PRJ00166,Naija Faces Casting,Talent,3790154,2021-09-04,OVERDUE,
INV04890,PRJ01134,stagehand talent agency,Talent,24765118,17 Jan 2024,Pd,
INV04337,PRJ01325,Frame & Focus Equipment,Equipment Rental,69443933,01/11/2024,Paid,
INV06731,PRJ03908,NAIJA LOCATIONS LTD,Location,"NGN 31,310,125",15 May 2022,Overdue,
INV04076,PRJ03151,SoundWave Post NG,Post-Production,2370089,07/06/2025,Pd,
INV07474,PRJ03564,Urban Set Scouts,Location,11796269,07/03/2024,Pending,
INV00421,PRJ01231,Frame & Focus Equipment,Equipment Rental,49909151,2023-03-27,Disputed,
INV04178,PRJ02257,Redline Camera Rentals,Equipment Rental,18236332,21/11/2025,Pd,
INV01212,PRJ03904,Stagehand Talent Agency,Talent,2598145,07-07-2023,Pd,
INV00770,PRJ03750,OnDeck Production Staffing,Crew,9251232,12-12-2023,Disputed,
INV02792,PRJ01962,Crew Connect NG,Crew,32797300,07-11-2022,Pending,
INV05596,PRJ02236,progear nigeria,Equipment Rental,44193754,05-03-2025,Pd,
INV07761,PRJ01307,OnDeck Production Staffing,Crew,48324648,28 Nov 2023,Pending,
INV08380,PRJ02086,ONDECK PRODUCTION STAFFING,Crew,16955197,15 Aug 2025,Overdue,
INV01199,PRJ00243,Crew Connect NG,Crew,4686529,14-02-2022,disputed,
INV02759,PRJ02744,Mama Bisi Kitchen Services,Catering,13358408,11-07-2022,Paid,
INV02790,PRJ00856,OnSet Meals NG,Catering,22324999,02 Apr 2021,pending,
INV05756,PRJ03137,Lagos Grip & Lighting Co,Equipment Rental,70513965,2021-11-06,Paid,
INV00679,PRJ00141,Chop Life Catering,Catering,12045770,2021-06-01,Paid,
INV00648,PRJ03300,SoundWave Post NG,Post-Production,1613797,17-05-2024,Paid,
INV01505,PRJ03818,Chop Life Catering,Catering,15514208,26 Jan 2023,Paid,
INV08336,PRJ02330,Redline Camera Rentals,Equipment Rental,1162694,2023-08-02,paid,
INV00604,PRJ02216,Stagehand Talent Agency,Talent,8847869,13/07/2023,PAID,
INV07856,PRJ01661,colourgrade lagos,Post-Production,7462362,09 Jul 2025,Disputed,
INV06708,PRJ00661,Reel Edit Studios,Post-Production,31433111,06/07/2025,Overdue,
INV08386,PRJ03132,reel edit studios,Post-Production,14584167,10 May 2023,disputed,
INV02112,PRJ03102,NAIJA LOCATIONS LTD,Location,28055565,11 Aug 2023,Pending,
INV08699,PRJ02874,Naija Faces Casting,Talent,7665459,2021-10-18,Pd,
INV02054,PRJ00496,Reel Edit Studios,Post-Production,72565464,10/02/2025,OVERDUE,
INV07986,PRJ00360,REEL EDIT STUDIOS,Post-Production,39723336,2024-10-07,Pd,
INV07292,PRJ00110,ProGear Nigeria,Equipment Rental,172156,2021-02-26,Pending,
INV07225,PRJ02304,ONSET MEALS NG,Catering,378589,21 Apr 2024,Pending,
INV06193,PRJ01899,OnSet Meals NG,Catering,8143999,01 Apr 2024,disputed,
INV03893,PRJ00621,OnDeck Production Staffing,Crew,2341253,2021-10-21,Pending,
INV04465,PRJ03840,OnSet Meals NG,Catering,5351909,2023-09-06,Overdue,
INV08323,PRJ00873,ProGear Nigeria,Equipment Rental,767931,2024-10-02,paid,
INV04705,PRJ02705,STAGEHAND TALENT AGENCY,Talent,"NGN 60,768,089",2024-11-14,PAID,
INV02597,PRJ01638,Lagos Grip & Lighting Co,Equipment Rental,5751216,2021-04-12,Disputed,
INV06891,PRJ01224,redline camera rentals,Equipment Rental,23123842,2025-09-05,Pending,
INV04111,PRJ00089,Naija Locations Ltd,Location,48237043,15 Apr 2022,paid,
INV04996,PRJ00916,Naija Faces Casting,Talent,30821477,17/10/2023,paid,
INV00876,PRJ02398,OnDeck Production Staffing,Crew,14612774,07/04/2025,paid,
INV02082,PRJ02390,ProGear Nigeria,Equipment Rental,17341682,2022-10-06,Disputed,
INV00025,PRJ01312,naija faces casting,Talent,8094791,18/06/2021,Pending,
INV01477,PRJ01086,Crew Connect NG,Crew,21576940,23-10-2025,OVERDUE,
INV03162,PRJ02998,frame & focus equipment,Equipment Rental,25337817,04/01/2023,OVERDUE,
INV05854,PRJ03491,Mama Bisi Kitchen Services,Catering,31244672,25 Apr 2022,Disputed,
INV03646,PRJ02746,OnDeck Production Staffing,Crew,2347800,26-01-2021,Paid,
INV05081,PRJ02155,STAGEHAND TALENT AGENCY,Talent,3478471,2023-06-07,OVERDUE,
INV08381,PRJ02086,Urban Set Scouts,Location,38604788,04-08-2025,Pd,
INV01205,PRJ01389,Stagehand Talent Agency,Talent,"NGN 17,901,788",01-01-2022,pending,
INV08078,PRJ00173,SoundWave Post NG,Post-Production,24991338,17/12/2022,Pending,
INV04061,PRJ00013,Urban Set Scouts,Location,23624746,20-04-2024,Paid,
INV05522,PRJ03040,Coastline Property Services,Location,37653529,07-05-2023,pending,
INV06295,PRJ01615,naija faces casting,Talent,12869375,2025-04-21,Pending,
INV03958,PRJ00494,STAGEHAND TALENT AGENCY,Talent,5789976,08-05-2022,OVERDUE,
INV08153,PRJ01813,OnDeck Production Staffing,Crew,28189363,16/07/2023,disputed,
INV06333,PRJ02872,Naija Faces Casting,Talent,23682757,23-06-2022,Overdue,
INV02119,PRJ00425,SoundWave Post NG,Post-Production,33709658,20/07/2023,PAID,
INV07504,PRJ02213,ColourGrade Lagos,Post-Production,8410017,22-09-2024,Paid,
INV09058,PRJ01131,Stagehand Talent Agency,Talent,"NGN 1,989,682",13-11-2023,paid,
INV09126,PRJ02360,OnSet Meals NG,Catering,14058902,25-01-2023,Disputed,
INV08675,PRJ00685,OnSet Meals NG,Catering,315632,2025-07-08,Paid,
INV02901,PRJ00309,SoundWave Post NG,Post-Production,1715046,27-03-2023,PAID,
INV07379,PRJ00316,OnSet Meals NG,Catering,6917496,2024-11-24,pending,
INV04246,PRJ02519,ColourGrade Lagos,Post-Production,21263941,09/02/2021,OVERDUE,
INV06088,PRJ02859,Naija Locations,Location,4237364,18 Mar 2024,Overdue,
INV06929,PRJ02096,Mama Bisi Kitchen Services,Catering,14967348,19-06-2024,paid,
INV01478,PRJ01379,Chop Life Catering,Catering,1114218,2023-06-19,Disputed,
INV09284,PRJ00581,Reel Edit Studios,Post-Production,16985659,21/02/2024,pending,
INV05595,PRJ03430,LAGOS GRIP & LIGHTING CO,Equipment Rental,9020016,2025-12-11,Overdue,
INV06494,PRJ00968,Naija Faces Casting,Talent,46883075,17/05/2023,OVERDUE,
INV05296,PRJ01233,Chop Life Catering,Catering,"NGN 13,250,806",06-04-2021,pending,
INV02338,PRJ02620,Lagos Grip & Lighting Co,Equipment Rental,21363304,06 Sep 2024,PAID,
INV00590,PRJ00492,Chop Life Catering,Catering,6893070,25 Oct 2022,Paid,
INV02591,PRJ03897,COASTLINE PROPERTY SERVICES,Location,3507320,19/04/2021,Overdue,
INV08791,PRJ00722,COLOURGRADE LAGOS,Post-Production,44392208,2022-02-03,Disputed,
INV04924,PRJ03200,Naija Locations Ltd,Location,3329560,25 Sep 2022,Disputed,
INV01537,PRJ00512,Urban Set Scouts,Location,"NGN 2,298,844",07 Jul 2022,Overdue,
INV02182,PRJ01581,SoundWave Post NG,Post-Production,5035632,03 Jan 2022,paid,
INV09547,PRJ03247,COLOURGRADE LAGOS,Post-Production,19468437,07/02/2021,OVERDUE,
INV09294,PRJ00995,COASTLINE PROPERTY SERVICES,Location,13292340,2022-10-08,Disputed,
INV09214,PRJ02429,Urban Set Scouts,Location,6073339,2022-07-12,PAID,
INV09626,PRJ00203,Naija Faces Casting,Talent,33739633,2024-06-05,Paid,
INV07008,PRJ01439,OnSet Meals NG,Catering,15880324,20 Nov 2021,OVERDUE,
INV02220,PRJ00549,frame & focus equipment,Equipment Rental,73724532,2025-11-14,Overdue,
INV08509,PRJ03998,soundwave post ng,Post-Production,5214645,22 Apr 2021,Pd,
INV06922,PRJ01348,Crew Connect NG,Crew,"NGN 12,139,195",07-01-2025,Disputed,
INV02617,PRJ02737,OnDeck Production Staffing,Crew,11912797,14-06-2023,Paid,
INV01416,PRJ02202,Crew Connect NG,Crew,13160966,24-07-2021,PAID,
INV07828,PRJ01840,Coastline Property Services,Location,11533636,2025-03-18,disputed,
INV02083,PRJ02390,NAIJA LOCATIONS LTD,Location,12646098,2021-10-04,Overdue,
INV07199,PRJ02800,Urban Set Scouts,Location,14146485,27-01-2022,Pending,
INV05874,PRJ01633,Naija Locations Ltd,Location,43903088,15-05-2023,OVERDUE,
INV00528,PRJ01562,progear nigeria,Equipment Rental,6257201,28/09/2023,Overdue,
INV01557,PRJ00624,crew connect ng,Crew,22525181,19 Mar 2022,Pd,
INV07643,PRJ00861,Crew Connect NG,Crew,1639963,05/07/2022,Overdue,
INV08330,PRJ00756,Crew Connect NG,Crew,31911388,27 Jun 2021,Disputed,
INV06984,PRJ01350,OnDeck Production Staffing,Crew,3612128,2023-12-16,Pending,
INV02572,PRJ00486,lagos grip & lighting co,Equipment Rental,38555787,20-07-2024,Pending,
INV09625,PRJ00203,Stagehand Talent Agency,Talent,9383214,19 Feb 2025,Overdue,
INV01828,PRJ01568,Stagehand Talent Agency,Talent,45206274,15/04/2024,Paid,
INV01727,PRJ02850,Urban Set Scouts,Location,16726110,19 Nov 2025,Paid,
INV07186,PRJ02058,COASTLINE PROPERTY SERVICES,Location,2297114,07-04-2024,Pd,
INV02191,PRJ03723,Coastline Property Services,Location,9059506,11-05-2024,paid,
INV06170,PRJ00456,OnSet Meals NG,Catering,15325869,2024-03-03,Pd,
INV04285,PRJ00477,Chop Life Catering,Catering,19396430,2022-03-18,disputed,
INV04930,PRJ01909,naija faces casting,Talent,16995410,14/12/2021,Disputed,
INV09130,PRJ01046,Frame & Focus Equipment,Equipment Rental,1917391,2023-09-04,OVERDUE,
INV04823,PRJ03241,Mama Bisi Kitchen Services,Catering,4342277,04 Sep 2023,OVERDUE,
INV07514,PRJ00520,ColourGrade Lagos,Post-Production,"NGN 1,954,417",11-07-2022,pending,
INV04846,PRJ03856,ONSET MEALS NG,Catering,7619204,2022-08-25,Disputed,
INV08982,PRJ03250,Urban Set Scouts,Location,4510263,2023-12-03,disputed,
INV07881,PRJ03522,Chop Life Catering,Catering,39080527,2025-03-03,Pending,
INV02541,PRJ01809,Crew Connect NG,Crew,205320,22 Nov 2022,OVERDUE,
INV04177,PRJ02257,Naija Faces Casting,Talent,43990888,07-01-2022,Paid,
INV07162,PRJ01548,OnDeck Production Staffing,Crew,5156557,03-01-2024,paid,
INV00779,PRJ00017,stagehand talent agency,Talent,12904041,2023-12-22,disputed,
INV04350,PRJ01749,SoundWave Post NG,Post-Production,33245570,23 May 2025,Pending,
INV06402,PRJ02497,Naija Locations Ltd,Location,33475527,15-03-2022,Pd,
INV00559,PRJ00045,Stagehand Talent Agency,Talent,13990132,13 Jan 2024,OVERDUE,
INV03137,PRJ02172,Mama Bisi Kitchen Services,Catering,9133294,2021-05-18,Overdue,
INV02739,PRJ02388,PROGEAR NIGERIA,Equipment Rental,3534751,14 Mar 2024,OVERDUE,
INV09680,PRJ02616,Coastline Property Services,Location,5091127,21 Jan 2025,OVERDUE,
INV05224,PRJ01666,Reel Edit Studios,Post-Production,1310295,2023-07-09,Overdue,
INV01634,PRJ01569,Reel Edit Studios,Post-Production,658065,2025-02-09,Overdue,
INV07067,PRJ02467,ondeck production staffing,Crew,48789224,17/08/2025,paid,
INV02599,PRJ01638,OnDeck Production Staffing,Crew,3803464,22 Oct 2025,Pd,
INV03372,PRJ02321,Stagehand Talent Agency,Talent,218257,2024-11-09,Overdue,
INV02683,PRJ02432,ColourGrade Lagos,Post-Production,1049874,04/11/2021,Pd,
INV05764,PRJ03160,FRAME & FOCUS EQUIPMENT,Equipment Rental,26488433,02/03/2021,Paid,
INV03801,PRJ00342,Stagehand Talent Agency,Talent,18339889,27-03-2024,pending,
INV09083,PRJ02132,Naija Faces Casting,Talent,1855539,26 Jul 2024,paid,
INV02582,PRJ02678,OnSet Meals NG,Catering,51135510,2023-02-22,paid,
INV04003,PRJ02537,Crew Connect NG,Crew,5382588,12/08/2023,Disputed,
INV06232,PRJ02644,ONDECK PRODUCTION STAFFING,Crew,6623482,2024-08-15,Pd,
INV06829,PRJ01011,ColourGrade Lagos,Post-Production,2128828,2022-03-24,Pd,
INV05649,PRJ00744,OnDeck Production Staffing,Crew,14336873,2021-12-20,pending,
INV00295,PRJ03609,Stagehand Talent Agency,Talent,20316606,07-10-2023,OVERDUE,
INV07377,PRJ00316,OnDeck Production Staffing,Crew,2031003,2024-08-17,OVERDUE,
INV04475,PRJ00074,Reel Edit Studios,Post-Production,35967041,2022-02-09,Overdue,
INV05208,PRJ03580,Coastline Property Services,Location,8916349,19 May 2023,Pending,
INV05609,PRJ02694,Chop Life Catering,Catering,1943426,08 Jun 2022,Pd,
INV01761,PRJ01064,Chop Life Catering,Catering,7576268,03/07/2021,paid,
INV05297,PRJ01233,ProGear Nigeria,Equipment Rental,2238695,2021-10-25,Paid,
INV06099,PRJ02504,Lagos Grip & Lighting Co,Equipment Rental,34135864,17-05-2023,PAID,
INV08289,PRJ00516,ondeck production staffing,Crew,13529259,2023-01-10,paid,
INV05202,PRJ01681,Reel Edit Studios,Post-Production,59697450,19-05-2025,PAID,
INV02244,PRJ02255,OnDeck Production Staffing,Crew,44448104,08/06/2024,Paid,
INV05065,PRJ00278,ColourGrade Lagos,Post-Production,1114568,13 Jun 2021,Paid,
INV09727,PRJ01687,Chop Life Catering,Catering,4189612,2021-12-08,Overdue,
INV02691,PRJ01447,CREW CONNECT NG,Crew,19203152,21 Apr 2025,disputed,
INV00132,PRJ03539,Naija Faces Casting,Talent,5128096,09 Jun 2023,Disputed,
INV01545,PRJ00431,OnDeck Production Staffing,Crew,31329069,17-01-2025,Disputed,
INV01006,PRJ00816,Frame & Focus Equipment,Equipment Rental,18227480,04-12-2023,disputed,
INV04312,PRJ00458,Naija Locations Ltd,Location,19549523,2022-06-01,Pd,
INV08695,PRJ00629,ondeck production staffing,Crew,15929059,11-04-2023,Pending,
INV06393,PRJ00985,Naija Locations Ltd,Location,9664090,16-01-2025,Disputed,
INV03915,PRJ02015,Mama Bisi Kitchen Services,Catering,22373842,24 Aug 2024,paid,
INV02898,PRJ00309,stagehand talent agency,Talent,26923879,2021-05-08,pending,
INV06461,PRJ03679,Naija Faces Casting,Talent,26955701,2025-06-24,Pending,
INV06157,PRJ01068,redline camera rentals,Equipment Rental,19897522,2021-11-15,Overdue,
INV06913,PRJ02568,Stagehand Talent Agency,Talent,1671464,2022-09-05,disputed,
INV03892,PRJ03851,Chop Life Catering,Catering,4351359,27/07/2023,PAID,
INV07124,PRJ01329,mama bisi kitchen services,Catering,26351274,2024-06-12,Paid,
INV00329,PRJ02485,SOUNDWAVE POST NG,Post-Production,20409863,07 Jan 2022,PAID,
INV02081,PRJ02390,Naija Faces Casting,Talent,17531657,04 Sep 2021,Pd,
INV06316,PRJ03350,OnDeck Production Staffing,Crew,5591616,21 Nov 2024,Pending,
INV07091,PRJ00946,MAMA BISI KITCHEN SERVICES,Catering,28293459,2023-03-28,Disputed,
INV08436,PRJ00441,NAIJA FACES CASTING,Talent,2360633,2022-02-02,Disputed,
INV09244,PRJ03550,ONSET MEALS NG,Catering,26101041,2023-05-20,disputed,
INV00246,PRJ02484,naija faces casting,Talent,20143360,26 Jan 2023,Disputed,
INV09539,PRJ00054,CHOP LIFE CATERING,Catering,12801627,24 Jun 2023,Paid,
INV07868,PRJ01956,urban set scouts,Location,10523055,2024-09-28,Pending,
INV02791,PRJ01962,STAGEHAND TALENT AGENCY,Talent,21928618,22/04/2021,Overdue,
INV08949,PRJ01474,Mama Bisi Kitchen Services,Catering,20266705,25-07-2021,OVERDUE,
INV06682,PRJ01980,coastline property services,Location,"NGN 8,758,136",12-07-2023,pending,
INV01551,PRJ02173,Naija Faces Casting,Talent,5085144,27 Oct 2024,disputed,
INV05735,PRJ01123,Lagos Grip & Lighting Co,Equipment Rental,3315749,22/06/2022,pending,
INV02068,PRJ00259,Lagos Grip & Lighting Co,Equipment Rental,3610091,21/11/2023,Paid,
INV04523,PRJ00868,Urban Set Scouts,Location,26594135,17/10/2021,Disputed,
INV02008,PRJ03431,Crew Connect NG,Crew,7020358,2021-06-09,OVERDUE,
INV08214,PRJ03364,Naija Locations Ltd,Location,29588756,09-10-2025,Overdue,
INV07550,PRJ02027,Frame & Focus Equipment,Equipment Rental,34394686,10/08/2024,pending,
INV05428,PRJ03931,SoundWave Post NG,Post-Production,3732087,04 Jun 2025,paid,
INV01423,PRJ02544,ONSET MEALS NG,Catering,945478,07 Jul 2024,Disputed,
INV06044,PRJ03852,Crew Connect NG,Crew,"NGN 28,151,944",02-06-2023,Disputed,
INV05037,PRJ01545,SoundWave Post,Post-Production,8113741,24/12/2025,Overdue,
INV01728,PRJ02850,Reel Edit Studios,Post-Production,21723859,20-04-2023,Pending,
INV05841,PRJ00365,Redline Camera Rentals,Equipment Rental,17871125,23/06/2024,Pending,
INV00156,PRJ00819,Coastline Property Services,Location,15394204,2024-05-25,Pd,
INV04455,PRJ03855,NAIJA FACES CASTING,Talent,54241403,2024-04-04,Overdue,
INV04207,PRJ02134,Naija Locations Ltd,Location,63727402,13/12/2023,disputed,
INV04908,PRJ02812,Stagehand Talent Agency,Talent,4361403,2024-07-09,OVERDUE,
INV09759,PRJ07777,OnDeck Production Staffing,Crew,21225897,06-01-2023,OVERDUE,
INV06039,PRJ02334,Lagos Grip & Lighting Co,Equipment Rental,9015808,25-07-2021,Pending,
INV04485,PRJ00637,Naija Faces Casting,Talent,8505015,23 Mar 2022,disputed,
INV06874,PRJ03765,stagehand talent agency,Talent,78280,10-04-2024,PAID,
INV02609,PRJ00206,ondeck production staffing,Crew,7915991,2024-06-26,Paid,
INV01213,PRJ02986,REDLINE CAMERA RENTALS,Equipment Rental,6674647,09/05/2023,Overdue,
INV05587,PRJ02557,mama bisi kitchen services,Catering,8877529,21 Mar 2021,paid,
INV07964,PRJ01274,SoundWave Post,Post-Production,38437234,03 Oct 2022,disputed,
INV03269,PRJ02594,Mama Bisi Kitchen Services,Catering,21389988,2023-09-27,disputed,
INV04295,PRJ02230,Stagehand Talent Agency,Talent,15014662,14 Dec 2021,PAID,
INV08363,PRJ01271,Naija Locations Ltd,Location,6067132,15-03-2025,paid,
INV02259,PRJ01294,Reel Edit Studios,Post-Production,28740328,2023-03-04,OVERDUE,
INV06091,PRJ02859,ColourGrade Lagos,Post-Production,4704472,13 Feb 2022,Disputed,
INV06666,PRJ00298,NAIJA FACES CASTING,Talent,1954864,14-08-2024,pending,
INV07058,PRJ03594,OnDeck Production Staffing,Crew,13983279,11 Feb 2025,PAID,
INV08017,PRJ02278,OnDeck Production Staffing,Crew,5153342,08/07/2022,PAID,
INV05566,PRJ02124,ProGear,Equipment Rental,9571506,23/09/2021,pending,
INV03247,PRJ01706,LAGOS GRIP & LIGHTING CO,Equipment Rental,5131172,19-02-2021,Pending,
INV08549,PRJ03261,ColourGrade Lagos,Post-Production,27669100,2025-12-04,Pending,
INV04477,PRJ00074,COLOURGRADE LAGOS,Post-Production,8584796,01/09/2022,OVERDUE,
INV07777,PRJ02518,SoundWave Post NG,Post-Production,25141917,24-12-2021,pending,
INV08220,PRJ01491,Naija Locations,Location,"NGN 21,481,268",08 Sep 2021,pending,
INV05458,PRJ02793,Stagehand Talent Agency,Talent,16850838,2022-02-11,disputed,
INV01772,PRJ03420,Naija Locations,Location,1180390,20/06/2025,OVERDUE,
INV05456,PRJ02793,OnDeck Production Staffing,Crew,22112900,25 Nov 2021,Overdue,
INV01499,PRJ01672,ColourGrade Lagos,Post-Production,8184944,18 Sep 2022,PAID,
INV09772,PRJ09999,Lagos Grip & Lighting Co,Equipment Rental,35854665,14-04-2025,PAID,
INV01969,PRJ02714,Chop Life Catering,Catering,2131786,09/03/2025,paid,
INV02466,PRJ03831,Naija Faces Casting,Talent,12096908,2025-10-04,OVERDUE,
INV06840,PRJ01454,Stagehand Talent Agency,Talent,81814568,11/04/2022,Disputed,
INV03245,PRJ01706,OnDeck Production Staffing,Crew,20507088,24-08-2025,Overdue,
INV06805,PRJ02648,Crew Connect NG,Crew,13888370,28 Feb 2021,Paid,
INV03782,PRJ01614,Coastline Property Services,Location,12932100,18-02-2021,paid,
INV08754,PRJ03122,Crewnnect,Crew,3359884,04-11-2024,pending,
INV06097,PRJ02504,crew connect ng,Crew,13260533,19/11/2023,Overdue,
INV04274,PRJ01889,OnDeck Production Staffing,Crew,7732519,2021-03-12,Overdue,
INV06834,PRJ00172,Mama Bisi Kitchen Services,Catering,14057006,15-06-2023,paid,
INV01750,PRJ02962,URBAN SET SCOUTS,Location,7229151,21-01-2023,pending,
INV03288,PRJ02438,Crew Connect NG,Crew,3067760,13 Nov 2022,Disputed,
INV05948,PRJ00028,ProGear Nigeria,Equipment Rental,2454088,2025-03-18,Paid,
INV08117,PRJ03209,MAMA BISI KITCHEN SERVICES,Catering,28703591,15-03-2025,Pending,
INV03885,PRJ01536,SoundWave Post NG,Post-Production,12416587,2025-09-11,pending,
INV03079,PRJ02365,OnSet Meals NG,Catering,21605688,06-06-2025,PAID,
INV07601,PRJ02893,Coastline Property Services,Location,8804986,27-02-2023,Pd,
INV08022,PRJ03532,ONDECK PRODUCTION STAFFING,Crew,33254257,2021-10-19,PAID,
INV06485,PRJ02580,Redline Camera Rentals,Equipment Rental,9922915,28 Apr 2021,Pending,
INV08005,PRJ03147,Stagehand Talent Agency,Talent,15322366,09/09/2024,Pd,
INV01767,PRJ00716,onset meals ng,Catering,4154101,2022-10-13,pending,
INV09705,PRJ00803,Mama Bisi Kitchen Services,Catering,44705456,15-06-2021,Disputed,
INV05794,PRJ02369,stagehand talent agency,Talent,14264987,2021-05-27,pending,
INV04133,PRJ03826,ondeck production staffing,Crew,4474085,01/07/2021,Pending,
INV04991,PRJ02540,Coastline Property Services,Location,228018,17 Aug 2023,Pd,
INV01954,PRJ03252,SOUNDWAVE POST NG,Post-Production,51970152,2025-10-04,Paid,
INV09487,PRJ00894,stagehand talent agency,Talent,10742395,09 Nov 2023,pending,
INV09005,PRJ01316,Lagos Grip & Lighting Co,Equipment Rental,2390402,24-04-2021,Disputed,
INV03473,PRJ02349,Coastline Property Services,Location,34568809,2024-12-24,paid,
INV01796,PRJ03139,ONDECK PRODUCTION STAFFING,Crew,6806218,13/06/2025,Pd,
INV01381,PRJ02100,Urban Set Scouts,Location,32464158,19/03/2023,paid,
INV04749,PRJ01337,Chop Life Catering,Catering,4550312,21 Dec 2023,Pd,
INV03394,PRJ01137,Chop Life Catering,Catering,17217346,2025-06-20,Disputed,
INV05439,PRJ02564,Naija Faces Casting,Talent,41757338,2025-08-10,Overdue,
INV09488,PRJ00894,OnDeck Production Staffing,Crew,40182934,2022-01-16,Pending,
INV02853,PRJ00898,Crew Connect NG,Crew,4249154,24 Mar 2024,Pd,
INV04840,PRJ01017,ProGear Nigeria,Equipment Rental,2073976,02 Jun 2021,Overdue,
INV07815,PRJ01907,SoundWave Post,Post-Production,8347514,22/07/2021,OVERDUE,
INV06072,PRJ02572,reel edit studios,Post-Production,17430933,2022-12-27,Overdue,
INV09394,PRJ00245,Naija Locations Ltd,Location,29430858,04/02/2024,Paid,
INV04780,PRJ01310,ColourGrade Lagos,Post-Production,6631280,2022-05-22,Paid,
INV04648,PRJ00376,Redline Camera Rentals,Equipment Rental,3530794,2022-10-26,paid,
INV04015,PRJ00737,Reel Edit Studios,Post-Production,5461553,08 Oct 2024,OVERDUE,
INV06192,PRJ01899,Coastline Property Services,Location,8212620,21-12-2024,OVERDUE,
INV07376,PRJ01769,COLOURGRADE LAGOS,Post-Production,43238723,10 Jul 2024,paid,
INV07526,PRJ00012,COASTLINE PROPERTY SERVICES,Location,3019070,14-11-2022,Paid,
INV07528,PRJ01762,Coastline Property Services,Location,68952952,05 Feb 2025,Paid,
INV01698,PRJ03939,SOUNDWAVE POST NG,Post-Production,35512137,10-11-2023,paid,
INV09041,PRJ03758,ProGear,Equipment Rental,12137035,2025-03-17,disputed,
INV06914,PRJ02568,Coastline Property Services,Location,11341483,03/02/2023,Overdue,
INV02212,PRJ02725,CHOP LIFE CATERING,Catering,42129306,2025-05-28,disputed,
INV09771,PRJ07777,ONDECK PRODUCTION STAFFING,Crew,506259,06/10/2023,Overdue,
INV02593,PRJ03897,Frame & Focus Equipment,Equipment Rental,26053527,01 Aug 2024,Disputed,
INV07673,PRJ02917,OnSet Meals,Catering,10073498,10-04-2021,Paid,
INV01295,PRJ00688,colourgrade lagos,Post-Production,9010371,01/08/2024,Pending,
INV05544,PRJ00157,Naija Faces Casting,Talent,46705617,10/09/2025,pending,
INV01297,PRJ02052,Naija Faces Casting,Talent,5128013,23-01-2025,Disputed,
INV02862,PRJ02770,Stagehand Talent Agency,Talent,2662107,28-11-2025,Overdue,
INV03313,PRJ01462,OnSet Meals NG,Catering,26646886,16/07/2021,Paid,
INV01585,PRJ02731,Stagehand Talent Agency,Talent,22250567,15/12/2024,OVERDUE,
INV03259,PRJ00056,CHOP LIFE CATERING,Catering,37029091,21-08-2025,pending,
INV02002,PRJ00835,ProGear Nigeria,Equipment Rental,9071377,02 Oct 2023,Paid,
INV03251,PRJ03390,Coastline Property Services,Location,4389850,03/03/2023,Overdue,
INV03808,PRJ03253,Coastline Property Services,Location,1660997,15-07-2021,Pd,
INV06144,PRJ00022,Coastline Property Services,Location,16404833,17 Dec 2023,pending,
INV05068,PRJ03232,Crew Connect NG,Crew,51494076,19-06-2022,Overdue,
INV05201,PRJ01681,crew connect ng,Crew,13790979,2023-04-22,Pending,
INV03872,PRJ01477,Naija Faces Casting,Talent,3095142,13-08-2024,paid,
INV01922,PRJ02649,OnSet Meals NG,Catering,10306879,2023-06-16,disputed,
INV06735,PRJ02138,naija locations ltd,Location,15975583,28 Dec 2023,Pd,
INV09100,PRJ02078,Crew Connect NG,Crew,9065731,26/07/2025,disputed,
INV04257,PRJ01236,REEL EDIT STUDIOS,Post-Production,1410088,27/07/2022,Overdue,
INV05552,PRJ01357,SoundWave Post NG,Post-Production,10701642,04 Nov 2025,Overdue,
INV00002,PRJ03827,COASTLINE PROPERTY SERVICES,Location,2457174,28/06/2022,disputed,
INV01739,PRJ03013,Crew Connect NG,Crew,22779532,2025-12-06,Paid,
INV04697,PRJ02815,Naija Locations,Location,35064055,23/08/2024,Overdue,
INV00881,PRJ00205,Crew Connect NG,Crew,35124738,2025-04-12,Pd,
INV04126,PRJ01805,Crew Connect NG,Crew,28210071,02-03-2023,disputed,
INV08198,PRJ02148,Stagehand Talent Agency,Talent,38220929,2022-11-22,Disputed,
INV09413,PRJ02061,Urban Set Scouts,Location,2710570,04 Nov 2021,Paid,
INV03596,PRJ02818,NAIJA FACES CASTING,Talent,23144256,01 Jan 2024,PAID,
INV09320,PRJ01457,CHOP LIFE CATERING,Catering,1249713,19-08-2021,pending,
INV08429,PRJ01045,Chop Life Catering,Catering,7419964,2022-03-20,OVERDUE,
INV08494,PRJ02556,Naija Faces Casting,Talent,6031332,03/02/2023,Paid,
INV09422,PRJ01780,Crewnnect,Crew,1428522,28 Apr 2024,pending,
INV07969,PRJ01943,ProGear Nigeria,Equipment Rental,7967912,11/10/2023,Disputed,
INV07602,PRJ02893,Stagehand Talent Agency,Talent,3149575,26/09/2021,Disputed,
INV03929,PRJ01366,Mama Bisi Kitchen Services,Catering,24999601,25-06-2024,Paid,
INV09365,PRJ01673,Mama Bisi Kitchen Services,Catering,7175058,19/02/2025,Paid,
INV01753,PRJ02962,Lagos Grip & Lighting,Equipment Rental,8888909,06-03-2025,Pd,
INV05597,PRJ02236,OnDeck Production Staffing,Crew,15000,2021-12-02,Overdue,
INV09408,PRJ03498,Chop Life Catering,Catering,47196006,01-01-2024,disputed,
INV05191,PRJ00070,OnDeck Production Staffing,Crew,36465775,19-11-2025,Pending,
INV01368,PRJ03297,Stagehand Talent Agency,Talent,6397846,23 Jun 2021,Disputed,
INV09312,PRJ00755,Naija Locations Ltd,Location,51080165,03/09/2023,Pd,
INV05870,PRJ01633,Urban Set Scouts,Location,20197387,04 Jan 2022,disputed,
INV03034,PRJ01676,ondeck production staffing,Crew,536204,10-09-2023,OVERDUE,
INV08678,PRJ02045,Coastline Property Services,Location,16010048,01/05/2021,paid,
INV05087,PRJ02219,Chop Life Catering,Catering,44181359,2025-04-14,Paid,
INV06003,PRJ00965,Lagos Grip & Lighting Co,Equipment Rental,4835413,09/03/2024,Disputed,
INV02247,PRJ00097,Stagehand Talent Agency,Talent,29516307,20-12-2022,Disputed,
INV02225,PRJ03485,OnSet Meals NG,Catering,21914047,28-10-2025,Pending,
INV03661,PRJ01649,Chop Life Catering,Catering,"NGN 25,818,824",01-03-2023,disputed,
INV06409,PRJ00448,Chop Life Catering,Catering,1172816,09/12/2021,paid,
INV04737,PRJ03023,OnDeck Production Staffing,Crew,30277886,2025-07-27,Paid,
INV05399,PRJ03890,Reel Edit Studios,Post-Production,5775709,12/09/2025,Pd,
INV02495,PRJ02348,SoundWave Post NG,Post-Production,3632158,19/04/2023,disputed,
INV01892,PRJ00500,reel edit studios,Post-Production,2942027,2022-09-07,Pending,
INV00305,PRJ01560,ColourGrade Lagos,Post-Production,24254526,23/12/2024,Pd,
INV05378,PRJ03267,Crew Connect NG,Crew,10661956,2023-08-03,paid,
INV06083,PRJ00886,ColourGrade Lagos,Post-Production,4328928,23-12-2021,disputed,
INV02126,PRJ01610,Crewnnect,Crew,2811068,2022-02-16,pending,
INV04777,PRJ02614,Naija Faces Casting,Talent,1094803,2021-10-17,OVERDUE,
INV09203,PRJ03803,Chop Life Catering,Catering,11503677,21 Jun 2022,PAID,
INV02134,PRJ00611,Coastline Property Services,Location,13410461,26 Dec 2022,OVERDUE,
INV03433,PRJ01846,Coastline Property Services,Location,27247880,22-09-2025,paid,
INV08090,PRJ01940,Frame & Focus Equipment,Equipment Rental,25677837,14-08-2023,Disputed,
INV02871,PRJ03985,Stagehand Talent Agency,Talent,"NGN 30,076,853",2022-09-17,pending,
INV00013,PRJ02272,Reel Edit Studios,Post-Production,22304636,2022-11-23,PAID,
INV07615,PRJ02685,Crew Connect NG,Crew,382066,04 Apr 2021,Paid,
INV09163,PRJ01043,Naija Locations Ltd,Location,5080891,2021-02-22,Disputed,
INV04328,PRJ02855,ColourGrade Lagos,Post-Production,4005281,2025-06-14,PAID,
INV05537,PRJ03214,PROGEAR NIGERIA,Equipment Rental,7333906,07/10/2023,disputed,
INV09723,PRJ00954,Crew Connect NG,Crew,1649232,25 Jan 2023,OVERDUE,
INV04098,PRJ02017,FRAME & FOCUS EQUIPMENT,Equipment Rental,17242201,03/10/2023,paid,
INV05177,PRJ01509,SoundWave Post NG,Post-Production,14896479,02/03/2025,OVERDUE,
INV06635,PRJ02036,OnSet Meals NG,Catering,15241441,14/05/2025,disputed,
INV03106,PRJ02372,ColourGrade Lagos,Post-Production,13714146,01-07-2024,Paid,
INV01054,PRJ00543,OnDeck Production Staffing,Crew,16004778,2023-06-04,OVERDUE,
INV00544,PRJ02895,OnDeck Production Staffing,Crew,5665750,2023-02-05,PAID,
INV04123,PRJ02464,LAGOS GRIP & LIGHTING CO,Equipment Rental,12371406,28 Oct 2023,Pending,
INV00508,PRJ01032,OnSet Meals NG,Catering,4037656,01 Oct 2025,Disputed,
INV06607,PRJ00359,SoundWave Post,Post-Production,6642138,24 Dec 2022,paid,
INV00757,PRJ00958,OnDeck Production Staffing,Crew,8448543,17/06/2024,Pending,
INV02393,PRJ00394,Chop Life Catering,Catering,24337036,2021-02-15,pending,
INV01914,PRJ00184,Reel Edit Studios,Post-Production,27655856,08 Mar 2023,Disputed,
INV01687,PRJ03427,NAIJA FACES CASTING,Talent,27756569,2021-09-25,paid,
INV05104,PRJ01524,Coastline Property Services,Location,550700,15-01-2025,disputed,
INV07891,PRJ02905,Lagos Grip & Lighting Co,Equipment Rental,1887237,09 Nov 2025,paid,
INV05647,PRJ01634,CREW CONNECT NG,Crew,5211508,2025-12-28,Pd,
INV07740,PRJ00121,chop life catering,Catering,20831903,2024-04-02,Pending,
INV04019,PRJ02933,OnDeck Production Staffing,Crew,4226391,15/09/2025,OVERDUE,
INV06107,PRJ02077,Reel Edit Studios,Post-Production,6461954,2024-08-07,Pd,
INV02788,PRJ00856,COLOURGRADE LAGOS,Post-Production,989725,11 Nov 2024,OVERDUE,
INV06293,PRJ02682,Chop Life Catering,Catering,37860346,08-03-2025,Paid,
INV09301,PRJ00882,OnSet Meals,Catering,30866178,09 Nov 2025,disputed,
INV05935,PRJ00422,naija faces casting,Talent,144357,11/12/2024,disputed,
INV07687,PRJ01094,Naija Faces Casting,Talent,7471762,2023-10-20,PAID,
INV08056,PRJ01028,SoundWave Post,Post-Production,43468157,22-09-2025,Disputed,
INV00917,PRJ03484,Coastline Property Services,Location,5965414,07/08/2024,Paid,
INV05258,PRJ02470,Crewnnect,Crew,14709171,16 May 2022,Paid,
INV02969,PRJ03685,Reel Edit Studios,Post-Production,8830957,2025-04-08,Disputed,
INV03954,PRJ02095,urban set scouts,Location,55999626,14/04/2025,paid,
INV06727,PRJ00932,Redline Camera Rentals,Equipment Rental,1248378,2023-10-22,disputed,
INV03535,PRJ03761,Lagos Grip & Lighting Co,Equipment Rental,20667496,05 Dec 2021,Disputed,
INV06311,PRJ02026,Frame & Focus Equipment,Equipment Rental,23026431,13-12-2021,Pd,
INV06821,PRJ01657,FRAME & FOCUS EQUIPMENT,Equipment Rental,3229961,11-04-2024,Disputed,
INV04038,PRJ02072,Reel Edit Studios,Post-Production,1376114,03 Mar 2022,Overdue,
INV05187,PRJ01358,Reel Edit Studios,Post-Production,59381816,27-12-2021,Pending,
INV09084,PRJ02132,Crew Connect NG,Crew,22750373,11-06-2025,paid,
INV08372,PRJ02384,Redline Camera Rentals,Equipment Rental,27198573,2023-02-15,Pd,
INV07984,PRJ00360,Stagehand Talent Agency,Talent,3189920,04 Jul 2024,Pd,
INV07026,PRJ00322,Coastline Property Services,Location,7920718,17-11-2023,Disputed,
INV04896,PRJ03333,Coastline Property Services,Location,4610222,04 Apr 2021,OVERDUE,
INV04721,PRJ03477,ProGear Nigeria,Equipment Rental,23676225,09/04/2022,Pd,
INV03310,PRJ02328,OnDeck Production Staffing,Crew,6575231,08-08-2022,Pending,
INV00300,PRJ03057,Crew Connect NG,Crew,27585623,16/10/2025,pending,
INV02520,PRJ03655,ColourGrade Lagos,Post-Production,28041064,15-12-2022,PAID,
INV05151,PRJ03556,Lagos Grip & Lighting Co,Equipment Rental,29633277,01 Feb 2025,Pd,
INV08028,PRJ01277,Reel Edit Studios,Post-Production,44854457,04 Dec 2024,OVERDUE,
INV03447,PRJ01006,naija faces casting,Talent,13054709,02/02/2024,Disputed,
INV07351,PRJ02339,Reel Edit Studios,Post-Production,9097243,2022-06-22,Overdue,
INV01181,PRJ03451,ProGear Nigeria,Equipment Rental,27693739,28-05-2021,pending,
INV07120,PRJ01135,Stagehand Talent Agency,Talent,15932630,02/08/2024,Pending,
INV05911,PRJ03949,PROGEAR NIGERIA,Equipment Rental,28707539,07 Aug 2024,OVERDUE,
INV01159,PRJ00627,OnSet Meals NG,Catering,8856471,16 Feb 2024,Paid,
INV02800,PRJ01938,Mama Bisi Kitchen Services,Catering,13569119,25/12/2021,Pending,
INV00439,PRJ01894,Mama Bisi Kitchen Services,Catering,25606310,2025-10-11,OVERDUE,
INV06518,PRJ00277,Chop Life Catering,Catering,10060240,23 Jul 2024,paid,
INV04766,PRJ03708,ProGear Nigeria,Equipment Rental,"NGN 29,005,331",10/09/2023,Disputed,
INV09566,PRJ03828,Naija Faces Casting,Talent,37343109,03-10-2024,PAID,
INV06357,PRJ01694,STAGEHAND TALENT AGENCY,Talent,273302,16-12-2022,OVERDUE,
INV01613,PRJ01473,OnDeck Production Staffing,Crew,11245008,2025-10-15,Pd,
INV01533,PRJ02563,reel edit studios,Post-Production,1960735,28 Sep 2021,disputed,
INV04377,PRJ02367,ONDECK PRODUCTION STAFFING,Crew,7221026,09 Dec 2023,Pending,
INV06904,PRJ01437,OnSet Meals,Catering,2726139,2024-02-14,PAID,
INV01951,PRJ03186,SoundWave Post,Post-Production,47595596,14 May 2025,Disputed,
INV03289,PRJ00006,Frame & Focus Equipment,Equipment Rental,9891354,2021-09-04,paid,
INV09018,PRJ00506,Crew Connect NG,Crew,3703069,14 Aug 2025,paid,
INV04759,PRJ03293,Chop Life Catering,Catering,2032434,10 May 2024,paid,
INV06625,PRJ00734,SoundWave Post NG,Post-Production,4720460,2025-10-01,pending,
INV06606,PRJ00359,Chop Life Catering,Catering,13951533,2025-05-20,Pending,
INV05178,PRJ01509,CREW CONNECT NG,Crew,27675729,14-10-2025,disputed,
INV01823,PRJ03236,ONDECK PRODUCTION STAFFING,Crew,11233266,02-04-2024,PAID,
INV04591,PRJ00997,ProGear Nigeria,Equipment Rental,3040187,21/05/2025,disputed,
INV09398,PRJ03571,SoundWave Post NG,Post-Production,17064386,20-01-2025,paid,
INV07176,PRJ03867,Stagehand Talent Agency,Talent,9003138,14/10/2024,Disputed,
INV07018,PRJ00301,CREW CONNECT NG,Crew,14574324,10/08/2022,paid,
INV04028,PRJ03467,naija faces casting,Talent,11882584,15/06/2025,Overdue,
INV06154,PRJ02795,SoundWave Post NG,Post-Production,"NGN 25,109,516",17 May 2021,OVERDUE,
INV03584,PRJ02184,SoundWave Post NG,Post-Production,4979744,19-05-2023,OVERDUE,
INV07801,PRJ03999,Mama Bisi Kitchen Services,Catering,6679488,17-04-2025,Pd,
INV05989,PRJ02627,ProGear Nigeria,Equipment Rental,19972363,2024-04-01,OVERDUE,
INV07196,PRJ02800,Crew Connect NG,Crew,1205967,07-06-2021,OVERDUE,
INV06426,PRJ00152,Lagos Grip & Lighting Co,Equipment Rental,16810119,2021-11-02,Disputed,
INV04067,PRJ00476,Reel Edit Studios,Post-Production,31869579,19-04-2025,OVERDUE,
INV05385,PRJ03562,OnSet Meals NG,Catering,41880238,08 Nov 2024,Disputed,
INV02185,PRJ01581,Redline Camera Rentals,Equipment Rental,5955623,14 Mar 2022,Disputed,
INV09227,PRJ03110,SoundWave Post NG,Post-Production,21493392,20-02-2023,paid,
INV06712,PRJ00661,ColourGrade Lagos,Post-Production,"NGN 2,425,187",11 Sep 2023,Pending,
INV06313,PRJ02026,NAIJA LOCATIONS LTD,Location,19294452,08 Apr 2022,Pending,
INV08065,PRJ00597,Reel Edit Studios,Post-Production,9299160,18-08-2025,OVERDUE,
INV02795,PRJ02425,SoundWave Post NG,Post-Production,1260019,16/12/2023,Paid,
INV03017,PRJ00943,Naija Locations Ltd,Location,1004999,13 Apr 2022,disputed,
INV00200,PRJ02642,ONDECK PRODUCTION STAFFING,Crew,9436643,2024-03-21,Paid,
INV01896,PRJ00500,Reel Edit Studios,Post-Production,22106579,2021-09-22,OVERDUE,
INV09506,PRJ03470,Frame & Focus Equipment,Equipment Rental,15606923,2021-03-09,OVERDUE,
INV05638,PRJ01053,ProGear Nigeria,Equipment Rental,5484195,02 Sep 2025,disputed,
INV05899,PRJ02618,Coastline Property Services,Location,45168776,2021-12-24,Paid,
INV09572,PRJ00727,stagehand talent agency,Talent,2698005,01/06/2025,Pd,
INV08297,PRJ03085,SoundWave Post NG,Post-Production,17215878,2021-12-09,Pending,
INV01437,PRJ01249,OnSet Meals,Catering,40269299,25-05-2021,Disputed,
INV09136,PRJ01839,Naija Locations Ltd,Location,14038468,2023-08-04,Pending,
INV07356,PRJ02191,colourgrade lagos,Post-Production,25172137,15/12/2025,paid,
INV05349,PRJ01797,Urban Set Scouts,Location,879704,2021-08-01,disputed,
INV04917,PRJ03948,Reel Edit Studios,Post-Production,9679698,10-05-2024,Overdue,
INV01724,PRJ00224,Mama Bisi Kitchen Services,Catering,24195370,13-12-2022,OVERDUE,
INV08397,PRJ01702,Naija Faces Casting,Talent,3378928,17 Mar 2024,disputed,
INV04331,PRJ00143,Urban Set Scouts,Location,10249787,2024-12-17,Pending,
INV05182,PRJ02235,Lagos Grip & Lighting Co,Equipment Rental,3748865,24 Mar 2025,Overdue,
INV05276,PRJ00865,Coastline Property Services,Location,32885625,14/07/2021,Pending,
INV05729,PRJ01335,crew connect ng,Crew,14599704,15-02-2022,Pd,
INV03869,PRJ02115,Crew Connect NG,Crew,11317883,2024-01-19,Pending,
INV02213,PRJ02725,SoundWave Post NG,Post-Production,28610251,26 Feb 2021,OVERDUE,
INV09435,PRJ00964,stagehand talent agency,Talent,26886892,09-02-2024,paid,
INV09322,PRJ00676,Frame & Focus Equipment,Equipment Rental,2730790,26/08/2024,PAID,
INV05427,PRJ02354,COLOURGRADE LAGOS,Post-Production,40438179,28 Feb 2023,Pending,
INV00655,PRJ00175,CREW CONNECT NG,Crew,45107869,12/08/2025,Overdue,
INV07513,PRJ02355,ProGear,Equipment Rental,52802285,2023-08-05,Disputed,
INV03467,PRJ01921,soundwave post ng,Post-Production,5818022,04 Feb 2021,Pending,
INV03591,PRJ02783,OnSet Meals NG,Catering,26519683,2024-03-15,pending,
INV06940,PRJ03551,Naija Faces Casting,Talent,2772854,14-09-2021,paid,
INV08010,PRJ00558,Crew Connect NG,Crew,11759336,06-09-2023,disputed,
INV03523,PRJ01182,stagehand talent agency,Talent,12275694,2021-03-26,Overdue,
INV05633,PRJ02496,Coastline Property Services,Location,262268,2025-05-23,Disputed,
INV01037,PRJ02079,Redline Camera Rentals,Equipment Rental,15673514,2024-07-23,PAID,
INV08299,PRJ02082,Redline Camera Rentals,Equipment Rental,28919547,2025-10-01,Pending,
INV05198,PRJ03021,OnDeck Production Staffing,Crew,46073267,16/04/2022,Pending,
INV01116,PRJ02084,Naija Locations Ltd,Location,38908664,2024-01-02,Overdue,
INV06924,PRJ01348,FRAME & FOCUS EQUIPMENT,Equipment Rental,8693349,15-12-2023,OVERDUE,
INV09554,PRJ00397,Stagehand Talent Agency,Talent,15439706,21-01-2024,pending,
INV01840,PRJ03952,Stagehand Talent Agency,Talent,33947499,25/10/2023,Pending,
INV06867,PRJ00328,OnDeck Production Staffing,Crew,1439051,17 Nov 2023,Overdue,
INV02959,PRJ03138,Mama Bisi Kitchen Services,Catering,8169311,2025-12-21,Disputed,
INV08048,PRJ01461,OnDeck Production Staffing,Crew,8827230,13-04-2025,disputed,
INV05237,PRJ01025,chop life catering,Catering,11452157,02/08/2022,PAID,
INV03886,PRJ01536,Naija Faces Casting,Talent,8385774,14/01/2023,OVERDUE,
INV03295,PRJ03438,SoundWave Post NG,Post-Production,63614321,08 Oct 2022,Disputed,
INV03617,PRJ00983,ProGear Nigeria,Equipment Rental,19981638,2024-05-05,paid,
INV07647,PRJ03802,Chop Life Catering,Catering,1747383,22/04/2025,Overdue,
INV02080,PRJ02390,COLOURGRADE LAGOS,Post-Production,14267893,2021-05-27,OVERDUE,
INV07654,PRJ02926,Stagehand Talent Agency,Talent,36524328,2025-09-24,Overdue,
INV02057,PRJ03244,OnDeck Production Staffing,Crew,22650763,2024-02-09,Overdue,
INV06685,PRJ00189,Chop Life Catering,Catering,73778404,2022-09-23,Paid,
INV06291,PRJ02049,ColourGrade Lagos,Post-Production,"NGN 11,648,667",15-09-2021,disputed,
INV00100,PRJ00585,Urban Set Scouts,Location,8212926,13 Jan 2024,paid,
INV04640,PRJ00924,Stagehand Talent Agency,Talent,1266431,04 Sep 2023,PAID,
INV06715,PRJ02670,redline camera rentals,Equipment Rental,12279382,19 Apr 2023,Pd,
INV08623,PRJ02333,ColourGrade Lagos,Post-Production,6154891,2023-07-01,Pending,
INV04667,PRJ00812,Naija Locations Ltd,Location,2746828,13-12-2021,Paid,
INV00784,PRJ02808,SoundWave Post NG,Post-Production,9792033,09/08/2022,OVERDUE,
INV04910,PRJ02812,Redline Camera Rentals,Equipment Rental,8832369,03-09-2021,Overdue,
INV08007,PRJ03117,Redline Camera Rentals,Equipment Rental,59728895,2022-11-06,PAID,
INV05750,PRJ01944,Lagos Grip & Lighting Co,Equipment Rental,11253470,09-10-2024,paid,
INV06022,PRJ02601,ColourGrade Lagos,Post-Production,28577614,16-09-2021,disputed,
INV01817,PRJ01552,Stagehand Talent Agency,Talent,15801049,12 Aug 2023,Disputed,
INV07880,PRJ01393,SoundWave Post,Post-Production,22941323,05-09-2023,Overdue,
INV08722,PRJ03337,OnSet Meals NG,Catering,80089167,03 Mar 2023,paid,
INV00512,PRJ01008,Mama Bisi Kitchen Services,Catering,39444886,14-02-2022,paid,
INV05186,PRJ01358,Chop Life Catering,Catering,10151395,11/03/2024,Disputed,
INV09050,PRJ00007,Redline Camera Rentals,Equipment Rental,23545216,21/05/2023,Disputed,
INV06206,PRJ02899,Frame & Focus Equipment,Equipment Rental,5273811,13 Mar 2025,disputed,
INV00915,PRJ03484,Lagos Grip & Lighting Co,Equipment Rental,2075155,15 Apr 2022,pending,
INV03623,PRJ03632,MAMA BISI KITCHEN SERVICES,Catering,2239869,27-03-2021,Paid,
INV01608,PRJ03622,progear nigeria,Equipment Rental,14770854,04/03/2023,PAID,
INV07760,PRJ01307,Mama Bisi Kitchen Services,Catering,4986595,17 Jan 2025,disputed,
INV03339,PRJ03800,Redline Camera Rentals,Equipment Rental,4261158,10/04/2022,PAID,
INV05326,PRJ03902,Coastline Property Services,Location,9645533,27/11/2023,Pending,
INV06006,PRJ00515,SoundWave Post,Post-Production,8472871,2022-04-02,OVERDUE,
INV00524,PRJ03870,ONDECK PRODUCTION STAFFING,Crew,46122927,10 Nov 2022,Pending,
INV01581,PRJ01622,SoundWave Post NG,Post-Production,27691921,25-05-2025,Disputed,
INV08479,PRJ01970,Crewnnect,Crew,220213,27-01-2022,Pending,
INV06709,PRJ00661,Crew Connect NG,Crew,1617833,07/03/2024,paid,
INV07879,PRJ01393,crew connect ng,Crew,9856030,2021-02-03,PAID,
INV08738,PRJ01686,Naija Locations Ltd,Location,21855801,03-02-2025,Paid,
INV04004,PRJ02537,ColourGrade Lagos,Post-Production,4058095,01/10/2023,Pending,
INV06697,PRJ03301,Urban Set Scouts,Location,23183566,2021-04-25,Paid,
INV02646,PRJ01460,Naija Faces Casting,Talent,16238562,15-09-2024,PAID,
INV07237,PRJ00567,NAIJA LOCATIONS LTD,Location,9414827,2025-01-28,Overdue,
INV01209,PRJ01389,Crew Connect NG,Crew,15163915,23-01-2024,Paid,
INV05069,PRJ03232,ONSET MEALS NG,Catering,14848632,03-07-2025,paid,
INV03161,PRJ02998,ProGear Nigeria,Equipment Rental,1989150,03/06/2023,Overdue,
INV03291,PRJ00006,Mama Bisi Kitchen Services,Catering,27985304,11 Jan 2025,paid,
INV01338,PRJ00808,Lagos Grip & Lighting Co,Equipment Rental,44489616,13-12-2023,disputed,
INV00693,PRJ01973,Crew Connect NG,Crew,9653890,19/09/2023,Pending,
INV08922,PRJ01376,Lagos Grip & Lighting Co,Equipment Rental,11171491,23-08-2024,Disputed,
INV01056,PRJ00543,Chop Life Catering,Catering,18160399,19 Jul 2023,Pd,
INV02732,PRJ01106,Naija Faces Casting,Talent,1746069,2024-06-09,paid,
INV01726,PRJ02850,Stagehand Talent Agency,Talent,4281986,15-11-2025,Overdue,
INV05183,PRJ02235,Frame & Focus Equipment,Equipment Rental,"NGN 14,780,665",2025-07-02,Pending,
INV02336,PRJ00487,Coastline Property Services,Location,15718567,19/02/2023,disputed,
INV08471,PRJ02075,Coastline Property Services,Location,13656124,24-06-2023,Pending,
INV06023,PRJ03745,SOUNDWAVE POST NG,Post-Production,29681319,2022-03-23,Paid,
INV02622,PRJ02567,OnDeck Production Staffing,Crew,29119760,19/05/2025,Pending,
INV04114,PRJ00791,COASTLINE PROPERTY SERVICES,Location,11875465,11 Mar 2024,Pending,
INV09300,PRJ00882,Naija Faces Casting,Talent,57602837,2023-06-26,Pd,
INV07337,PRJ00120,crew connect ng,Crew,7899785,18-12-2023,Pending,
INV05080,PRJ02155,OnDeck Production Staffing,Crew,17538571,25/02/2025,Paid,
INV06833,PRJ00172,ProGear Nigeria,Equipment Rental,7087159,2024-01-13,Pd,
INV04032,PRJ02493,Stagehand Talent Agency,Talent,1889856,2025-08-06,paid,
INV03064,PRJ01009,Chop Life Catering,Catering,8335944,07/06/2025,Pending,
INV02796,PRJ02425,Naija Locations Ltd,Location,5225850,11-12-2024,PAID,
INV02953,PRJ00970,ColourGrade Lagos,Post-Production,12672788,2021-05-15,OVERDUE,
INV03184,PRJ03593,MAMA BISI KITCHEN SERVICES,Catering,2063470,13-05-2022,pending,
INV03215,PRJ02295,Coastline Property Services,Location,2191206,20-09-2023,PAID,
INV09749,PRJ03053,SoundWave Post NG,Post-Production,1601640,16/07/2021,Overdue,
INV04605,PRJ00787,SoundWave Post NG,Post-Production,58013121,2023-09-15,pending,
INV04698,PRJ02815,Lagos Grip & Lighting,Equipment Rental,21399497,04-11-2022,Overdue,
INV00148,PRJ03065,ONSET MEALS NG,Catering,38294494,19/08/2025,Pending,
INV07517,PRJ00520,COASTLINE PROPERTY SERVICES,Location,2247991,18 Dec 2024,pending,
INV03153,PRJ03705,ONSET MEALS NG,Catering,13245070,05 Oct 2024,Disputed,
INV03706,PRJ02480,Lagos Grip & Lighting Co,Equipment Rental,11087283,14/07/2024,Pending,
INV05221,PRJ03666,Crew Connect NG,Crew,14721691,18-09-2025,PAID,
INV08863,PRJ00526,Urban Set Scouts,Location,4193088,16/09/2023,Pd,
INV01508,PRJ01184,Reel Edit Studios,Post-Production,10618132,27 Sep 2024,Pd,
INV00902,PRJ00484,Crew Connect NG,Crew,19487219,13/04/2025,Overdue,
INV07562,PRJ03956,CREW CONNECT NG,Crew,8214371,2021-12-05,OVERDUE,
INV04236,PRJ03341,MAMA BISI KITCHEN SERVICES,Catering,26664100,15 Apr 2023,paid,
INV01319,PRJ01410,coastline property services,Location,6019599,2024-04-27,pending,
INV06959,PRJ01162,Coastline Property Services,Location,18133080,2023-05-17,Overdue,
INV01519,PRJ03093,Coastline Property Services,Location,40692844,2023-03-23,Disputed,
INV01906,PRJ01170,Naija Faces Casting,Talent,8774372,09/07/2024,Pd,
INV01661,PRJ01290,ondeck production staffing,Crew,8567075,2024-10-23,Pending,
INV06681,PRJ01980,Naija Locations Ltd,Location,"NGN 5,558,977",08 Sep 2024,Disputed,
INV07357,PRJ02191,SoundWave Post NG,Post-Production,11624656,2021-11-20,Pd,
INV05040,PRJ03879,FRAME & FOCUS EQUIPMENT,Equipment Rental,46385796,08-07-2024,Pending,
INV06210,PRJ03664,Naija Faces Casting,Talent,49767359,15/06/2024,disputed,
INV09034,PRJ02261,ColourGrade Lagos,Post-Production,18141111,21-07-2021,PAID,
INV02544,PRJ01370,Chop Life Catering,Catering,51436519,2025-09-21,paid,
INV08324,PRJ00873,ColourGrade Lagos,Post-Production,18871080,2023-08-22,OVERDUE,
INV09185,PRJ02809,naija faces casting,Talent,25805007,2022-11-23,pending,
INV07982,PRJ01314,coastline property services,Location,19941766,11-04-2022,PAID,
INV03558,PRJ00822,Coastline Property Services,Location,6303569,16-06-2021,Pd,
INV01194,PRJ00076,OnSet Meals NG,Catering,33173142,28 Apr 2021,Pd,
INV05593,PRJ03430,NAIJA LOCATIONS LTD,Location,6551216,12/10/2024,pending,
INV08793,PRJ00722,Redline Camera Rentals,Equipment Rental,3651084,10 Feb 2024,Disputed,
INV03323,PRJ00875,ProGear Nigeria,Equipment Rental,45019210,24/01/2024,disputed,
INV02493,PRJ00047,Chop Life Catering,Catering,6538511,2023-03-11,paid,
INV07536,PRJ01725,Chop Life Catering,Catering,72681431,11/11/2022,Pd,
INV01173,PRJ03111,Naija Locations Ltd,Location,28744117,26-02-2021,OVERDUE,
INV09200,PRJ01708,ProGear Nigeria,Equipment Rental,38493184,2023-12-23,Pending,
INV01352,PRJ02491,urban set scouts,Location,11730659,19/11/2024,PAID,
INV03852,PRJ03734,stagehand talent agency,Talent,5168459,16/04/2022,pending,
INV05218,PRJ03666,Stagehand Talent Agency,Talent,4321595,2024-04-28,OVERDUE,
INV02638,PRJ02324,STAGEHAND TALENT AGENCY,Talent,32022706,18 Mar 2025,Pending,
INV06975,PRJ00713,Coastline Property Services,Location,1342221,03-07-2025,Pd,
INV08473,PRJ02075,Urban Set Scouts,Location,3234739,23/12/2024,paid,
INV06660,PRJ02938,ONSET MEALS NG,Catering,17288887,07/07/2024,Overdue,
INV04545,PRJ03465,Urban Set Scouts,Location,236325,22 Jan 2021,Pending,
INV02356,PRJ00782,OnSet Meals NG,Catering,6353704,2024-01-18,Disputed,
INV07592,PRJ02309,Reel Edit Studios,Post-Production,9675525,04-11-2024,OVERDUE,
INV05463,PRJ01541,Naija Faces Casting,Talent,1850142,2022-11-14,Pending,
INV05446,PRJ00502,Stagehand Talent Agency,Talent,16550013,01/05/2021,Pending,
INV03160,PRJ02998,ColourGrade Lagos,Post-Production,2576571,12 Jun 2022,paid,
INV03738,PRJ00440,Naija Locations Ltd,Location,4472826,28/02/2024,disputed,
INV00285,PRJ01381,OnSet Meals NG,Catering,16497474,08 Jan 2022,disputed,
INV03618,PRJ00983,OnSet Meals NG,Catering,14054284,2021-09-07,Pending,
INV07158,PRJ02067,OnDeck Production Staffing,Crew,3508543,11/04/2021,paid,
INV02768,PRJ01194,Redline Camera Rentals,Equipment Rental,2116524,02-03-2025,Disputed,
INV05946,PRJ00028,Crew Connect NG,Crew,81540059,21 Jun 2025,OVERDUE,
INV03927,PRJ02869,stagehand talent agency,Talent,11027114,2025-09-27,paid,
INV09607,PRJ02643,Reel Edit Studios,Post-Production,27935512,03-03-2025,paid,
INV07805,PRJ01250,Naija Faces Casting,Talent,9408327,10 Aug 2025,Pending,
INV02955,PRJ00970,OnSet Meals NG,Catering,20467005,28-09-2025,disputed,
INV01809,PRJ02720,Crew Connect NG,Crew,16157363,27 Jul 2024,Paid,
INV07788,PRJ02955,Crew Connect NG,Crew,25037563,15-09-2021,Overdue,
INV06312,PRJ02026,Frame & Focus Equipment,Equipment Rental,30668078,01/02/2022,Disputed,
INV08646,PRJ01814,Chop Life Catering,Catering,9720404,23 Nov 2025,Pd,
INV06839,PRJ01454,coastline property services,Location,12846418,20-10-2023,Overdue,
INV07620,PRJ00939,ProGear Nigeria,Equipment Rental,56715025,06 Dec 2022,Pending,
INV07784,PRJ00353,reel edit studios,Post-Production,5798600,12/05/2025,paid,
INV04120,PRJ02464,OnSet Meals NG,Catering,11411112,17 Apr 2024,pending,
INV03993,PRJ02224,FRAME & FOCUS EQUIPMENT,Equipment Rental,17525685,2021-04-04,Pending,
INV02574,PRJ00486,Frame & Focus Equipment,Equipment Rental,377245,2021-09-19,Pending,
INV00606,PRJ02216,OnDeck Production Staffing,Crew,1133246,23-08-2023,Paid,
INV07447,PRJ03678,Redline Camera Rentals,Equipment Rental,4746020,02/05/2024,Pending,
INV07811,PRJ01690,OnDeck Production Staffing,Crew,202824,24/04/2023,PAID,
INV05514,PRJ03183,Urban Set Scouts,Location,29436016,21/01/2025,Pending,
INV00415,PRJ00769,SoundWave Post NG,Post-Production,8204093,06/09/2024,paid,
INV04836,PRJ02279,ColourGrade Lagos,Post-Production,10553322,2023-11-26,pending,
INV05353,PRJ02686,Frame & Focus Equipment,Equipment Rental,12678450,07 Apr 2025,paid,
INV09148,PRJ00485,Crew Connect NG,Crew,14463741,14-07-2023,paid,
INV07935,PRJ02972,CREW CONNECT NG,Crew,14674178,13-10-2023,PAID,
INV08823,PRJ01979,STAGEHAND TALENT AGENCY,Talent,30414419,2023-01-09,Pd,
INV02224,PRJ00227,Chop Life Catering,Catering,92520926,24-06-2021,paid,
INV04969,PRJ03853,ColourGrade Lagos,Post-Production,37424143,02-04-2023,Paid,
INV08113,PRJ00061,Coastline Property Services,Location,29351798,2021-11-03,disputed,
INV01277,PRJ00715,ProGear Nigeria,Equipment Rental,5574400,09-08-2021,OVERDUE,
INV09748,PRJ03053,Stagehand Talent Agency,Talent,17038227,21 Jan 2022,PAID,
INV02568,PRJ01617,COLOURGRADE LAGOS,Post-Production,"NGN 13,075,276",2022-02-24,Pd,
INV07515,PRJ00520,Reel Edit Studios,Post-Production,12092413,15-11-2025,Overdue,
INV06958,PRJ01162,Redline Camera Rentals,Equipment Rental,5718700,14-07-2022,paid,
INV00852,PRJ03626,Stagehand Talent Agency,Talent,12203725,26-05-2025,paid,
INV08276,PRJ01893,Naija Faces Casting,Talent,28349150,2022-06-13,pending,
INV03829,PRJ01521,OnSet Meals NG,Catering,20188983,2025-09-27,PAID,
INV02839,PRJ02423,Coastline Property Services,Location,39597099,20-03-2022,pending,
INV07978,PRJ03893,Coastline Property Services,Location,39889213,11/06/2022,pending,
INV00951,PRJ02636,Lagos Grip & Lighting Co,Equipment Rental,1523842,05/07/2024,Paid,
INV08412,PRJ01803,frame & focus equipment,Equipment Rental,16266698,2022-08-22,pending,
INV02728,PRJ00415,Crewnnect,Crew,15186902,14/09/2024,Overdue,
INV02363,PRJ02441,SoundWave Post NG,Post-Production,22639790,2024-05-07,PAID,
INV09442,PRJ03412,soundwave post ng,Post-Production,16092522,04 Jan 2023,disputed,
INV01218,PRJ02986,Chop Life Catering,Catering,1416080,14 Jul 2024,disputed,
INV03428,PRJ02578,MAMA BISI KITCHEN SERVICES,Catering,"NGN 19,718,762",02 Oct 2023,pending,
INV05806,PRJ01510,OnSet Meals NG,Catering,70038127,2025-02-20,Overdue,
INV04587,PRJ02831,ProGear Nigeria,Equipment Rental,665771,18 Oct 2024,Disputed,
INV05099,PRJ01125,Naija Faces Casting,Talent,1207322,04/04/2024,Disputed,
INV08428,PRJ01045,Urban Set Scouts,Location,2474933,2022-12-19,pending,
INV05308,PRJ00580,OnDeck Production Staffing,Crew,29046190,12-03-2024,pending,
INV04104,PRJ00884,Urban Set Scouts,Location,5569696,2025-03-09,PAID,
INV03195,PRJ00256,COLOURGRADE LAGOS,Post-Production,18025830,18-04-2025,Disputed,
INV01931,PRJ00483,Naija Faces Casting,Talent,44425170,08-02-2022,Disputed,
INV04954,PRJ01459,ProGear Nigeria,Equipment Rental,16890842,22-07-2024,pending,
INV05365,PRJ00542,ColourGrade Lagos,Post-Production,22341457,2024-10-21,pending,
INV08133,PRJ00658,Lagos Grip & Lighting Co,Equipment Rental,47307342,25-12-2023,PAID,
INV05386,PRJ03562,Naija Locations Ltd,Location,11943286,2023-05-24,pending,
INV08604,PRJ00800,SoundWave Post NG,Post-Production,44602756,2021-12-08,Pd,
INV00054,PRJ01807,Lagos Grip & Lighting Co,Equipment Rental,25931543,22 May 2023,paid,
INV06775,PRJ03028,Coastline Property Services,Location,7734623,10 Sep 2022,pending,
INV02564,PRJ03127,Mama Bisi Kitchen Services,Catering,7209751,2025-04-26,PAID,
INV02044,PRJ02851,stagehand talent agency,Talent,6756997,18-11-2022,Disputed,
INV07640,PRJ00101,COLOURGRADE LAGOS,Post-Production,5026847,10-08-2021,Pending,
INV05046,PRJ01145,Lagos Grip & Lighting Co,Equipment Rental,15698153,24-11-2024,disputed,
INV05123,PRJ00111,naija locations ltd,Location,29339106,2022-01-09,Paid,
INV03837,PRJ00945,Stagehand Talent Agency,Talent,1270475,24/10/2022,paid,
INV01048,PRJ00463,chop life catering,Catering,42964888,19 Oct 2021,Overdue,
INV02876,PRJ00330,Frame & Focus Equipment,Equipment Rental,32980681,2025-01-28,Disputed,
INV02116,PRJ01039,progear nigeria,Equipment Rental,39611741,10-10-2024,Pd,
INV05984,PRJ00438,Urban Set Scouts,Location,21199442,11 Jul 2023,Pd,
INV01465,PRJ03206,SoundWave Post NG,Post-Production,32876150,20/02/2022,PAID,
INV05722,PRJ02190,CHOP LIFE CATERING,Catering,40979328,2024-06-22,Pd,
INV03520,PRJ01182,SoundWave Post NG,Post-Production,4927655,2021-03-25,Paid,
INV05640,PRJ01990,progear nigeria,Equipment Rental,11911796,09/05/2022,Pd,
INV03201,PRJ02767,SoundWave Post NG,Post-Production,22206142,14-10-2025,pending,
INV03072,PRJ03309,Urban Set Scouts,Location,"NGN 4,260,475",05 Feb 2024,PAID,
INV06655,PRJ01835,Naija Locations Ltd,Location,11187140,06 Mar 2021,paid,
INV01254,PRJ00355,Stagehand Talent Agency,Talent,2262560,2021-06-17,Paid,
INV06881,PRJ00534,Naija Locations Ltd,Location,28470671,08/04/2021,Paid,
INV07137,PRJ00210,crew connect ng,Crew,41244412,19 Mar 2025,Pd,
INV00518,PRJ00377,SoundWave Post NG,Post-Production,1638713,10-04-2024,Disputed,
INV09347,PRJ02520,Redline Camera Rentals,Equipment Rental,52508885,26 Dec 2022,Pd,
INV05436,PRJ02180,COLOURGRADE LAGOS,Post-Production,1965779,2024-04-24,Paid,
INV00741,PRJ00927,Stagehand Talent Agency,Talent,31667318,12 Jul 2021,Pending,
INV04514,PRJ00962,Coastline Property Services,Location,3836446,07-10-2021,Paid,
INV02689,PRJ03224,onset meals ng,Catering,45399554,18/10/2024,Overdue,
INV07035,PRJ01627,Reel Edit Studios,Post-Production,2883422,2021-12-08,Overdue,
INV08476,PRJ01198,Stagehand Talent Agency,Talent,"NGN 3,559,620",2022-07-20,disputed,
INV00526,PRJ01562,Naija Faces Casting,Talent,6730146,2025-05-22,PAID,
INV02741,PRJ01141,OnSet Meals NG,Catering,7799377,27 Oct 2024,OVERDUE,
INV05126,PRJ00412,Stagehand Talent Agency,Talent,6522275,13/01/2022,Disputed,
INV06307,PRJ02588,Coastline Property Services,Location,29166563,11-12-2024,PAID,
INV05322,PRJ00866,Chop Life Catering,Catering,"NGN 8,809,956",12/10/2023,OVERDUE,
INV05000,PRJ00258,NAIJA FACES CASTING,Talent,45994913,2024-08-14,Overdue,
INV07530,PRJ01762,Crew Connect NG,Crew,8875281,09 Jul 2022,pending,
INV03284,PRJ02438,Stagehand Talent Agency,Talent,5742421,22-12-2025,OVERDUE,
INV07288,PRJ01555,CREW CONNECT NG,Crew,30511370,09-02-2024,Disputed,
INV04240,PRJ03425,Crew Connect NG,Crew,23948250,11 Apr 2025,paid,
INV03916,PRJ02015,Coastline Property Services,Location,47728318,2023-05-25,Overdue,
INV02416,PRJ03411,Stagehand Talent Agency,Talent,42399492,04-03-2023,pending,
INV07100,PRJ00241,CHOP LIFE CATERING,Catering,3566398,04/08/2025,paid,
INV09031,PRJ01364,crew connect ng,Crew,6287345,05-02-2024,Pd,
INV04505,PRJ03830,OnSet Meals NG,Catering,18268705,13 Sep 2023,PAID,
INV06115,PRJ01436,Stagehand Talent Agency,Talent,4177447,06-03-2025,Overdue,
INV06894,PRJ01224,Naija Faces Casting,Talent,1493325,01-02-2024,Disputed,
INV07510,PRJ01058,Chop Life Catering,Catering,1100690,18 Jun 2023,paid,
INV02764,PRJ01194,soundwave post ng,Post-Production,47013589,21/04/2025,Disputed,
INV07913,PRJ01567,Chop Life Catering,Catering,24961687,06 Jan 2024,Disputed,
INV07676,PRJ03507,coastline property services,Location,43751437,05/02/2025,disputed,
INV00491,PRJ01606,OnSet Meals,Catering,2624506,01/03/2025,OVERDUE,
INV08530,PRJ00199,Coastline Property Services,Location,3049997,15/04/2024,PAID,
INV04585,PRJ02831,Lagos Grip & Lighting Co,Equipment Rental,21458213,2021-05-04,OVERDUE,
INV04566,PRJ02374,Mama Bisi Kitchen Services,Catering,24806331,07-10-2025,Disputed,
INV05131,PRJ00836,LAGOS GRIP & LIGHTING CO,Equipment Rental,2601365,2023-11-17,disputed,
INV02390,PRJ00578,Redline Camera Rentals,Equipment Rental,1492059,28/02/2024,Pd,
INV04249,PRJ00969,Reel Edit Studios,Post-Production,4568556,2023-09-17,paid,
INV09170,PRJ02146,Lagos Grip & Lighting Co,Equipment Rental,41170674,28/10/2021,PAID,
INV03556,PRJ00003,chop life catering,Catering,10111751,01/06/2025,paid,
INV00192,PRJ00474,Stagehand Talent Agency,Talent,39937038,25 Oct 2022,Paid,
INV03932,PRJ01010,SoundWave Post NG,Post-Production,8932914,27-05-2024,PAID,
INV06538,PRJ02000,ProGear Nigeria,Equipment Rental,1171262,16 Jan 2022,Pd,
INV00820,PRJ01334,Urban Set Scouts,Location,9211380,18-05-2022,Disputed,
INV02094,PRJ00057,Reel Edit Studios,Post-Production,27635205,24 Jun 2023,Pending,
INV03248,PRJ01706,COLOURGRADE LAGOS,Post-Production,4491312,09 Jul 2023,disputed,
INV03682,PRJ03639,Crew Connect NG,Crew,28877634,04 May 2024,Overdue,
INV00955,PRJ02032,Reel Edit Studios,Post-Production,22852465,17-08-2025,Paid,
INV01273,PRJ02619,REEL EDIT STUDIOS,Post-Production,11927174,2021-10-11,Pd,
INV09070,PRJ00176,OnSet Meals NG,Catering,30220501,08-08-2021,Pd,
INV07388,PRJ01232,Urban Set Scouts,Location,35779270,2025-03-08,Pd,
INV05076,PRJ01359,Chop Life Catering,Catering,188568,23 Dec 2022,OVERDUE,
INV05030,PRJ03076,Mama Bisi Kitchen Services,Catering,6552221,10 Sep 2025,Pending,
INV03873,PRJ01477,redline camera rentals,Equipment Rental,3043138,28/02/2022,PAID,
INV00377,PRJ00598,Reel Edit Studios,Post-Production,"NGN 12,721,882",02-12-2025,disputed,
INV03877,PRJ03919,Naija Faces Casting,Talent,37105551,2025-09-11,Disputed,
INV01242,PRJ03573,Naija Faces Casting,Talent,17593655,2023-02-24,OVERDUE,
INV03419,PRJ02866,Coastline Property Services,Location,23264419,03 Mar 2023,paid,
INV02649,PRJ03393,CREW CONNECT NG,Crew,17247388,2025-01-26,Pd,
INV05805,PRJ01021,Naija Faces Casting,Talent,207524,20 May 2025,pending,
INV06096,PRJ02504,Reel Edit Studios,Post-Production,121545,09-06-2024,PAID,
INV01152,PRJ00204,STAGEHAND TALENT AGENCY,Talent,9740526,18/04/2022,Pd,
INV09299,PRJ02373,Naija Locations Ltd,Location,1595067,2022-02-27,Pending,
INV09595,PRJ01857,ProGear Nigeria,Equipment Rental,43407647,22-11-2025,pending,
INV03776,PRJ01056,Mama Bisi Kitchen Services,Catering,23891642,2022-10-28,paid,
INV03046,PRJ03688,naija faces casting,Talent,37939879,02 Feb 2021,paid,
INV05783,PRJ00892,Urban Set Scouts,Location,29020184,2025-01-12,Disputed,
INV08506,PRJ03998,ProGear Nigeria,Equipment Rental,45246911,2021-06-05,paid,
INV02865,PRJ00831,ProGear Nigeria,Equipment Rental,5668942,01/10/2025,Paid,
INV06976,PRJ00713,Stagehand Talent Agency,Talent,12346635,07/02/2022,Overdue,
INV02744,PRJ01141,ColourGrade Lagos,Post-Production,3328434,24/01/2021,paid,
INV02108,PRJ01207,Frame & Focus Equipment,Equipment Rental,2909138,13/06/2021,OVERDUE,
INV07764,PRJ00320,Frame & Focus Equipment,Equipment Rental,14697324,2021-01-07,OVERDUE,
INV09222,PRJ03711,ONDECK PRODUCTION STAFFING,Crew,20552813,17 Jul 2025,Overdue,
INV00215,PRJ02683,Naija Faces Casting,Talent,3068701,10 Apr 2022,Paid,
INV03268,PRJ02594,OnDeck Production Staffing,Crew,44270730,10 Jan 2022,paid,
INV07754,PRJ02773,Lagos Grip & Lighting Co,Equipment Rental,11132427,15-12-2022,OVERDUE,
INV06018,PRJ02479,Reel Edit Studios,Post-Production,31145616,24-11-2025,Pending,
INV09432,PRJ00368,OnDeck Production Staffing,Crew,60433,23/11/2025,Pending,
INV05652,PRJ00744,Redline Camera Rentals,Equipment Rental,4217612,2021-07-01,Pending,
INV08541,PRJ03943,Redline Camera Rentals,Equipment Rental,8052175,20 Jan 2025,paid,
INV02223,PRJ00227,stagehand talent agency,Talent,11989272,26 May 2021,OVERDUE,
INV06901,PRJ02500,Naija Faces Casting,Talent,5528581,22 Aug 2022,Disputed,
INV00401,PRJ00038,NAIJA FACES CASTING,Talent,6651197,15/06/2023,pending,
INV09469,PRJ00161,chop life catering,Catering,2853063,01-06-2023,pending,
INV08280,PRJ01893,Stagehand Talent Agency,Talent,4536481,2025-01-02,PAID,
INV00145,PRJ01885,Stagehand Talent Agency,Talent,12586252,07 Dec 2021,Overdue,
INV08978,PRJ01955,Mama Bisi Kitchen Services,Catering,7462802,2023-01-10,Overdue,
INV07542,PRJ00454,Mama Bisi Kitchen Services,Catering,45128135,2025-05-09,Pd,
INV09507,PRJ03470,Reel Edit Studios,Post-Production,"NGN 29,415,319",14-07-2024,Paid,
INV00909,PRJ00937,Mama Bisi Kitchen Services,Catering,1345422,01/07/2024,PAID,
INV08109,PRJ00061,Naija Faces Casting,Talent,3560199,22/08/2021,disputed,
INV01099,PRJ00708,ONSET MEALS NG,Catering,2542375,02/04/2021,pending,
INV09355,PRJ03728,chop life catering,Catering,19709053,08-03-2024,Disputed,
INV09434,PRJ01778,naija locations ltd,Location,73369812,17/01/2023,Pending,
INV07065,PRJ02467,REEL EDIT STUDIOS,Post-Production,3703893,12 Feb 2022,Disputed,
INV02016,PRJ03807,naija faces casting,Talent,40324413,26/12/2025,Overdue,
INV01245,PRJ00974,ProGear Nigeria,Equipment Rental,25226521,2021-06-04,PAID,
INV07190,PRJ03511,Naija Faces Casting,Talent,6600530,18 Jan 2024,PAID,
INV03276,PRJ00170,Lagos Grip & Lighting Co,Equipment Rental,5765637,13-10-2024,Overdue,
INV01498,PRJ02953,Stagehand Talent Agency,Talent,21380510,2022-10-20,Disputed,
INV01289,PRJ01313,Stagehand Talent Agency,Talent,15382506,14-01-2024,paid,
INV03198,PRJ00256,Coastline Property Services,Location,12784427,2024-09-05,Pd,
INV09191,PRJ01682,NAIJA FACES CASTING,Talent,768822,2024-09-21,Pending,
INV02559,PRJ01726,Crew Connect NG,Crew,18254623,26/06/2025,disputed,
INV02173,PRJ00442,OnDeck Production Staffing,Crew,6593912,18-06-2021,Pd,
INV07908,PRJ01947,OnSet Meals NG,Catering,6216080,06 Jul 2022,OVERDUE,
INV01225,PRJ02687,Reel Edit Studios,Post-Production,12215632,13/02/2023,Pd,
INV06391,PRJ01089,Crew Connect NG,Crew,12656943,05-11-2022,PAID,
INV04676,PRJ02865,Lagos Grip & Lighting Co,Equipment Rental,2278108,15-11-2021,Pending,
INV03730,PRJ02553,Naija Faces Casting,Talent,16604554,05/03/2021,Pending,
INV09617,PRJ00179,Urban Set Scouts,Location,18723391,18/12/2022,Overdue,
INV00979,PRJ02702,OnSet Meals NG,Catering,2468145,08-04-2025,Pd,
INV04005,PRJ03098,OnSet Meals,Catering,9098093,2025-11-10,Overdue,
INV02620,PRJ03439,Redline Camera Rentals,Equipment Rental,"NGN 5,659,961",14-04-2022,disputed,
INV05418,PRJ00562,Crew Connect NG,Crew,38988099,26-06-2022,pending,
INV06410,PRJ00604,Naija Faces Casting,Talent,5231622,12/04/2022,Pending,
INV09272,PRJ02402,Crewnnect,Crew,6155464,25 Oct 2021,Paid,
INV03956,PRJ01280,ColourGrade Lagos,Post-Production,18411561,06-04-2023,paid,
INV09412,PRJ02061,Lagos Grip & Lighting Co,Equipment Rental,2496082,27-11-2025,Disputed,
INV00412,PRJ02802,urban set scouts,Location,26113892,2025-09-13,Disputed,
INV04237,PRJ03341,Crew Connect NG,Crew,32774008,25/07/2022,OVERDUE,
INV04609,PRJ01095,ProGear Nigeria,Equipment Rental,19977994,21-04-2023,OVERDUE,
INV00292,PRJ03292,ColourGrade Lagos,Post-Production,52723317,19/02/2022,Overdue,
INV08072,PRJ02585,Frame & Focus Equipment,Equipment Rental,1212392,21/10/2024,paid,
INV03859,PRJ03163,Chop Life Catering,Catering,1311229,17-05-2022,pending,
INV08446,PRJ02984,OnDeck Production Staffing,Crew,28171206,24-10-2024,Overdue,
INV08493,PRJ02556,Frame & Focus Equipment,Equipment Rental,7281816,2023-03-21,Pd,
INV01318,PRJ01410,Frame & Focus Equipment,Equipment Rental,18529314,28-01-2024,disputed,
INV05295,PRJ01233,ProGear Nigeria,Equipment Rental,21783045,10-03-2023,pending,
INV02274,PRJ00123,Naija Faces Casting,Talent,7113097,25-08-2021,pending,
INV05624,PRJ00128,lagos grip & lighting co,Equipment Rental,33034530,07-04-2022,Disputed,
INV02413,PRJ03701,lagos grip & lighting co,Equipment Rental,6375204,2024-02-03,Overdue,
INV02246,PRJ03246,CHOP LIFE CATERING,Catering,3231845,2024-03-03,Overdue,
INV03486,PRJ00834,Frame & Focus Equipment,Equipment Rental,12187065,21/05/2021,Overdue,
INV03089,PRJ01723,Crew Connect NG,Crew,5352863,01/12/2024,Pending,
INV06835,PRJ00172,Chop Life Catering,Catering,12097125,14/10/2021,PAID,
INV03358,PRJ03096,Urban Set Scouts,Location,12805247,10 Jun 2022,Paid,
INV05734,PRJ01123,Frame & Focus Equipment,Equipment Rental,"NGN 44,338,189",27/06/2023,pending,
INV03802,PRJ00342,Urban Set Scouts,Location,15058000,2022-02-25,Overdue,
INV09646,PRJ01055,OnDeck Production Staffing,Crew,41634978,13 Jul 2021,Paid,
INV06936,PRJ02377,OnSet Meals NG,Catering,12769801,2024-11-10,OVERDUE,
INV04036,PRJ02072,LAGOS GRIP & LIGHTING CO,Equipment Rental,26067939,10-10-2023,Disputed,
INV00984,PRJ01751,REEL EDIT STUDIOS,Post-Production,22540915,13/08/2024,Pending,
INV06919,PRJ02018,ONDECK PRODUCTION STAFFING,Crew,13791705,03 Mar 2022,Overdue,
INV00719,PRJ03389,Crew Connect NG,Crew,13377918,2021-07-05,Disputed,
INV04729,PRJ03018,URBAN SET SCOUTS,Location,6425109,2021-07-06,Pd,
INV09537,PRJ01950,STAGEHAND TALENT AGENCY,Talent,6926387,2023-07-11,Disputed,
INV09143,PRJ02164,Redline Camera Rentals,Equipment Rental,11316870,13 Sep 2024,disputed,
INV00793,PRJ00993,Redline Camera Rentals,Equipment Rental,65059855,17-03-2025,pending,
INV01851,PRJ00023,colourgrade lagos,Post-Production,29969929,26 May 2024,OVERDUE,
INV00919,PRJ01794,Lagos Grip & Lighting Co,Equipment Rental,9783980,2023-11-02,paid,
INV04206,PRJ01471,OnDeck Production Staffing,Crew,36345315,11/12/2025,Pending,
INV09065,PRJ02675,Reel Edit Studios,Post-Production,7978112,17-08-2023,PAID,
INV02827,PRJ03806,COASTLINE PROPERTY SERVICES,Location,21633175,01 Sep 2024,Pending,
INV01041,PRJ02697,Reel Edit Studios,Post-Production,18324935,17-05-2022,paid,
INV09049,PRJ00007,Stagehand Talent Agency,Talent,8693397,12 Mar 2023,Overdue,
INV04121,PRJ02464,Naija Locations Ltd,Location,12444085,27-05-2021,Paid,
INV01971,PRJ02200,Reel Edit Studios,Post-Production,3451843,22/08/2023,Paid,
INV01345,PRJ00720,PROGEAR NIGERIA,Equipment Rental,24469381,2024-08-20,OVERDUE,
INV02462,PRJ01646,SoundWave Post NG,Post-Production,28597593,22-01-2023,Disputed,
INV03274,PRJ00907,Crew Connect NG,Crew,1416001,03-11-2025,Pending,
INV06553,PRJ03406,Stagehand Talent Agency,Talent,8251068,02 Nov 2023,paid,
INV01130,PRJ03329,Urban Set Scouts,Location,20832235,16 Aug 2024,Pending,
INV05838,PRJ03737,ColourGrade Lagos,Post-Production,613076,2023-11-23,Paid,
INV08332,PRJ03749,OnSet Meals NG,Catering,19777909,27 Feb 2025,Pending,
INV00481,PRJ01783,Urban Set Scouts,Location,65056748,2022-11-18,pending,
INV03667,PRJ03950,OnDeck Production Staffing,Crew,11616816,13 Apr 2024,Paid,
INV07878,PRJ01393,Crew Connect NG,Crew,14923839,26/07/2021,OVERDUE,
INV02702,PRJ03068,Lagos Grip & Lighting Co,Equipment Rental,4224086,10 Apr 2025,paid,
INV01502,PRJ01672,Lagos Grip & Lighting Co,Equipment Rental,20873282,20/04/2025,Pd,
INV03325,PRJ02323,urban set scouts,Location,15709763,17 May 2021,paid,
INV01030,PRJ00546,Coastline Property Services,Location,61277177,05-05-2024,disputed,
INV09289,PRJ01105,OnDeck Production Staffing,Crew,3351608,2022-10-14,Paid,
INV07733,PRJ00310,Urban Set Scouts,Location,6032787,06 Dec 2023,Pending,
INV02733,PRJ01106,OnDeck Production Staffing,Crew,24101312,02-02-2022,Overdue,
INV05390,PRJ01697,REEL EDIT STUDIOS,Post-Production,6908796,12 Feb 2025,Disputed,
INV05516,PRJ01875,Reel Edit Studios,Post-Production,6837633,2025-03-06,PAID,
INV06305,PRJ02588,Mama Bisi Kitchen Services,Catering,37420376,10/05/2022,Overdue,
INV02278,PRJ02768,lagos grip & lighting co,Equipment Rental,2764296,06/06/2024,paid,
INV03306,PRJ01958,Coastline Property Services,Location,13561983,2025-04-03,Paid,
INV02654,PRJ01136,Chop Life Catering,Catering,1852455,2023-08-13,disputed,
INV02178,PRJ01149,CHOP LIFE CATERING,Catering,46133929,17-09-2023,Overdue,
INV07265,PRJ00011,Mama Bisi Kitchen Services,Catering,5473777,26 Jul 2023,PAID,
INV04325,PRJ02855,redline camera rentals,Equipment Rental,27688637,15-05-2021,Pd,
INV08227,PRJ03660,Naija Faces Casting,Talent,75455248,18/02/2022,Pending,
INV00900,PRJ00763,Naija Locations Ltd,Location,921542,2024-06-17,Pending,
INV08116,PRJ03209,ProGear,Equipment Rental,8670548,15 Mar 2022,paid,
INV05908,PRJ03623,ColourGrade Lagos,Post-Production,26313266,05-07-2022,PAID,
INV08384,PRJ02361,Naija Faces Casting,Talent,52558496,23 Jun 2023,Paid,
INV02406,PRJ00481,OnSet Meals NG,Catering,15332300,12 Jun 2021,Overdue,
INV01221,PRJ01144,Urban Set Scouts,Location,7578806,21 Feb 2021,Paid,
INV01950,PRJ03186,NAIJA FACES CASTING,Talent,8649595,2024-04-11,Pending,
INV02601,PRJ01638,ColourGrade Lagos,Post-Production,2068092,2022-07-10,Pd,
INV04487,PRJ01547,Urban Set Scouts,Location,32328745,10 Mar 2022,pending,
INV00079,PRJ00449,Naija Locations Ltd,Location,35383446,28-12-2024,Paid,
INV04816,PRJ02282,Redline Camera Rentals,Equipment Rental,1928275,17/02/2024,paid,
INV00158,PRJ01487,Stagehand Talent Agency,Talent,15056188,2024-07-20,OVERDUE,
INV06591,PRJ02418,COLOURGRADE LAGOS,Post-Production,26847339,10/11/2025,PAID,
INV03078,PRJ00302,Mama Bisi Kitchen Services,Catering,32845959,13-01-2022,Pending,
INV00739,PRJ00927,Crew Connect NG,Crew,1563394,12 Feb 2021,Pending,
INV06962,PRJ02728,COLOURGRADE LAGOS,Post-Production,737819,10 Jun 2022,disputed,
INV01771,PRJ03420,Redline Camera Rentals,Equipment Rental,10968852,06-05-2023,Overdue,
INV04829,PRJ00246,Stagehand Talent Agency,Talent,"NGN 17,268,188",04-07-2023,Disputed,
INV09679,PRJ02616,CREW CONNECT NG,Crew,430473,16-01-2022,Overdue,
INV07591,PRJ02309,Redline Camera Rentals,Equipment Rental,15334166,14/05/2023,paid,
INV03864,PRJ02220,Naija Faces Casting,Talent,34684120,14-03-2021,pending,
INV05444,PRJ00847,Chop Life Catering,Catering,7027588,19/03/2024,Disputed,
INV09695,PRJ00416,Naija Locations Ltd,Location,5688956,2025-09-06,Overdue,
INV05137,PRJ01377,OnDeck Production Staffing,Crew,6219015,23/03/2024,PAID,
INV08565,PRJ01024,Chop Life Catering,Catering,7756053,16/03/2021,Pending,
INV05682,PRJ01825,Redline Camera Rentals,Equipment Rental,"NGN 57,213,106",05/08/2022,disputed,
INV08516,PRJ02559,Chop Life Catering,Catering,5137641,16/10/2025,Pd,
INV07005,PRJ02302,OnSet Meals NG,Catering,28059694,02-02-2022,Paid,
INV09011,PRJ02183,Reel Edit Studios,Post-Production,13162594,2024-05-03,OVERDUE,
INV07467,PRJ02016,ProGear Nigeria,Equipment Rental,31198647,10 Apr 2021,pending,
INV01781,PRJ02624,Crew Connect NG,Crew,52626837,04 Oct 2021,Pd,
INV09237,PRJ00151,Naija Faces Casting,Talent,6343720,28-09-2023,PAID,
INV04428,PRJ01375,Coastline Property Services,Location,39177586,07 Apr 2025,Disputed,
INV03792,PRJ00957,Redline Camera Rentals,Equipment Rental,2238864,13-09-2025,disputed,
INV08835,PRJ03524,Urban Set Scouts,Location,4612950,25-10-2025,Pending,
INV02640,PRJ03256,Chop Life Catering,Catering,40252087,08/09/2024,PAID,
INV00736,PRJ01100,Lagos Grip & Lighting Co,Equipment Rental,3918450,09-06-2024,Pd,
INV05967,PRJ02459,ColourGrade Lagos,Post-Production,22453036,06-08-2022,Overdue,
INV01507,PRJ01184,OnSet Meals NG,Catering,"NGN 12,130,740",07-11-2021,disputed,
INV02267,PRJ03548,urban set scouts,Location,6820242,2025-03-03,Disputed,
INV06118,PRJ00340,Crew Connect NG,Crew,49617960,2021-08-16,Disputed,
INV00683,PRJ01913,Reel Edit Studios,Post-Production,29421748,19-12-2021,PAID,
INV05383,PRJ03460,REEL EDIT STUDIOS,Post-Production,14485260,2021-10-16,OVERDUE,
INV05637,PRJ01053,FRAME & FOCUS EQUIPMENT,Equipment Rental,1702057,15/12/2023,OVERDUE,
INV02944,PRJ03864,chop life catering,Catering,39558595,18-12-2023,Disputed,
INV01482,PRJ02606,Stagehand Talent Agency,Talent,23087604,28 Jun 2022,Overdue,
INV00808,PRJ01768,Naija Faces Casting,Talent,6075170,28/12/2022,paid,
INV05835,PRJ03955,Reel Edit Studios,Post-Production,17600904,2023-11-09,Disputed,
INV08240,PRJ02263,Crew Connect NG,Crew,4411432,13/06/2022,Disputed,
INV03005,PRJ01124,Chop Life Catering,Catering,41805970,09/04/2024,paid,
INV01734,PRJ01395,Coastline Property Services,Location,11436087,2023-09-09,Pending,
INV07093,PRJ00946,Crew Connect NG,Crew,26951010,15/05/2024,Overdue,
INV00114,PRJ00743,Naija Locations Ltd,Location,2464356,10/03/2021,Pending,
INV03552,PRJ03892,urban set scouts,Location,42303729,15-10-2023,PAID,
INV04268,PRJ03458,Stagehand Talent Agency,Talent,14812161,09/07/2024,paid,
INV08626,PRJ02853,Coastline Property Services,Location,"NGN 1,407,426",2023-10-20,Pending,
INV01118,PRJ01070,Naija Faces Casting,Talent,15533234,21-08-2021,Disputed,
INV03567,PRJ02785,SoundWave Post NG,Post-Production,2850758,20 Dec 2022,OVERDUE,
INV02630,PRJ00443,ONSET MEALS NG,Catering,25958458,2023-05-20,OVERDUE,
INV01578,PRJ00702,Reel Edit Studios,Post-Production,12198906,01/06/2023,Pending,
INV04022,PRJ03782,soundwave post ng,Post-Production,4744191,2025-02-16,pending,
INV06737,PRJ02138,Coastline Property Services,Location,164112,28 Dec 2024,Paid,
INV07434,,Crew Connect NG,Crew,362255103,05-04-2022,Paid,
INV03765,PRJ01326,Crew Connect NG,Crew,15419209,04/07/2022,Overdue,
INV07131,PRJ03696,OnDeck Production Staffing,Crew,51402966,15-10-2023,Overdue,
INV00117,PRJ00743,ondeck production staffing,Crew,138261,24 Apr 2024,Pd,
INV01021,PRJ00185,Frame & Focus Equipment,Equipment Rental,2489263,06/01/2025,disputed,
INV06286,PRJ03016,Stagehand Talent Agency,Talent,3014844,12/12/2024,Overdue,
INV09730,PRJ02664,CHOP LIFE CATERING,Catering,20518028,13-02-2021,Pd,
INV08286,PRJ02187,naija locations ltd,Location,"NGN 17,707,563",17 Oct 2021,Paid,
INV08783,PRJ02310,naija faces casting,Talent,31003707,24 Nov 2022,disputed,
INV08355,PRJ00617,ColourGrade Lagos,Post-Production,41028926,03 Oct 2022,pending,
INV08454,PRJ02782,STAGEHAND TALENT AGENCY,Talent,16934845,11-05-2025,Pending,
INV03210,PRJ00825,naija faces casting,Talent,10038055,08 Nov 2022,Overdue,
INV05825,PRJ02215,Naija Faces Casting,Talent,362385,03-03-2022,disputed,
INV09689,PRJ01181,frame & focus equipment,Equipment Rental,5709613,28-01-2022,paid,
INV02358,PRJ00782,Reel Edit Studios,Post-Production,39085782,2023-11-11,Pending,
INV01089,PRJ00647,Lagos Grip & Lighting Co,Equipment Rental,48932150,2023-04-22,PAID,
INV08619,PRJ00035,crew connect ng,Crew,24854239,10 Aug 2021,OVERDUE,
INV08450,PRJ01662,ProGear Nigeria,Equipment Rental,45790171,09 Jan 2024,Paid,
INV05890,PRJ02971,Chop Life Catering,Catering,6883688,20/09/2021,Disputed,
INV00932,PRJ01166,ProGear Nigeria,Equipment Rental,7496732,21/10/2025,paid,
INV00474,PRJ03796,ColourGrade Lagos,Post-Production,867703,25/09/2023,Disputed,
INV08916,PRJ01082,OnDeck Production Staffing,Crew,12711967,09 Aug 2024,disputed,
INV07837,PRJ01196,ONDECK PRODUCTION STAFFING,Crew,21540707,17-04-2023,Pd,
INV05070,PRJ03232,Mama Bisi Kitchen Services,Catering,8868822,19/02/2025,Pd,
INV09135,PRJ01270,MAMA BISI KITCHEN SERVICES,Catering,6612267,12 Mar 2021,pending,
INV00761,PRJ01777,OnDeck Production Staffing,Crew,24515459,17/12/2021,Pending,
INV05351,PRJ01797,Urban Set Scouts,Location,28790059,12/02/2021,PAID,
INV08316,PRJ03925,Crew Connect NG,Crew,19596395,02-05-2023,Disputed,
INV08775,PRJ03201,OnSet Meals NG,Catering,4396019,07-07-2025,Overdue,
INV03186,PRJ03593,Lagos Grip & Lighting Co,Equipment Rental,16159694,2021-06-21,disputed,
INV02345,PRJ01245,Naija Locations Ltd,Location,10498269,08/05/2022,Paid,
INV05519,PRJ03040,ColourGrade Lagos,Post-Production,32823993,2022-01-12,Pd,
INV03136,PRJ02172,SOUNDWAVE POST NG,Post-Production,35317146,21/05/2024,Paid,
INV03671,PRJ00450,Urban Set Scouts,Location,6965402,10/01/2024,paid,
INV00530,PRJ01562,ProGear Nigeria,Equipment Rental,"NGN 11,158,723",08/05/2021,PAID,
INV08683,PRJ00158,Chop Life Catering,Catering,2494806,17 Jul 2021,Pending,
INV01921,PRJ02649,Naija Locations Ltd,Location,505025,2023-03-14,disputed,
INV02485,PRJ03809,Crew Connect NG,Crew,31347836,05/06/2024,Pd,
INV07974,PRJ03568,OnDeck Production Staffing,Crew,451280,19-02-2021,Pending,
INV03431,PRJ01846,URBAN SET SCOUTS,Location,3954414,2024-03-20,Paid,
INV02086,PRJ01020,lagos grip & lighting co,Equipment Rental,4913668,2022-04-03,Paid,
INV00184,PRJ00016,SoundWave Post NG,Post-Production,9025772,28 Nov 2022,Disputed,
INV08202,PRJ00168,Coastline Property Services,Location,6921376,18-04-2021,disputed,
INV08104,PRJ00917,Chop Life Catering,Catering,12892748,2025-03-04,pending,
INV03150,PRJ03705,Coastline Property Services,Location,11757618,14 May 2025,Overdue,
INV00922,PRJ01794,OnDeck Production Staffing,Crew,12790104,21 Aug 2022,Pending,
INV00126,PRJ02889,Stagehand Talent Agency,Talent,4515224,27/02/2024,disputed,
INV05815,PRJ03167,SoundWave Post NG,Post-Production,992239,13/10/2022,paid,
INV01029,PRJ00546,OnDeck Production Staffing,Crew,785828,06-02-2025,Disputed,
INV04253,PRJ02707,Naija Locations,Location,14391965,07/09/2021,disputed,
INV02523,PRJ03655,ProGear Nigeria,Equipment Rental,11944611,26/05/2023,disputed,
INV07506,PRJ02213,Frame & Focus Equipment,Equipment Rental,45437510,03 Feb 2023,Overdue,
INV01336,PRJ00808,ONDECK PRODUCTION STAFFING,Crew,36361278,13 Jun 2024,pending,
INV02387,PRJ00578,ColourGrade Lagos,Post-Production,14386455,2021-07-17,paid,
INV09259,PRJ01288,ColourGrade Lagos,Post-Production,"NGN 5,203,677",22-01-2024,Disputed,
INV02417,PRJ02749,Frame & Focus Equipment,Equipment Rental,13942071,22/12/2025,PAID,
INV02090,PRJ00137,OnDeck Production Staffing,Crew,4367173,04-10-2022,Pending,
INV04317,PRJ00601,STAGEHAND TALENT AGENCY,Talent,24285554,2024-03-22,Pending,
INV04224,PRJ03779,SoundWave Post NG,Post-Production,8785333,2021-03-01,paid,
INV05238,PRJ01025,Stagehand Talent Agency,Talent,1034761,02/01/2023,pending,
INV02727,PRJ00415,Naija Faces Casting,Talent,5542460,2023-10-18,PAID,
INV01536,PRJ02563,Reel Edit Studios,Post-Production,25764175,14/11/2021,Pending,
INV09433,PRJ01778,Reel Edit Studios,Post-Production,3059389,05/11/2022,Overdue,
INV01920,PRJ02649,Mama Bisi Kitchen Services,Catering,17585690,2021-05-22,disputed,
INV08898,PRJ01187,OnDeck Production Staffing,Crew,19738663,25 Apr 2021,Pd,
INV06236,PRJ00273,Frame & Focus Equipment,Equipment Rental,38936147,11 Jan 2024,Pd,
INV07243,PRJ00842,Coastline Property Services,Location,4202171,05 Apr 2022,pending,
INV08442,PRJ00665,Coastline Property Services,Location,2205069,09-01-2024,Disputed,
INV04069,PRJ00476,Crew Connect NG,Crew,21573447,26-04-2025,PAID,
INV05255,PRJ02862,OnSet Meals NG,Catering,41860449,14 Oct 2022,Overdue,
INV04690,PRJ01851,COLOURGRADE LAGOS,Post-Production,40378440,19/11/2023,pending,
INV04826,PRJ03241,naija faces casting,Talent,"NGN 11,542,180",07/11/2025,Disputed,
INV05643,PRJ01990,ONDECK PRODUCTION STAFFING,Crew,25182348,2023-09-06,Pending,
INV08151,PRJ01813,Coastline Property Services,Location,10296513,17-09-2022,Overdue,
INV03514,PRJ01262,crew connect ng,Crew,26933316,06/06/2025,Paid,
INV08866,PRJ00260,Mama Bisi Kitchen Services,Catering,13320202,2021-09-02,Overdue,
INV07458,PRJ00925,Stagehand Talent Agency,Talent,10705272,15/01/2025,Overdue,
INV07455,PRJ03328,NAIJA FACES CASTING,Talent,28007667,10-01-2023,PAID,
INV07375,PRJ01769,Frame & Focus Equipment,Equipment Rental,6152169,06-10-2023,PAID,
INV03436,PRJ02128,ColourGrade Lagos,Post-Production,17850468,18/05/2025,Pd,
INV05576,PRJ02596,SoundWave Post,Post-Production,"NGN 1,366,947",03 Jan 2021,Disputed,
INV07624,PRJ01499,Naija Faces Casting,Talent,458674,2025-08-12,Paid,
INV03896,PRJ00621,Urban Set Scouts,Location,4011431,21-03-2024,PAID,
INV05654,PRJ03585,Lagos Grip & Lighting Co,Equipment Rental,4236728,18/03/2021,Pending,
INV06842,PRJ02658,Chop Life Catering,Catering,5779123,20-03-2023,disputed,
INV00254,PRJ01180,OnDeck Production Staffing,Crew,10999323,2023-05-09,Disputed,
INV00667,PRJ02207,Mama Bisi Kitchen Services,Catering,"NGN 18,073,582",06-04-2023,PAID,
INV04694,PRJ00959,Lagos Grip & Lighting,Equipment Rental,11640694,13 Apr 2021,Pending,
INV08583,PRJ01594,Naija Faces Casting,Talent,31096679,2025-07-03,paid,
INV02514,PRJ02419,Naija Locations Ltd,Location,21939744,2025-06-02,pending,
INV08979,PRJ03250,SoundWave Post NG,Post-Production,6476644,17 Jul 2021,Pending,
INV01408,PRJ01164,Coastline Property Services,Location,10634184,28-08-2025,Pending,
INV05363,PRJ02288,Crew Connect NG,Crew,9730782,06 Aug 2023,paid,
INV08652,PRJ03559,Naija Faces Casting,Talent,3007505,05-01-2025,Overdue,
INV00212,PRJ01882,Crew Connect NG,Crew,21342391,15/03/2023,Overdue,
INV06496,PRJ00968,OnDeck Production Staffing,Crew,10470604,14 Feb 2023,OVERDUE,
INV09652,PRJ03656,Coastline Property Services,Location,8906347,2022-09-15,disputed,
INV00749,PRJ02430,Urban Set Scouts,Location,10877805,09-06-2025,Pd,
INV01595,PRJ03464,Stagehand Talent Agency,Talent,5052517,24 Aug 2025,PAID,
INV09764,PRJ07777,Crew Connect NG,Crew,33483437,17 Jul 2021,OVERDUE,
INV06168,PRJ00456,OnDeck Production Staffing,Crew,6671219,01-07-2021,pending,
INV05610,PRJ02694,Reel Edit Studios,Post-Production,19232940,2024-06-03,OVERDUE,
INV02595,PRJ03897,Redline Camera Rentals,Equipment Rental,24756164,10/09/2023,Pending,
INV05164,PRJ00918,Mama Bisi Kitchen Services,Catering,7153468,16 Sep 2024,pending,
INV06866,PRJ00328,Lagos Grip & Lighting Co,Equipment Rental,42900658,2024-09-06,Pd,
INV01059,PRJ00543,lagos grip & lighting co,Equipment Rental,11080119,27 Dec 2021,Paid,
INV05801,PRJ02014,Crew Connect NG,Crew,21853874,2021-04-22,paid,
INV05505,PRJ02790,Crewnnect,Crew,9529177,04/12/2025,Pending,
INV08814,PRJ00906,OnSet Meals NG,Catering,15009450,2023-04-21,paid,
INV06441,PRJ00092,Frame & Focus Equipment,Equipment Rental,4091861,2022-12-06,disputed,
INV03746,PRJ01407,Chop Life Catering,Catering,4018070,25 Sep 2024,Paid,
INV05193,PRJ00070,Coastline Property Services,Location,19938227,2024-09-20,paid,
INV03252,PRJ03390,Stagehand Talent Agency,Talent,3620235,2021-07-20,PAID,
INV06186,PRJ03368,Naija Locations Ltd,Location,2016544,07 May 2022,Paid,
INV03365,PRJ02587,Stagehand Talent Agency,Talent,21827506,25 Oct 2023,Disputed,
INV02320,PRJ02141,Coastline Property Services,Location,28016241,06-07-2021,Paid,
INV05320,PRJ01996,OnDeck Production Staffing,Crew,62350085,10/05/2023,pending,
INV05871,PRJ01633,Mama Bisi Kitchen Services,Catering,19053132,14/07/2025,PAID,
INV07983,PRJ01314,Crew Connect NG,Crew,53465695,20 Jan 2025,disputed,
INV03856,PRJ03163,naija locations ltd,Location,1742758,12-11-2022,Paid,
INV06714,PRJ02670,ColourGrade Lagos,Post-Production,17469345,03/03/2025,pending,
INV05691,PRJ03318,Reel Edit Studios,Post-Production,715293,23-12-2021,Overdue,
INV02138,PRJ01285,PROGEAR NIGERIA,Equipment Rental,16255321,25 Feb 2021,paid,
INV00948,PRJ00777,Coastline Property Services,Location,5154724,01/10/2023,Paid,
INV06004,PRJ00965,Chop Life Catering,Catering,9560138,12 Apr 2024,PAID,
INV05995,PRJ03381,Urban Set Scouts,Location,44237379,12 Aug 2021,OVERDUE,
INV07106,PRJ01563,Naija Faces Casting,Talent,21462802,01/01/2025,pending,
INV01718,PRJ02597,Mama Bisi Kitchen Services,Catering,"NGN 21,745,753",02-09-2021,Disputed,
INV01664,PRJ02969,STAGEHAND TALENT AGENCY,Talent,54862632,2022-05-24,Pd,
INV06861,PRJ01351,ProGear Nigeria,Equipment Rental,14286930,2025-08-12,Paid,
INV01847,PRJ00156,PROGEAR NIGERIA,Equipment Rental,42792182,2021-11-19,Pending,
INV05773,PRJ00747,Naija Faces Casting,Talent,43034969,07 Feb 2025,Pd,
INV06968,PRJ03025,Naija Faces Casting,Talent,12600802,21 Jun 2024,disputed,
INV08528,PRJ02237,ondeck production staffing,Crew,56001824,21 Aug 2023,paid,
INV07979,PRJ03893,Coastline Property Services,Location,"NGN 13,830,098",06-05-2024,Paid,
INV08899,PRJ01187,Urban Set Scouts,Location,1543050,12-11-2024,pending,
INV04281,PRJ00721,Urban Set Scouts,Location,72005892,23/07/2022,Pending,
INV07850,PRJ03193,OnSet Meals NG,Catering,51416393,21 Nov 2023,Disputed,
INV00707,PRJ02879,OnDeck Production Staffing,Crew,22118105,28 Jun 2023,Pending,
INV00347,PRJ00994,Frame & Focus Equipment,Equipment Rental,37086232,26 May 2024,disputed,
INV00080,PRJ00571,OnDeck Production Staffing,Crew,187125,23 Nov 2022,Pd,
INV07044,PRJ03801,Stagehand Talent Agency,Talent,37980422,09-03-2022,paid,
INV03300,PRJ00852,CHOP LIFE CATERING,Catering,21043960,2025-05-26,Disputed,
INV08676,PRJ00685,ColourGrade Lagos,Post-Production,14549688,20-06-2024,pending,
INV04423,PRJ00589,Reel Edit Studios,Post-Production,15117189,06-03-2025,PAID,
INV02467,PRJ02777,Crew Connect NG,Crew,17705904,2025-11-11,paid,
INV01607,PRJ03622,Lagos Grip & Lighting Co,Equipment Rental,15549891,22-09-2021,Pending,
INV03111,PRJ02499,Naija Locations Ltd,Location,"NGN 6,433,538",19/03/2023,disputed,
INV00654,PRJ00175,lagos grip & lighting co,Equipment Rental,"NGN 10,116,282",25/12/2025,disputed,
INV05889,PRJ02971,Redline Camera Rentals,Equipment Rental,20475107,21 Jul 2022,Pd,
INV08364,PRJ01271,Chop Life Catering,Catering,14138064,2024-04-10,paid,
INV08312,PRJ01599,Naija Faces Casting,Talent,38429017,03 Nov 2022,Overdue,
INV06516,PRJ01915,ProGear Nigeria,Equipment Rental,52605186,09 Mar 2023,OVERDUE,
INV08616,PRJ02549,Coastline Property Services,Location,13273332,26-11-2021,OVERDUE,
INV06676,PRJ02435,Chop Life Catering,Catering,4971733,2025-03-23,paid,
INV01801,PRJ01930,reel edit studios,Post-Production,752703,06/08/2025,Paid,
INV00695,PRJ03119,Urban Set Scouts,Location,6552004,09-09-2022,disputed,
INV03282,PRJ01742,URBAN SET SCOUTS,Location,2345404,19 Dec 2022,Disputed,
INV08635,PRJ01200,frame & focus equipment,Equipment Rental,20111473,2024-11-22,pending,
INV07072,PRJ01866,Reel Edit Studios,Post-Production,40737967,02-11-2025,pending,
INV00504,PRJ02877,ProGear Nigeria,Equipment Rental,8982156,09 Mar 2025,Disputed,
INV06445,PRJ02910,CHOP LIFE CATERING,Catering,37591337,05/02/2024,pending,
INV03405,PRJ00566,OnDeck Production Staffing,Crew,5979103,28 May 2022,paid,
INV09287,PRJ01784,Chop Life Catering,Catering,15890405,05 Apr 2024,OVERDUE,
INV05002,PRJ01596,Stagehand Talent Agency,Talent,9032727,2025-08-15,Disputed,
INV04695,PRJ00959,OnDeck Production Staffing,Crew,12549890,01 Oct 2023,disputed,
INV00175,PRJ02023,Chop Life Catering,Catering,4093338,11 May 2025,Overdue,
INV08560,PRJ02395,Frame & Focus Equipment,Equipment Rental,6983004,18 Aug 2024,Pending,
INV06875,PRJ03765,Crew Connect NG,Crew,19016971,04-10-2025,PAID,
INV06864,PRJ01351,Frame & Focus Equipment,Equipment Rental,"NGN 18,372,248",2022-02-08,Pending,
INV00307,PRJ01560,Stagehand Talent Agency,Talent,52322559,11-05-2022,Overdue,
INV02943,PRJ03864,Urban Set Scouts,Location,9153422,01 Jun 2025,paid,
INV01690,PRJ01345,NAIJA LOCATIONS LTD,Location,11510256,27/08/2024,Paid,
INV05079,PRJ03611,Redline Camera Rentals,Equipment Rental,63392987,2024-08-07,paid,
INV07616,PRJ02685,MAMA BISI KITCHEN SERVICES,Catering,1682547,08/10/2025,Disputed,
INV07586,PRJ00154,Reel Edit Studios,Post-Production,33584148,11 Feb 2023,Pd,
INV08944,PRJ03821,naija faces casting,Talent,21038831,2021-04-15,Disputed,
INV05127,PRJ00412,Crew Connect NG,Crew,2415006,2023-12-05,disputed,
INV01135,PRJ02460,Naija Locations Ltd,Location,16081485,2021-12-13,Pd,
INV02264,PRJ02057,Lagos Grip & Lighting,Equipment Rental,7071221,01 Sep 2022,pending,
INV04001,PRJ02537,Redline Camera Rentals,Equipment Rental,33552760,2024-03-09,pending,
INV05993,PRJ03381,Chop Life Catering,Catering,10858893,27-09-2021,paid,
INV00286,PRJ01381,stagehand talent agency,Talent,158044,27 Jan 2022,disputed,
INV00660,PRJ03295,ProGear Nigeria,Equipment Rental,3237164,2022-01-09,paid,
INV03889,PRJ01536,URBAN SET SCOUTS,Location,11969965,14/08/2022,Overdue,
INV03067,PRJ03179,SOUNDWAVE POST NG,Post-Production,6711975,2021-03-01,Disputed,
INV07461,PRJ00925,SoundWave Post NG,Post-Production,12248941,22/07/2023,PAID,
INV00592,PRJ00492,Crew Connect NG,Crew,4239483,13 Jun 2021,Overdue,
INV09229,PRJ00801,Urban Set Scouts,Location,17836765,2024-05-22,OVERDUE,
INV03408,PRJ03545,ONSET MEALS NG,Catering,4024901,24-04-2024,Paid,
INV00035,PRJ00664,Reel Edit Studios,Post-Production,13286237,03/01/2021,Disputed,
INV08405,PRJ02439,ProGear,Equipment Rental,10178087,2022-11-05,OVERDUE,
INV01822,PRJ02527,Reel Edit Studios,Post-Production,16047271,2021-09-23,pending,
INV06503,PRJ00802,SoundWave Post NG,Post-Production,2996946,01/10/2024,Pd,
INV02952,PRJ00970,Reel Edit Studios,Post-Production,352026,17/04/2025,Pd,
INV03866,PRJ02220,Urban Set Scouts,Location,12483063,20-08-2024,disputed,
INV01833,PRJ03352,SoundWave Post NG,Post-Production,28683045,13-01-2023,pending,
INV00456,PRJ02253,OnDeck Production Staffing,Crew,8318919,2022-12-16,Pending,
INV01398,PRJ00228,reel edit studios,Post-Production,5655838,15 Feb 2024,Pending,
INV06499,PRJ00968,Lagos Grip & Lighting Co,Equipment Rental,5695342,27-12-2021,Pd,
INV09114,PRJ01269,Crew Connect NG,Crew,21975631,2025-07-12,OVERDUE,
INV03456,PRJ02804,CREW CONNECT NG,Crew,42950892,18/11/2023,OVERDUE,
INV00773,PRJ01387,coastline property services,Location,1888953,2021-02-16,PAID,
INV09078,PRJ01202,naija locations ltd,Location,36253762,26/05/2025,paid,
INV05684,PRJ01825,OnDeck Production Staffing,Crew,67429,2022-09-28,PAID,
INV03226,PRJ00014,Naija Faces Casting,Talent,16746041,26-11-2024,pending,
INV00483,PRJ03227,Urban Set Scouts,Location,41243414,01/10/2023,Overdue,
INV07757,PRJ02773,Crew Connect NG,Crew,30445998,2023-01-20,paid,
INV02172,PRJ03255,Naija Locations Ltd,Location,13485957,06-06-2021,Paid,
INV09195,PRJ00233,OnSet Meals NG,Catering,14570341,21-11-2024,Paid,
INV05235,PRJ01025,ColourGrade Lagos,Post-Production,32801049,18 May 2022,PAID,
INV09339,PRJ02341,SoundWave Post NG,Post-Production,23421315,03-11-2021,OVERDUE,
INV02448,PRJ01146,ColourGrade Lagos,Post-Production,42845355,26-07-2025,Pd,
INV08632,PRJ00263,COLOURGRADE LAGOS,Post-Production,30283519,06 Dec 2021,Disputed,
INV01469,PRJ03206,lagos grip & lighting co,Equipment Rental,1331215,10-03-2024,Pd,
INV07746,PRJ02436,Naija Faces Casting,Talent,"NGN 1,045,944",23/05/2024,OVERDUE,
INV06609,PRJ00359,Stagehand Talent Agency,Talent,35042887,26 Dec 2022,OVERDUE,
INV09766,PRJ07777,Naija Faces Casting,Talent,22602964,2025-05-21,disputed,
INV03174,PRJ01937,ONDECK PRODUCTION STAFFING,Crew,19046718,2022-03-23,disputed,
INV05042,PRJ01145,OnDeck Production Staffing,Crew,2338269,09-01-2023,OVERDUE,
INV07293,PRJ00110,ColourGrade Lagos,Post-Production,6705188,24/08/2021,OVERDUE,
INV08997,PRJ03677,Coastline Property Services,Location,3248974,2024-10-12,Disputed,
INV06002,PRJ00965,Coastline Property Services,Location,5533836,19 Dec 2025,Pending,
INV07737,PRJ01066,Crew Connect NG,Crew,17073030,25/08/2025,disputed,
INV06125,PRJ01587,ProGear Nigeria,Equipment Rental,28099145,06 Nov 2025,Pending,
INV08342,PRJ02009,Lagos Grip & Lighting Co,Equipment Rental,3796768,01-06-2022,Pending,
INV04030,PRJ02493,reel edit studios,Post-Production,10933352,06 Jul 2022,Paid,
INV07042,PRJ01714,ColourGrade Lagos,Post-Production,49424752,20/04/2023,Paid,
INV09534,PRJ01950,Stagehand Talent Agency,Talent,40932196,07-10-2021,disputed,
INV05129,PRJ02676,onset meals ng,Catering,21144013,2023-07-12,Pending,
INV08956,PRJ01153,OnSet Meals NG,Catering,2698594,15/10/2023,Disputed,
INV00323,PRJ02317,Chop Life Catering,Catering,8435239,01/09/2024,PAID,
INV09129,PRJ02637,Naija Faces Casting,Talent,88478827,18 May 2025,OVERDUE,
INV01606,PRJ00922,Chop Life Catering,Catering,3251893,27 Feb 2023,Disputed,
INV05710,PRJ00196,ColourGrade Lagos,Post-Production,2532728,08 Oct 2023,OVERDUE,
INV06774,PRJ03028,Reel Edit Studios,Post-Production,132775,2024-11-08,paid,
INV08834,PRJ03524,LAGOS GRIP & LIGHTING CO,Equipment Rental,10740997,09/01/2024,pending,
INV04709,PRJ03194,Stagehand Talent Agency,Talent,12270648,09/06/2022,pending,
INV03637,PRJ03786,Lagos Grip & Lighting Co,Equipment Rental,7655069,13-02-2023,disputed,
INV00859,PRJ01239,Redline Camera Rentals,Equipment Rental,10739528,2022-07-03,Pending,
INV09536,PRJ01950,ColourGrade Lagos,Post-Production,33547811,16/08/2025,Pending,
INV05798,PRJ02014,ColourGrade Lagos,Post-Production,27201713,10-11-2023,OVERDUE,
INV06053,PRJ00646,naija locations ltd,Location,17626385,05 May 2021,OVERDUE,
INV08416,PRJ01523,Reel Edit Studios,Post-Production,8988391,02 Jan 2023,OVERDUE,
INV01783,PRJ02624,FRAME & FOCUS EQUIPMENT,Equipment Rental,8579861,11/10/2023,disputed,
INV02242,PRJ01214,ONDECK PRODUCTION STAFFING,Crew,9106631,2025-12-25,Paid,
INV07027,PRJ00322,SoundWave Post,Post-Production,29443606,15 Jul 2024,Pending,
INV01596,PRJ03464,Mama Bisi Kitchen Services,Catering,12158189,22 Oct 2022,Paid,
INV04354,PRJ00525,STAGEHAND TALENT AGENCY,Talent,20641480,06/08/2023,disputed,
INV07382,PRJ00553,Mama Bisi Kitchen Services,Catering,12542023,18-10-2023,Pending,
INV02576,PRJ00781,Stagehand Talent Agency,Talent,"NGN 348,468",2024-05-11,OVERDUE,
INV02730,PRJ03298,OnDeck Production Staffing,Crew,17471658,28 Nov 2022,disputed,
INV09357,PRJ00660,OnDeck Production Staffing,Crew,15429204,21-11-2024,disputed,
INV04548,PRJ03465,Crew Connect NG,Crew,1052114,02 Aug 2023,disputed,
INV03168,PRJ02223,Reel Edit Studios,Post-Production,"NGN 4,774,066",24 Jul 2025,Pending,
INV00411,PRJ02802,OnSet Meals NG,Catering,1007963,12-11-2024,disputed,
INV03170,PRJ03838,Urban Set Scouts,Location,34272520,13/07/2021,OVERDUE,
INV02352,PRJ01258,SoundWave Post,Post-Production,1097208,19 Nov 2024,pending,
INV00618,PRJ01728,OnDeck Production Staffing,Crew,67619366,27-12-2022,Pending,
INV03135,PRJ02172,Urban Set Scouts,Location,11257415,04-08-2022,Paid,
INV04366,PRJ01052,Frame & Focus Equipment,Equipment Rental,8335894,2022-02-04,Disputed,
INV08147,PRJ00296,Naija Faces Casting,Talent,"NGN 4,626,085",2022-11-22,pending,
INV01777,PRJ02932,MAMA BISI KITCHEN SERVICES,Catering,15557833,23 Nov 2021,Pending,
INV04435,PRJ02300,mama bisi kitchen services,Catering,526475,24 Aug 2024,paid,
INV03918,PRJ01339,crew connect ng,Crew,12947089,05-08-2022,disputed,
INV06732,PRJ03908,STAGEHAND TALENT AGENCY,Talent,24979165,08/02/2023,disputed,
INV05583,PRJ01592,Redline Camera Rentals,Equipment Rental,27949909,18/05/2024,pending,
INV03931,PRJ01366,Urban Set Scouts,Location,1360200,09 Aug 2024,Pending,
INV06367,PRJ03642,SOUNDWAVE POST NG,Post-Production,39695596,22-03-2022,pending,
INV01550,PRJ02173,soundwave post ng,Post-Production,17092806,04 Jan 2022,paid,
INV06318,PRJ03350,Mama Bisi Kitchen Services,Catering,23549098,22/02/2021,Paid,
INV08517,PRJ02559,stagehand talent agency,Talent,64015851,26-03-2023,PAID,
INV03214,PRJ02295,Reel Edit Studios,Post-Production,2461706,17 Oct 2024,pending,
INV05148,PRJ01361,OnSet Meals NG,Catering,8199370,07 Oct 2025,Overdue,
INV06977,PRJ00713,Chop Life Catering,Catering,11723875,12/12/2022,Paid,
INV06338,PRJ02948,Stagehand Talent Agency,Talent,43752213,2022-09-23,disputed,
INV00342,PRJ02194,COLOURGRADE LAGOS,Post-Production,2421231,18 Aug 2021,Overdue,
INV02253,PRJ03567,Frame & Focus Equipment,Equipment Rental,2020351,2022-08-15,paid,
INV09338,PRJ02341,ONDECK PRODUCTION STAFFING,Crew,38885625,25-10-2021,disputed,
INV05271,PRJ02277,naija faces casting,Talent,29772152,2022-03-24,PAID,
INV08867,PRJ00260,CREW CONNECT NG,Crew,27306920,26/10/2025,paid,
INV08460,PRJ00588,URBAN SET SCOUTS,Location,67710345,09 Oct 2023,OVERDUE,
INV06817,PRJ00596,Naija Faces Casting,Talent,8093353,2021-03-25,Disputed,
INV06552,PRJ03406,soundwave post ng,Post-Production,8098947,20 Dec 2023,Pd,
INV01682,PRJ03427,ColourGrade Lagos,Post-Production,15175874,03-06-2023,disputed,
INV04480,PRJ00074,Crew Connect NG,Crew,3546988,2022-05-25,Disputed,
INV03717,PRJ00595,Chop Life Catering,Catering,"NGN 4,219,439",12/02/2024,Pending,
INV02736,PRJ02388,Lagos Grip & Lighting Co,Equipment Rental,7480123,22-09-2021,Pd,
INV04483,PRJ00637,ONDECK PRODUCTION STAFFING,Crew,5001128,2022-01-07,Disputed,
INV08474,PRJ01198,OnSet Meals NG,Catering,18955600,07-05-2024,Disputed,
INV06374,PRJ01865,Naija Locations Ltd,Location,15223352,07 May 2021,paid,
INV02058,PRJ03244,Stagehand Talent Agency,Talent,5196845,27 Dec 2023,OVERDUE,
INV07423,PRJ03610,coastline property services,Location,2825225,18/05/2022,Overdue,
INV09733,PRJ01868,SoundWave Post NG,Post-Production,3534999,18/11/2021,disputed,
INV00627,PRJ03600,ProGear,Equipment Rental,7345169,2022-01-13,paid,
INV04870,PRJ00767,Naija Locations Ltd,Location,"NGN 2,380,786",13/08/2023,paid,
INV06978,PRJ00713,OnSet Meals NG,Catering,29188324,01/01/2021,Pd,
INV09530,PRJ00378,Naija Locations Ltd,Location,4878024,11 Oct 2024,PAID,
INV06355,PRJ01694,Crew Connect NG,Crew,8871062,14 Feb 2021,pending,
INV01371,PRJ03297,Frame & Focus Equipment,Equipment Rental,30980381,2025-01-01,Overdue,
INV07389,PRJ01232,Lagos Grip & Lighting Co,Equipment Rental,4419287,2024-08-18,PAID,
INV08197,PRJ02148,Mama Bisi Kitchen Services,Catering,18957864,02/09/2021,paid,
INV08340,PRJ02330,coastline property services,Location,17451631,03-05-2022,OVERDUE,
INV07435,,Crew Connect NG,Crew,1657637577,27-11-2023,Paid,
INV01615,PRJ01473,Reel Edit Studios,Post-Production,6272208,24 Apr 2021,Pending,
INV00493,PRJ01606,Crew Connect NG,Crew,19514964,13-12-2024,Pd,
INV08581,PRJ02285,ProGear Nigeria,Equipment Rental,851165,2024-04-10,Pending,
INV02004,PRJ02535,Crew Connect NG,Crew,45247291,28 Mar 2025,pending,
INV08512,PRJ02481,naija faces casting,Talent,12744674,22/05/2021,Disputed,
INV03270,PRJ02594,SoundWave Post NG,Post-Production,2944887,24/05/2022,PAID,
INV08649,PRJ01814,ProGear Nigeria,Equipment Rental,17168519,2025-07-14,Pending,
INV02517,PRJ03984,Urban Set Scouts,Location,3963042,12-04-2023,paid,
INV03696,PRJ03710,Naija Locations Ltd,Location,6622759,27-09-2024,PAID,
INV05111,PRJ03074,Lagos Grip & Lighting Co,Equipment Rental,68805663,16-05-2022,Pd,
INV02779,PRJ01404,NAIJA LOCATIONS LTD,Location,1474569,15/11/2022,Overdue,
INV00692,PRJ01973,Redline Camera Rentals,Equipment Rental,4167459,2023-05-15,pending,
INV03461,PRJ02122,Chop Life Catering,Catering,10654707,2021-04-16,pending,
INV05840,PRJ03737,Redline Camera Rentals,Equipment Rental,12587877,2025-09-27,OVERDUE,
INV03785,PRJ03452,NAIJA LOCATIONS LTD,Location,3332163,08 Aug 2021,pending,
INV02798,PRJ00659,Crew Connect NG,Crew,5422879,01 Apr 2024,OVERDUE,
INV02823,PRJ03806,ProGear Nigeria,Equipment Rental,915037,16 Jun 2024,Pending,
INV05506,PRJ02790,Stagehand Talent Agency,Talent,10605575,26/03/2025,pending,
INV08824,PRJ00066,Chop Life Catering,Catering,12472523,17/07/2022,Pending,
INV04900,PRJ03141,ProGear Nigeria,Equipment Rental,55199877,18-06-2022,paid,
INV05730,PRJ01335,OnDeck Production Staffing,Crew,715531,18/11/2021,disputed,
INV03446,PRJ01006,Crew Connect NG,Crew,8588270,21 Jul 2023,Pd,
INV06127,PRJ01587,Chop Life Catering,Catering,"NGN 17,181,002",2024-09-13,PAID,
INV08521,PRJ00371,ONSET MEALS NG,Catering,1195289,03/04/2024,Pending,
INV00098,PRJ03727,Lagos Grip & Lighting Co,Equipment Rental,36895658,23 Dec 2024,PAID,
INV06238,PRJ00273,ColourGrade Lagos,Post-Production,46255082,2022-03-06,Paid,
INV02056,PRJ01016,Lagos Grip & Lighting Co,Equipment Rental,90877229,27 Jan 2024,Disputed,
INV02095,PRJ00057,Chop Life Catering,Catering,19951361,2021-09-24,disputed,
INV09570,PRJ00727,Lagos Grip & Lighting Co,Equipment Rental,4389386,28 Apr 2024,Pending,
INV06241,PRJ02064,ColourGrade Lagos,Post-Production,9426297,2021-04-25,Disputed,
INV02288,PRJ03480,COLOURGRADE LAGOS,Post-Production,1511762,08 May 2023,Overdue,
INV08190,PRJ02291,Reel Edit Studios,Post-Production,4122494,16-04-2021,pending,
INV01496,PRJ02953,SoundWave Post NG,Post-Production,3299463,2022-07-15,OVERDUE,
INV06729,PRJ00932,ColourGrade Lagos,Post-Production,10222249,22/07/2025,Pending,
INV05696,PRJ01163,onset meals ng,Catering,34195672,07-04-2024,OVERDUE,
INV07699,PRJ01849,ColourGrade Lagos,Post-Production,20787242,05/03/2024,pending,
INV06488,PRJ03732,Naija Locations Ltd,Location,2279048,05/04/2024,Paid,
INV00010,PRJ01147,colourgrade lagos,Post-Production,22024859,2025-05-09,paid,
INV08843,PRJ02523,Crew Connect NG,Crew,48600617,14-02-2022,OVERDUE,
INV08329,PRJ00756,SoundWave Post NG,Post-Production,17901069,02-04-2024,paid,
INV08859,PRJ02071,Lagos Grip & Lighting,Equipment Rental,4724768,21/02/2021,Pending,
INV07546,PRJ01631,OnSet Meals NG,Catering,10066268,27/01/2025,PAID,
INV02322,PRJ02141,COASTLINE PROPERTY SERVICES,Location,4241254,2024-03-17,disputed,
INV06456,PRJ03388,Urban Set Scouts,Location,15149647,2021-11-03,Paid,
INV00359,PRJ03190,Naija Locations Ltd,Location,18230250,2025-01-01,pending,
INV05108,PRJ01524,Chop Life Catering,Catering,3848591,2023-06-05,Pending,
INV01160,PRJ00627,OnDeck Production Staffing,Crew,9771270,19 Jun 2023,Overdue,
INV04007,PRJ03098,Crew Connect NG,Crew,12049818,14/04/2022,PAID,
INV05799,PRJ02014,Crew Connect NG,Crew,4573843,2023-12-20,Paid,
INV03727,PRJ00783,OnSet Meals NG,Catering,6638116,07-04-2024,PAID,
INV04512,PRJ00396,Crew Connect NG,Crew,42706896,01 Jul 2023,Overdue,
INV04368,PRJ02667,ColourGrade Lagos,Post-Production,34285200,01-03-2022,Paid,
INV02808,PRJ02982,OnSet Meals NG,Catering,1464763,22 Jul 2022,paid,
INV00646,PRJ02289,Stagehand Talent Agency,Talent,23601548,22 Jan 2023,Pending,
INV02032,PRJ01113,Crew Connect NG,Crew,3843361,07 Jun 2025,Overdue,
INV07457,PRJ03328,Lagos Grip & Lighting Co,Equipment Rental,14439966,18 Dec 2022,paid,
INV02781,PRJ01404,Urban Set Scouts,Location,12557145,19-05-2023,Pd,
INV03188,PRJ02541,COASTLINE PROPERTY SERVICES,Location,1147662,10 Apr 2025,Pending,
INV06386,PRJ02318,Naija Faces Casting,Talent,37297001,26-07-2021,Disputed,
INV04541,PRJ02708,lagos grip & lighting co,Equipment Rental,2022607,2021-09-25,paid,
INV06643,PRJ02393,stagehand talent agency,Talent,1964784,16/12/2021,Paid,
INV07556,PRJ01081,Chop Life Catering,Catering,6708132,12/01/2023,OVERDUE,
INV00115,PRJ00743,Urban Set Scouts,Location,2388204,17-07-2022,Disputed,
INV01859,PRJ01800,OnDeck Production Staffing,Crew,50010212,02 Jun 2023,Disputed,
INV00803,PRJ03823,Naija Faces Casting,Talent,22425397,04/09/2025,OVERDUE,
INV01818,PRJ01552,Urban Set Scouts,Location,25363337,2023-12-13,paid,
INV08654,PRJ03559,ondeck production staffing,Crew,4660324,2025-03-25,paid,
INV04336,PRJ01325,ColourGrade Lagos,Post-Production,1515151,02 Sep 2021,disputed,
INV03281,PRJ01742,crew connect ng,Crew,1367732,22-05-2024,OVERDUE,
INV04561,PRJ01085,Naija Faces Casting,Talent,18955176,2021-06-18,OVERDUE,
INV02043,PRJ02851,Naija Locations Ltd,Location,9810219,27-05-2023,OVERDUE,
INV06287,PRJ03056,OnDeck Production Staffing,Crew,23132879,13 Feb 2025,PAID,
INV05573,PRJ02424,Crew Connect NG,Crew,15897628,05/01/2021,Overdue,
INV01003,PRJ00816,STAGEHAND TALENT AGENCY,Talent,10619253,22/03/2023,Pending,
INV04668,PRJ01740,Chop Life Catering,Catering,55951358,2022-05-26,Pd,
INV09440,PRJ03534,Redline Camera Rentals,Equipment Rental,7269027,18 Apr 2022,Pd,
INV01182,PRJ00036,Naija Faces Casting,Talent,9883142,06/09/2022,Pending,
INV02767,PRJ01194,OnDeck Production Staffing,Crew,26989892,21 Feb 2021,Pd,
INV06872,PRJ02950,NAIJA FACES CASTING,Talent,969573,2024-11-02,Pending,
INV05813,PRJ02126,ColourGrade Lagos,Post-Production,14741367,2025-09-22,Disputed,
INV04928,PRJ03200,REDLINE CAMERA RENTALS,Equipment Rental,13874360,2024-11-24,Disputed,
INV05457,PRJ02793,Naija Locations Ltd,Location,30788656,01-11-2024,Disputed,
INV01307,PRJ00851,Naija Faces Casting,Talent,3678904,11/05/2024,Disputed,
INV04965,PRJ00696,ondeck production staffing,Crew,10759800,24-01-2021,PAID,
INV02509,PRJ02663,OnDeck Production Staffing,Crew,3050584,11 Apr 2021,paid,
INV00565,PRJ01511,Urban Set Scouts,Location,29715000,23-10-2025,Disputed,
INV04136,PRJ02414,Reel Edit Studios,Post-Production,5332751,21 May 2024,OVERDUE,
INV09409,PRJ02061,Naija Faces Casting,Talent,31086917,2024-01-09,paid,
INV02773,PRJ01259,OnSet Meals NG,Catering,7474787,2025-09-24,Pd,
INV08599,PRJ01501,SOUNDWAVE POST NG,Post-Production,4427524,2025-05-27,paid,
INV04812,PRJ03349,urban set scouts,Location,6312582,2024-08-25,Pending,
INV05195,PRJ03814,Mama Bisi Kitchen Services,Catering,42004233,07 Jan 2023,Pd,
INV01576,PRJ00702,SoundWave Post NG,Post-Production,1196743,2024-01-23,disputed,
INV03191,PRJ02541,ProGear Nigeria,Equipment Rental,9498587,13-02-2023,Overdue,
INV03847,PRJ01736,Redline Camera Rentals,Equipment Rental,16748034,06/09/2025,Pd,
INV07216,PRJ03767,mama bisi kitchen services,Catering,10791662,2024-04-25,disputed,
INV00129,PRJ02889,Crew Connect NG,Crew,34255184,2022-06-05,Disputed,
INV07578,PRJ00858,Urban Set Scouts,Location,6094613,20 Nov 2022,OVERDUE,
INV09297,PRJ02373,Stagehand Talent Agency,Talent,54185753,14-10-2021,OVERDUE,
INV08529,PRJ00199,STAGEHAND TALENT AGENCY,Talent,4813435,22-03-2022,OVERDUE,
INV05422,PRJ00215,Stagehand Talent Agency,Talent,9046458,20 Nov 2022,Paid,
INV00033,PRJ00664,Redline Camera Rentals,Equipment Rental,20438391,03 Nov 2025,Overdue,
INV09456,PRJ02821,Reel Edit Studios,Post-Production,33158152,01/02/2023,paid,
INV02159,PRJ00843,ProGear,Equipment Rental,"NGN 7,797,525",19/07/2024,pending,
INV06993,PRJ00670,Stagehand Talent Agency,Talent,"NGN 17,435,095",2023-03-12,disputed,
INV06515,PRJ01915,Coastline Property Services,Location,20696562,17 Aug 2023,pending,
INV08362,PRJ01271,Reel Edit Studios,Post-Production,7784109,2023-09-08,Paid,
INV01604,PRJ00922,OnSet Meals NG,Catering,53958708,2022-07-10,Overdue,
INV02350,PRJ01258,Mama Bisi Kitchen Services,Catering,3201210,21-03-2024,Overdue,
INV03799,PRJ00008,ColourGrade Lagos,Post-Production,2045528,2021-03-24,PAID,
INV01559,PRJ00624,Naija Faces Casting,Talent,25548609,06/04/2021,OVERDUE,
INV00402,PRJ00038,ONSET MEALS NG,Catering,3221568,2024-09-05,pending,
INV03228,PRJ02575,Naija Faces Casting,Talent,48706973,11-10-2025,pending,
INV00731,PRJ00736,FRAME & FOCUS EQUIPMENT,Equipment Rental,9215073,01-03-2024,Disputed,
INV03951,PRJ01038,SoundWave Post NG,Post-Production,837444,13/12/2021,Pd,
INV04254,PRJ01236,onset meals ng,Catering,21798478,09/05/2024,disputed,
INV05348,PRJ01797,Stagehand Talent Agency,Talent,2224155,2023-03-13,PAID,
INV04643,PRJ02081,OnDeck Production Staffing,Crew,2328002,09/03/2024,Pending,
INV07441,PRJ01255,stagehand talent agency,Talent,26491134,18/05/2023,paid,
INV02911,PRJ01302,Reel Edit Studios,Post-Production,22504520,2021-10-08,disputed,
INV04163,PRJ03808,OnSet Meals NG,Catering,17083854,09/07/2025,paid,
INV07525,PRJ00012,ColourGrade Lagos,Post-Production,12166756,07-11-2021,paid,
INV05678,PRJ01924,ProGear Nigeria,Equipment Rental,11423499,2021-03-23,OVERDUE,
INV08794,PRJ00722,Stagehand Talent Agency,Talent,1277734,02 Jul 2023,pending,
INV07071,PRJ00117,naija faces casting,Talent,3059648,01/11/2024,disputed,
INV04852,PRJ02022,crew connect ng,Crew,18515969,2023-08-23,disputed,
INV07303,PRJ03934,Redline Camera Rentals,Equipment Rental,20923558,15/07/2025,disputed,
INV03469,PRJ02349,Coastline Property Services,Location,24864789,21 Jun 2024,OVERDUE,
INV06057,PRJ01380,Crewnnect,Crew,15058640,12 Oct 2023,Pending,
INV05777,PRJ02275,Mama Bisi Kitchen Services,Catering,19120526,05 Sep 2021,paid,
INV01850,PRJ00156,SoundWave Post NG,Post-Production,21259803,17-10-2024,disputed,
INV04784,PRJ01310,naija locations ltd,Location,3871613,22 Jun 2022,paid,
INV03748,PRJ01407,ProGear,Equipment Rental,17423054,04 Oct 2024,OVERDUE,
INV09257,PRJ02778,Crew Connect NG,Crew,18520568,24/09/2024,PAID,
INV07156,PRJ02067,NAIJA LOCATIONS LTD,Location,5951842,23-04-2025,disputed,
INV02860,PRJ00231,Redline Camera Rentals,Equipment Rental,12130480,2023-06-06,Disputed,
INV08295,PRJ03085,COLOURGRADE LAGOS,Post-Production,11562456,12/12/2023,Paid,
INV06102,PRJ02825,Naija Faces Casting,Talent,47151628,23-04-2023,disputed,
INV09074,PRJ00741,reel edit studios,Post-Production,5479955,2021-08-27,PAID,
INV00069,PRJ02726,progear nigeria,Equipment Rental,11305413,07 May 2023,Pending,
INV04027,PRJ03467,ColourGrade Lagos,Post-Production,19356618,2022-11-27,Pending,
INV07171,PRJ01984,OnDeck Production Staffing,Crew,6742619,06/12/2022,paid,
INV00744,PRJ02394,Chop Life Catering,Catering,491305,28-09-2023,Pending,
INV00829,PRJ00048,OnDeck Production Staffing,Crew,47858737,26 May 2024,Overdue,
INV07257,PRJ03916,OnDeck Production Staffing,Crew,11483489,19-05-2022,Pd,
INV07283,PRJ03306,ColourGrade Lagos,Post-Production,40659392,2021-09-10,pending,
INV03599,PRJ01500,SoundWave Post NG,Post-Production,11172462,26 Feb 2021,Overdue,
INV04379,PRJ03363,Stagehand Talent Agency,Talent,6716382,15 Apr 2021,Pd,
INV09762,PRJ00000,Coastline Property Services,Location,9662351,13 Aug 2022,paid,
INV02199,PRJ01057,Crew Connect NG,Crew,4177772,01-11-2023,Overdue,
INV04511,PRJ00396,STAGEHAND TALENT AGENCY,Talent,16429703,2022-03-22,Paid,
INV07054,PRJ03047,Naija Faces Casting,Talent,11073965,2021-05-07,Disputed,
INV09088,PRJ02507,Chop Life Catering,Catering,5287017,04-08-2024,Overdue,
INV05334,PRJ02757,OnDeck Production Staffing,Crew,31114781,11-08-2023,Paid,
INV05489,PRJ03702,OnDeck Production Staffing,Crew,7282878,08/12/2021,Disputed,
INV02202,PRJ01858,Redline Camera Rentals,Equipment Rental,19503597,16 Oct 2025,Pd,
INV00046,PRJ00131,Mama Bisi Kitchen Services,Catering,739940,2021-10-26,Disputed,
INV09574,PRJ02573,Mama Bisi Kitchen Services,Catering,92820623,2021-04-12,pending,
INV01913,PRJ01445,ProGear Nigeria,Equipment Rental,10568860,2025-02-22,paid,
INV02136,PRJ01285,ColourGrade Lagos,Post-Production,13883500,04 May 2025,pending,
INV03418,PRJ02659,Coastline Property Services,Location,50842259,2025-09-19,PAID,
INV04665,PRJ00812,ProGear Nigeria,Equipment Rental,18739288,11-08-2025,Paid,
INV05011,PRJ01276,Naija Faces Casting,Talent,48786443,10 Mar 2021,Disputed,
INV00903,PRJ00484,MAMA BISI KITCHEN SERVICES,Catering,25002090,2025-02-17,pending,
INV05741,PRJ02350,OnSet Meals NG,Catering,671379,23-06-2023,PAID,
INV01080,PRJ01566,Redline Camera Rentals,Equipment Rental,6195124,21 Nov 2024,OVERDUE,
INV04693,PRJ01851,Redline Camera Rentals,Equipment Rental,32041730,24/09/2022,paid,
INV09718,PRJ02550,STAGEHAND TALENT AGENCY,Talent,345485,04 Nov 2022,Disputed,
INV02177,PRJ00442,NAIJA LOCATIONS LTD,Location,1832033,2024-03-18,disputed,
INV04624,PRJ02810,CREW CONNECT NG,Crew,"NGN 11,556,962",03 Aug 2024,disputed,
INV05170,PRJ01621,Urban Set Scouts,Location,31602801,2024-04-02,paid,
INV06704,PRJ00385,OnSet Meals NG,Catering,"NGN 24,467,444",19-05-2022,paid,
INV09060,PRJ00130,Frame & Focus Equipment,Equipment Rental,14837230,07 May 2023,Pending,
INV00369,PRJ03287,stagehand talent agency,Talent,7696222,28-07-2021,Disputed,
INV05887,PRJ02161,Crew Connect NG,Crew,20182455,13 Sep 2021,Pd,
INV08593,PRJ01625,OnDeck Production Staffing,Crew,1201794,2021-10-14,OVERDUE,
INV04193,PRJ03169,OnDeck Production Staffing,Crew,30697004,26/07/2021,PAID,
INV02663,PRJ01527,ONDECK PRODUCTION STAFFING,Crew,19951197,10 Jun 2022,pending,
INV07344,PRJ01191,OnSet Meals NG,Catering,36354258,21/04/2021,Disputed,
INV05507,PRJ00420,OnDeck Production Staffing,Crew,26975568,2021-10-04,PAID,
INV03511,PRJ00430,Chop Life Catering,Catering,36570585,15 Feb 2021,paid,
INV04429,PRJ01375,OnSet Meals NG,Catering,292523,2025-05-11,Overdue,
INV06554,PRJ03406,Mama Bisi Kitchen Services,Catering,15521048,2022-02-13,paid,
INV06359,PRJ01694,Coastline Property Services,Location,5936359,10 Jun 2024,pending,
INV06716,PRJ02670,Naija Locations Ltd,Location,27120921,08-09-2024,pending,
INV00574,PRJ00315,Reel Edit Studios,Post-Production,5159174,15 May 2025,Pd,
INV03331,PRJ02807,NAIJA LOCATIONS LTD,Location,31130649,10 Jun 2022,Overdue,
INV04567,PRJ02374,chop life catering,Catering,12205704,20/08/2024,PAID,
INV03897,PRJ00621,OnSet Meals,Catering,19591643,09 Dec 2022,pending,
INV01406,PRJ03067,Naija Faces Casting,Talent,16554383,21/06/2023,Disputed,
INV02658,PRJ01518,Frame & Focus Equipment,Equipment Rental,"NGN 14,541,115",07-05-2024,disputed,
INV08919,PRJ01376,NAIJA FACES CASTING,Talent,17111385,2022-11-02,paid,
INV05257,PRJ00363,Reel Edit Studios,Post-Production,22999851,2025-12-11,paid,
INV05759,PRJ03621,ColourGrade Lagos,Post-Production,18543528,21/09/2022,Disputed,
INV06990,PRJ00670,urban set scouts,Location,20673018,2025-01-12,disputed,
INV07843,PRJ01747,ColourGrade Lagos,Post-Production,22019667,16 Apr 2025,OVERDUE,
INV03983,PRJ02586,Stagehand Talent Agency,Talent,8245994,15 Jun 2024,Paid,
INV05014,PRJ03373,Crew Connect NG,Crew,1088977,20/01/2022,OVERDUE,
INV02694,PRJ03768,SoundWave Post NG,Post-Production,15548436,07/01/2023,Overdue,
INV09783,PRJ07777,ColourGrade Lagos,Post-Production,10288259,01 Jan 2025,Pending,
INV02092,PRJ00137,SOUNDWAVE POST NG,Post-Production,14436818,09-07-2024,OVERDUE,
INV01251,PRJ00355,OnSet Meals NG,Catering,19439336,2022-07-10,Overdue,
INV03070,PRJ03179,Reel Edit Studios,Post-Production,3279728,2024-10-09,Pd,
INV03833,PRJ01472,Coastline Property Services,Location,"NGN 7,806,099",16 Sep 2023,Disputed,
INV03219,PRJ02295,REDLINE CAMERA RENTALS,Equipment Rental,8318232,08/06/2025,OVERDUE,
INV05409,PRJ02844,Frame & Focus Equipment,Equipment Rental,"NGN 2,714,718",14 Aug 2024,Pd,
INV01520,PRJ03093,NAIJA FACES CASTING,Talent,1974147,2024-08-20,Disputed,
INV08818,PRJ03457,MAMA BISI KITCHEN SERVICES,Catering,39195706,2023-09-03,Pd,
INV07689,PRJ03000,Crew Connect NG,Crew,4227788,17/02/2024,Paid,
INV01455,PRJ02306,Redline Camera Rentals,Equipment Rental,23942784,07-05-2022,OVERDUE,
INV02686,PRJ00297,Stagehand Talent Agency,Talent,21845668,11 Jul 2021,Pending,
INV06446,PRJ02910,ONDECK PRODUCTION STAFFING,Crew,6637328,2022-06-12,OVERDUE,
INV06691,PRJ03747,Frame & Focus Equipment,Equipment Rental,35901043,06 Nov 2024,Pd,
INV05845,PRJ03078,OnSet Meals NG,Catering,11803492,28-10-2024,paid,
INV04999,PRJ01776,reel edit studios,Post-Production,4178536,2021-09-01,OVERDUE,
INV01762,PRJ01064,STAGEHAND TALENT AGENCY,Talent,4106401,06-04-2025,disputed,
INV05699,PRJ03757,coastline property services,Location,30830354,09/05/2025,Disputed,
INV08537,PRJ02716,ColourGrade Lagos,Post-Production,27419042,18 Mar 2025,disputed,
INV04620,PRJ02788,Stagehand Talent Agency,Talent,270820,07/08/2025,Disputed,
INV08869,PRJ01044,ProGear Nigeria,Equipment Rental,56580667,05 Jan 2021,Pd,
INV07367,PRJ03993,Redline Camera Rentals,Equipment Rental,24742276,12/07/2025,pending,
INV01944,PRJ03771,crew connect ng,Crew,52436218,2021-02-08,Pending,
INV09483,PRJ03162,OnSet Meals NG,Catering,4177824,2023-04-26,paid,
INV04498,PRJ02610,reel edit studios,Post-Production,22980127,27/04/2022,Paid,
INV00545,PRJ02895,NAIJA FACES CASTING,Talent,7124218,03 Apr 2023,paid,
INV09450,PRJ02312,Stagehand Talent Agency,Talent,5689228,17/02/2021,Pd,
INV06873,PRJ03765,Naija Locations Ltd,Location,8425294,04 Sep 2021,pending,
INV03176,PRJ01937,Stagehand Talent Agency,Talent,23599218,05 Oct 2021,pending,
INV00152,PRJ03523,Reel Edit Studios,Post-Production,26259956,04/12/2024,Paid,
INV07330,PRJ02763,Reel Edit Studios,Post-Production,2164932,11-03-2022,Paid,
INV05834,PRJ03955,lagos grip & lighting co,Equipment Rental,48046300,12 Aug 2022,Paid,
INV05287,PRJ03653,crew connect ng,Crew,"NGN 7,693,603",19 Jul 2025,Disputed,
INV00795,PRJ00999,coastline property services,Location,49270138,2022-04-28,pending,
INV00276,PRJ03225,FRAME & FOCUS EQUIPMENT,Equipment Rental,4926742,2023-04-21,PAID,
INV02243,PRJ02255,ColourGrade Lagos,Post-Production,5779925,14/03/2022,Pd,
INV03542,PRJ02248,naija locations ltd,Location,27155697,27-05-2024,Pending,
INV07111,PRJ00550,Chop Life Catering,Catering,19714383,2023-12-01,PAID,
INV03704,PRJ01049,Naija Locations Ltd,Location,"NGN 14,097,775",01 Jul 2025,pending,
INV05244,PRJ03869,Mama Bisi Kitchen Services,Catering,19579047,09 Jun 2022,Pending,
INV08287,PRJ02187,Mama Bisi Kitchen Services,Catering,5248696,09/04/2023,pending,
INV02575,PRJ00781,Chop Life Catering,Catering,50036711,2021-02-22,pending,
INV01091,PRJ00358,ONDECK PRODUCTION STAFFING,Crew,70385101,12/03/2023,OVERDUE,
INV01211,PRJ03904,OnSet Meals NG,Catering,"NGN 63,456,629",17 Jan 2021,Pd,
INV02249,PRJ00097,Crew Connect NG,Crew,2601928,2024-05-15,Overdue,
INV08096,PRJ02466,Naija Locations Ltd,Location,"NGN 20,605,503",26-09-2022,Overdue,
INV02748,PRJ02048,chop life catering,Catering,7063200,2021-09-13,pending,
INV06394,PRJ00985,SoundWave Post NG,Post-Production,17331484,2023-10-06,OVERDUE,
INV05398,PRJ02056,NAIJA LOCATIONS LTD,Location,13070534,03 Mar 2023,pending,
INV09631,PRJ02346,Naija Faces Casting,Talent,30475539,03 Sep 2022,pending,
INV00105,PRJ00585,ONDECK PRODUCTION STAFFING,Crew,16363954,2022-01-27,pending,
INV06110,PRJ01409,Urban Set Scouts,Location,19865540,10/12/2021,Disputed,
INV00797,PRJ00999,ProGear Nigeria,Equipment Rental,11008402,17-01-2025,OVERDUE,
INV09616,PRJ00179,ondeck production staffing,Crew,24930747,2023-10-24,OVERDUE,
INV04660,PRJ01502,OnDeck Production Staffing,Crew,25595368,19 Mar 2025,OVERDUE,
INV05818,PRJ00704,Stagehand Talent Agency,Talent,12305426,2022-06-14,pending,
INV08612,PRJ02549,Lagos Grip & Lighting Co,Equipment Rental,8863588,08/07/2024,OVERDUE,
INV01547,PRJ00431,Frame & Focus Equipment,Equipment Rental,14903107,14-08-2021,Paid,
INV04093,PRJ01349,ProGear Nigeria,Equipment Rental,57507462,26-03-2025,OVERDUE,
INV01792,PRJ01059,Mama Bisi Kitchen Services,Catering,41207820,05 Feb 2025,Paid,
INV09211,PRJ02429,MAMA BISI KITCHEN SERVICES,Catering,800858,08-01-2021,pending,
INV08447,PRJ02984,FRAME & FOCUS EQUIPMENT,Equipment Rental,25621312,08/08/2024,pending,
INV01855,PRJ03235,progear nigeria,Equipment Rental,7253306,2024-10-13,PAID,
INV01165,PRJ00290,coastline property services,Location,5507961,2023-08-10,Pd,
INV06454,PRJ03388,Stagehand Talent Agency,Talent,20598669,25/08/2024,disputed,
INV03453,PRJ01156,SoundWave Post NG,Post-Production,5353002,2021-03-08,Pd,
INV09756,PRJ07777,OnDeck Production Staffing,Crew,26116111,09-06-2023,Pending,
INV05936,PRJ03874,ProGear,Equipment Rental,7722872,18 Jun 2022,Disputed,
INV08183,PRJ01565,crew connect ng,Crew,3612663,28-06-2025,pending,
INV03745,PRJ00404,Coastline Property Services,Location,25347941,03-06-2022,OVERDUE,
INV01889,PRJ01532,Naija Locations Ltd,Location,11022607,2021-11-19,OVERDUE,
INV09664,PRJ00100,SoundWave Post NG,Post-Production,7877586,01 Nov 2022,paid,
INV00230,PRJ02743,Chop Life Catering,Catering,8389423,17-11-2021,PAID,
INV09329,PRJ01933,Coastline Property Services,Location,30979021,2024-09-05,Pd,
INV02167,PRJ02444,Lagos Grip & Lighting Co,Equipment Rental,24725138,15/04/2025,Disputed,
INV08400,PRJ01702,Coastline Property Services,Location,13446664,2022-02-20,Disputed,
INV00018,PRJ03527,Coastline Property Services,Location,52346702,28-05-2023,Disputed,
INV07752,PRJ03454,OnSet Meals NG,Catering,38447009,06/11/2022,Paid,
INV02884,PRJ01759,Chop Life Catering,Catering,4173336,03-01-2024,Pd,
INV07483,PRJ00497,Reel Edit Studios,Post-Production,9902924,2022-04-02,Pd,
INV02217,PRJ02646,Crew Connect NG,Crew,47140098,2021-08-18,Paid,
INV02047,PRJ02851,Chop Life Catering,Catering,48995355,2021-05-24,PAID,
INV03756,PRJ00760,NAIJA FACES CASTING,Talent,3971667,01/07/2023,paid,
INV02562,PRJ03026,OnSet Meals NG,Catering,45767521,23-08-2025,Pd,
INV03737,PRJ00440,Coastline Property Services,Location,32924745,13 Oct 2023,Pending,
INV02878,PRJ00330,Coastline Property Services,Location,2025437,23 Feb 2022,pending,
INV07831,PRJ01840,COASTLINE PROPERTY SERVICES,Location,36275699,08-12-2023,paid,
INV03450,PRJ01156,OnDeck Production Staffing,Crew,2554083,2022-04-23,Paid,
INV07444,PRJ02165,ColourGrade Lagos,Post-Production,13793927,2023-01-24,disputed,
INV00901,PRJ00763,Reel Edit Studios,Post-Production,17939587,01 Jan 2025,paid,
INV04607,PRJ02234,stagehand talent agency,Talent,13320802,21-04-2024,pending,
INV05677,PRJ01924,Stagehand Talent Agency,Talent,25491025,2022-05-23,OVERDUE,
INV09379,PRJ01201,Coastline Property Services,Location,45205952,26/03/2024,pending,
INV01948,PRJ03186,OnSet Meals NG,Catering,11798224,2025-07-08,pending,
INV02934,PRJ00361,ColourGrade Lagos,Post-Production,7840120,2023-06-09,Pending,
INV03688,PRJ02125,crew connect ng,Crew,346066,2024-07-14,paid,
INV00724,PRJ01647,SoundWave Post NG,Post-Production,31007761,23 Oct 2024,disputed,
INV00711,PRJ03794,OnDeck Production Staffing,Crew,24464635,18/11/2022,PAID,
INV07173,PRJ01984,STAGEHAND TALENT AGENCY,Talent,41745683,05 Apr 2023,Disputed,
INV05421,PRJ03357,frame & focus equipment,Equipment Rental,4201530,03-10-2021,pending,
INV02650,PRJ03090,Coastline Property Services,Location,52509662,05-11-2021,Disputed,
INV06306,PRJ02588,urban set scouts,Location,23974350,06-04-2025,disputed,
INV03363,PRJ03391,OnSet Meals NG,Catering,14706454,17/07/2023,Overdue,
INV04204,PRJ03605,Frame & Focus Equipment,Equipment Rental,40674680,28-01-2021,Pending,
INV07957,PRJ02626,Redline Camera Rentals,Equipment Rental,1221096,2025-10-19,Disputed,
INV07187,PRJ02058,ColourGrade Lagos,Post-Production,25895043,24/04/2025,paid,
INV09010,PRJ02183,Stagehand Talent Agency,Talent,32251303,2023-02-24,PAID,
INV03917,PRJ02015,Coastline Property Services,Location,1067687,21 Dec 2025,OVERDUE,
INV03126,PRJ02240,Urban Set Scouts,Location,45789198,26-12-2024,paid,
INV01821,PRJ02527,frame & focus equipment,Equipment Rental,30293115,02-06-2022,Pd,
INV07352,PRJ02339,Crew Connect NG,Crew,26156818,22/09/2022,Pd,
INV01483,PRJ02606,colourgrade lagos,Post-Production,2295727,2024-12-22,Disputed,
INV04976,PRJ03695,ColourGrade Lagos,Post-Production,1337986,09 May 2023,paid,
INV01893,PRJ00500,OnDeck Production Staffing,Crew,"NGN 6,151,563",2025-02-27,PAID,
INV05674,PRJ03073,Chop Life Catering,Catering,29955084,20-11-2023,Disputed,
INV00842,PRJ03716,Chop Life Catering,Catering,2176317,25 May 2025,PAID,
INV08915,PRJ01082,Frame & Focus Equipment,Equipment Rental,14525015,2023-02-04,pending,
INV02161,PRJ03330,Naija Faces Casting,Talent,29218510,07 May 2022,Pending,
INV00742,PRJ02394,lagos grip & lighting co,Equipment Rental,2045450,27-02-2024,Overdue,
INV03979,PRJ03495,Reel Edit Studios,Post-Production,24278832,04/10/2025,disputed,
INV09448,PRJ02312,Reel Edit Studios,Post-Production,2541872,2025-12-01,Pending,
INV08779,PRJ01881,Reel Edit Studios,Post-Production,3189038,09-02-2021,pending,
INV03507,PRJ02114,OnSet Meals NG,Catering,6383586,23/06/2021,Paid,
INV04586,PRJ02831,Urban Set Scouts,Location,11861232,02-12-2023,Overdue,
INV02680,PRJ01525,Naija Locations Ltd,Location,55544512,08/01/2023,pending,
INV03590,PRJ02783,OnSet Meals NG,Catering,14466802,24-12-2021,Pd,
INV07358,PRJ02191,Crew Connect NG,Crew,4860957,12 May 2022,PAID,
INV06588,PRJ02418,OnDeck Production Staffing,Crew,16317331,09 Jul 2022,pending,
INV05533,PRJ02719,onset meals ng,Catering,2607294,27/09/2024,Overdue,
INV07110,PRJ01175,onset meals ng,Catering,3162541,02 May 2022,Disputed,
INV04973,PRJ00539,REDLINE CAMERA RENTALS,Equipment Rental,5837423,04-07-2023,Overdue,
INV00988,PRJ00673,Stagehand Talent Agency,Talent,60315910,25-05-2025,PAID,
INV07253,PRJ01365,PROGEAR NIGERIA,Equipment Rental,6004505,14-09-2025,Pd,
INV09564,PRJ03828,NAIJA LOCATIONS LTD,Location,77295,15-07-2024,Pd,
INV09738,PRJ00063,Stagehand Talent Agency,Talent,"NGN 395,837",2024-12-09,Overdue,
INV01592,PRJ00469,OnDeck Production Staffing,Crew,8560461,15/02/2022,OVERDUE,
INV03914,PRJ02015,redline camera rentals,Equipment Rental,25607012,28-05-2024,Paid,
INV06337,PRJ02948,Reel Edit Studios,Post-Production,2105064,16-01-2021,Paid,
INV09216,PRJ01544,lagos grip & lighting co,Equipment Rental,51668282,15-10-2025,paid,
INV01317,PRJ01410,MAMA BISI KITCHEN SERVICES,Catering,14324818,15/03/2024,Pending,
INV04708,PRJ03194,Urban Set Scouts,Location,2450803,2023-08-26,disputed,
INV01579,PRJ01622,Naija Faces Casting,Talent,22768904,06-11-2022,Paid,
INV07487,PRJ01300,Naija Locations Ltd,Location,10904631,18 Nov 2025,PAID,
INV02397,PRJ02266,Lagos Grip & Lighting Co,Equipment Rental,25489466,2024-11-20,OVERDUE,
INV02300,PRJ02222,Naija Faces Casting,Talent,27577100,16-11-2023,Disputed,
INV00665,PRJ02371,Urban Set Scouts,Location,5903144,25 Jul 2023,Paid,
INV08924,PRJ02589,Lagos Grip & Lighting Co,Equipment Rental,48655902,2021-12-23,Pending,
INV08811,PRJ03099,OnSet Meals NG,Catering,8811866,19/04/2025,pending,
INV08947,PRJ02007,SoundWave Post NG,Post-Production,4431638,09 Feb 2024,Disputed,
INV04892,PRJ01134,Chop Life Catering,Catering,10912727,28-09-2023,Overdue,
INV08049,PRJ01461,Naija Faces Casting,Talent,906173,16 Oct 2023,Pd,
INV01660,PRJ01290,Mama Bisi Kitchen Services,Catering,6227406,05/07/2023,disputed,
INV01924,PRJ00091,colourgrade lagos,Post-Production,13748566,14 Feb 2021,disputed,
INV06353,PRJ02101,Chop Life Catering,Catering,55120661,2023-12-11,Pending,
INV08432,PRJ00441,Naija Locations Ltd,Location,17840326,27 Feb 2023,Pd,
INV08698,PRJ02874,ColourGrade Lagos,Post-Production,101308161,08 Jan 2023,PAID,
INV03910,PRJ03577,Redline Camera Rentals,Equipment Rental,17924060,01 Jul 2025,PAID,
INV02780,PRJ01404,OnSet Meals NG,Catering,19333230,25-09-2025,OVERDUE,
INV09526,PRJ00778,SoundWave Post NG,Post-Production,10734809,08 Nov 2024,Pd,
INV05339,PRJ02437,SoundWave Post NG,Post-Production,36710790,08-04-2021,PAID,
INV02994,PRJ02521,Naija Faces Casting,Talent,9801831,16 Nov 2025,PAID,
INV09740,PRJ00063,ONSET MEALS NG,Catering,36782848,22-08-2021,paid,
INV09513,PRJ00830,OnDeck Production Staffing,Crew,33521627,08-06-2024,Paid,
INV05542,PRJ01503,Crew Connect NG,Crew,803779,04-05-2025,Disputed,
INV05581,PRJ03344,ONSET MEALS NG,Catering,34758954,2022-02-21,Pending,
INV09525,PRJ00778,NAIJA FACES CASTING,Talent,13122064,2025-10-05,pending,
INV03391,PRJ02828,progear nigeria,Equipment Rental,23150540,10-09-2024,OVERDUE,
INV08743,PRJ02265,Frame & Focus Equipment,Equipment Rental,"NGN 8,031,726",27/08/2024,disputed,
INV06416,PRJ00499,Naija Faces Casting,Talent,21175309,11 Feb 2024,Pd,
INV02063,PRJ00118,Coastline Property Services,Location,1988982,22 Dec 2023,paid,
INV07950,PRJ00575,crew connect ng,Crew,16793713,24 Apr 2024,OVERDUE,
INV06076,PRJ03143,progear nigeria,Equipment Rental,"NGN 56,734,602",20 Oct 2021,disputed,
INV04978,PRJ03695,OnSet Meals NG,Catering,56584298,12-05-2021,Paid,
INV02713,PRJ00739,Reel Edit Studios,Post-Production,9386900,15 Jan 2022,PAID,
INV02750,PRJ02472,ColourGrade Lagos,Post-Production,43491736,04 Nov 2024,paid,
INV02752,PRJ02472,Naija Faces Casting,Talent,7216625,13/06/2024,PAID,
INV02749,PRJ02048,Naija Faces Casting,Talent,58457466,2025-08-03,pending,
INV04320,PRJ00601,SoundWave Post NG,Post-Production,8586819,16/07/2021,Pending,
INV08883,PRJ01475,soundwave post ng,Post-Production,14460783,09 Mar 2023,Disputed,
INV01723,PRJ00224,Stagehand Talent Agency,Talent,27246228,13-10-2022,OVERDUE,
INV01719,PRJ02597,CREW CONNECT NG,Crew,3598595,01-08-2022,OVERDUE,
INV08851,PRJ03918,Reel Edit Studios,Post-Production,2487082,2023-02-26,Pending,
INV02015,PRJ03807,Coastline Property Services,Location,6036266,15 Nov 2021,disputed,
INV03096,PRJ00605,SoundWave Post NG,Post-Production,6500572,23/01/2025,Disputed,
INV08829,PRJ00888,Urban Set Scouts,Location,5919894,20/12/2025,PAID,
INV02671,PRJ00705,ProGear Nigeria,Equipment Rental,6468622,11 Feb 2022,pending,
INV01203,PRJ01263,ondeck production staffing,Crew,12781092,2022-04-17,Pending,
INV05150,PRJ01361,mama bisi kitchen services,Catering,33399157,03/10/2024,PAID,
INV07731,PRJ00310,Urban Set Scouts,Location,19986928,13 Jun 2022,PAID,
INV05950,PRJ00026,ColourGrade Lagos,Post-Production,1483907,20/08/2024,Pending,
INV03477,PRJ01912,Naija Faces Casting,Talent,8828290,08/03/2023,PAID,
INV01992,PRJ01040,SoundWave Post NG,Post-Production,58051214,01 Jan 2021,Paid,
INV03516,PRJ01262,SoundWave Post NG,Post-Production,4960267,11 Feb 2023,Overdue,
INV03517,PRJ01262,Naija Locations Ltd,Location,7725721,2024-03-13,OVERDUE,
INV05462,PRJ01541,Urban Set Scouts,Location,679663,2021-07-06,Pd,
INV07068,PRJ02467,Naija Locations Ltd,Location,20632106,02-07-2021,Pd,
INV03739,PRJ00440,reel edit studios,Post-Production,13862092,26-09-2022,Pd,
INV00640,PRJ02966,Mama Bisi Kitchen Services,Catering,13750280,18/12/2022,Overdue,
INV03329,PRJ02323,ondeck production staffing,Crew,4946350,08-06-2025,pending,
INV03875,PRJ01477,naija faces casting,Talent,4633787,2025-09-16,pending,
INV07361,PRJ01782,Coastline Property Services,Location,26211888,03 Sep 2022,Paid,
INV05932,PRJ00422,Mama Bisi Kitchen Services,Catering,3680365,2024-02-15,paid,
INV07557,PRJ01081,ProGear Nigeria,Equipment Rental,6984201,22 Apr 2023,Disputed,
INV07063,PRJ02467,Naija Faces Casting,Talent,9444791,2022-03-03,Pending,
INV05393,PRJ02056,SoundWave Post NG,Post-Production,2148603,02 Jun 2021,Pd,
INV09672,PRJ03799,SoundWave Post NG,Post-Production,7880097,17/01/2025,OVERDUE,
INV07304,PRJ03934,Redline Camera Rentals,Equipment Rental,15682470,2025-12-25,disputed,
INV08827,PRJ00066,Stagehand Talent Agency,Talent,44919518,05/01/2022,disputed,
INV01321,PRJ01828,MAMA BISI KITCHEN SERVICES,Catering,21975327,2024-04-03,Pd,
INV04404,PRJ00923,onset meals ng,Catering,"NGN 18,801,419",12/12/2023,Pending,
INV07711,PRJ02884,Naija Faces Casting,Talent,"NGN 32,560,361",03 Sep 2025,PAID,
INV07481,PRJ03501,ColourGrade Lagos,Post-Production,"NGN 6,865,971",17/09/2024,Paid,
INV00630,PRJ03558,frame & focus equipment,Equipment Rental,9272162,28 Jul 2025,PAID,
INV05833,PRJ00005,Stagehand Talent Agency,Talent,2456813,26/12/2022,paid,
INV08651,PRJ03559,Lagos Grip & Lighting Co,Equipment Rental,15000,07/03/2025,OVERDUE,
INV06764,PRJ01624,Naija Locations Ltd,Location,4867876,05-08-2023,Pd,
INV05692,PRJ03318,Lagos Grip & Lighting Co,Equipment Rental,57594584,08-07-2021,Disputed,
INV04503,PRJ01035,Stagehand Talent Agency,Talent,40454996,14/04/2022,disputed,
INV04369,PRJ02667,REDLINE CAMERA RENTALS,Equipment Rental,14010549,2022-06-08,PAID,
INV03546,PRJ00878,crew connect ng,Crew,31817867,19 Aug 2024,Overdue,
INV03484,PRJ00834,Naija Locations Ltd,Location,"NGN 7,478,689",12/07/2023,paid,
INV04868,PRJ00678,Naija Faces Casting,Talent,383352,09 Sep 2022,PAID,
INV01012,PRJ03142,CHOP LIFE CATERING,Catering,16352721,19-02-2025,paid,
INV04322,PRJ03641,Reel Edit Studios,Post-Production,21458171,2024-12-13,Disputed,
INV05003,PRJ01596,Urban Set Scouts,Location,17144571,10 May 2023,disputed,
INV02149,PRJ03680,SoundWave Post NG,Post-Production,"NGN 36,054,697",28/03/2021,Paid,
INV03903,PRJ01964,Stagehand Talent Agency,Talent,31623001,16 Jul 2023,Disputed,
INV05893,PRJ03054,ColourGrade Lagos,Post-Production,32589230,07-02-2022,PAID,
INV05467,PRJ01541,Crew Connect NG,Crew,5657594,25/12/2024,paid,
INV00847,PRJ01674,COASTLINE PROPERTY SERVICES,Location,55162487,02 Aug 2023,Paid,
INV05728,PRJ02904,NAIJA FACES CASTING,Talent,6458887,26/05/2025,pending,
INV00899,PRJ00763,NAIJA LOCATIONS LTD,Location,18719773,21 Jan 2022,Disputed,
INV02175,PRJ00442,Naija Locations Ltd,Location,19131376,07 Nov 2023,paid,
INV00058,PRJ00060,OnDeck Production Staffing,Crew,5265077,16 Mar 2025,Pd,
INV05374,PRJ01530,SoundWave Post NG,Post-Production,42557799,26 Feb 2022,pending,
INV01712,PRJ02465,Lagos Grip & Lighting Co,Equipment Rental,"NGN 17,466,525",2022-01-28,Paid,
INV04301,PRJ01735,Naija Faces Casting,Talent,"NGN 973,930",17-10-2024,OVERDUE,
INV04922,PRJ00982,crew connect ng,Crew,11313104,04-04-2023,pending,
INV08161,PRJ01696,Crew Connect NG,Crew,8699581,08/10/2022,Pending,
INV04024,PRJ03782,ColourGrade Lagos,Post-Production,13784924,25 Nov 2022,Pending,
INV01449,PRJ01709,Naija Locations Ltd,Location,"NGN 6,365,534",2023-06-02,OVERDUE,
INV02114,PRJ03102,Naija Locations Ltd,Location,17067614,2022-07-27,paid,
INV07336,PRJ00120,Stagehand Talent Agency,Talent,17791352,06-12-2022,Pd,
INV02273,PRJ00123,Redline Camera Rentals,Equipment Rental,15344628,2022-03-02,Pd,
INV02981,PRJ02405,Coastline Property Services,Location,"NGN 23,983,467",2025-07-04,Disputed,
INV09465,PRJ00460,Crew Connect NG,Crew,5711395,2021-09-04,pending,
INV01529,PRJ01788,Mama Bisi Kitchen Services,Catering,32072787,04-11-2025,pending,
INV07198,PRJ02800,Coastline Property Services,Location,"NGN 25,738,391",04/11/2025,Pending,
INV01214,PRJ02986,Crew Connect NG,Crew,23093427,02 Aug 2023,Pd,
INV01093,PRJ00025,Crew Connect NG,Crew,24273192,20-09-2021,disputed,
INV09116,PRJ02963,Redline Camera Rentals,Equipment Rental,38803818,18/01/2021,OVERDUE,
INV09384,PRJ01192,Naija Locations Ltd,Location,6906374,2022-08-03,OVERDUE,
INV06581,PRJ01876,Lagos Grip & Lighting Co,Equipment Rental,23014839,2024-01-19,pending,
INV08888,PRJ03615,NAIJA LOCATIONS LTD,Location,16573939,2024-11-14,Overdue,
INV00583,PRJ00931,naija faces casting,Talent,102468,21-02-2025,Pd,
INV08700,PRJ02874,Coastline Property Services,Location,1122426,28-10-2021,Overdue,
INV09275,PRJ03520,SOUNDWAVE POST NG,Post-Production,74072784,26 Jun 2022,disputed,
INV01773,PRJ03420,Naija Faces Casting,Talent,4186094,17/09/2022,Pending,
INV07332,PRJ02763,Lagos Grip & Lighting Co,Equipment Rental,9575542,22 Jul 2025,Pd,
INV05604,PRJ01643,Stagehand Talent Agency,Talent,40314944,12/12/2022,Disputed,
INV09262,PRJ01288,ColourGrade Lagos,Post-Production,28577043,11-07-2025,paid,
INV09388,PRJ00663,NAIJA FACES CASTING,Talent,20720068,2022-09-10,disputed,
INV09496,PRJ00519,Naija Locations,Location,2173100,2021-05-28,paid,
INV02758,PRJ02744,Naija Faces Casting,Talent,6849885,25-01-2025,PAID,
INV01260,PRJ01283,Redline Camera Rentals,Equipment Rental,5218419,11/11/2023,Pd,
INV06751,PRJ00087,Mama Bisi Kitchen Services,Catering,6778301,05 Dec 2025,Overdue,
INV06598,PRJ02864,Redline Camera Rentals,Equipment Rental,"NGN 85,645,850",17 Oct 2025,paid,
INV00884,PRJ03064,Reel Edit Studios,Post-Production,35889937,04-08-2021,disputed,
INV07685,PRJ01094,Redline Camera Rentals,Equipment Rental,2116878,2021-05-18,Disputed,
INV03095,PRJ01704,Crewnnect,Crew,9579065,11 Jun 2021,Pending,
INV00014,PRJ02617,ColourGrade Lagos,Post-Production,20497631,2023-09-21,Pd,
INV05938,PRJ03874,Coastline Property Services,Location,24638739,2025-02-13,Overdue,
INV02284,PRJ03480,OnDeck Production Staffing,Crew,5057661,15-08-2022,Overdue,
INV04537,PRJ01001,Urban Set Scouts,Location,11444120,19/01/2023,Disputed,
INV01700,PRJ03561,chop life catering,Catering,2695166,25/06/2021,Pd,
INV07101,PRJ01096,Naija Faces Casting,Talent,"NGN 12,499,391",05/12/2022,Pd,
INV09757,PRJ09999,Urban Set Scouts,Location,35549801,25/04/2022,OVERDUE,
INV05433,PRJ00631,Crew Connect NG,Crew,18233273,19-09-2023,OVERDUE,
INV02283,PRJ02338,Crew Connect NG,Crew,17478848,08-01-2021,Overdue,
INV02824,PRJ03806,naija faces casting,Talent,4169407,2024-04-27,Pd,
INV04282,PRJ00721,SoundWave Post NG,Post-Production,5776450,2025-04-20,Disputed,
INV08711,PRJ02502,Frame & Focus Equipment,Equipment Rental,54915228,09-04-2022,pending,
INV02662,PRJ01161,Naija Faces Casting,Talent,945234,27 May 2025,Disputed,
INV07144,PRJ01966,Mama Bisi Kitchen Services,Catering,22305842,11-10-2024,pending,
INV03997,PRJ00495,Naija Faces Casting,Talent,7643643,17-05-2025,Paid,
INV01451,PRJ01709,Frame & Focus Equipment,Equipment Rental,3401049,2022-08-22,PAID,
INV08003,PRJ03462,Frame & Focus Equipment,Equipment Rental,25497660,2021-02-22,PAID,
INV06740,PRJ02305,Reel Edit Studios,Post-Production,20735252,2023-08-14,paid,
INV09141,PRJ02164,OnDeck Production Staffing,Crew,12528640,12 Jul 2022,Overdue,
INV08448,PRJ01662,Chop Life Catering,Catering,13560420,11-12-2022,Paid,
INV07494,PRJ00528,ondeck production staffing,Crew,6820296,05/11/2025,Pd,
INV02667,PRJ01796,ProGear Nigeria,Equipment Rental,3665663,26-02-2023,pending,
INV01775,PRJ02060,Reel Edit Studios,Post-Production,43131863,2022-03-21,Pending,
INV08050,PRJ01461,ONDECK PRODUCTION STAFFING,Crew,10639260,07-04-2021,PAID,
INV02155,PRJ02106,SOUNDWAVE POST NG,Post-Production,3665667,14/01/2021,Paid,
INV03594,PRJ02818,Redline Camera Rentals,Equipment Rental,34079049,2021-04-04,paid,
INV06967,PRJ03025,ONDECK PRODUCTION STAFFING,Crew,180078,05/07/2024,Overdue,
INV02962,PRJ03138,SOUNDWAVE POST NG,Post-Production,4290968,02-01-2025,Pd,
INV06235,PRJ02644,Reel Edit Studios,Post-Production,2389628,09-02-2021,pending,
INV06670,PRJ02582,Naija Faces Casting,Talent,21840164,2024-04-10,Pending,
INV02958,PRJ03138,Frame & Focus Equipment,Equipment Rental,13810952,21/01/2025,pending,
INV08137,PRJ03789,Naija Faces Casting,Talent,18186517,02-09-2022,Overdue,
INV03157,PRJ00992,urban set scouts,Location,17772320,2022-12-22,paid,
INV06480,PRJ03326,Naija Locations Ltd,Location,2483749,2024-02-12,PAID,
INV06656,PRJ01835,SoundWave Post NG,Post-Production,4169923,2022-06-08,Pending,
INV01058,PRJ00543,SoundWave Post NG,Post-Production,13911453,09 Aug 2023,pending,
INV02026,PRJ03272,Stagehand Talent Agency,Talent,791135,2023-12-15,pending,
INV08069,PRJ02585,Urban Set Scouts,Location,2790890,28 May 2025,Pending,
INV01869,PRJ03370,Naija Locations Ltd,Location,7205176,17 Apr 2023,Paid,
INV03978,PRJ03495,ColourGrade Lagos,Post-Production,3056657,2024-08-11,PAID,
INV09360,PRJ01673,Redline Camera Rentals,Equipment Rental,8371886,11 Feb 2024,Pending,
INV05144,PRJ03963,OnSet Meals NG,Catering,"NGN 7,429,695",17 Feb 2025,Paid,
INV06398,PRJ01087,OnDeck Production Staffing,Crew,6035042,14/10/2022,PAID,
INV00451,PRJ01748,Chop Life Catering,Catering,11608720,21 Feb 2022,Pd,
INV07666,PRJ03407,Urban Set Scouts,Location,3240195,2023-09-15,disputed,
INV08274,PRJ02753,Lagos Grip & Lighting Co,Equipment Rental,7688705,12-03-2023,paid,
INV02894,PRJ02196,Frame & Focus Equipment,Equipment Rental,23938105,03 Jun 2022,pending,
INV04292,PRJ03505,Frame & Focus Equipment,Equipment Rental,4218418,06 Apr 2022,Paid,
INV05072,PRJ00116,ondeck production staffing,Crew,26561650,01/08/2022,disputed,
INV08896,PRJ00521,OnDeck Production Staffing,Crew,45942571,2025-12-27,OVERDUE,
INV06950,PRJ03690,OnSet Meals NG,Catering,65702706,12-12-2024,Disputed,
INV07417,PRJ00081,ProGear Nigeria,Equipment Rental,3539749,11/07/2025,OVERDUE,
INV04021,PRJ03782,mama bisi kitchen services,Catering,3365597,16 Oct 2025,Paid,
INV04141,PRJ00375,Urban Set Scouts,Location,23666637,2025-12-05,Disputed,
INV01689,PRJ01345,naija faces casting,Talent,32591733,07-11-2021,Disputed,
INV09175,PRJ00582,Stagehand Talent Agency,Talent,6571951,05 May 2024,pending,
INV06631,PRJ03973,Naija Locations Ltd,Location,15404358,19-10-2024,Pd,
INV01133,PRJ02460,Crew Connect NG,Crew,42986031,18/02/2021,Pd,
INV00022,PRJ01949,SoundWave Post NG,Post-Production,44334937,12-09-2022,pending,
INV07803,PRJ03999,OnDeck Production Staffing,Crew,2442373,22-12-2021,Paid,
INV08962,PRJ02387,ColourGrade Lagos,Post-Production,26360412,04/11/2021,Overdue,
INV00560,PRJ00045,Reel Edit Studios,Post-Production,28493233,21-08-2023,Pd,
INV02922,PRJ02956,Stagehand Talent Agency,Talent,"NGN 4,180,235",23/08/2022,Pd,
INV07002,PRJ02551,Crew Connect NG,Crew,62813231,03 Dec 2021,Disputed,
INV04603,PRJ00787,Frame & Focus Equipment,Equipment Rental,11383391,2025-04-15,paid,
INV01868,PRJ03370,SOUNDWAVE POST NG,Post-Production,7978125,2025-12-25,Overdue,
INV01217,PRJ02986,Frame & Focus Equipment,Equipment Rental,7619720,15-06-2025,Pending,
INV02508,PRJ02663,Coastline Property Services,Location,17654701,09-11-2023,Disputed,
INV05451,PRJ00668,Coastline Property Services,Location,29054008,23-09-2022,paid,
INV08443,PRJ00665,Reel Edit Studios,Post-Production,64251657,15-04-2022,paid,
INV06814,PRJ03590,Lagos Grip & Lighting,Equipment Rental,5849521,05/01/2024,PAID,
INV07416,PRJ00081,NAIJA FACES CASTING,Talent,2513806,23 May 2023,Paid,
INV08199,PRJ02148,SoundWave Post NG,Post-Production,3651508,28/05/2023,Paid,
INV06738,PRJ02138,Naija Faces Casting,Talent,5634693,15-12-2021,disputed,
INV00550,PRJ00433,Stagehand Talent Agency,Talent,2296820,07-04-2022,Pd,
INV06652,PRJ01000,Frame & Focus Equipment,Equipment Rental,36456101,07-05-2021,disputed,
INV01901,PRJ01914,Coastline Property Services,Location,"NGN 19,231,523",25/04/2022,Pending,
INV06270,PRJ03913,Crew Connect NG,Crew,6868070,26 Nov 2024,Pd,
INV08659,PRJ03586,urban set scouts,Location,16045501,22-02-2022,pending,
INV09612,PRJ02860,NAIJA LOCATIONS LTD,Location,18236541,2023-04-17,Disputed,
INV07077,PRJ01551,OnSet Meals NG,Catering,3398830,20-12-2023,Pd,
INV08748,PRJ00418,Stagehand Talent Agency,Talent,37984978,14 Oct 2024,Pd,
INV09286,PRJ01784,COLOURGRADE LAGOS,Post-Production,68748689,28/12/2025,paid,
INV08032,PRJ00980,COLOURGRADE LAGOS,Post-Production,23119611,26/09/2023,disputed,
INV03809,PRJ03253,OnSet Meals NG,Catering,11749924,07 Sep 2025,Paid,
INV08977,PRJ01955,Naija Faces Casting,Talent,77741130,2023-11-19,paid,
INV09109,PRJ02012,Reel Edit Studios,Post-Production,15596584,09-03-2024,Paid,
INV06879,PRJ00282,Naija Faces Casting,Talent,11128403,2021-08-05,pending,
INV09020,PRJ00506,naija faces casting,Talent,32475060,02/06/2025,pending,
INV07926,PRJ00264,soundwave post ng,Post-Production,9356448,2025-10-08,Pending,
INV03041,PRJ01923,FRAME & FOCUS EQUIPMENT,Equipment Rental,5313201,2024-05-11,disputed,
INV06174,PRJ02488,Crew Connect NG,Crew,27937231,2021-06-17,Pd,
INV05900,PRJ02618,Frame & Focus Equipment,Equipment Rental,6221649,2022-03-19,Overdue,
INV07096,PRJ02977,Urban Set Scouts,Location,"NGN 8,281,705",04/11/2025,Pending,
INV08719,PRJ02929,stagehand talent agency,Talent,1274332,2021-10-15,pending,
INV05171,PRJ01621,OnSet Meals NG,Catering,5961330,03/08/2025,pending,
INV00867,PRJ02990,lagos grip & lighting co,Equipment Rental,11460054,22 May 2021,Overdue,
INV08502,PRJ02571,ColourGrade Lagos,Post-Production,48678430,15 Apr 2021,OVERDUE,
INV03715,PRJ00595,Mama Bisi Kitchen Services,Catering,656365,2023-02-21,paid,
INV08702,PRJ01652,Crew Connect NG,Crew,26338981,05 Sep 2025,pending,
INV07503,PRJ03978,ColourGrade Lagos,Post-Production,4014704,07-02-2023,Paid,
INV08328,PRJ01148,ColourGrade Lagos,Post-Production,17362882,2022-12-01,Disputed,
INV01025,PRJ01588,redline camera rentals,Equipment Rental,38418390,22-06-2025,Pending,
INV00443,PRJ03317,Chop Life Catering,Catering,24025402,09 Jul 2025,disputed,
INV06529,PRJ03694,Coastline Property Services,Location,1190353,26-10-2024,Overdue,
INV05354,PRJ02686,Urban Set Scouts,Location,81340711,12 Nov 2024,paid,
INV01691,PRJ01345,STAGEHAND TALENT AGENCY,Talent,952136,24-04-2025,Overdue,
INV08481,PRJ01970,Frame & Focus Equipment,Equipment Rental,24051041,13 Aug 2021,PAID,
INV07519,PRJ00742,Urban Set Scouts,Location,10932320,06 Mar 2025,OVERDUE,
INV05145,PRJ01854,Mama Bisi Kitchen Services,Catering,10057732,09 Oct 2021,paid,
INV02712,PRJ00739,Naija Faces Casting,Talent,1531852,2023-08-15,Pending,
INV02237,PRJ00854,OnDeck Production Staffing,Crew,8199897,2025-05-02,OVERDUE,
INV06809,PRJ01309,OnSet Meals NG,Catering,19351261,15-04-2021,Paid,
INV03272,PRJ00907,COASTLINE PROPERTY SERVICES,Location,19298527,12-09-2021,Pending,
INV01090,PRJ00358,Crew Connect NG,Crew,8673765,11-10-2021,Disputed,
INV05077,PRJ03611,Naija Locations Ltd,Location,15733713,24-11-2022,Pending,
INV08981,PRJ03250,Stagehand Talent Agency,Talent,7277043,01/07/2024,Pd,
INV02580,PRJ02590,Mama Bisi Kitchen Services,Catering,"NGN 11,509,304",18/11/2023,Pd,
INV09742,PRJ03014,crew connect ng,Crew,20908970,08 Mar 2022,Pd,
INV08176,PRJ01715,Stagehand Talent Agency,Talent,7876836,13/07/2021,Disputed,
INV02364,PRJ00786,SoundWave Post NG,Post-Production,11031918,2025-05-05,pending,
INV06452,PRJ00247,OnSet Meals NG,Catering,1922980,10-02-2022,OVERDUE,
INV05648,PRJ00744,Chop Life Catering,Catering,"NGN 12,229,609",21 Aug 2024,PAID,
INV08580,PRJ02285,crew connect ng,Crew,59809943,13 Aug 2022,Paid,
INV09032,PRJ01364,crew connect ng,Crew,2248201,18-02-2023,Paid,
INV03190,PRJ02541,LAGOS GRIP & LIGHTING CO,Equipment Rental,9728732,04-01-2021,Paid,
INV08120,PRJ01929,Crew Connect NG,Crew,23727303,2025-09-23,Overdue,
INV09380,PRJ01201,SoundWave Post NG,Post-Production,34398052,14 Jun 2024,paid,
INV00482,PRJ01783,OnSet Meals NG,Catering,19985771,07-08-2022,OVERDUE,
INV00232,PRJ02743,OnDeck Production Staffing,Crew,15667752,05/10/2024,disputed,
INV07194,PRJ03511,Redline Camera Rentals,Equipment Rental,5102128,19-02-2021,paid,
INV01452,PRJ02306,stagehand talent agency,Talent,5147332,09 Jul 2021,disputed,
INV06627,PRJ00395,Naija Locations Ltd,Location,42713460,2024-02-12,PAID,
INV03438,PRJ02128,naija locations ltd,Location,"NGN 14,865,693",04-02-2025,Pending,
INV06892,PRJ01224,Redline Camera Rentals,Equipment Rental,23886714,2022-02-04,Overdue,
INV03913,PRJ03577,Crewnnect,Crew,6554951,2021-05-26,Paid,
INV07990,PRJ03397,Lagos Grip & Lighting Co,Equipment Rental,31795145,25/03/2021,Disputed,
INV03758,PRJ03555,Naija Faces Casting,Talent,25210072,16 Aug 2023,Pd,
INV00987,PRJ00673,Coastline Property Services,Location,30919620,12 Mar 2021,Disputed,
INV09276,PRJ03520,Mama Bisi Kitchen Services,Catering,15795792,24-04-2024,Pd,
INV01602,PRJ00922,redline camera rentals,Equipment Rental,4215019,16/11/2023,OVERDUE,
INV08231,PRJ01902,COLOURGRADE LAGOS,Post-Production,6705927,2023-10-02,Pd,
INV00315,PRJ03899,lagos grip & lighting co,Equipment Rental,2568438,27-08-2024,Paid,
INV00465,PRJ01388,Naija Locations Ltd,Location,11448131,2025-06-22,disputed,
INV03468,PRJ02349,coastline property services,Location,4061062,02 Aug 2024,Disputed,
INV04642,PRJ02876,ProGear,Equipment Rental,45781116,2023-08-27,OVERDUE,
INV01220,PRJ01144,Mama Bisi Kitchen Services,Catering,"NGN 16,687,987",2022-05-07,Pd,
INV06491,PRJ03732,Stagehand Talent Agency,Talent,8188856,2023-03-11,paid,
INV08486,PRJ00406,Lagos Grip & Lighting Co,Equipment Rental,12070309,22-11-2025,Pending,
INV05174,PRJ01593,Crewnnect,Crew,19469871,12-10-2025,Pd,
INV03429,PRJ02578,Frame & Focus Equipment,Equipment Rental,41793346,2024-02-16,disputed,
INV03614,PRJ01628,Naija Faces Casting,Talent,53727562,15-07-2023,Paid,
INV04654,PRJ01480,soundwave post ng,Post-Production,5439934,2021-09-24,OVERDUE,
INV00407,PRJ02561,Chop Life Catering,Catering,34003293,10 Oct 2023,Paid,
INV01042,PRJ02697,Reel Edit Studios,Post-Production,5181412,17 Jul 2023,PAID,
INV05605,PRJ01643,Naija Locations,Location,2414182,02-06-2021,Disputed,
INV01641,PRJ01101,Urban Set Scouts,Location,47067827,03-11-2025,PAID,
INV09707,PRJ00803,Urban Set Scouts,Location,13737141,11/12/2023,Overdue,
INV01246,PRJ00974,OnDeck Production Staffing,Crew,30473080,11/04/2021,PAID,
INV05843,PRJ00365,chop life catering,Catering,30825044,09-02-2024,OVERDUE,
INV00871,PRJ01982,SoundWave Post NG,Post-Production,40639505,2025-08-08,Overdue,
INV08451,PRJ02782,COLOURGRADE LAGOS,Post-Production,18656204,01 Jun 2025,PAID,
INV05253,PRJ03554,Coastline Property Services,Location,8022777,17/03/2022,paid,
INV04470,PRJ02273,OnSet Meals NG,Catering,5998304,16 Mar 2022,Overdue,
INV07588,PRJ00147,OnSet Meals NG,Catering,13811499,02/02/2024,paid,
INV09499,PRJ03937,ColourGrade Lagos,Post-Production,6524690,27/11/2024,pending,
INV00674,PRJ01531,NAIJA FACES CASTING,Talent,26775754,2025-04-05,PAID,
INV00688,PRJ01226,Chop Life Catering,Catering,19156046,21/03/2022,PAID,
INV02685,PRJ02432,Naija Locations Ltd,Location,317225,06-03-2023,pending,
INV04770,PRJ03517,ProGear Nigeria,Equipment Rental,6470746,26/04/2025,PAID,
INV08708,PRJ03426,Naija Locations Ltd,Location,13203713,2021-08-15,Pd,
INV05134,PRJ01377,Coastline Property Services,Location,26780284,12/10/2023,Overdue,
INV02634,PRJ00443,Reel Edit Studios,Post-Production,5103366,07 Nov 2021,Overdue,
INV07178,PRJ02677,ONSET MEALS NG,Catering,16778115,09 Jul 2024,Paid,
INV06791,PRJ03434,Naija Faces Casting,Talent,"NGN 5,737,962",2021-04-16,PAID,
INV00457,PRJ02253,Coastline Property Services,Location,"NGN 12,899,775",01/06/2025,paid,
INV03444,PRJ01006,SoundWave Post,Post-Production,71386709,22 Jul 2024,Pd,
INV00816,PRJ02019,COLOURGRADE LAGOS,Post-Production,10569336,19-04-2022,Overdue,
INV09306,PRJ02083,Naija Locations Ltd,Location,6212278,2025-08-15,paid,
INV02529,PRJ03083,SoundWave Post NG,Post-Production,12295140,2023-04-11,Disputed,
INV03744,PRJ00404,Naija Locations Ltd,Location,31172002,17-01-2023,Pending,
INV05828,PRJ03086,Redline Camera Rentals,Equipment Rental,17185410,03-03-2022,paid,
INV01278,PRJ00715,Naija Locations Ltd,Location,32090287,27/05/2023,pending,
INV05878,PRJ00940,Reel Edit Studios,Post-Production,27568160,22-04-2021,Overdue,
INV08615,PRJ02549,Redline Camera Rentals,Equipment Rental,130361,09-11-2025,disputed,
INV02747,PRJ02048,OnDeck Production Staffing,Crew,4970451,27 May 2023,PAID,
INV08391,PRJ02727,Crewnnect,Crew,36366655,2023-09-26,disputed,
INV08389,PRJ02727,ProGear Nigeria,Equipment Rental,31701373,07/06/2023,pending,
INV07763,PRJ01307,OnSet Meals NG,Catering,11074950,03/04/2022,paid,
INV03805,PRJ03253,Naija Faces Casting,Talent,16509707,2024-09-08,Paid,
INV08165,PRJ02404,SoundWave Post NG,Post-Production,53951323,20/11/2022,PAID,
INV02303,PRJ02352,ProGear Nigeria,Equipment Rental,8638091,10/09/2021,Pd,
INV01866,PRJ03370,Urban Set Scouts,Location,13538292,2021-01-09,paid,
INV05994,PRJ03381,OnSet Meals NG,Catering,36953484,06/11/2021,disputed,
INV06272,PRJ03913,Redline Camera Rentals,Equipment Rental,130398,2021-03-15,pending,
INV07804,PRJ01250,NAIJA LOCATIONS LTD,Location,52146152,27-08-2023,pending,
INV09112,PRJ01269,Mama Bisi Kitchen Services,Catering,16211488,2022-05-09,Pd,
INV01180,PRJ03451,OnDeck Production Staffing,Crew,16509872,16 Jun 2024,paid,
INV04526,PRJ01635,ProGear Nigeria,Equipment Rental,24679685,28 Oct 2023,pending,
INV00264,PRJ02152,COLOURGRADE LAGOS,Post-Production,3960653,17 Jul 2024,Disputed,
INV03204,PRJ02991,Lagos Grip & Lighting Co,Equipment Rental,19404115,2025-03-06,disputed,
INV03725,PRJ00783,Chop Life Catering,Catering,42528850,26-04-2022,disputed,
INV00011,PRJ02272,Stagehand Talent Agency,Talent,20744710,2025-11-15,pending,
INV06114,PRJ01436,naija locations ltd,Location,61022589,2022-05-08,Pending,
INV01263,PRJ01630,OnDeck Production Staffing,Crew,30734125,2021-12-05,PAID,
INV06721,PRJ02005,OnDeck Production Staffing,Crew,10035417,15/09/2024,Overdue,
INV05836,PRJ03955,Crew Connect NG,Crew,13317827,27-07-2024,Pending,
INV03990,PRJ00874,ColourGrade Lagos,Post-Production,21066562,2025-08-15,OVERDUE,
INV07123,PRJ01329,Frame & Focus Equipment,Equipment Rental,689942,13 Nov 2023,paid,
INV02197,PRJ01438,Frame & Focus Equipment,Equipment Rental,31547152,2024-01-20,paid,
INV04283,PRJ00721,Redline Camera Rentals,Equipment Rental,19194996,06-10-2023,OVERDUE,
INV09004,PRJ01316,Coastline Property Services,Location,530258,2024-08-17,pending,
INV04521,PRJ00868,soundwave post ng,Post-Production,5754225,06/07/2021,paid,
INV02062,PRJ00118,Mama Bisi Kitchen Services,Catering,8109314,22/07/2022,PAID,
INV08086,PRJ02909,Urban Set Scouts,Location,42739879,18 Sep 2023,Paid,
INV03807,PRJ03253,Crew Connect NG,Crew,8975370,20/06/2022,Paid,
INV00722,PRJ03024,Urban Set Scouts,Location,43130397,05/10/2024,paid,
INV04148,PRJ00929,Stagehand Talent Agency,Talent,4117304,27/01/2024,Overdue,
INV03154,PRJ00992,Naija Faces Casting,Talent,8310356,2022-09-05,Paid,
INV01814,PRJ00698,Naija Faces Casting,Talent,3777044,19-11-2021,Disputed,
INV07667,PRJ03407,redline camera rentals,Equipment Rental,4066006,22/09/2022,Pd,
INV05953,PRJ00026,ONDECK PRODUCTION STAFFING,Crew,105368,11/01/2023,Disputed,
INV02291,PRJ03659,Naija Faces Casting,Talent,17292227,2025-04-08,paid,
INV01422,PRJ02544,Naija Locations Ltd,Location,8405733,16/10/2023,disputed,
INV01867,PRJ03370,Reel Edit Studios,Post-Production,20580529,15-06-2022,Overdue,
INV04195,PRJ03169,Naija Faces Casting,Talent,4567244,2024-10-03,Overdue,
INV09495,PRJ00519,Stagehand Talent Agency,Talent,11465274,19 Dec 2021,OVERDUE,
INV05216,PRJ01342,Urban Set Scouts,Location,33268551,16 Aug 2021,Disputed,
INV08992,PRJ03321,Naija Locations Ltd,Location,11184706,24/03/2025,disputed,
INV02714,PRJ00739,Chop Life Catering,Catering,20790392,16-05-2021,Overdue,
INV04026,PRJ03467,Crew Connect NG,Crew,15035339,15 Sep 2023,Overdue,
INV04436,PRJ02300,COLOURGRADE LAGOS,Post-Production,11203578,07-04-2025,PAID,
INV06184,PRJ03368,Crew Connect NG,Crew,1563320,10-07-2022,Pd,
INV02636,PRJ02324,Redline Camera Rentals,Equipment Rental,98074171,23-10-2025,pending,
INV03692,PRJ03478,COASTLINE PROPERTY SERVICES,Location,15153300,05-10-2024,pending,
INV02526,PRJ02242,Naija Locations Ltd,Location,5602056,17 Aug 2022,paid,
INV05814,PRJ03167,Crew Connect NG,Crew,41050613,04/05/2024,Overdue,
INV08763,PRJ00436,OnDeck Production Staffing,Crew,8908033,2022-01-22,Overdue,
INV05259,PRJ02470,Coastline Property Services,Location,25067647,04-07-2021,Pending,
INV03922,PRJ01339,ColourGrade Lagos,Post-Production,38339164,05-06-2024,disputed,
INV08800,PRJ00216,Chop Life Catering,Catering,41319687,10-10-2021,pending,
INV02453,PRJ00386,Coastline Property Services,Location,6891929,2022-12-07,Paid,
INV05892,PRJ02971,SoundWave Post NG,Post-Production,9735287,05-04-2024,Pending,
INV03120,PRJ03486,Chop Life Catering,Catering,8040070,2025-12-05,Overdue,
INV02233,PRJ02696,URBAN SET SCOUTS,Location,3996190,24/12/2025,disputed,
INV02319,PRJ02141,Coastline Property Services,Location,2529932,02-02-2025,Pd,
INV08667,PRJ03204,Crew Connect NG,Crew,35442483,16/12/2024,PAID,
INV06549,PRJ01399,OnSet Meals NG,Catering,1615850,14 Jun 2024,paid,
INV00888,PRJ00434,naija faces casting,Talent,8683360,08/08/2022,PAID,
INV09737,PRJ00063,ProGear Nigeria,Equipment Rental,14185473,22 Dec 2021,OVERDUE,
INV05250,PRJ03554,Crew Connect NG,Crew,16101034,2021-06-05,OVERDUE,
INV06927,PRJ01348,Naija Faces Casting,Talent,4289448,2023-01-11,pending,
INV07464,PRJ03029,Crew Connect NG,Crew,16525275,25 Aug 2024,Paid,
INV08119,PRJ01929,Stagehand Talent Agency,Talent,28418401,19/04/2025,paid,
INV07665,PRJ03407,Crew Connect NG,Crew,4802855,10/11/2025,Paid,
INV05515,PRJ01875,Stagehand Talent Agency,Talent,41869529,03 Dec 2024,pending,
INV03229,PRJ02575,REDLINE CAMERA RENTALS,Equipment Rental,20693632,2021-09-17,Overdue,
INV07053,PRJ03047,Mama Bisi Kitchen Services,Catering,"NGN 15,280,051",24-04-2021,pending,
INV04355,PRJ00525,Naija Locations Ltd,Location,30998543,21-05-2025,OVERDUE,
INV00260,PRJ02152,SoundWave Post NG,Post-Production,19154045,10 Feb 2021,OVERDUE,
INV00067,PRJ02726,Naija Faces Casting,Talent,9881797,2021-08-04,Overdue,
INV08294,PRJ03085,Chop Life Catering,Catering,5450692,2021-10-11,Pending,
INV01375,PRJ02433,Naija Locations Ltd,Location,57703155,2021-03-03,Overdue,
INV06135,PRJ03289,ColourGrade Lagos,Post-Production,28497416,02/05/2024,Overdue,
INV05549,PRJ00407,CHOP LIFE CATERING,Catering,43847715,14 Apr 2025,Pd,
INV08288,PRJ00516,ProGear Nigeria,Equipment Rental,4986746,2023-01-03,Pd,
INV03384,PRJ01750,SOUNDWAVE POST NG,Post-Production,6630116,2022-08-12,disputed,
INV06556,PRJ01138,SoundWave Post NG,Post-Production,29537154,11-01-2024,Overdue,
INV05594,PRJ03430,OnDeck Production Staffing,Crew,8488670,28 Jun 2024,Paid,
INV06222,PRJ00459,NAIJA LOCATIONS LTD,Location,27871851,2021-12-05,OVERDUE,
INV09265,PRJ01450,Urban Set Scouts,Location,4703718,18 Jan 2021,OVERDUE,
INV03635,PRJ00628,Coastline Property Services,Location,9982642,15 Dec 2025,Pending,
INV01875,PRJ00226,Naija Faces Casting,Talent,878070,2022-02-27,Overdue,
INV08950,PRJ03080,frame & focus equipment,Equipment Rental,4458206,25-04-2021,Paid,
INV00758,PRJ00958,Urban Set Scouts,Location,731436,10/10/2025,pending,
INV00280,PRJ02267,Urban Set Scouts,Location,10401252,09-06-2021,Pd,
INV08838,PRJ03995,OnSet Meals NG,Catering,7169933,2024-04-14,Pd,
INV06396,PRJ01087,Chop Life Catering,Catering,33521777,2022-02-13,OVERDUE,
INV09497,PRJ00519,Naija Faces Casting,Talent,6480606,03/06/2024,OVERDUE,
INV05511,PRJ00420,onset meals ng,Catering,4166631,26-11-2023,disputed,
INV08522,PRJ00371,Naija Locations Ltd,Location,20627925,2024-11-21,Overdue,
INV05413,PRJ00345,ColourGrade Lagos,Post-Production,14876002,18 Jun 2025,Pending,
INV00298,PRJ03609,Crew Connect NG,Crew,9459610,09 Jul 2024,Pd,
INV05539,PRJ03214,ColourGrade Lagos,Post-Production,1657986,13/02/2023,pending,
INV00874,PRJ02398,Reel Edit Studios,Post-Production,15826383,22/01/2023,Overdue,
INV02573,PRJ00486,SoundWave Post NG,Post-Production,13969878,03/05/2024,Pd,
INV00960,PRJ02554,SoundWave Post NG,Post-Production,12781831,18-11-2021,Pending,
INV07334,PRJ02763,Mama Bisi Kitchen Services,Catering,16675108,10 Oct 2021,Pending,
INV06850,PRJ01775,ProGear Nigeria,Equipment Rental,581539,01 May 2024,Pd,
INV09464,PRJ00460,COASTLINE PROPERTY SERVICES,Location,3402767,14 Feb 2025,Pending,
INV01543,PRJ03889,Mama Bisi Kitchen Services,Catering,51888008,15 Apr 2025,pending,
INV01720,PRJ02597,ColourGrade Lagos,Post-Production,12166305,22/02/2024,Disputed,
INV05270,PRJ03482,Stagehand Talent Agency,Talent,18684165,25/11/2024,PAID,
INV08925,PRJ02589,onset meals ng,Catering,3165025,07-04-2021,PAID,
INV05056,PRJ00238,Naija Locations Ltd,Location,75148,28/06/2022,disputed,
INV05670,PRJ01602,Naija Locations Ltd,Location,11423268,2023-01-27,Paid,
INV00614,PRJ00649,ONSET MEALS NG,Catering,31863308,07/04/2023,Overdue,
INV00966,PRJ03933,Crew Connect NG,Crew,14146879,20-09-2025,PAID,
INV08642,PRJ01424,SoundWave Post NG,Post-Production,10172792,15/07/2024,Paid,
INV08175,PRJ00719,OnSet Meals NG,Catering,49716051,14/10/2025,pending,
INV02483,PRJ03403,FRAME & FOCUS EQUIPMENT,Equipment Rental,13930591,25 Sep 2021,paid,
INV00166,PRJ03503,Frame & Focus Equipment,Equipment Rental,15276040,2022-01-15,Pending,
INV05289,PRJ03653,naija faces casting,Talent,1494935,2023-06-08,Overdue,
INV06647,PRJ03859,Mama Bisi Kitchen Services,Catering,24323535,2021-09-01,Pd,
INV03155,PRJ00992,URBAN SET SCOUTS,Location,1331425,23-09-2024,Overdue,
INV09028,PRJ01364,colourgrade lagos,Post-Production,6006191,03/08/2024,disputed,
INV08721,PRJ02929,Frame & Focus Equipment,Equipment Rental,47983183,05-10-2022,Pending,
INV04822,PRJ00758,Naija Faces Casting,Talent,301691,2023-01-21,OVERDUE,
INV05653,PRJ03585,Chop Life Catering,Catering,16153379,14/08/2021,OVERDUE,
INV01626,PRJ03528,Reel Edit Studios,Post-Production,22939287,16 Oct 2021,Overdue,
INV04746,PRJ03845,Naija Faces Casting,Talent,23751366,15 Dec 2023,Pd,
INV07505,PRJ02213,ColourGrade Lagos,Post-Production,15385292,11 Apr 2021,Pending,
INV07808,PRJ03865,Frame & Focus Equipment,Equipment Rental,20467040,26 Sep 2022,Pending,
INV06773,PRJ01764,Mama Bisi Kitchen Services,Catering,861738,08 Jul 2021,Pd,
INV03373,PRJ02321,ColourGrade Lagos,Post-Production,7246981,27/11/2022,pending,
INV05807,PRJ01510,Redline Camera Rentals,Equipment Rental,8522728,19/07/2021,OVERDUE,
INV02966,PRJ03050,Crew Connect NG,Crew,418126,2022-01-09,Pending,
INV07429,PRJ01446,Coastline Property Services,Location,2154488,15-10-2022,pending,
INV01798,PRJ03139,crew connect ng,Crew,18131876,01/10/2022,paid,
INV06015,PRJ02479,Naija Faces Casting,Talent,8738185,26 Jul 2021,OVERDUE,
INV08418,PRJ01523,Stagehand Talent Agency,Talent,4118895,23/11/2021,Pd,
INV02165,PRJ02444,Stagehand Talent Agency,Talent,9518408,14-08-2025,Overdue,
INV09734,PRJ01868,Stagehand Talent Agency,Talent,10020677,2022-02-05,disputed,
INV04527,PRJ01635,OnDeck Production Staffing,Crew,"NGN 2,046,991",20/11/2024,Pd,
INV06486,PRJ01731,Stagehand Talent Agency,Talent,24924657,09 Aug 2025,pending,
INV05181,PRJ02235,LAGOS GRIP & LIGHTING CO,Equipment Rental,587324,2022-07-23,Paid,
INV02907,PRJ03315,mama bisi kitchen services,Catering,54252255,2022-01-07,Pending,
INV09658,PRJ01997,URBAN SET SCOUTS,Location,14409877,2021-10-18,Paid,
INV05310,PRJ00580,NAIJA LOCATIONS LTD,Location,46805143,10 May 2021,paid,
INV07471,PRJ03424,Reel Edit Studios,Post-Production,8915271,2021-04-14,OVERDUE,
INV07401,PRJ00686,Crew Connect NG,Crew,60347990,24/05/2021,paid,
INV00666,PRJ02371,PROGEAR NIGERIA,Equipment Rental,17824354,21-11-2024,OVERDUE,
INV04940,PRJ02450,Crew Connect NG,Crew,8748106,2024-08-19,Paid,
INV04374,PRJ02367,Chop Life Catering,Catering,9326375,2025-02-18,pending,
INV04659,PRJ01502,Crew Connect NG,Crew,1155930,2025-07-02,Pending,
INV08403,PRJ02526,mama bisi kitchen services,Catering,7064077,2023-10-24,Overdue,
INV02678,PRJ01525,ONDECK PRODUCTION STAFFING,Crew,10351795,11-09-2021,Pd,
INV04756,PRJ00424,Lagos Grip & Lighting Co,Equipment Rental,16662409,2024-05-25,Pd,
INV05494,PRJ00276,ProGear Nigeria,Equipment Rental,5694830,02/06/2025,PAID,
INV01620,PRJ00538,crew connect ng,Crew,54819368,2022-10-06,disputed,
INV04235,PRJ03113,Chop Life Catering,Catering,2005989,2021-09-10,PAID,
INV04594,PRJ00997,SOUNDWAVE POST NG,Post-Production,15871266,28-04-2025,disputed,
INV07874,PRJ03112,Lagos Grip & Lighting Co,Equipment Rental,33664931,18 Dec 2021,Paid,
INV00055,PRJ01807,ONSET MEALS NG,Catering,6699727,2025-04-03,Pending,
INV03369,PRJ02321,Naija Locations Ltd,Location,18813302,2023-11-24,Paid,
INV00672,PRJ02207,SoundWave Post NG,Post-Production,17156809,19 Dec 2025,disputed,
INV01908,PRJ01170,naija faces casting,Talent,16030991,12 Dec 2023,pending,
INV06077,PRJ03143,Chop Life Catering,Catering,19468478,21/10/2024,disputed,
INV03537,PRJ03761,Mama Bisi Kitchen Services,Catering,31121483,03 Apr 2021,Disputed,
INV02643,PRJ01460,SoundWave Post NG,Post-Production,9638173,03-10-2022,paid,
INV05575,PRJ02424,OnDeck Production Staffing,Crew,13973597,13/01/2021,Disputed,
INV00066,PRJ02726,STAGEHAND TALENT AGENCY,Talent,13311108,2025-01-13,pending,
INV00927,PRJ00288,Crew Connect NG,Crew,8337733,2025-06-23,pending,
INV05078,PRJ03611,Coastline Property Services,Location,6642132,17/11/2021,Overdue,
INV04400,PRJ00305,Stagehand Talent Agency,Talent,9748316,12 Oct 2025,Disputed,
INV07521,PRJ00742,naija faces casting,Talent,46103586,12-11-2025,PAID,
INV09600,PRJ00824,Stagehand Talent Agency,Talent,2135069,07-12-2023,Pd,
INV01731,PRJ01395,Stagehand Talent Agency,Talent,14104582,27/07/2021,Pd,
INV09528,PRJ00778,Coastline Property Services,Location,469308,26-05-2025,Overdue,
INV00354,PRJ00530,onset meals ng,Catering,7510540,2024-03-22,Disputed,
INV04448,PRJ00126,Naija Faces Casting,Talent,57401166,2023-11-14,Paid,
INV09102,PRJ02078,Reel Edit Studios,Post-Production,61799006,05/05/2024,paid,
INV04720,PRJ03724,Naija Faces Casting,Talent,43566926,24-09-2025,OVERDUE,
INV04075,PRJ03151,lagos grip & lighting co,Equipment Rental,6970938,08/09/2023,OVERDUE,
INV06087,PRJ02859,ProGear Nigeria,Equipment Rental,7292120,08 Oct 2022,OVERDUE,
INV05466,PRJ01541,Lagos Grip & Lighting Co,Equipment Rental,7082518,04 Jul 2022,Paid,
INV08769,PRJ03302,SoundWave Post NG,Post-Production,14351636,2023-01-17,PAID,
INV07302,PRJ03934,Mama Bisi Kitchen Services,Catering,11196091,21/04/2023,disputed,
INV04466,PRJ03840,MAMA BISI KITCHEN SERVICES,Catering,15947639,25-09-2021,disputed,
INV02392,PRJ00394,Naija Faces Casting,Talent,42824255,2021-03-14,PAID,
INV01067,PRJ03877,Coastline Property Services,Location,"NGN 16,955,831",07 Sep 2022,Pd,
INV08179,PRJ01715,Coastline Property Services,Location,21966749,10-04-2025,Overdue,
INV03091,PRJ01704,Chop Life Catering,Catering,7822886,2024-02-03,Overdue,
INV02441,PRJ01328,Urban Set Scouts,Location,9501314,28-08-2023,PAID,
INV03690,PRJ02125,ColourGrade Lagos,Post-Production,12419591,09 Dec 2023,Paid,
INV06810,PRJ01309,ColourGrade Lagos,Post-Production,27578154,12 Sep 2021,Pending,
INV01902,PRJ01914,URBAN SET SCOUTS,Location,3939804,16-03-2023,disputed,
INV05086,PRJ02219,mama bisi kitchen services,Catering,"NGN 4,335,287",2023-10-13,pending,
INV05898,PRJ02618,Naija Locations Ltd,Location,14038583,16/05/2022,OVERDUE,
INV07701,PRJ00887,Lagos Grip & Lighting Co,Equipment Rental,29575115,27/02/2025,Disputed,
INV08585,PRJ01594,SOUNDWAVE POST NG,Post-Production,24855812,16/06/2023,Pd,
INV04804,PRJ01412,Lagos Grip & Lighting,Equipment Rental,19872339,2024-08-06,Disputed,
INV00188,PRJ01942,SoundWave Post NG,Post-Production,915539,2023-05-18,Paid,
INV00858,PRJ01239,Frame & Focus Equipment,Equipment Rental,5765992,16-08-2023,disputed,
INV00995,PRJ03521,Mama Bisi Kitchen Services,Catering,10463285,05-10-2022,Overdue,
INV09563,PRJ03828,Stagehand Talent Agency,Talent,406648,13-01-2024,Disputed,
INV06334,PRJ02872,Crew Connect NG,Crew,44092272,06 Aug 2023,Disputed,
INV04879,PRJ02327,ProGear Nigeria,Equipment Rental,12688353,02/01/2024,paid,
INV07649,PRJ03802,Stagehand Talent Agency,Talent,8241278,17/02/2023,paid,
INV00923,PRJ02239,ColourGrade Lagos,Post-Production,20793873,2022-01-27,Disputed,
INV09648,PRJ03616,OnDeck Production Staffing,Crew,33452181,03-12-2024,PAID,
INV03448,PRJ01156,Crew Connect NG,Crew,4267327,21-07-2024,paid,
INV00389,PRJ03185,ColourGrade Lagos,Post-Production,14132159,15/05/2024,Overdue,
INV08335,PRJ02858,naija locations ltd,Location,18268730,2025-05-05,paid,
INV07832,PRJ01840,soundwave post ng,Post-Production,11193165,25/08/2023,OVERDUE,
INV07256,PRJ01365,progear nigeria,Equipment Rental,2682292,2023-07-12,Pending,
INV09751,PRJ07777,REEL EDIT STUDIOS,Post-Production,18124386,2021-01-09,pending,
INV08241,PRJ02263,Urban Set Scouts,Location,"NGN 17,269,546",03-09-2022,Pd,
INV07700,PRJ01849,SOUNDWAVE POST NG,Post-Production,16539049,2023-03-05,Overdue,
INV01515,PRJ02765,Crew Connect NG,Crew,222043,20/02/2024,Pd,
INV07824,PRJ03294,OnSet Meals NG,Catering,12638193,18/05/2022,paid,
INV07535,PRJ00717,ProGear Nigeria,Equipment Rental,7314708,18/08/2024,Disputed,
INV00649,PRJ03300,Mama Bisi Kitchen Services,Catering,578950,2021-01-24,Pending,
INV07122,PRJ01329,SoundWave Post NG,Post-Production,11297082,10/07/2023,Disputed,
INV03022,PRJ00996,Chop Life Catering,Catering,50106848,09/09/2021,Paid,
INV00806,PRJ01768,colourgrade lagos,Post-Production,8527817,14/02/2024,disputed,
INV02305,PRJ00641,OnDeck Production Staffing,Crew,904635,26-04-2023,disputed,
INV06619,PRJ03795,OnSet Meals NG,Catering,20791844,24-03-2024,Pd,
INV03026,PRJ00788,Stagehand Talent Agency,Talent,12811862,01-04-2022,Pending,
INV08633,PRJ01200,Crew Connect NG,Crew,13680393,14-03-2021,Paid,
INV06853,PRJ01218,Crew Connect NG,Crew,84461757,10 Feb 2024,Paid,
INV00339,PRJ03693,Stagehand Talent Agency,Talent,44842976,14 Feb 2025,Pending,
INV08610,PRJ00299,Redline Camera Rentals,Equipment Rental,13201125,05-09-2022,pending,
INV02560,PRJ03026,Crew Connect NG,Crew,12284312,26/12/2025,Disputed,
INV09660,PRJ02511,Mama Bisi Kitchen Services,Catering,19506108,25/03/2023,OVERDUE,
INV04851,PRJ02022,Naija Locations,Location,28080807,18-08-2024,pending,
INV02941,PRJ00169,ProGear Nigeria,Equipment Rental,28653391,2021-04-05,disputed,
INV08570,PRJ01215,Lagos Grip & Lighting Co,Equipment Rental,4313659,26/03/2023,Overdue,
INV03857,PRJ03163,ColourGrade Lagos,Post-Production,1299208,09/06/2025,paid,
INV05802,PRJ01021,Coastline Property Services,Location,2117221,20-01-2024,Pd,
INV07316,PRJ03748,Redline Camera Rentals,Equipment Rental,24566264,2021-04-26,paid,
INV07995,PRJ03397,Mama Bisi Kitchen Services,Catering,11556887,27-03-2022,pending,
INV04411,PRJ00235,Frame & Focus Equipment,Equipment Rental,7973160,28-03-2023,Pd,
INV01933,PRJ03094,ColourGrade Lagos,Post-Production,22490035,25/03/2022,Paid,
INV00616,PRJ00649,Urban Set Scouts,Location,6154269,2021-01-12,Disputed,
INV03691,PRJ03478,OnDeck Production Staffing,Crew,4639221,09-04-2025,Disputed,
INV09669,PRJ03986,ProGear Nigeria,Equipment Rental,43412525,19 Jun 2022,pending,
INV00333,PRJ01869,URBAN SET SCOUTS,Location,23904695,05-05-2023,Pd,
INV04797,PRJ00703,Reel Edit Studios,Post-Production,10121960,13-12-2021,PAID,
INV06646,PRJ00827,Coastline Property Services,Location,55893363,2022-07-07,PAID,
INV07193,PRJ03511,Stagehand Talent Agency,Talent,3644770,2023-06-28,disputed,
INV00720,PRJ03024,SoundWave Post NG,Post-Production,34900275,25-05-2024,Paid,
INV07140,PRJ01604,OnDeck Production Staffing,Crew,19576064,17-08-2023,Disputed,
INV06049,PRJ03987,Reel Edit Studios,Post-Production,16447894,2024-09-25,pending,
INV01670,PRJ01618,Reel Edit Studios,Post-Production,3556727,18 Jan 2025,Paid,
INV03082,PRJ02365,Naija Faces Casting,Talent,14614053,28-12-2024,PAID,
INV07161,PRJ01548,OnSet Meals NG,Catering,704366,12 Aug 2023,Pd,
INV01572,PRJ01771,OnDeck Production Staffing,Crew,30090202,12/08/2021,Overdue,
INV03930,PRJ01366,Naija Locations Ltd,Location,11292309,25-02-2023,Overdue,
INV05100,PRJ01125,CREW CONNECT NG,Crew,4745100,22/02/2024,paid,
INV03563,PRJ00864,NAIJA FACES CASTING,Talent,34839185,01 Dec 2025,Disputed,
INV05091,PRJ03921,Urban Set Scouts,Location,18937264,2022-02-14,Paid,
INV07325,PRJ03994,Crew Connect NG,Crew,6153857,2024-11-06,PAID,
INV07103,PRJ01563,SoundWave Post NG,Post-Production,17542124,2021-01-23,OVERDUE,
INV05118,PRJ02206,Lagos Grip & Lighting Co,Equipment Rental,1786464,2024-10-21,Overdue,
INV00334,PRJ01869,coastline property services,Location,19949444,23-04-2022,paid,
INV07354,PRJ02129,stagehand talent agency,Talent,22940576,2023-12-24,PAID,
INV06421,PRJ00548,naija locations ltd,Location,15172325,19/06/2022,OVERDUE,
INV05904,PRJ03623,ProGear Nigeria,Equipment Rental,18733079,23/03/2023,Pd,
INV04458,PRJ00372,OnSet Meals NG,Catering,15525947,21-04-2025,Pd,
INV06808,PRJ01309,ProGear Nigeria,Equipment Rental,2633570,24/07/2022,Overdue,
INV02908,PRJ03315,ColourGrade Lagos,Post-Production,19094761,23 Oct 2023,paid,
INV03039,PRJ01595,OnDeck Production Staffing,Crew,13575263,28 Oct 2021,disputed,
INV00626,PRJ03600,stagehand talent agency,Talent,11835322,11-03-2021,disputed,
INV03144,PRJ01219,ProGear Nigeria,Equipment Rental,20183598,05 Dec 2023,disputed,
INV07953,PRJ00575,ONDECK PRODUCTION STAFFING,Crew,3253079,09-01-2024,Pd,
INV00410,PRJ02401,naija locations ltd,Location,6240736,02-07-2025,Overdue,
INV07742,PRJ00121,Coastline Property Services,Location,13796648,18 Sep 2021,PAID,
INV07445,PRJ02165,COLOURGRADE LAGOS,Post-Production,27275909,2025-03-01,OVERDUE,
INV01075,PRJ02775,ProGear Nigeria,Equipment Rental,6068733,06-12-2025,Paid,
INV02326,PRJ00657,Lagos Grip & Lighting Co,Equipment Rental,6114973,01/07/2024,PAID,
INV04008,PRJ03098,Lagos Grip & Lighting Co,Equipment Rental,10644088,10-01-2025,Pd,
INV03806,PRJ03253,Crew Connect NG,Crew,16343680,16 Sep 2022,Pending,
INV02499,PRJ00213,frame & focus equipment,Equipment Rental,3001614,25/06/2023,disputed,
INV04357,PRJ00525,Redline Camera Rentals,Equipment Rental,556942,23-01-2022,Pd,
INV00804,PRJ03823,FRAME & FOCUS EQUIPMENT,Equipment Rental,13680867,23 May 2025,pending,
INV05808,PRJ01510,Naija Faces Casting,Talent,4030817,07/10/2024,PAID,
INV06812,PRJ01309,Urban Set Scouts,Location,22885478,03 Jun 2022,disputed,
INV02311,PRJ02299,Reel Edit Studios,Post-Production,15714827,15 Nov 2021,Paid,
INV04839,PRJ01017,Stagehand Talent Agency,Talent,3121504,27/09/2025,Pending,
INV04238,PRJ03341,colourgrade lagos,Post-Production,5510450,05-12-2023,pending,
INV09457,PRJ02821,Naija Locations Ltd,Location,37926486,04-12-2024,OVERDUE,
INV02769,PRJ00765,Lagos Grip & Lighting Co,Equipment Rental,42265462,20/12/2024,Paid,
INV07255,PRJ01365,ColourGrade Lagos,Post-Production,2256053,02 Mar 2025,Disputed,
INV04997,PRJ01776,Naija Faces Casting,Talent,15808603,17-07-2024,disputed,
INV08082,PRJ00173,SoundWave Post NG,Post-Production,16653599,15/02/2022,disputed,
INV09110,PRJ02012,Naija Locations Ltd,Location,1937624,2023-11-15,disputed,
INV07168,PRJ01435,Urban Set Scouts,Location,35701060,27-04-2023,PAID,
INV08166,PRJ02404,Coastline Property Services,Location,14899780,2025-06-06,disputed,
INV01086,PRJ03717,redline camera rentals,Equipment Rental,5209831,2021-09-15,Pd,
INV05720,PRJ02190,SoundWave Post NG,Post-Production,4939057,13-06-2023,Disputed,
INV04931,PRJ01909,Naija Faces Casting,Talent,10715360,06/06/2025,Paid,
INV01013,PRJ03142,ColourGrade Lagos,Post-Production,2398892,06-09-2022,paid,
INV03382,PRJ00352,Reel Edit Studios,Post-Production,26653285,28 May 2022,Overdue,
INV04787,PRJ03672,Naija Faces Casting,Talent,4736732,24/07/2025,OVERDUE,
INV01730,PRJ01395,ColourGrade Lagos,Post-Production,5841115,10/10/2024,Overdue,
INV05837,PRJ03737,Naija Locations Ltd,Location,38975365,25/02/2024,paid,
INV09209,PRJ03103,Naija Faces Casting,Talent,21020242,24 Feb 2022,paid,
INV03487,PRJ00834,ColourGrade Lagos,Post-Production,2814626,03 Jul 2023,Pd,
INV00663,PRJ02371,Lagos Grip & Lighting Co,Equipment Rental,9200121,02 Dec 2025,OVERDUE,
INV07217,PRJ03767,Crew Connect NG,Crew,28701468,16-05-2023,Pending,
INV09474,PRJ03629,REEL EDIT STUDIOS,Post-Production,448360,2025-04-11,pending,
INV09374,PRJ02189,LAGOS GRIP & LIGHTING CO,Equipment Rental,5039458,19 Feb 2021,Paid,
INV00480,PRJ03034,Crew Connect NG,Crew,329862,20 Sep 2025,Disputed,
INV04151,PRJ03268,Reel Edit Studios,Post-Production,3009821,16/05/2024,disputed,
INV08225,PRJ03660,Naija Locations Ltd,Location,2772550,06 Feb 2021,Pending,
INV04650,PRJ00376,Reel Edit Studios,Post-Production,10127614,2022-09-04,disputed,
INV07082,PRJ03238,Reel Edit Studios,Post-Production,700497,10 Nov 2025,Paid,
INV02828,PRJ03806,Coastline Property Services,Location,5148303,2021-09-02,OVERDUE,
INV08148,PRJ00296,SoundWave Post NG,Post-Production,25501683,23-03-2022,Pd,
INV06156,PRJ01068,COASTLINE PROPERTY SERVICES,Location,9621758,2025-10-08,Pending,
INV04132,PRJ03826,Chop Life Catering,Catering,"NGN 11,921,501",2022-02-06,pending,
INV01776,PRJ02932,Stagehand Talent Agency,Talent,7276707,17/08/2025,disputed,
INV00242,PRJ03075,NAIJA FACES CASTING,Talent,3786000,2024-11-22,Pending,
INV05450,PRJ00668,Naija Faces Casting,Talent,48828084,11-04-2022,Overdue,
INV07922,PRJ00780,Redline Camera Rentals,Equipment Rental,1004543,16/07/2022,Paid,
INV06576,PRJ00813,Urban Set Scouts,Location,13199327,16 May 2024,disputed,
INV01145,PRJ03638,Redline Camera Rentals,Equipment Rental,69555570,2021-07-11,disputed,
INV03657,PRJ01278,Naija Faces Casting,Talent,409697,2021-04-25,Disputed,
INV09424,PRJ02210,Reel Edit Studios,Post-Production,11459732,22 Jan 2021,Pending,
INV07188,PRJ02058,Crew Connect NG,Crew,30960382,03 Jun 2022,Overdue,
INV07785,PRJ02382,Crew Connect NG,Crew,18008722,2021-03-08,disputed,
INV02035,PRJ01113,naija faces casting,Talent,33830189,08/11/2021,PAID,
INV08228,PRJ03374,Stagehand Talent Agency,Talent,47048452,2024-02-02,disputed,
INV09019,PRJ00506,Naija Faces Casting,Talent,59890988,22/10/2023,PAID,
INV08278,PRJ01893,Redline Camera Rentals,Equipment Rental,3906315,2023-09-26,Paid,
INV04064,PRJ03316,NAIJA FACES CASTING,Talent,10762685,18-12-2024,Overdue,
INV09277,PRJ03343,MAMA BISI KITCHEN SERVICES,Catering,2565097,06/06/2025,Overdue,
INV05651,PRJ00744,SoundWave Post,Post-Production,5403679,27 Mar 2022,PAID,
INV05101,PRJ01125,Coastline Property Services,Location,9653146,25/09/2021,pending,
INV00436,PRJ02179,Chop Life Catering,Catering,6389852,06-08-2021,Pending,
INV00326,PRJ01072,Mama Bisi Kitchen Services,Catering,27112069,14 May 2025,PAID,
INV04217,PRJ00303,OnDeck Production Staffing,Crew,25155736,21 Dec 2021,paid,
INV07365,PRJ03993,OnSet Meals NG,Catering,12476446,19-09-2022,disputed,
INV00823,PRJ01334,OnDeck Production Staffing,Crew,8362115,27 Aug 2022,Overdue,
INV08765,PRJ00436,ProGear Nigeria,Equipment Rental,20568557,05/03/2024,disputed,
INV07502,PRJ03978,REEL EDIT STUDIOS,Post-Production,"NGN 3,317,122",20-10-2023,PAID,
INV09540,PRJ00054,Naija Faces Casting,Talent,21342178,2025-01-19,Paid,
INV00004,PRJ03827,Reel Edit Studios,Post-Production,5492822,2024-01-12,disputed,
INV00157,PRJ00819,Mama Bisi Kitchen Services,Catering,974471,18/11/2024,pending,
INV00993,PRJ03521,COLOURGRADE LAGOS,Post-Production,37459530,03/10/2022,Pending,
INV08097,PRJ02466,Mama Bisi Kitchen Services,Catering,6315133,2021-11-15,disputed,
INV01249,PRJ00382,Naija Faces Casting,Talent,12448349,17 Dec 2025,Paid,
INV05094,PRJ01900,SoundWave Post NG,Post-Production,17918315,03/07/2021,Overdue,
INV07439,PRJ01255,onset meals ng,Catering,27654894,20-11-2022,Paid,
INV00721,PRJ03024,Mama Bisi Kitchen Services,Catering,3445705,03/12/2023,pending,
INV04830,PRJ00246,chop life catering,Catering,24755203,24/07/2021,Paid,
INV07391,PRJ01232,Redline Camera Rentals,Equipment Rental,6264691,2023-01-07,PAID,
INV03822,PRJ02409,SoundWave Post NG,Post-Production,4071351,25 Oct 2023,pending,
INV03271,PRJ00907,OnDeck Production Staffing,Crew,16470606,2022-12-13,pending,
INV03583,PRJ02184,OnSet Meals NG,Catering,2382050,26 Aug 2022,Paid,
INV00599,PRJ02688,Reel Edit Studios,Post-Production,1667727,24-03-2025,Paid,
INV03258,PRJ03175,ColourGrade Lagos,Post-Production,4825694,17/05/2025,Overdue,
INV00855,PRJ00701,SoundWave Post NG,Post-Production,2431715,07 May 2022,disputed,
INV02087,PRJ01020,SoundWave Post NG,Post-Production,32261751,04/12/2021,PAID,
INV08941,PRJ03821,Urban Set Scouts,Location,"NGN 5,630,288",16/02/2025,pending,
INV03607,PRJ03108,COLOURGRADE LAGOS,Post-Production,45307781,21-11-2021,Pending,
INV06599,PRJ02864,Redline Camera Rentals,Equipment Rental,11127601,12-10-2022,Pending,
INV06507,PRJ02158,Chop Life Catering,Catering,18267346,2024-06-01,Pd,
INV09101,PRJ02078,coastline property services,Location,2531047,06-10-2021,Paid,
INV01426,PRJ00913,Crew Connect NG,Crew,11425723,02/11/2021,Pending,
INV06248,PRJ02325,reel edit studios,Post-Production,12058124,14 Aug 2025,disputed,
INV06479,PRJ03326,Mama Bisi Kitchen Services,Catering,6267824,15-10-2023,paid,
INV04110,PRJ00163,Chop Life Catering,Catering,16374693,16/09/2024,Pd,
INV07718,PRJ03418,Urban Set Scouts,Location,8769452,11-11-2024,Overdue,
INV06030,PRJ02604,ProGear Nigeria,Equipment Rental,1841542,07-11-2023,disputed,
INV06941,PRJ03551,Crew Connect NG,Crew,2532337,20/06/2024,Disputed,
INV07677,PRJ03507,Urban Set Scouts,Location,17858509,2025-07-15,Overdue,
INV09180,PRJ03703,Reel Edit Studios,Post-Production,43186825,09-06-2024,disputed,
INV09704,PRJ01078,Lagos Grip & Lighting Co,Equipment Rental,536261,11 Feb 2023,Pending,
INV09428,PRJ02210,SoundWave Post NG,Post-Production,6163129,2025-06-14,pending,
INV01094,PRJ00025,ColourGrade Lagos,Post-Production,183864,05/07/2022,OVERDUE,
INV04824,PRJ03241,Crew Connect NG,Crew,38759852,04 Aug 2025,disputed,
INV06283,PRJ03016,OnDeck Production Staffing,Crew,5444810,06-02-2024,PAID,
INV09103,PRJ02078,OnDeck Production Staffing,Crew,2957562,02 Dec 2022,disputed,
INV09458,PRJ03906,Mama Bisi Kitchen Services,Catering,36279930,14/05/2022,Pending,
INV05919,PRJ00004,Naija Faces Casting,Talent,60004713,13/12/2021,Disputed,
INV07291,PRJ00110,OnSet Meals NG,Catering,36899160,11/08/2024,PAID,
INV00335,PRJ00829,Crew Connect NG,Crew,53436501,05/07/2025,pending,
INV08124,PRJ02068,Naija Faces Casting,Talent,7913598,2025-02-03,Pd,
INV02618,PRJ02737,Naija Faces Casting,Talent,19657172,02 Oct 2021,Pending,
INV05038,PRJ01545,Urban Set Scouts,Location,2487389,03/02/2021,OVERDUE,
INV08855,PRJ01167,Coastline Property Services,Location,55905,28/11/2024,PAID,
INV02111,PRJ01207,ProGear Nigeria,Equipment Rental,9067867,11/08/2024,paid,
INV02734,PRJ02345,Coastline Property Services,Location,1543361,26/01/2023,disputed,
INV01144,PRJ03638,OnSet Meals NG,Catering,8001618,06 Jan 2024,Disputed,
INV05616,PRJ02142,ProGear,Equipment Rental,25352249,2022-05-01,Pd,
INV00273,PRJ03225,Naija Faces Casting,Talent,7200617,26-06-2024,Disputed,
INV09556,PRJ03770,Urban Set Scouts,Location,4258786,22 Feb 2024,Disputed,
INV04819,PRJ00758,SoundWave Post NG,Post-Production,14849278,2022-07-28,pending,
INV02257,PRJ00936,Coastline Property Services,Location,40317614,08 Oct 2021,Pending,
INV01716,PRJ01322,Stagehand Talent Agency,Talent,13406109,10 Sep 2021,disputed,
INV01562,PRJ01719,Frame & Focus Equipment,Equipment Rental,50244,09 Jul 2021,Pd,
INV05695,PRJ01163,SoundWave Post NG,Post-Production,"NGN 5,356,217",13-02-2022,pending,
INV07115,PRJ03319,Naija Locations Ltd,Location,9089576,2022-04-21,paid,
INV02318,PRJ02141,Redline Camera Rentals,Equipment Rental,9081251,11-09-2022,Overdue,
INV00568,PRJ01511,Crew Connect NG,Crew,59923,01 Feb 2024,paid,
INV02476,PRJ03274,ColourGrade Lagos,Post-Production,15754987,16-01-2025,pending,
INV01365,PRJ02605,Naija Faces Casting,Talent,759050,01-06-2023,OVERDUE,
INV01235,PRJ00630,OnSet Meals NG,Catering,22571221,10 Mar 2025,paid,
INV00073,PRJ00889,Stagehand Talent Agency,Talent,74997094,02 Nov 2024,Paid,
INV06705,PRJ00385,Crew Connect NG,Crew,3447354,24-03-2022,paid,
INV04568,PRJ02374,ColourGrade Lagos,Post-Production,6494857,18 Feb 2021,Paid,
INV05021,PRJ02740,ONSET MEALS NG,Catering,18849617,22 Apr 2024,Overdue,
INV08968,PRJ00267,SoundWave Post NG,Post-Production,4116604,2024-12-06,Pending,
INV08663,PRJ03563,Chop Life Catering,Catering,8309487,21-11-2023,paid,
INV01164,PRJ00428,ProGear Nigeria,Equipment Rental,9523572,07-11-2021,pending,
INV08188,PRJ02145,Urban Set Scouts,Location,36051898,15 Nov 2025,Pd,
INV00617,PRJ01728,Mama Bisi Kitchen Services,Catering,"NGN 7,932,115",07/06/2025,paid,
INV00234,PRJ02813,ProGear Nigeria,Equipment Rental,14447323,21 Aug 2023,OVERDUE,
INV07345,PRJ01191,Coastline Property Services,Location,56042586,15/02/2023,Paid,
INV07596,PRJ03283,Reel Edit Studios,Post-Production,165613,2024-03-25,disputed,
INV07755,PRJ02773,crew connect ng,Crew,7856726,26 Dec 2021,Disputed,
INV00346,PRJ00994,NAIJA FACES CASTING,Talent,1365984,03/01/2021,Overdue,
INV02816,PRJ03159,SoundWave Post NG,Post-Production,2924416,2023-05-01,Overdue,
INV05197,PRJ03021,Urban Set Scouts,Location,2404369,26-08-2025,paid,
INV00625,PRJ03600,Reel Edit Studios,Post-Production,7897904,10/05/2021,Overdue,
INV03470,PRJ02349,NAIJA FACES CASTING,Talent,7426231,27/10/2022,Disputed,
INV07380,PRJ00316,Coastline Property Services,Location,30441902,12/07/2025,Paid,
INV08703,PRJ01652,Naija Faces Casting,Talent,1622228,25/01/2025,PAID,
INV08840,PRJ02182,Naija Faces Casting,Talent,33704639,17 Jun 2025,pending,
INV07214,PRJ03767,Lagos Grip & Lighting Co,Equipment Rental,7448564,2023-08-02,Paid,
INV02361,PRJ02441,frame & focus equipment,Equipment Rental,25023642,15 Jul 2022,Pending,
INV04072,PRJ01466,urban set scouts,Location,1816920,2023-06-21,paid,
INV09584,PRJ01850,ColourGrade Lagos,Post-Production,"NGN 564,235",2025-06-05,Disputed,
INV06372,PRJ01865,soundwave post ng,Post-Production,1428891,13 Sep 2023,OVERDUE,
INV01819,PRJ01552,Urban Set Scouts,Location,11815353,13 Oct 2025,Disputed,
INV04395,PRJ03070,Urban Set Scouts,Location,16311542,18/12/2021,paid,
INV04783,PRJ01310,COASTLINE PROPERTY SERVICES,Location,14656555,26/08/2023,disputed,
INV01283,PRJ03898,Naija Locations Ltd,Location,2011522,04/03/2023,Pending,
INV02607,PRJ02227,Chop Life Catering,Catering,10519933,07/03/2021,PAID,
INV02869,PRJ00831,Redline Camera Rentals,Equipment Rental,10131850,18/10/2024,Pd,
INV00449,PRJ01748,naija locations ltd,Location,2824894,2025-04-08,Pending,
INV00710,PRJ03794,Frame & Focus Equipment,Equipment Rental,18320268,18 Jul 2021,paid,
INV08759,PRJ00844,naija locations ltd,Location,23856537,17 Nov 2025,OVERDUE,
INV00670,PRJ02207,Naija Faces Casting,Talent,5290144,14-12-2022,paid,
INV00986,PRJ00673,ONDECK PRODUCTION STAFFING,Crew,18153263,26 May 2025,pending,
INV03211,PRJ00825,Redline Camera Rentals,Equipment Rental,16038626,04 Jan 2024,disputed,
INV07266,PRJ01516,FRAME & FOCUS EQUIPMENT,Equipment Rental,2833122,22-08-2024,paid,
INV02423,PRJ02801,Mama Bisi Kitchen Services,Catering,3106837,12/12/2024,Paid,
INV09641,PRJ03005,Naija Faces Casting,Talent,13860200,2022-12-23,PAID,
INV03316,PRJ01462,Crew Connect NG,Crew,5280322,2021-12-19,Pd,
INV05973,PRJ00607,Coastline Property Services,Location,19267434,2021-07-01,Pd,
INV05659,PRJ02301,FRAME & FOCUS EQUIPMENT,Equipment Rental,5997282,14-07-2023,PAID,
INV00541,PRJ02895,ProGear,Equipment Rental,12198972,2021-09-05,OVERDUE,
INV00963,PRJ02554,SOUNDWAVE POST NG,Post-Production,30255901,04-04-2021,paid,
INV05420,PRJ03357,Coastline Property Services,Location,60312707,15-05-2023,Pending,
INV03311,PRJ02328,Stagehand Talent Agency,Talent,38016808,02 Apr 2022,pending,
INV01337,PRJ00808,urban set scouts,Location,921544,05 Jan 2025,pending,
INV00697,PRJ03119,STAGEHAND TALENT AGENCY,Talent,16017929,18 Apr 2021,Pd,
INV01169,PRJ00290,Urban Set Scouts,Location,451672,2023-12-22,Overdue,
INV03040,PRJ01595,OnDeck Production Staffing,Crew,3045896,20-12-2024,disputed,
INV00506,PRJ01032,Reel Edit Studios,Post-Production,42305313,10/07/2021,OVERDUE,
INV01884,PRJ01151,Crew Connect NG,Crew,42086312,2025-02-05,disputed,
INV09601,PRJ00824,Chop Life Catering,Catering,6506856,28-07-2025,Disputed,
INV02817,PRJ03159,ColourGrade Lagos,Post-Production,994899,28 Feb 2023,pending,
INV08013,PRJ00356,Urban Set Scouts,Location,22323561,2024-05-06,Pd,
INV03589,PRJ01284,Coastline Property Services,Location,21296165,16 Mar 2024,PAID,
INV07929,PRJ00264,OnSet Meals NG,Catering,18310998,07/02/2023,OVERDUE,
INV02881,PRJ01759,Naija Locations Ltd,Location,18476711,04-01-2022,paid,
INV06845,PRJ03338,Naija Faces Casting,Talent,20644971,19-02-2025,Paid,
INV04971,PRJ00539,Crewnnect,Crew,29737239,08 Apr 2023,Paid,
INV02935,PRJ00361,Urban Set Scouts,Location,28176792,23-08-2024,Overdue,
INV00548,PRJ01886,Naija Locations Ltd,Location,1256080,27-05-2022,disputed,
INV05809,PRJ02780,ProGear Nigeria,Equipment Rental,20489841,27 Nov 2022,pending,
INV09682,PRJ02616,CREW CONNECT NG,Crew,32974320,27/07/2022,Pending,
INV09514,PRJ00830,COLOURGRADE LAGOS,Post-Production,1026288,2021-09-10,PAID,
INV05564,PRJ03649,OnSet Meals NG,Catering,81243299,2021-12-07,Overdue,
INV06267,PRJ01478,ColourGrade Lagos,Post-Production,14660506,09-04-2021,Paid,
INV08782,PRJ02310,progear nigeria,Equipment Rental,16056407,2023-03-20,OVERDUE,
INV08717,PRJ02577,Mama Bisi Kitchen Services,Catering,20741212,24/06/2023,Disputed,
INV03528,PRJ02819,Stagehand Talent Agency,Talent,1023963,01 Mar 2021,Overdue,
INV05499,PRJ03072,OnDeck Production Staffing,Crew,36666535,09/11/2023,OVERDUE,
INV00088,PRJ03547,Crew Connect NG,Crew,31547531,2024-12-18,Disputed,
INV03634,PRJ00628,naija locations ltd,Location,12009756,09 Jun 2022,Overdue,
INV00991,PRJ03797,ColourGrade Lagos,Post-Production,"NGN 15,446,457",2025-12-23,Pd,
INV04686,PRJ02303,Reel Edit Studios,Post-Production,25839092,2025-10-15,PAID,
INV06260,PRJ03422,Stagehand Talent Agency,Talent,12371370,21-06-2025,pending,
INV06611,PRJ00359,Chop Life Catering,Catering,26712643,06 Mar 2021,Pending,
INV04987,PRJ00814,Lagos Grip & Lighting Co,Equipment Rental,3224143,20/12/2024,Pd,
INV04625,PRJ02810,naija faces casting,Talent,24297107,27 Nov 2024,paid,
INV08929,PRJ02046,Crew Connect NG,Crew,2394586,22-07-2024,Pending,
INV04834,PRJ01441,naija locations ltd,Location,17458325,14 Oct 2021,Overdue,
INV03367,PRJ02587,OnDeck Production Staffing,Crew,1211820,17-03-2024,OVERDUE,
INV07297,PRJ00610,Coastline Property Services,Location,3418022,2025-07-19,pending,
INV00540,PRJ00860,Reel Edit Studios,Post-Production,59947027,25-11-2021,pending,
INV09523,PRJ01590,Crew Connect NG,Crew,43429711,11 Sep 2022,disputed,
INV02052,PRJ00496,Coastline Property Services,Location,321276,13 Jan 2022,PAID,
INV01708,PRJ03101,Lagos Grip & Lighting Co,Equipment Rental,15836702,03 Jul 2024,pending,
INV00216,PRJ02683,Naija Faces Casting,Talent,16854030,20 May 2021,OVERDUE,
INV07627,PRJ01299,Chop Life Catering,Catering,30168166,06-03-2023,PAID,
INV05551,PRJ01357,Reel Edit Studios,Post-Production,58972357,18/09/2022,disputed,
INV07898,PRJ02244,soundwave post ng,Post-Production,9465379,04 Apr 2024,Pending,
INV09217,PRJ01544,Reel Edit Studios,Post-Production,21420843,2023-02-15,Paid,
INV06497,PRJ00968,crew connect ng,Crew,32791470,01 May 2025,Pending,
INV02891,PRJ03516,ProGear Nigeria,Equipment Rental,11527316,15 Apr 2022,Overdue,
INV04215,PRJ02792,Frame & Focus Equipment,Equipment Rental,11682473,17 Apr 2025,PAID,
INV08747,PRJ03031,ondeck production staffing,Crew,37417423,06/08/2024,Overdue,
INV06108,PRJ01409,Chop Life Catering,Catering,12733274,20-09-2024,disputed,
INV02388,PRJ00578,Lagos Grip & Lighting Co,Equipment Rental,7182654,2022-11-10,OVERDUE,
INV01544,PRJ03889,redline camera rentals,Equipment Rental,12306820,01/06/2023,pending,
INV03624,PRJ03632,OnSet Meals NG,Catering,8922831,20-10-2023,OVERDUE,
INV04049,PRJ01129,Naija Locations Ltd,Location,59364323,2022-02-08,pending,
INV08607,PRJ00745,Chop Life Catering,Catering,34393443,26 Aug 2022,paid,
INV07329,PRJ00570,Urban Set Scouts,Location,17016431,26/11/2023,disputed,
INV00447,PRJ02047,NAIJA FACES CASTING,Talent,12185963,20 Sep 2021,Pd,
INV04817,PRJ00758,REEL EDIT STUDIOS,Post-Production,21695687,16/11/2022,Pending,
INV01621,PRJ03992,OnSet Meals NG,Catering,3398585,02-11-2023,OVERDUE,
INV06229,PRJ01574,REEL EDIT STUDIOS,Post-Production,30689772,2025-04-21,Overdue,
INV03370,PRJ02321,ColourGrade Lagos,Post-Production,12827734,10 Nov 2024,OVERDUE,
INV06822,PRJ01132,Naija Locations Ltd,Location,54052223,25/09/2025,disputed,
INV01735,PRJ02522,ColourGrade Lagos,Post-Production,3006210,19/01/2025,OVERDUE,
INV05534,PRJ02719,OnSet Meals NG,Catering,3650270,11/10/2021,OVERDUE,
INV01236,PRJ00630,progear nigeria,Equipment Rental,17826965,14/02/2024,Disputed,
INV07779,PRJ02638,Redline Camera Rentals,Equipment Rental,27788001,2022-01-26,PAID,
INV01956,PRJ03252,ProGear Nigeria,Equipment Rental,3937529,12-11-2021,pending,
INV01791,PRJ01059,Stagehand Talent Agency,Talent,5845801,17/12/2024,Pending,
INV05622,PRJ00128,Stagehand Talent Agency,Talent,2827717,2023-10-18,Pending,
INV07478,PRJ03472,Stagehand Talent Agency,Talent,31471694,03-06-2021,Pd,
INV08909,PRJ03951,Naija Locations,Location,13866862,2023-09-23,Overdue,
INV03241,PRJ02841,Crew Connect NG,Crew,6522519,2021-10-20,Pd,
INV05860,PRJ03456,OnDeck Production Staffing,Crew,3359568,2025-07-20,OVERDUE,
INV02854,PRJ00898,reel edit studios,Post-Production,12974381,24/10/2024,OVERDUE,
INV01555,PRJ01415,Naija Faces Casting,Talent,33704911,19/12/2025,PAID,
INV08321,PRJ03152,Crew Connect NG,Crew,20098003,28-05-2022,PAID,
INV06869,PRJ02950,OnSet Meals NG,Catering,11579427,2023-06-02,Paid,
INV08136,PRJ03789,Mama Bisi Kitchen Services,Catering,52543898,28/12/2023,disputed,
INV09726,PRJ01687,Naija Faces Casting,Talent,22845521,2023-12-24,Pending,
INV00123,PRJ02411,lagos grip & lighting co,Equipment Rental,9151147,09/03/2021,paid,
INV07223,PRJ02329,Coastline Property Services,Location,14266897,2021-12-10,Pending,
INV03465,PRJ01921,NAIJA FACES CASTING,Talent,1322001,27-04-2025,pending,
INV03529,PRJ02819,Crew Connect NG,Crew,4160000,17 Jan 2021,pending,
INV07014,PRJ03158,REEL EDIT STUDIOS,Post-Production,10169391,22-07-2024,OVERDUE,
INV01860,PRJ01800,ColourGrade Lagos,Post-Production,116581,18 Sep 2021,OVERDUE,
INV05303,PRJ03286,Reel Edit Studios,Post-Production,"NGN 2,787,084",2022-06-10,OVERDUE,
INV02332,PRJ03156,ColourGrade Lagos,Post-Production,73786284,22 Sep 2021,pending,
INV07518,PRJ00520,ColourGrade Lagos,Post-Production,26782577,2025-01-01,paid,
INV01569,PRJ02817,Chop Life Catering,Catering,13262823,04-06-2021,Disputed,
INV06724,PRJ03182,Frame & Focus Equipment,Equipment Rental,51045204,2022-04-10,Paid,
INV02605,PRJ02227,Reel Edit Studios,Post-Production,6197940,14/07/2023,OVERDUE,
INV02782,PRJ01931,Stagehand Talent Agency,Talent,1088880,27-03-2021,disputed,
INV05717,PRJ03043,Reel Edit Studios,Post-Production,29514087,2025-04-08,PAID,
INV04848,PRJ02854,COASTLINE PROPERTY SERVICES,Location,20962119,27-05-2024,paid,
INV00651,PRJ03300,lagos grip & lighting co,Equipment Rental,4897814,16/12/2023,paid,
INV08751,PRJ01118,Crew Connect NG,Crew,25949503,2023-10-23,paid,
INV09137,PRJ01839,frame & focus equipment,Equipment Rental,1328265,07 Aug 2022,Pending,
INV06690,PRJ01367,Frame & Focus Equipment,Equipment Rental,"NGN 29,780,805",15/10/2023,Overdue,
INV01846,PRJ01811,lagos grip & lighting co,Equipment Rental,12134896,2024-02-03,OVERDUE,
INV04699,PRJ02815,stagehand talent agency,Talent,27056359,2025-07-12,disputed,
INV00958,PRJ00177,SoundWave Post NG,Post-Production,25514690,24/10/2022,Pd,
INV06641,PRJ02393,mama bisi kitchen services,Catering,"NGN 19,654,550",2022-07-15,disputed,
INV06411,PRJ00604,OnSet Meals,Catering,27239745,17/01/2023,OVERDUE,
INV02438,PRJ01328,CREW CONNECT NG,Crew,31835751,23/07/2021,Overdue,
INV09577,PRJ01998,Mama Bisi Kitchen Services,Catering,11228346,10-07-2024,Disputed,
INV05001,PRJ00258,Lagos Grip & Lighting Co,Equipment Rental,28955108,2024-07-13,Disputed,
INV02152,PRJ03680,Urban Set Scouts,Location,10321320,25-05-2024,Overdue,
INV00521,PRJ00253,Redline Camera Rentals,Equipment Rental,3857262,14/03/2025,pending,
INV01358,PRJ01210,Lagos Grip & Lighting Co,Equipment Rental,1656580,22-07-2025,paid,
INV09706,PRJ00803,Reel Edit Studios,Post-Production,1736656,2022-12-12,pending,
INV03030,PRJ01084,Chop Life Catering,Catering,34022577,26 Dec 2023,Pending,
INV09268,PRJ01450,OnDeck Production Staffing,Crew,3844929,08/11/2025,Pd,
INV07333,PRJ02763,Coastline Property Services,Location,13322181,2024-07-17,Overdue,
INV07268,PRJ01516,Redline Camera Rentals,Equipment Rental,1994535,01 Mar 2024,Paid,
INV04245,PRJ02519,soundwave post ng,Post-Production,2711044,2022-05-09,pending,
INV02207,PRJ01897,OnSet Meals,Catering,6037522,01 Nov 2022,Pd,
INV01057,PRJ00543,OnDeck Production Staffing,Crew,26614781,19/04/2022,PAID,
INV01657,PRJ00195,chop life catering,Catering,30354972,2021-10-07,Overdue,
INV02723,PRJ01755,Chop Life Catering,Catering,3885591,18 Apr 2024,Pending,
INV00941,PRJ03566,CREW CONNECT NG,Crew,6820996,15/03/2025,pending,
INV09576,PRJ01998,Naija Faces Casting,Talent,15458631,11-09-2022,OVERDUE,
INV09588,PRJ00972,ColourGrade Lagos,Post-Production,11422169,06/04/2025,Pd,
INV05290,PRJ03653,OnSet Meals NG,Catering,42266797,03/11/2022,disputed,
INV09449,PRJ02312,Crew Connect NG,Crew,999167,2021-12-16,paid,
INV07750,PRJ03254,Mama Bisi Kitchen Services,Catering,14021736,2024-03-12,Pending,
INV09477,PRJ03629,Mama Bisi Kitchen Services,Catering,8135111,25/03/2021,disputed,
INV06244,PRJ01767,stagehand talent agency,Talent,9021869,2023-09-14,Disputed,
INV08203,PRJ00168,Redline Camera Rentals,Equipment Rental,31375014,19 May 2023,OVERDUE,
INV04304,PRJ01735,OnDeck Production Staffing,Crew,9649950,20/09/2025,Disputed,
INV02531,PRJ03083,Naija Faces Casting,Talent,2849460,19 Mar 2025,Disputed,
INV04915,PRJ01103,CHOP LIFE CATERING,Catering,8053916,20/04/2025,OVERDUE,
INV06013,PRJ02569,ONDECK PRODUCTION STAFFING,Crew,10508243,11 Feb 2023,Pending,
INV09404,PRJ03174,Stagehand Talent Agency,Talent,35751295,2024-11-05,Pending,
INV01051,PRJ02269,OnDeck Production Staffing,Crew,15236045,10 May 2024,Overdue,
INV09444,PRJ03412,Urban Set Scouts,Location,23001344,28/10/2025,OVERDUE,
INV09688,PRJ03450,Crew Connect NG,Crew,10697455,03-04-2021,Overdue,
INV06951,PRJ03690,Chop Life Catering,Catering,554900,02 Mar 2021,pending,
INV05736,PRJ01123,Reel Edit Studios,Post-Production,11787348,26 Jul 2025,paid,
INV00143,PRJ01885,Naija Faces Casting,Talent,1586949,2022-11-04,PAID,
INV06672,PRJ02582,crew connect ng,Crew,24509248,01/10/2022,Paid,
INV09279,PRJ03343,Coastline Property Services,Location,14775830,15-11-2021,disputed,
INV05066,PRJ00093,Naija Faces Casting,Talent,16492540,13/01/2022,Disputed,
INV07902,PRJ00594,Coastline Property Services,Location,11028902,21-02-2022,Overdue,
INV08343,PRJ02009,Stagehand Talent Agency,Talent,58806398,26/05/2024,Disputed,
INV04310,PRJ02011,Lagos Grip & Lighting Co,Equipment Rental,15113009,14/11/2022,Overdue,
INV05431,PRJ03931,urban set scouts,Location,20422288,17 Dec 2022,PAID,
INV09097,PRJ03592,ColourGrade Lagos,Post-Production,"NGN 6,621,154",2021-11-13,Paid,
INV04367,PRJ02667,Redline Camera Rentals,Equipment Rental,3792163,28-02-2023,disputed,
INV05625,PRJ02131,Crew Connect NG,Crew,18153656,19/01/2022,Pd,
INV03604,PRJ03620,Naija Faces Casting,Talent,18428878,04/08/2022,Overdue,
INV06787,PRJ03276,Reel Edit Studios,Post-Production,178771,24/04/2025,disputed,
INV01168,PRJ00290,OnSet Meals NG,Catering,29113265,06-09-2025,Pd,
INV02461,PRJ01646,OnDeck Production Staffing,Crew,34475801,2023-10-26,OVERDUE,
INV03726,PRJ00783,Redline Camera Rentals,Equipment Rental,5732411,23-11-2021,OVERDUE,
INV09411,PRJ02061,MAMA BISI KITCHEN SERVICES,Catering,21705033,03/12/2022,pending,
INV01941,PRJ03887,OnDeck Production Staffing,Crew,42866141,13 Sep 2024,OVERDUE,
INV07264,PRJ00011,soundwave post ng,Post-Production,1233046,24 Sep 2024,Pd,
INV05951,PRJ00026,Frame & Focus Equipment,Equipment Rental,6065466,2021-04-13,Pending,
INV02073,PRJ01792,ColourGrade Lagos,Post-Production,4785272,23-04-2021,Pending,
INV03275,PRJ00170,Crew Connect NG,Crew,58034566,2025-11-02,pending,
INV09157,PRJ03481,Stagehand Talent Agency,Talent,10904816,06-02-2022,Pending,
INV05105,PRJ01524,OnSet Meals NG,Catering,8219630,25/12/2025,Disputed,
INV00169,PRJ03503,Coastline Property Services,Location,2072443,22 Jan 2023,Overdue,
INV05742,PRJ02350,ProGear Nigeria,Equipment Rental,36906247,15 Mar 2023,disputed,
INV07682,PRJ03670,Frame & Focus Equipment,Equipment Rental,30435626,2025-12-13,paid,
INV07205,PRJ03239,Urban Set Scouts,Location,24863854,26 Sep 2023,Pending,
INV04031,PRJ02493,Redline Camera Rentals,Equipment Rental,62409709,08-09-2024,disputed,
INV08974,PRJ00113,OnSet Meals,Catering,6059510,2023-12-17,paid,
INV08018,PRJ02278,soundwave post ng,Post-Production,17380894,28-12-2023,Overdue,
INV06320,PRJ02366,Lagos Grip & Lighting Co,Equipment Rental,25590214,26/05/2021,pending,
INV06612,PRJ03530,Redline Camera Rentals,Equipment Rental,5713145,04 Dec 2021,OVERDUE,
INV05952,PRJ00026,OnSet Meals NG,Catering,19258756,17 Jul 2025,pending,
INV01667,PRJ01591,Stagehand Talent Agency,Talent,42820359,2024-09-23,Disputed,
INV02101,PRJ00027,Urban Set Scouts,Location,19377579,2021-01-04,OVERDUE,
INV03576,PRJ03027,Mama Bisi Kitchen Services,Catering,11610407,22/11/2024,Pending,
INV01107,PRJ02838,Chop Life Catering,Catering,31568518,2023-03-04,disputed,
INV00701,PRJ01564,Crew Connect NG,Crew,51610564,2023-10-03,disputed,
INV00561,PRJ00045,REEL EDIT STUDIOS,Post-Production,39281744,07/05/2025,OVERDUE,
INV06167,PRJ03709,Naija Faces Casting,Talent,31720688,05/02/2021,Pending,
INV08051,PRJ01779,OnSet Meals NG,Catering,"NGN 41,217,867",2022-05-06,paid,
INV08204,PRJ00020,chop life catering,Catering,6472550,11 Jan 2023,Pd,
INV07802,PRJ03999,chop life catering,Catering,28178837,04 Oct 2023,disputed,
INV04122,PRJ02464,ProGear Nigeria,Equipment Rental,17978771,2021-07-14,disputed,
INV00485,PRJ03227,OnSet Meals NG,Catering,12339572,2023-08-10,paid,
INV05910,PRJ03949,Chop Life Catering,Catering,9366040,09-05-2025,pending,
INV04176,PRJ03217,SoundWave Post NG,Post-Production,48251116,19 Jan 2022,pending,
INV06246,PRJ01767,OnDeck Production Staffing,Crew,50550135,17/01/2024,OVERDUE,
INV03426,PRJ02149,Frame & Focus Equipment,Equipment Rental,21177778,2025-09-09,Disputed,
INV03940,PRJ02621,Naija Locations Ltd,Location,54526504,2023-11-18,Disputed,
INV02196,PRJ01438,ColourGrade Lagos,Post-Production,768669,17-03-2021,Paid,
INV02445,PRJ03945,Redline Camera Rentals,Equipment Rental,1218189,14-09-2021,PAID,
INV08331,PRJ00756,colourgrade lagos,Post-Production,8517390,01 Oct 2024,Overdue,
INV05487,PRJ03702,Naija Faces Casting,Talent,22911094,02-07-2025,Disputed,
INV02151,PRJ03680,ColourGrade Lagos,Post-Production,15505882,07-02-2023,disputed,
INV09317,PRJ01457,Crew Connect NG,Crew,12217558,2023-07-06,PAID,
INV05089,PRJ03921,CREW CONNECT NG,Crew,915338,10 Apr 2023,Paid,
INV05884,PRJ03907,COLOURGRADE LAGOS,Post-Production,3592021,07-05-2023,pending,
INV06907,PRJ00086,OnSet Meals NG,Catering,19482838,2023-02-16,disputed,
INV05157,PRJ02448,Redline Camera Rentals,Equipment Rental,3813379,08-05-2023,Overdue,
INV05501,PRJ02790,Stagehand Talent Agency,Talent,19137401,04 Oct 2025,Pd,
INV07410,PRJ03048,SoundWave Post NG,Post-Production,16111585,13 Aug 2023,pending,
INV05082,PRJ02155,Naija Locations Ltd,Location,22704403,2025-10-17,disputed,
INV02977,PRJ01978,Naija Faces Casting,Talent,4150763,01/06/2024,Pending,
INV08490,PRJ01319,Reel Edit Studios,Post-Production,13379160,2023-04-26,PAID,
INV07418,PRJ03610,NAIJA LOCATIONS LTD,Location,1183590,01/01/2025,Overdue,
INV08870,PRJ01044,Stagehand Talent Agency,Talent,2003474,2024-12-25,paid,
INV08291,PRJ00516,OnDeck Production Staffing,Crew,547074,2021-03-12,Overdue,
INV06324,PRJ03046,OnSet Meals NG,Catering,3096781,05-04-2022,OVERDUE,
INV05278,PRJ00865,Frame & Focus Equipment,Equipment Rental,9709405,04 Jun 2025,PAID,
INV07003,PRJ02551,Mama Bisi Kitchen Services,Catering,10945561,04/11/2022,OVERDUE,
INV04622,PRJ02810,chop life catering,Catering,1626911,11/05/2022,paid,
INV09593,PRJ01857,Naija Faces Casting,Talent,17164709,2023-10-08,Overdue,
INV05382,PRJ03460,Coastline Property Services,Location,2525194,13-05-2023,Overdue,
INV04037,PRJ02072,Stagehand Talent Agency,Talent,7116456,05/06/2022,Pd,
INV05139,PRJ00572,OnSet Meals NG,Catering,29237288,20-07-2022,Paid,
INV08067,PRJ00597,OnDeck Production Staffing,Crew,18611141,27-06-2021,Pd,
INV08273,PRJ02753,Reel Edit Studios,Post-Production,8039550,21-11-2024,paid,
INV02783,PRJ01931,Naija Faces Casting,Talent,3950889,04-08-2024,pending,
INV04742,PRJ01992,SoundWave Post NG,Post-Production,12998529,15 Apr 2025,Disputed,
INV02296,PRJ03659,Lagos Grip & Lighting Co,Equipment Rental,3994466,09/03/2022,Overdue,
INV05166,PRJ00212,lagos grip & lighting co,Equipment Rental,48260327,08/12/2021,pending,
INV00882,PRJ03064,Stagehand Talent Agency,Talent,3800747,19-05-2023,Pending,
INV04256,PRJ01236,ONDECK PRODUCTION STAFFING,Crew,6028183,20 Dec 2022,Overdue,
INV07769,PRJ01036,Crew Connect NG,Crew,13327581,21-02-2023,Disputed,
INV08804,PRJ03257,Crew Connect NG,Crew,26620325,23/04/2022,Overdue,
INV06164,PRJ03709,Mama Bisi Kitchen Services,Catering,16540985,2023-06-18,paid,
INV08577,PRJ03968,OnDeck Production Staffing,Crew,29759274,10-10-2022,Overdue,
INV02209,PRJ01897,Urban Set Scouts,Location,34903146,2021-03-12,Overdue,
INV02585,PRJ00435,urban set scouts,Location,9208985,14-02-2024,Pd,
INV02335,PRJ00487,URBAN SET SCOUTS,Location,21288168,26/06/2022,Pending,
INV00272,PRJ02483,Coastline Property Services,Location,60438885,07-01-2023,Pending,
INV06029,PRJ02604,Reel Edit Studios,Post-Production,5248068,24/04/2025,PAID,
INV09201,PRJ01708,Mama Bisi Kitchen Services,Catering,25479477,21/10/2025,Paid,
INV01332,PRJ03651,reel edit studios,Post-Production,33479463,14 Aug 2023,paid,
INV02799,PRJ00659,Lagos Grip & Lighting Co,Equipment Rental,38272069,03 Apr 2021,Pd,
INV05961,PRJ00021,LAGOS GRIP & LIGHTING CO,Equipment Rental,3881358,02-01-2023,OVERDUE,
INV02415,PRJ03411,Crew Connect NG,Crew,1569904,2025-10-14,PAID,
INV04375,PRJ02367,Frame & Focus Equipment,Equipment Rental,12815104,03-03-2023,disputed,
INV06644,PRJ00827,OnDeck Production Staffing,Crew,5933118,2022-03-06,disputed,
INV05332,PRJ02757,Coastline Property Services,Location,16883738,02 Oct 2022,Pending,
INV01299,PRJ02052,Reel Edit Studios,Post-Production,18409223,2024-04-27,Overdue,
INV08114,PRJ03209,Reel Edit Studios,Post-Production,5566662,2024-04-08,Pd,
INV04606,PRJ02234,Urban Set Scouts,Location,41001429,27 Jan 2022,disputed,
INV08463,PRJ01333,ondeck production staffing,Crew,10254259,09-11-2021,Overdue,
INV05554,PRJ00257,OnDeck Production Staffing,Crew,26981722,21/02/2024,Disputed,
INV02399,PRJ02823,Naija Faces Casting,Talent,73826394,08 Mar 2025,Paid,
INV05277,PRJ00865,Crew Connect NG,Crew,21642798,03 Feb 2024,Pending,
INV01703,PRJ02509,FRAME & FOCUS EQUIPMENT,Equipment Rental,5306474,03 Jul 2022,Pd,
INV00990,PRJ03797,Urban Set Scouts,Location,422522,2024-05-14,PAID,
INV05293,PRJ03489,OnDeck Production Staffing,Crew,28436322,2022-03-28,Pd,
INV01947,PRJ03771,OnDeck Production Staffing,Crew,18122094,2021-06-13,paid,
INV03093,PRJ01704,OnSet Meals NG,Catering,2727649,28 Jan 2025,Paid,
INV05194,PRJ00070,Urban Set Scouts,Location,22756400,21-08-2022,OVERDUE,
INV03110,PRJ03277,Naija Faces Casting,Talent,7646543,2025-12-03,Paid,
INV00365,PRJ03245,OnDeck Production Staffing,Crew,10590171,2023-10-14,paid,
INV00379,PRJ00598,colourgrade lagos,Post-Production,4396756,11 Jul 2023,Paid,
INV04333,PRJ00143,ColourGrade Lagos,Post-Production,12761224,2023-10-04,Disputed,
INV03411,PRJ01655,Naija Faces Casting,Talent,42711915,2025-12-22,Pending,
INV05306,PRJ03286,Crew Connect NG,Crew,"NGN 2,363,063",07-02-2025,disputed,
INV09254,PRJ02778,ColourGrade Lagos,Post-Production,44557048,01 Jan 2023,Paid,
INV09205,PRJ03103,Stagehand Talent Agency,Talent,7337744,2022-01-04,paid,
INV07900,PRJ00594,Stagehand Talent Agency,Talent,40531187,2022-10-19,pending,
INV06843,PRJ03338,Coastline Property Services,Location,"NGN 16,618,906",11-07-2025,PAID,
INV01983,PRJ03497,ondeck production staffing,Crew,"NGN 34,503,554",10 May 2025,OVERDUE,
INV09763,PRJ09999,Naija Faces Casting,Talent,5874587,08/02/2025,OVERDUE,
INV04902,PRJ03141,Chop Life Catering,Catering,416010,24/08/2023,PAID,
INV01340,PRJ03230,MAMA BISI KITCHEN SERVICES,Catering,6289058,2021-04-22,Pending,
INV09059,PRJ00130,lagos grip & lighting co,Equipment Rental,65211342,06/02/2022,Pending,
INV06169,PRJ00456,crew connect ng,Crew,16364158,2021-01-21,Overdue,
INV04313,PRJ00458,CREW CONNECT NG,Crew,41322150,19 Jul 2024,Paid,
INV08826,PRJ00066,REDLINE CAMERA RENTALS,Equipment Rental,7223932,2025-02-10,Disputed,
INV01129,PRJ03329,Naija Locations,Location,9569983,2025-10-07,PAID,
INV07105,PRJ01563,Coastline Property Services,Location,6130941,2024-09-12,Overdue,
INV07538,PRJ01464,Urban Set Scouts,Location,23143167,18/10/2023,Pending,
INV00019,PRJ00509,Naija Faces Casting,Talent,12079169,17-04-2025,Pd,
INV07245,PRJ00842,LAGOS GRIP & LIGHTING CO,Equipment Rental,14309563,05-03-2024,PAID,
INV06412,PRJ00604,OnSet Meals NG,Catering,18848055,06 Sep 2023,Pd,
INV03565,PRJ00864,Reel Edit Studios,Post-Production,"NGN 16,877,152",05-07-2021,Pd,
INV01304,PRJ00851,Naija Locations Ltd,Location,12997138,22/10/2024,pending,
INV08200,PRJ00168,ProGear Nigeria,Equipment Rental,5848241,04 Sep 2023,paid,
INV04992,PRJ02540,Reel Edit Studios,Post-Production,78700163,2022-02-17,paid,
INV06634,PRJ02036,Crew Connect NG,Crew,8931218,15-03-2025,PAID,
INV04089,PRJ02681,reel edit studios,Post-Production,39451163,09 Mar 2021,Disputed,
INV04738,PRJ03023,Stagehand Talent Agency,Talent,4711064,05-05-2022,Pd,
INV09765,PRJ07777,OnDeck Production Staffing,Crew,29395507,10 Jul 2023,paid,
INV02329,PRJ01757,COLOURGRADE LAGOS,Post-Production,41506729,16/04/2023,Paid,
INV08831,PRJ00888,Coastline Property Services,Location,4327440,26/06/2022,pending,
INV07892,PRJ02905,Stagehand Talent Agency,Talent,3759953,2023-05-13,disputed,
INV04124,PRJ02464,lagos grip & lighting co,Equipment Rental,36890833,22-11-2023,OVERDUE,
INV06453,PRJ00247,Mama Bisi Kitchen Services,Catering,5692586,20/06/2022,Paid,
INV07331,PRJ02763,MAMA BISI KITCHEN SERVICES,Catering,2726348,15 Nov 2021,Pending,
INV02411,PRJ03701,Crew Connect NG,Crew,11773876,2025-01-13,Pending,
INV05498,PRJ03072,ONDECK PRODUCTION STAFFING,Crew,36992364,2022-05-24,paid,
INV06255,PRJ03519,Urban Set Scouts,Location,883215,2022-04-07,Overdue,
INV09193,PRJ01682,Stagehand Talent Agency,Talent,792625,2023-01-17,Paid,
INV01470,PRJ03081,Frame & Focus Equipment,Equipment Rental,16755763,2025-06-19,Pending,
INV07041,PRJ01714,OnDeck Production Staffing,Crew,8807339,2023-05-10,disputed,
INV04340,PRJ00568,OnDeck Production Staffing,Crew,4913504,2022-02-23,PAID,
INV01020,PRJ00185,Reel Edit Studios,Post-Production,46051438,15 Dec 2024,PAID,
INV07853,PRJ01526,Naija Locations Ltd,Location,8818202,19/12/2025,Pending,
INV01204,PRJ01263,Redline Camera Rentals,Equipment Rental,15903975,08-06-2022,Paid,
INV00251,PRJ03824,Stagehand Talent Agency,Talent,3115730,25/01/2021,Disputed,
INV01549,PRJ02173,OnSet Meals NG,Catering,22324146,03-08-2022,pending,
INV08954,PRJ03080,SoundWave Post NG,Post-Production,4261264,06 Apr 2024,paid,
INV05333,PRJ02757,Stagehand Talent Agency,Talent,21077872,17/08/2021,Overdue,
INV08174,PRJ00719,Lagos Grip & Lighting Co,Equipment Rental,9755792,06-07-2024,Overdue,
INV08999,PRJ03677,Chop Life Catering,Catering,"NGN 5,730,924",04/01/2024,Disputed,
INV02046,PRJ02851,Naija Faces Casting,Talent,1717377,11/08/2025,OVERDUE,
INV09359,PRJ00660,Stagehand Talent Agency,Talent,20676851,14 Mar 2023,OVERDUE,
INV09732,PRJ01868,OnDeck Production Staffing,Crew,37731,2025-11-24,Pd,
INV02115,PRJ03102,Frame & Focus Equipment,Equipment Rental,9138443,04-05-2022,PAID,
INV04154,PRJ00200,Reel Edit Studios,Post-Production,"NGN 9,297,776",04-08-2024,disputed,
INV00045,PRJ00131,SoundWave Post NG,Post-Production,"NGN 36,776,556",06-01-2023,PAID,
INV08939,PRJ03821,OnDeck Production Staffing,Crew,287558,19-01-2021,pending,
INV08458,PRJ01550,Frame & Focus Equipment,Equipment Rental,14742183,20 Jul 2021,Pd,
INV05981,PRJ01607,OnSet Meals NG,Catering,54066776,03-09-2023,Paid,
INV05823,PRJ02215,Stagehand Talent Agency,Talent,321793,24/02/2024,Paid,
INV00869,PRJ02990,FRAME & FOCUS EQUIPMENT,Equipment Rental,4776160,18-07-2022,Paid,
INV07440,PRJ01255,OnSet Meals NG,Catering,17223788,07-12-2023,paid,
INV03650,PRJ03643,Urban Set Scouts,Location,5920996,02 Oct 2024,Disputed,
INV06033,PRJ00244,crew connect ng,Crew,19663217,2024-07-06,OVERDUE,
INV02010,PRJ03431,Mama Bisi Kitchen Services,Catering,8379940,23/04/2021,paid,
INV03011,PRJ00634,Urban Set Scouts,Location,4412401,10/01/2025,Overdue,
INV01894,PRJ00500,Urban Set Scouts,Location,11187792,17 May 2025,Paid,
INV06037,PRJ02334,OnDeck Production Staffing,Crew,11386146,07/11/2022,paid,
INV00056,PRJ01807,Reel Edit Studios,Post-Production,28952510,22 May 2023,disputed,
INV06858,PRJ01667,Naija Faces Casting,Talent,21748058,16/05/2021,paid,
INV01189,PRJ02922,Frame & Focus Equipment,Equipment Rental,4759890,14/01/2024,Disputed,
INV07368,PRJ03281,Lagos Grip & Lighting Co,Equipment Rental,"NGN 7,519,842",14-02-2022,PAID,
INV06668,PRJ00298,OnDeck Production Staffing,Crew,3211696,2025-12-06,PAID,
INV02534,PRJ00188,CHOP LIFE CATERING,Catering,47109225,03-12-2022,disputed,
INV09017,PRJ03442,COLOURGRADE LAGOS,Post-Production,8380003,2021-07-14,Pending,
INV06483,PRJ02580,OnDeck Production Staffing,Crew,19339291,10 Mar 2024,Overdue,
INV04413,PRJ00235,ProGear Nigeria,Equipment Rental,3350657,28-10-2024,Paid,
INV02584,PRJ00435,OnSet Meals NG,Catering,1814840,2022-06-13,pending,
INV00690,PRJ01226,Crew Connect NG,Crew,164329,20-06-2023,OVERDUE,
INV02930,PRJ02290,Chop Life Catering,Catering,32355883,09-07-2022,Pd,
INV02986,PRJ02457,Naija Locations Ltd,Location,92092,11-04-2022,Paid,
INV06225,PRJ00459,OnDeck Production Staffing,Crew,25247670,21-09-2021,Overdue,
INV07414,PRJ00081,OnSet Meals NG,Catering,19255599,27-12-2022,pending,
INV05262,PRJ01014,ColourGrade Lagos,Post-Production,61196368,18 Aug 2021,Disputed,
INV02250,PRJ03567,ProGear Nigeria,Equipment Rental,18395696,06/01/2021,Overdue,
INV05983,PRJ01296,ColourGrade Lagos,Post-Production,68289979,2021-12-24,Pd,
INV07422,PRJ03610,Mama Bisi Kitchen Services,Catering,14228128,07/02/2021,paid,
INV02496,PRJ02348,Naija Faces Casting,Talent,1495963,2021-11-03,Pd,
INV05403,PRJ01636,Stagehand Talent Agency,Talent,950895,2024-07-27,paid,
INV05435,PRJ02180,OnSet Meals NG,Catering,6937247,15 Dec 2024,OVERDUE,
INV06741,PRJ02305,Reel Edit Studios,Post-Production,43803736,07-06-2022,pending,
INV07277,PRJ03118,Reel Edit Studios,Post-Production,18675963,23/10/2025,Overdue,
INV04560,PRJ01085,Frame & Focus Equipment,Equipment Rental,15278194,01 Dec 2022,pending,
INV03235,PRJ03535,soundwave post ng,Post-Production,8287958,2024-05-16,OVERDUE,
INV07636,PRJ00266,Coastline Property Services,Location,41276165,2021-05-27,Pending,
INV04838,PRJ01017,frame & focus equipment,Equipment Rental,21762012,04-08-2022,Pd,
INV04012,PRJ00730,LAGOS GRIP & LIGHTING CO,Equipment Rental,49978037,08/05/2021,paid,
INV05184,PRJ03166,FRAME & FOCUS EQUIPMENT,Equipment Rental,68877508,26-02-2022,Pending,
INV07584,PRJ00154,Crew Connect NG,Crew,35670619,04 Apr 2025,Pd,
INV06126,PRJ01587,REEL EDIT STUDIOS,Post-Production,2884066,03 Dec 2024,OVERDUE,
INV04703,PRJ02705,Chop Life Catering,Catering,6871736,11-02-2025,OVERDUE,
INV01960,PRJ02335,OnSet Meals NG,Catering,3069176,28 Jan 2025,PAID,
INV03178,PRJ00041,ProGear Nigeria,Equipment Rental,2282489,2023-06-28,paid,
INV01296,PRJ00688,Coastline Property Services,Location,51248368,12/06/2023,paid,
INV05543,PRJ01503,crew connect ng,Crew,53388162,10-02-2024,OVERDUE,
INV02979,PRJ01978,ProGear Nigeria,Equipment Rental,2056840,26/08/2022,Paid,
INV02276,PRJ02768,LAGOS GRIP & LIGHTING CO,Equipment Rental,18163630,22/10/2022,paid,
INV04687,PRJ02303,Reel Edit Studios,Post-Production,21032192,24-03-2021,PAID,
INV05565,PRJ02124,OnDeck Production Staffing,Crew,12081316,18 Apr 2024,Pd,
INV00314,PRJ03899,MAMA BISI KITCHEN SERVICES,Catering,"NGN 3,362,640",2024-06-10,Paid,
INV04592,PRJ00997,OnDeck Production Staffing,Crew,"NGN 19,637,405",09-06-2022,Disputed,
INV08567,PRJ01024,OnDeck Production Staffing,Crew,4808860,12 Jul 2021,OVERDUE,
INV04736,PRJ03023,OnSet Meals NG,Catering,"NGN 5,418,996",2023-08-20,Overdue,
INV08258,PRJ00174,Crew Connect NG,Crew,32265814,03-02-2025,paid,
INV06059,PRJ01380,SoundWave Post NG,Post-Production,18367437,02/08/2022,pending,
INV06000,PRJ02478,Naija Faces Casting,Talent,15623484,18 Feb 2023,pending,
INV04479,PRJ00074,Crew Connect NG,Crew,9611996,23 Jun 2025,Pd,
INV02395,PRJ02266,Crew Connect NG,Crew,19476016,2025-07-16,Paid,
INV01695,PRJ01720,Coastline Property Services,Location,25741201,20/08/2022,Pd,
INV04563,PRJ02461,Coastline Property Services,Location,3076683,04-08-2023,paid,
INV03527,PRJ02819,OnSet Meals NG,Catering,"NGN 4,423,100",2024-03-01,OVERDUE,
INV03341,PRJ01108,ondeck production staffing,Crew,39316626,03 Dec 2025,OVERDUE,
INV07951,PRJ00575,OnDeck Production Staffing,Crew,"NGN 390,615",18/01/2021,Pending,
INV04456,PRJ03855,Stagehand Talent Agency,Talent,13697311,15/09/2021,disputed,
INV05122,PRJ00111,Chop Life Catering,Catering,28336544,2024-11-13,Pending,
INV07031,PRJ00350,Crew Connect NG,Crew,3320031,2025-09-02,Overdue,
INV00608,PRJ02654,chop life catering,Catering,3127573,2023-11-21,pending,
INV00135,PRJ03811,Frame & Focus Equipment,Equipment Rental,39856455,14-03-2025,Pending,
INV04680,PRJ01448,Redline Camera Rentals,Equipment Rental,10268971,02 Oct 2023,disputed,
INV06007,PRJ00515,Lagos Grip & Lighting Co,Equipment Rental,14774905,18-03-2021,OVERDUE,
INV08988,PRJ03010,Crew Connect NG,Crew,9010214,2023-12-19,PAID,
INV08191,PRJ02291,OnSet Meals NG,Catering,13602094,15-07-2025,OVERDUE,
INV04045,PRJ03259,Lagos Grip & Lighting Co,Equipment Rental,17740955,2022-02-16,disputed,
INV06070,PRJ02572,Reel Edit Studios,Post-Production,14716716,2024-12-03,Pending,
INV00542,PRJ02895,Crew Connect NG,Crew,10676580,04-04-2024,PAID,
INV08889,PRJ03615,soundwave post ng,Post-Production,11137530,2023-03-06,OVERDUE,
INV02674,PRJ00705,ColourGrade Lagos,Post-Production,35579205,2025-10-18,Overdue,
INV01546,PRJ00431,REEL EDIT STUDIOS,Post-Production,1607228,25/07/2025,PAID,
INV06418,PRJ00499,OnDeck Production Staffing,Crew,9710532,10-01-2024,Paid,
INV03850,PRJ03734,mama bisi kitchen services,Catering,1454303,22 Feb 2022,Disputed,
INV02673,PRJ00705,coastline property services,Location,5631470,05-03-2024,Overdue,
INV05947,PRJ00028,ondeck production staffing,Crew,7850165,19-04-2022,disputed,
INV01522,PRJ02451,Stagehand Talent Agency,Talent,17283480,15 Dec 2024,paid,
INV06794,PRJ03434,Mama Bisi Kitchen Services,Catering,18050075,2022-01-22,pending,
INV04370,PRJ01653,OnSet Meals NG,Catering,10565646,2021-07-10,PAID,
INV01745,PRJ02756,Redline Camera Rentals,Equipment Rental,2084582,14-03-2022,paid,
INV08141,PRJ01205,Naija Locations Ltd,Location,22249958,2024-02-20,Pending,
INV03832,PRJ01472,OnSet Meals NG,Catering,925144,14-03-2021,Pd,
INV07242,PRJ00842,Naija Locations Ltd,Location,4289766,19 Nov 2023,Disputed,
INV00432,PRJ03858,Coastline Property Services,Location,3958669,21 Jun 2022,Overdue,
INV03625,PRJ03208,Naija Locations Ltd,Location,6950771,2023-12-28,Disputed,
INV04518,PRJ00962,NAIJA FACES CASTING,Talent,11376937,03/03/2025,paid,
INV05541,PRJ01503,Lagos Grip & Lighting Co,Equipment Rental,9666071,2024-03-23,Pending,
INV02203,PRJ01858,Redline Camera Rentals,Equipment Rental,67680644,2023-01-20,PAID,
INV09061,PRJ00130,OnDeck Production Staffing,Crew,2153474,2024-09-02,Overdue,
INV03452,PRJ01156,Naija Locations Ltd,Location,2670371,08/05/2023,paid,
INV09332,PRJ02806,Frame & Focus Equipment,Equipment Rental,12482295,15 Mar 2021,OVERDUE,
INV03810,PRJ03253,Stagehand Talent Agency,Talent,3131262,13 Jul 2025,Paid,
INV09328,PRJ01933,Redline Camera Rentals,Equipment Rental,9907315,2021-03-01,Disputed,
INV01291,PRJ01313,OnDeck Production Staffing,Crew,71668902,2024-02-28,Pd,
INV01418,PRJ03602,Chop Life Catering,Catering,30337231,03-12-2024,Pd,
INV08475,PRJ01198,ondeck production staffing,Crew,24181046,2023-05-14,paid,
INV04608,PRJ01095,STAGEHAND TALENT AGENCY,Talent,46669178,16 Jun 2021,Pending,
INV04569,PRJ03682,NAIJA LOCATIONS LTD,Location,17423367,23-10-2024,pending,
INV06201,PRJ02205,CREW CONNECT NG,Crew,"NGN 22,595,290",2022-07-03,Pd,
INV08043,PRJ03784,Chop Life Catering,Catering,38141082,07/07/2021,Pd,
INV09778,PRJ00000,mama bisi kitchen services,Catering,9643510,2022-09-14,Pd,
INV07800,PRJ03999,Crew Connect NG,Crew,635327,2023-05-27,Pending,
INV08984,PRJ03250,Naija Faces Casting,Talent,27316702,10/06/2022,disputed,
INV03337,PRJ03800,Frame & Focus Equipment,Equipment Rental,2222087,2022-06-11,disputed,
INV07595,PRJ03283,Naija Faces Casting,Talent,3158766,14 May 2021,Disputed,
INV01895,PRJ00500,OnDeck Production Staffing,Crew,17040008,2023-07-28,Overdue,
INV05546,PRJ00815,frame & focus equipment,Equipment Rental,36131285,26/03/2022,Disputed,
INV07715,PRJ02396,ProGear Nigeria,Equipment Rental,33002778,21 Nov 2022,Pd,
INV05660,PRJ02301,LAGOS GRIP & LIGHTING CO,Equipment Rental,4001198,27 Dec 2023,Overdue,
INV09162,PRJ02847,Lagos Grip & Lighting Co,Equipment Rental,9018334,03/01/2021,Disputed,
INV03221,PRJ03371,Urban Set Scouts,Location,16807883,01-07-2021,paid,
INV06589,PRJ02418,Naija Faces Casting,Talent,8166089,24-01-2024,Pending,
INV07276,PRJ03118,urban set scouts,Location,4046836,09/01/2022,PAID,
INV04533,PRJ01001,Crew Connect NG,Crew,580746,13 Sep 2023,Disputed,
INV07736,PRJ01066,SoundWave Post NG,Post-Production,21600459,2021-11-09,Paid,
INV05050,PRJ01713,ColourGrade Lagos,Post-Production,30665273,07 Jun 2023,Pd,
INV07848,PRJ02529,ColourGrade Lagos,Post-Production,8485388,24/03/2022,PAID,
INV00225,PRJ02887,Naija Faces Casting,Talent,4377114,20-09-2022,Disputed,
INV09609,PRJ02643,OnSet Meals NG,Catering,58385337,19/05/2021,paid,
INV07939,PRJ00809,Stagehand Talent Agency,Talent,22373064,04/06/2021,pending,
INV02431,PRJ02380,Naija Faces Casting,Talent,17271011,10-08-2025,pending,
INV05792,PRJ02204,SoundWave Post,Post-Production,1237923,2025-02-02,Overdue,
INV08798,PRJ02168,reel edit studios,Post-Production,3268392,14-01-2023,Pending,
INV06089,PRJ02859,OnSet Meals NG,Catering,"NGN 994,828",01/03/2023,paid,
INV01838,PRJ03952,COASTLINE PROPERTY SERVICES,Location,30273700,16-01-2021,Disputed,
INV04634,PRJ02598,Crew Connect NG,Crew,2698180,16/06/2025,Disputed,
INV04803,PRJ03574,Mama Bisi Kitchen Services,Catering,6892136,06-11-2025,PAID,
INV06545,PRJ02662,Naija Locations Ltd,Location,5572892,09/12/2022,disputed,
INV00956,PRJ02032,Crew Connect NG,Crew,33255826,06 May 2023,Overdue,
INV02351,PRJ01258,Crew Connect NG,Crew,11491315,18 Feb 2025,disputed,
INV01161,PRJ00428,Lagos Grip & Lighting Co,Equipment Rental,31352703,04/05/2025,OVERDUE,
INV01441,PRJ02612,OnDeck Production Staffing,Crew,2487817,2023-02-25,PAID,
INV01156,PRJ00419,Naija Faces Casting,Talent,"NGN 8,264,386",19-08-2021,Pd,
INV01393,PRJ03020,ColourGrade Lagos,Post-Production,8189612,10/07/2023,disputed,
INV07010,PRJ01439,crew connect ng,Crew,13804299,17 Aug 2021,Paid,
INV06383,PRJ01688,OnSet Meals NG,Catering,8384574,2025-09-04,paid,
INV00381,PRJ03964,Urban Set Scouts,Location,59476102,25-04-2022,OVERDUE,
INV06956,PRJ00160,ColourGrade Lagos,Post-Production,8572576,09/12/2021,Paid,
INV00664,PRJ02371,ColourGrade Lagos,Post-Production,37189264,03/02/2021,Pending,
INV04786,PRJ03672,Naija Faces Casting,Talent,13376025,09/04/2021,Pending,
INV05504,PRJ02790,Frame & Focus Equipment,Equipment Rental,26448268,07 Nov 2024,Pending,
INV09382,PRJ01201,reel edit studios,Post-Production,1664235,27/04/2025,OVERDUE,
INV06578,PRJ01512,Crewnnect,Crew,2454843,11/03/2023,Disputed,
INV07569,PRJ02539,NAIJA FACES CASTING,Talent,10048406,2021-01-03,pending,
INV00316,PRJ03899,Crew Connect NG,Crew,5251639,23-03-2022,Pd,
INV03348,PRJ03362,SoundWave Post NG,Post-Production,3665872,2024-06-04,OVERDUE,
INV01396,PRJ00228,Crewnnect,Crew,4493132,08 Oct 2023,Pending,
INV09671,PRJ03799,Reel Edit Studios,Post-Production,13817206,23-01-2024,Pd,
INV03084,PRJ00632,COASTLINE PROPERTY SERVICES,Location,13180285,14/07/2023,pending,
INV00404,PRJ03488,Crew Connect NG,Crew,13391421,08-12-2021,Pending,
INV00935,PRJ03125,Mama Bisi Kitchen Services,Catering,2380884,25 Sep 2025,paid,
INV09228,PRJ00801,ProGear Nigeria,Equipment Rental,16021465,15-02-2023,Paid,
INV03890,PRJ03851,Urban Set Scouts,Location,8979227,02/12/2024,Pending,
INV08745,PRJ03031,OnDeck Production Staffing,Crew,29513428,12-12-2022,Pending,
INV03156,PRJ00992,Redline Camera Rentals,Equipment Rental,7975772,20-06-2023,disputed,
INV04392,PRJ03601,SoundWave Post NG,Post-Production,1365524,26 Jan 2025,Pd,
INV00355,PRJ00530,Crew Connect NG,Crew,2447768,2024-11-14,Paid,
INV09573,PRJ00727,Chop Life Catering,Catering,771769,2024-04-17,OVERDUE,
INV01052,PRJ02269,LAGOS GRIP & LIGHTING CO,Equipment Rental,28829262,06/06/2025,disputed,
INV08989,PRJ03010,Redline Camera Rentals,Equipment Rental,42933808,05 Apr 2024,Paid,
INV01171,PRJ03111,ProGear Nigeria,Equipment Rental,5219600,14 Feb 2025,paid,
INV00068,PRJ02726,soundwave post ng,Post-Production,14816903,10/08/2021,pending,
INV04082,PRJ02074,Frame & Focus Equipment,Equipment Rental,8333764,26-06-2025,pending,
INV09443,PRJ03412,CREW CONNECT NG,Crew,5906042,10/09/2022,Paid,
INV02160,PRJ03330,OnDeck Production Staffing,Crew,"NGN 31,557,594",19/07/2023,Pd,
INV01683,PRJ03427,Urban Set Scouts,Location,16282986,12-01-2024,pending,
INV07130,PRJ03696,Naija Faces Casting,Talent,8873841,23 Sep 2024,PAID,
INV05294,PRJ03489,ColourGrade Lagos,Post-Production,16980733,08/01/2021,PAID,
INV04571,PRJ03682,Lagos Grip & Lighting Co,Equipment Rental,49188474,16/08/2021,pending,
INV00782,PRJ00017,Urban Set Scouts,Location,6507996,09/11/2021,OVERDUE,
INV04813,PRJ03349,SoundWave Post NG,Post-Production,23081034,15-03-2024,OVERDUE,
INV02850,PRJ01948,ColourGrade Lagos,Post-Production,25279951,05-10-2021,Overdue,
INV03656,PRJ01278,Lagos Grip & Lighting Co,Equipment Rental,544108,2022-04-06,Pending,
INV09194,PRJ01682,Chop Life Catering,Catering,2143441,24/04/2024,Paid,
INV09560,PRJ00409,ProGear Nigeria,Equipment Rental,47105743,04-12-2022,disputed,
INV05121,PRJ00111,ColourGrade Lagos,Post-Production,19592105,15/07/2021,disputed,
INV02468,PRJ02777,OnDeck Production Staffing,Crew,32255543,11-03-2022,OVERDUE,
INV01114,PRJ02084,SoundWave Post NG,Post-Production,1824945,07 Apr 2022,Overdue,
INV01638,PRJ01569,crew connect ng,Crew,564026,2021-11-11,Pd,
INV07108,PRJ01175,Chop Life Catering,Catering,6355273,19/03/2024,Disputed,
INV08155,PRJ03557,NAIJA LOCATIONS LTD,Location,16335869,28-01-2024,PAID,
INV06271,PRJ03913,redline camera rentals,Equipment Rental,19526594,26/07/2021,OVERDUE,
INV02407,PRJ00481,ProGear Nigeria,Equipment Rental,"NGN 7,935,489",03 Jun 2022,pending,
INV07695,PRJ01520,REEL EDIT STUDIOS,Post-Production,56211233,16 Jun 2024,pending,
INV03699,PRJ01049,Redline Camera Rentals,Equipment Rental,516346,15 Feb 2021,OVERDUE,
INV01360,PRJ03017,Reel Edit Studios,Post-Production,639914,2021-08-11,Disputed,
INV07876,PRJ01393,coastline property services,Location,"NGN 819,677",05-07-2021,disputed,
INV07629,PRJ00773,Coastline Property Services,Location,29218183,15 Jan 2021,Pd,
INV00081,PRJ00571,Stagehand Talent Agency,Talent,40805834,11/08/2023,Paid,
INV01565,PRJ02817,Coastline Property Services,Location,8473012,08-05-2025,Pd,
INV09362,PRJ01673,Stagehand Talent Agency,Talent,4181658,15/03/2021,Pending,
INV04684,PRJ02303,Coastline Property Services,Location,1302674,08/06/2021,pending,
INV04921,PRJ00982,crew connect ng,Crew,7029232,2025-04-17,Overdue,
INV04365,PRJ01052,Reel Edit Studios,Post-Production,287188,20 Jul 2021,pending,
INV01329,PRJ03900,OnSet Meals NG,Catering,21849675,03 Jan 2023,Pd,
INV07179,PRJ02677,Mama Bisi Kitchen Services,Catering,2859190,21 Aug 2024,Disputed,
INV06798,PRJ01417,Mama Bisi Kitchen Services,Catering,20307255,25-07-2024,disputed,
INV07453,PRJ03328,Crew Connect NG,Crew,42392250,16/04/2021,disputed,
INV07450,PRJ03129,colourgrade lagos,Post-Production,20388376,2025-10-05,Pending,
INV08902,PRJ01496,crew connect ng,Crew,12529735,27 May 2025,OVERDUE,
INV05745,PRJ00333,Naija Faces Casting,Talent,43577226,09/03/2023,Paid,
INV08807,PRJ03257,Chop Life Catering,Catering,708554,24 Dec 2024,Disputed,
INV02888,PRJ02880,Mama Bisi Kitchen Services,Catering,17759297,2022-10-16,Pending,
INV05375,PRJ01530,SoundWave Post NG,Post-Production,35694495,11/01/2023,Paid,
INV03043,PRJ01923,ColourGrade Lagos,Post-Production,31063891,02/08/2024,Overdue,
INV03435,PRJ01846,OnSet Meals NG,Catering,17143628,10 May 2022,OVERDUE,
INV00092,PRJ03033,Coastline Property Services,Location,13229874,18 Nov 2024,Disputed,
INV08938,PRJ01330,Redline Camera Rentals,Equipment Rental,44978868,09/02/2022,Overdue,
INV07118,PRJ01135,Coastline Property Services,Location,1959505,2025-06-18,Disputed,
INV04638,PRJ00924,Naija Faces Casting,Talent,"NGN 20,319,298",05/08/2024,paid,
INV02378,PRJ02090,OnSet Meals NG,Catering,36569309,04/09/2025,Paid,
INV09578,PRJ01998,STAGEHAND TALENT AGENCY,Talent,12651465,21/01/2021,OVERDUE,
INV03963,PRJ00770,NAIJA LOCATIONS LTD,Location,15285040,10/03/2023,Paid,
INV01919,PRJ02649,Naija Faces Casting,Talent,29599383,10 Jun 2021,OVERDUE,
INV02498,PRJ02348,STAGEHAND TALENT AGENCY,Talent,2093940,17-02-2023,paid,
INV00787,PRJ03499,Naija Faces Casting,Talent,7681246,23 Aug 2025,Pending,
INV06698,PRJ03961,Mama Bisi Kitchen Services,Catering,30143057,09/11/2022,Disputed,
INV05124,PRJ00412,Crew Connect NG,Crew,10309646,14 Jul 2021,disputed,
INV02141,PRJ03035,Crew Connect NG,Crew,18634577,14 Jan 2023,Disputed,
INV02939,PRJ00169,OnDeck Production Staffing,Crew,21605479,2022-08-19,Pd,
INV09418,PRJ00150,ColourGrade Lagos,Post-Production,28743887,2025-11-02,disputed,
INV03669,PRJ03950,Reel Edit Studios,Post-Production,664651,13-05-2021,disputed,
INV01176,PRJ00124,urban set scouts,Location,9826073,05/11/2021,pending,
INV07459,PRJ00925,ondeck production staffing,Crew,14649924,24-08-2024,Paid,
INV02670,PRJ00705,Chop Life Catering,Catering,5489727,06 Oct 2024,Paid,
INV02924,PRJ02956,Naija Locations Ltd,Location,12790360,2025-12-11,pending,
INV07747,PRJ02436,URBAN SET SCOUTS,Location,25913054,27 Feb 2022,Pd,
INV03708,PRJ02480,OnSet Meals NG,Catering,"NGN 12,382,498",27 Aug 2023,Overdue,
INV08757,PRJ00844,ondeck production staffing,Crew,9394538,21 Aug 2023,Overdue,
INV00006,PRJ03827,CREW CONNECT NG,Crew,4382463,2022-06-10,OVERDUE,
INV02147,PRJ02776,Urban Set Scouts,Location,67042031,2022-06-02,pending,
INV01899,PRJ00951,Reel Edit Studios,Post-Production,10888528,26/06/2022,Pd,
INV06596,PRJ01953,Stagehand Talent Agency,Talent,34530515,06/05/2021,Paid,
INV08518,PRJ02559,FRAME & FOCUS EQUIPMENT,Equipment Rental,27691593,18-10-2022,Overdue,
INV02771,PRJ01259,Naija Locations,Location,30141980,26/02/2021,disputed,
INV03344,PRJ00600,Mama Bisi Kitchen Services,Catering,2646623,11-12-2021,Pending,
INV01997,PRJ02232,Stagehand Talent Agency,Talent,12098512,23 Feb 2025,paid,
INV07925,PRJ00780,Crewnnect,Crew,13216642,17 Nov 2025,paid,
INV07516,PRJ00520,Stagehand Talent Agency,Talent,5567835,2025-08-28,pending,
INV07816,PRJ01907,Crew Connect NG,Crew,19241601,06 May 2024,Pending,
INV02017,PRJ03807,redline camera rentals,Equipment Rental,4103474,04-06-2021,pending,
INV08267,PRJ03722,Mama Bisi Kitchen Services,Catering,1175430,2024-07-23,Paid,
INV04311,PRJ02011,Naija Faces Casting,Talent,42051477,2025-01-03,pending,
INV05963,PRJ02038,OnDeck Production Staffing,Crew,33164863,27-12-2023,PAID,
INV05396,PRJ02056,Frame & Focus Equipment,Equipment Rental,3337218,24/01/2024,PAID,
INV00906,PRJ00484,Crew Connect NG,Crew,40248129,23 Sep 2023,Paid,
INV00322,PRJ02317,Chop Life Catering,Catering,19554152,24-09-2021,Pd,
INV07246,PRJ01968,ProGear Nigeria,Equipment Rental,2823811,03 Jan 2021,Pending,
INV02814,PRJ01073,Reel Edit Studios,Post-Production,54048959,10/05/2023,Overdue,
INV08441,PRJ00665,Reel Edit Studios,Post-Production,5123611,2025-11-07,Paid,
INV07706,PRJ03759,OnDeck Production Staffing,Crew,31198596,2022-12-16,Pd,
INV07213,PRJ03767,colourgrade lagos,Post-Production,15026990,08-04-2022,OVERDUE,
INV08192,PRJ02291,Crew Connect NG,Crew,"NGN 1,454,824",2021-05-13,Pd,
INV05152,PRJ03556,Stagehand Talent Agency,Talent,660792,01 Jun 2025,Disputed,
INV03417,PRJ02659,Naija Faces Casting,Talent,16751271,2022-08-22,disputed,
INV08854,PRJ01167,Mama Bisi Kitchen Services,Catering,17680492,2023-07-03,Paid,
INV01778,PRJ02932,SoundWave Post NG,Post-Production,48739775,26 Nov 2021,Pending,
INV08046,PRJ03784,CREW CONNECT NG,Crew,3058268,14-12-2021,PAID,
INV08928,PRJ02046,Naija Faces Casting,Talent,9013406,01 Mar 2021,Pd,
INV09220,PRJ03711,SoundWave Post NG,Post-Production,6267827,28-10-2025,pending,
INV06134,PRJ03289,SoundWave Post NG,Post-Production,34782497,14/01/2024,disputed,
INV00734,PRJ01100,frame & focus equipment,Equipment Rental,6744634,11 Jul 2021,pending,
INV08042,PRJ03784,Lagos Grip & Lighting Co,Equipment Rental,2636743,09 Sep 2024,paid,
INV06207,PRJ02899,Urban Set Scouts,Location,1378320,04/02/2021,Pd,
INV08885,PRJ01475,colourgrade lagos,Post-Production,35404759,2025-06-14,Pd,
INV06354,PRJ01694,Naija Locations Ltd,Location,15345417,18 Nov 2023,Overdue,
INV09623,PRJ01254,OnDeck Production Staffing,Crew,7647062,26 Jul 2022,pending,
INV06665,PRJ00298,SoundWave Post NG,Post-Production,28474481,2023-11-22,OVERDUE,
INV01916,PRJ00184,stagehand talent agency,Talent,32705606,04-04-2022,Pd,
INV04718,PRJ00896,OnDeck Production Staffing,Crew,35565362,2024-04-13,paid,
INV04161,PRJ00785,Lagos Grip & Lighting Co,Equipment Rental,26491198,21/12/2025,pending,
INV09478,PRJ01139,Naija Faces Casting,Talent,2768425,27/11/2021,pending,
INV05965,PRJ02038,Naija Locations Ltd,Location,20848951,20-08-2022,Overdue,
INV05155,PRJ03556,Crewnnect,Crew,1900185,01/07/2021,Paid,
INV05998,PRJ02478,Chop Life Catering,Catering,38511673,03 Oct 2025,Disputed,
INV00306,PRJ01560,Redline Camera Rentals,Equipment Rental,1372672,12/09/2022,Pending,
INV07762,PRJ01307,Naija Faces Casting,Talent,7171507,25/09/2025,Disputed,
INV04147,PRJ00929,Crew Connect NG,Crew,36549308,02/02/2022,Pd,
INV06608,PRJ00359,progear nigeria,Equipment Rental,"NGN 24,511,591",17 Jul 2024,Pd,
INV05527,PRJ01906,Naija Faces Casting,Talent,2576608,2021-02-09,pending,
INV09117,PRJ02963,Chop Life Catering,Catering,10799071,21 Feb 2024,OVERDUE,
INV04725,PRJ00099,Naija Faces Casting,Talent,27989221,03-02-2022,Paid,
INV01793,PRJ01059,Stagehand Talent Agency,Talent,26433414,2025-09-06,OVERDUE,
INV00647,PRJ02289,Crew Connect NG,Crew,9540979,15 May 2023,PAID,
INV07600,PRJ02893,OnDeck Production Staffing,Crew,14204125,03 Apr 2024,Pending,
INV01891,PRJ01532,Crew Connect NG,Crew,28869093,2021-11-15,PAID,
INV04982,PRJ00814,Urban Set Scouts,Location,4381757,28/05/2021,paid,
INV05521,PRJ03040,Chop Life Catering,Catering,204436,05 Nov 2025,Pd,
INV08900,PRJ01187,SoundWave Post NG,Post-Production,662249,01/03/2024,Overdue,
INV06204,PRJ02899,CREW CONNECT NG,Crew,8655186,2021-05-14,OVERDUE,
INV07227,PRJ02304,Lagos Grip & Lighting Co,Equipment Rental,16847190,14/03/2021,disputed,
INV05138,PRJ00572,Stagehand Talent Agency,Talent,5862040,07 Jun 2025,Overdue,
INV09423,PRJ01780,Crew Connect NG,Crew,63085737,05/02/2023,OVERDUE,
INV02883,PRJ01759,stagehand talent agency,Talent,5559710,14-03-2022,PAID,
INV07531,PRJ00717,Naija Faces Casting,Talent,14671117,09-01-2022,Overdue,
INV06243,PRJ02064,Reel Edit Studios,Post-Production,5947586,06-09-2022,PAID,
INV09022,PRJ00942,Stagehand Talent Agency,Talent,30502464,2021-04-14,Pd,
INV09024,PRJ01018,SoundWave Post,Post-Production,2019340,2022-10-27,Pd,
INV02718,PRJ01193,Crew Connect NG,Crew,40150853,27-11-2025,Overdue,
INV06548,PRJ01399,coastline property services,Location,48149184,24-04-2024,OVERDUE,
INV06344,PRJ03873,Naija Faces Casting,Talent,1916181,27 Feb 2025,PAID,
INV03149,PRJ03705,Reel Edit Studios,Post-Production,14581897,2021-03-01,OVERDUE,
INV06886,PRJ02704,Reel Edit Studios,Post-Production,26465429,2021-06-28,paid,
INV01361,PRJ03017,ColourGrade Lagos,Post-Production,21777916,18/06/2021,Pending,
INV06669,PRJ02582,Lagos Grip & Lighting,Equipment Rental,8392282,18 Jan 2022,OVERDUE,
INV00887,PRJ00434,ondeck production staffing,Crew,14140009,07/02/2022,disputed,
INV03784,PRJ01614,Lagos Grip & Lighting Co,Equipment Rental,638573,02-08-2021,pending,
INV01313,PRJ01485,ColourGrade Lagos,Post-Production,28517208,14/12/2024,Disputed,
INV09485,PRJ02250,Urban Set Scouts,Location,25917544,09 Apr 2021,PAID,
INV01264,PRJ01630,SoundWave Post NG,Post-Production,16370802,2022-06-23,Overdue,
INV02812,PRJ01073,Naija Faces Casting,Talent,7269277,17/11/2024,Pd,
INV05392,PRJ01697,Stagehand Talent Agency,Talent,17878866,12 Feb 2022,pending,
INV05915,PRJ02653,Urban Set Scouts,Location,31864621,02 Jul 2024,Disputed,
INV08994,PRJ02789,Chop Life Catering,Catering,41232639,10/08/2021,disputed,
INV05192,PRJ00070,Redline Camera Rentals,Equipment Rental,11928457,07-10-2022,disputed,
INV01191,PRJ02922,ColourGrade Lagos,Post-Production,2566640,11-11-2025,Disputed,
INV04382,PRJ03363,SoundWave Post NG,Post-Production,42000954,2021-03-05,disputed,
INV03460,PRJ02122,onset meals ng,Catering,1730053,2024-10-21,disputed,
INV01121,PRJ03792,stagehand talent agency,Talent,13102202,07-03-2024,paid,
INV04349,PRJ02201,Reel Edit Studios,Post-Production,"NGN 3,231,003",15/10/2023,OVERDUE,
INV05031,PRJ03076,Reel Edit Studios,Post-Production,9565592,2021-06-01,Overdue,
INV00623,PRJ03240,Frame & Focus Equipment,Equipment Rental,5458804,18/08/2021,OVERDUE,
INV00805,PRJ03823,OnDeck Production Staffing,Crew,14846065,2025-05-25,disputed,
INV08589,PRJ01761,Mama Bisi Kitchen Services,Catering,2090608,2022-07-26,Paid,
INV08881,PRJ00129,OnSet Meals,Catering,23342252,01/07/2023,PAID,
INV08796,PRJ02168,Mama Bisi Kitchen Services,Catering,24263047,2023-06-15,Pd,
INV08670,PRJ03248,LAGOS GRIP & LIGHTING CO,Equipment Rental,4457568,11 Jul 2021,OVERDUE,
INV03957,PRJ01280,Coastline Property Services,Location,21502692,10/02/2024,disputed,
INV04588,PRJ02037,Naija Faces Casting,Talent,27253112,19/05/2022,PAID,
INV01253,PRJ00355,ColourGrade Lagos,Post-Production,4155087,2022-03-23,pending,
INV08034,PRJ00980,OnDeck Production Staffing,Crew,11821635,28-03-2025,PAID,
INV04228,PRJ01675,Stagehand Talent Agency,Talent,8037399,06-07-2024,pending,
INV04130,PRJ00709,Naija Faces Casting,Talent,48418223,01/11/2023,PAID,
INV09598,PRJ00824,CHOP LIFE CATERING,Catering,3522023,23-09-2022,Pending,
INV06761,PRJ02843,Lagos Grip & Lighting Co,Equipment Rental,104217680,02/01/2024,Pending,
INV05016,PRJ03373,Coastline Property Services,Location,12243878,06/05/2025,OVERDUE,
INV02682,PRJ02873,Stagehand Talent Agency,Talent,15886856,2021-12-20,Overdue,
INV08134,PRJ03789,SoundWave Post NG,Post-Production,2208332,08-09-2023,Pd,
INV02963,PRJ03138,OnDeck Production Staffing,Crew,2083228,2021-03-09,Disputed,
INV02991,PRJ03062,OnSet Meals NG,Catering,12731916,06/08/2025,Paid,
INV00398,PRJ03983,Coastline Property Services,Location,39635992,14 Aug 2024,Pd,
INV08459,PRJ01550,Coastline Property Services,Location,42354844,03/09/2025,paid,
INV02567,PRJ03127,Naija Locations,Location,16800106,02/12/2022,pending,
INV07172,PRJ01984,Crew Connect NG,Crew,24773070,2025-01-28,PAID,
INV06820,PRJ01657,Lagos Grip & Lighting Co,Equipment Rental,54833177,2022-02-08,Pending,
INV02996,PRJ02521,Mama Bisi Kitchen Services,Catering,4196158,18-05-2023,Overdue,
INV08584,PRJ01594,SoundWave Post NG,Post-Production,15226689,08-03-2023,Overdue,
INV05486,PRJ03702,stagehand talent agency,Talent,7604121,07/01/2022,Paid,
INV02711,PRJ00739,ONDECK PRODUCTION STAFFING,Crew,"NGN 23,131,183",2025-12-10,Paid,
INV04242,PRJ03425,Mama Bisi Kitchen Services,Catering,47977528,2024-05-05,PAID,
INV06632,PRJ03973,Reel Edit Studios,Post-Production,26877160,07-05-2024,disputed,
INV03044,PRJ01923,Coastline Property Services,Location,7867752,16-01-2024,pending,
INV00572,PRJ00209,Crewnnect,Crew,12919812,03 May 2025,pending,
INV00207,PRJ00229,ColourGrade Lagos,Post-Production,43772132,2022-07-04,OVERDUE,
INV04431,PRJ02300,SoundWave Post,Post-Production,1023363,2023-01-05,PAID,
INV05928,PRJ02408,Naija Locations Ltd,Location,39770535,10-03-2025,Paid,
INV00140,PRJ03863,OnDeck Production Staffing,Crew,14995855,13 Oct 2022,Disputed,
INV08587,PRJ01761,lagos grip & lighting co,Equipment Rental,31875311,24-10-2023,Overdue,
INV01033,PRJ02482,OnSet Meals NG,Catering,63875953,12/04/2024,Paid,
INV04728,PRJ00099,Crewnnect,Crew,15772842,2024-05-06,disputed,
INV02612,PRJ02176,MAMA BISI KITCHEN SERVICES,Catering,6585733,25 Oct 2025,Disputed,
INV04795,PRJ03415,SoundWave Post NG,Post-Production,16820924,2024-06-12,paid,
INV01811,PRJ02720,lagos grip & lighting co,Equipment Rental,20461525,08 Feb 2022,Disputed,
INV09701,PRJ01078,SoundWave Post NG,Post-Production,4064051,23-05-2022,Pending,
INV02451,PRJ03355,Stagehand Talent Agency,Talent,6482752,13-08-2025,Overdue,
INV01538,PRJ00512,Stagehand Talent Agency,Talent,30614719,09/01/2023,pending,
INV03974,PRJ01186,Frame & Focus Equipment,Equipment Rental,50654026,2021-03-17,Paid,
INV02234,PRJ02696,Stagehand Talent Agency,Talent,10506380,13-07-2024,paid,
INV06388,PRJ01089,Redline Camera Rentals,Equipment Rental,26794200,26/01/2024,Pd,
INV06140,PRJ03604,Redline Camera Rentals,Equipment Rental,"NGN 16,862,313",24/04/2021,OVERDUE,
INV07996,PRJ00527,SoundWave Post NG,Post-Production,8189419,16-12-2025,PAID,
INV07622,PRJ01499,Chop Life Catering,Catering,20016123,09/06/2024,Pd,
INV08410,PRJ01803,OnDeck Production Staffing,Crew,"NGN 1,991,652",2023-01-06,paid,
INV08914,PRJ01082,Stagehand Talent Agency,Talent,17557339,15 Apr 2025,Disputed,
INV02076,PRJ01405,Urban Set Scouts,Location,3020805,2025-09-08,Pd,
INV03133,PRJ01114,progear nigeria,Equipment Rental,766168,2023-03-16,OVERDUE,
INV03736,PRJ00440,Redline Camera Rentals,Equipment Rental,18488960,2023-03-09,paid,
INV00021,PRJ01949,Lagos Grip & Lighting Co,Equipment Rental,7883801,2022-05-28,disputed,
INV04595,PRJ03155,Mama Bisi Kitchen Services,Catering,23725436,04/11/2023,pending,
INV05864,PRJ02656,ONDECK PRODUCTION STAFFING,Crew,2910887,12-03-2022,PAID,
INV01946,PRJ03771,ColourGrade Lagos,Post-Production,23950723,17-06-2022,PAID,
INV05004,PRJ01596,OnSet Meals NG,Catering,38747467,08-01-2025,Overdue,
INV06379,PRJ01688,Stagehand Talent Agency,Talent,17818557,2025-08-10,paid,
INV09104,PRJ01306,Crew Connect NG,Crew,10891856,02-02-2021,Paid,
INV05419,PRJ03357,OnDeck Production Staffing,Crew,20830734,03-06-2025,OVERDUE,
INV06948,PRJ01829,Lagos Grip & Lighting Co,Equipment Rental,10440326,08 Aug 2022,paid,
INV03845,PRJ01554,OnDeck Production Staffing,Crew,39689564,2022-07-28,disputed,
INV07383,PRJ00553,Crewnnect,Crew,39548250,05 Aug 2021,PAID,
INV05097,PRJ01900,Crew Connect NG,Crew,30820887,26-03-2021,Paid,
INV03619,PRJ00983,PROGEAR NIGERIA,Equipment Rental,33611593,27 Dec 2025,Paid,
INV00620,PRJ03240,ondeck production staffing,Crew,10208372,2025-07-02,disputed,
INV02756,PRJ01821,Frame & Focus Equipment,Equipment Rental,22879845,14 Jul 2021,Pd,
INV09639,PRJ02689,ONDECK PRODUCTION STAFFING,Crew,41440730,13/07/2022,Overdue,
INV01898,PRJ00951,Coastline Property Services,Location,30077167,02 Dec 2024,Paid,
INV01627,PRJ03528,Crew Connect NG,Crew,13251227,15/10/2024,pending,
INV01197,PRJ01160,Reel Edit Studios,Post-Production,14895528,09-04-2024,Paid,
INV02566,PRJ03127,SoundWave Post NG,Post-Production,45249191,13/01/2024,Pd,
INV04047,PRJ03259,Urban Set Scouts,Location,20664522,27-03-2024,Pending,
INV07609,PRJ01818,Urban Set Scouts,Location,152464,18 Apr 2024,pending,
INV04712,PRJ02894,Naija Locations Ltd,Location,2024243,07/12/2021,Pd,
INV03936,PRJ01528,stagehand talent agency,Talent,39165991,25/01/2024,Disputed,
INV02205,PRJ01897,Mama Bisi Kitchen Services,Catering,5361698,22-01-2021,Paid,
INV00266,PRJ03788,Crew Connect NG,Crew,3759014,12-07-2022,Disputed,
INV02307,PRJ03844,OnDeck Production Staffing,Crew,31331943,2024-12-16,Pd,
INV06217,PRJ03515,ONSET MEALS NG,Catering,64133506,05 Jan 2025,Paid,
INV07552,PRJ00398,OnDeck Production Staffing,Crew,11630120,02-05-2023,Pending,
INV06067,PRJ03367,Stagehand Talent Agency,Talent,10369524,23/06/2021,PAID,
INV02055,PRJ01016,Frame & Focus Equipment,Equipment Rental,14250649,27/07/2022,paid,
INV05203,PRJ03580,Redline Camera Rentals,Equipment Rental,20581362,24 Sep 2025,PAID,
INV03086,PRJ00632,ColourGrade Lagos,Post-Production,26002752,2023-03-10,pending,
INV07549,PRJ02027,naija locations ltd,Location,2980296,18/12/2023,Pending,
INV08913,PRJ01082,STAGEHAND TALENT AGENCY,Talent,904315,15 Oct 2024,Pd,
INV05493,PRJ00276,Frame & Focus Equipment,Equipment Rental,10097398,08/08/2024,pending,
INV06484,PRJ02580,Naija Faces Casting,Talent,4472102,13-05-2022,Pending,
INV02245,PRJ03246,OnDeck Production Staffing,Crew,61989016,2021-02-20,Paid,
INV05350,PRJ01797,Stagehand Talent Agency,Talent,3468995,09-08-2022,pending,
INV02818,PRJ03159,OnDeck Production Staffing,Crew,34243320,2023-09-20,Paid,
INV05285,PRJ00051,Crew Connect NG,Crew,8242283,2024-05-23,disputed,
INV05114,PRJ02760,Stagehand Talent Agency,Talent,4812149,01-01-2025,Pd,
INV03771,PRJ00879,Frame & Focus Equipment,Equipment Rental,7877820,09 Mar 2025,Pending,
INV00601,PRJ02216,Frame & Focus Equipment,Equipment Rental,13695378,10-03-2021,OVERDUE,
INV01742,PRJ02756,OnSet Meals NG,Catering,9223273,21 Jun 2022,OVERDUE,
INV04966,PRJ00094,ColourGrade Lagos,Post-Production,23496875,26 Oct 2024,Pd,
INV04682,PRJ01448,Lagos Grip & Lighting Co,Equipment Rental,789829,14-02-2023,Overdue,
INV08313,PRJ01599,LAGOS GRIP & LIGHTING CO,Equipment Rental,27110695,14-07-2023,pending,
INV04137,PRJ02414,Naija Locations Ltd,Location,17007437,2024-03-26,OVERDUE,
INV02724,PRJ01755,Crew Connect NG,Crew,7001859,22-12-2025,Overdue,
INV06469,PRJ00389,COLOURGRADE LAGOS,Post-Production,3687442,12 Dec 2021,PAID,
INV06971,PRJ03312,ProGear Nigeria,Equipment Rental,23618584,2024-06-03,paid,
INV05055,PRJ00238,Naija Locations Ltd,Location,75464989,19 Nov 2022,Overdue,
INV00970,PRJ02063,Naija Locations Ltd,Location,3606472,01 May 2025,Disputed,
INV03622,PRJ03632,Naija Faces Casting,Talent,13275128,09/08/2025,paid,
INV00364,PRJ03245,Crew Connect NG,Crew,7239863,24-02-2024,Disputed,
INV08218,PRJ01491,Lagos Grip & Lighting Co,Equipment Rental,7793531,2021-09-14,Overdue,
INV04218,PRJ00303,lagos grip & lighting co,Equipment Rental,37741480,2022-07-11,Overdue,
INV07088,PRJ00946,ProGear,Equipment Rental,3980013,2024-07-01,Overdue,
INV07033,PRJ00350,ColourGrade Lagos,Post-Production,28755323,25-09-2021,Pending,
INV00070,PRJ02726,Coastline Property Services,Location,9677846,2025-08-11,pending,
INV00507,PRJ01032,Naija Locations,Location,18748092,10/05/2025,PAID,
INV03924,PRJ02748,Coastline Property Services,Location,58727269,23/05/2022,OVERDUE,
INV06403,PRJ01927,OnDeck Production Staffing,Crew,7904549,2025-10-10,Overdue,
INV02571,PRJ00486,OnDeck Production Staffing,Crew,4637231,2025-07-11,Overdue,
INV08725,PRJ02140,Naija Locations Ltd,Location,13412694,03-01-2023,paid,
INV00350,PRJ01023,Crew Connect NG,Crew,59157162,02-07-2025,OVERDUE,
INV04733,PRJ00838,Redline Camera Rentals,Equipment Rental,68382154,10-02-2024,disputed,
INV07220,PRJ01722,naija faces casting,Talent,61515307,03/02/2022,Paid,
INV05591,PRJ03430,colourgrade lagos,Post-Production,27744049,06-05-2021,Pd,
INV06586,PRJ03082,OnSet Meals NG,Catering,46544160,21 Sep 2024,Paid,
INV09655,PRJ01997,Chop Life Catering,Catering,7256120,21 Jul 2021,Disputed,
INV08677,PRJ00685,OnSet Meals,Catering,6355719,15-01-2025,Disputed,
INV04446,PRJ00126,ONDECK PRODUCTION STAFFING,Crew,11771938,2025-02-22,OVERDUE,
INV08805,PRJ03257,mama bisi kitchen services,Catering,17072527,14 Jan 2025,Pending,
INV09375,PRJ02189,NAIJA FACES CASTING,Talent,18198012,2024-03-08,OVERDUE,
INV00029,PRJ03145,Crew Connect NG,Crew,8406739,02-03-2022,paid,
INV05039,PRJ01545,Coastline Property Services,Location,6449692,07-10-2024,Paid,
INV00937,PRJ03125,Frame & Focus Equipment,Equipment Rental,10448348,12/07/2022,pending,
INV01463,PRJ02875,Crew Connect NG,Crew,176088,02/10/2023,pending,
INV00205,PRJ00473,Naija Faces Casting,Talent,52769217,05 Apr 2025,Pending,
INV03273,PRJ00907,COASTLINE PROPERTY SERVICES,Location,29513246,10-04-2025,Paid,
INV06857,PRJ01667,colourgrade lagos,Post-Production,26402904,19 Oct 2021,pending,
INV03042,PRJ01923,URBAN SET SCOUTS,Location,12094116,17/08/2021,Pending,
INV01363,PRJ02042,PROGEAR NIGERIA,Equipment Rental,225751,2022-08-08,OVERDUE,
INV00133,PRJ03539,Reel Edit Studios,Post-Production,21078437,20-03-2022,disputed,
INV08401,PRJ01702,OnDeck Production Staffing,Crew,2886208,12/01/2024,Pending,
INV09313,PRJ00755,Naija Faces Casting,Talent,12088592,2024-11-25,pending,
INV05120,PRJ02206,soundwave post ng,Post-Production,9852128,24-12-2024,Pending,
INV05248,PRJ03554,OnSet Meals NG,Catering,"NGN 25,051,987",24 Sep 2025,Disputed,
INV01303,PRJ00851,Redline Camera Rentals,Equipment Rental,24161567,15/02/2021,Paid,
INV07452,PRJ03328,Coastline Property Services,Location,2563522,09-05-2025,Pending,
INV00128,PRJ02889,NAIJA FACES CASTING,Talent,6749060,2022-03-14,Overdue,
INV07927,PRJ00264,Stagehand Talent Agency,Talent,7204184,2024-09-20,OVERDUE,
INV03425,PRJ02149,chop life catering,Catering,21842630,14 Apr 2021,Disputed,
INV00257,PRJ01180,Naija Locations Ltd,Location,5806558,2022-06-27,Paid,
INV07428,PRJ01446,OnDeck Production Staffing,Crew,914205,06-07-2025,paid,
INV05755,PRJ00384,Chop Life Catering,Catering,1833320,2023-06-04,Overdue,
INV09283,PRJ00581,Naija Faces Casting,Talent,45926223,17-02-2023,Pd,
INV07637,PRJ00266,coastline property services,Location,33416400,17/03/2023,Disputed,
INV09319,PRJ01457,Naija Locations,Location,3372960,09-08-2025,PAID,
INV02701,PRJ03409,SoundWave Post NG,Post-Production,33777769,09 Sep 2022,Pd,
INV07409,PRJ03048,Stagehand Talent Agency,Talent,26749260,13 Jul 2021,paid,
INV05697,PRJ01163,Reel Edit Studios,Post-Production,19583078,2023-03-19,OVERDUE,
INV01425,PRJ02544,Urban Set Scouts,Location,22448261,2021-11-05,disputed,
INV02166,PRJ02444,Crew Connect NG,Crew,22948220,26/08/2022,Paid,
INV07209,PRJ01954,OnDeck Production Staffing,Crew,28398292,2022-08-16,Disputed,
INV08071,PRJ02585,OnDeck Production Staffing,Crew,35048297,06-01-2024,Pending,
INV06723,PRJ02005,SoundWave Post NG,Post-Production,8980058,11 Oct 2023,PAID,
INV08895,PRJ00521,Stagehand Talent Agency,Talent,29693013,27/10/2023,Pending,
INV04739,PRJ01992,Naija Locations,Location,25272089,06 Mar 2023,Disputed,
INV05025,PRJ00488,Redline Camera Rentals,Equipment Rental,11608750,09-08-2022,PAID,
INV02039,PRJ03612,REEL EDIT STUDIOS,Post-Production,5980491,27-11-2022,PAID,
INV07189,PRJ03511,Urban Set Scouts,Location,7368697,15-08-2024,paid,
INV04321,PRJ03641,Urban Set Scouts,Location,"NGN 5,243,441",2021-02-11,disputed,
INV02003,PRJ02535,NAIJA LOCATIONS LTD,Location,14583782,06/05/2024,OVERDUE,
INV06240,PRJ02064,REEL EDIT STUDIOS,Post-Production,20938479,11/09/2022,Pending,
INV03234,PRJ03535,Urban Set Scouts,Location,26279633,2024-07-03,PAID,
INV07826,PRJ03804,Naija Locations Ltd,Location,50165691,08/09/2025,paid,
INV08931,PRJ03650,NAIJA FACES CASTING,Talent,50944621,2025-01-24,disputed,
INV07860,PRJ01295,ProGear Nigeria,Equipment Rental,15379472,23 Apr 2025,OVERDUE,
INV08970,PRJ00267,Urban Set Scouts,Location,279698,04 Mar 2021,OVERDUE,
INV09761,PRJ08888,Naija Locations Ltd,Location,16305587,2021-12-16,paid,
INV04500,PRJ02610,OnDeck Production Staffing,Crew,2899871,25 Nov 2024,OVERDUE,
INV01631,PRJ01644,OnDeck Production Staffing,Crew,5857950,15 Feb 2025,OVERDUE,
INV07960,PRJ01211,Chop Life Catering,Catering,42752504,14-04-2022,Pd,
INV03687,PRJ02125,Stagehand Talent Agency,Talent,32957957,19 Dec 2022,PAID,
INV07877,PRJ01393,progear nigeria,Equipment Rental,9387483,02/11/2024,pending,
INV08107,PRJ00700,FRAME & FOCUS EQUIPMENT,Equipment Rental,36686201,11/05/2021,Pd,
INV07852,PRJ01526,ProGear Nigeria,Equipment Rental,11906372,22-03-2023,pending,
INV04767,PRJ03708,Chop Life Catering,Catering,13362157,2021-11-07,disputed,
INV01952,PRJ03979,Redline Camera Rentals,Equipment Rental,33465438,26 Feb 2022,disputed,
INV04307,PRJ00153,Redline Camera Rentals,Equipment Rental,32058594,26/07/2024,PAID,
INV02327,PRJ01757,MAMA BISI KITCHEN SERVICES,Catering,18363323,01/09/2021,Pd,
INV01327,PRJ03900,CREW CONNECT NG,Crew,29945622,11/12/2025,Paid,
INV04764,PRJ01292,Mama Bisi Kitchen Services,Catering,36424947,03/04/2024,disputed,
INV02157,PRJ00843,Mama Bisi Kitchen Services,Catering,8183553,19-01-2022,OVERDUE,
INV02449,PRJ03355,Frame & Focus Equipment,Equipment Rental,2250790,03-12-2021,pending,
INV04276,PRJ03251,Urban Set Scouts,Location,"NGN 13,183,110",27/10/2022,Paid,
INV02059,PRJ03244,Lagos Grip & Lighting Co,Equipment Rental,5127288,03/04/2025,Pd,
INV04789,PRJ01974,Mama Bisi Kitchen Services,Catering,35039263,14/10/2025,PAID,
INV01339,PRJ03230,Stagehand Talent Agency,Talent,5061072,22-08-2023,disputed,
INV06618,PRJ03795,Coastline Property Services,Location,275337,11 Sep 2021,Overdue,
INV02535,PRJ00188,Chop Life Catering,Catering,4955869,2021-11-01,Overdue,
INV06783,PRJ01077,OnSet Meals NG,Catering,9996930,2022-04-11,Disputed,
INV06918,PRJ02018,Coastline Property Services,Location,4087214,04/08/2021,OVERDUE,
INV04547,PRJ03465,Chop Life Catering,Catering,1840425,19/07/2025,Pending,
INV03075,PRJ03309,stagehand talent agency,Talent,3565379,05 Jan 2021,paid,
INV02262,PRJ02057,Naija Faces Casting,Talent,24234159,12 Mar 2023,pending,
INV01010,PRJ03142,Frame & Focus Equipment,Equipment Rental,14442848,2022-08-16,Pd,
INV00030,PRJ03145,Lagos Grip & Lighting Co,Equipment Rental,3615760,2024-11-11,disputed,
INV08959,PRJ01153,OnSet Meals NG,Catering,7665176,2023-07-11,Paid,
INV00278,PRJ02267,Urban Set Scouts,Location,21438647,2025-11-11,PAID,
INV00269,PRJ03788,ProGear Nigeria,Equipment Rental,9783417,08/04/2024,paid,
INV06190,PRJ00799,Stagehand Talent Agency,Talent,127199,21/12/2021,Paid,
INV01879,PRJ03428,ProGear Nigeria,Equipment Rental,23015703,2023-06-16,Overdue,
INV03232,PRJ03535,SoundWave Post NG,Post-Production,21177838,08/11/2024,OVERDUE,
INV01744,PRJ02756,Frame & Focus Equipment,Equipment Rental,2085797,27/10/2022,Paid,
INV03643,PRJ02633,colourgrade lagos,Post-Production,66838271,2022-12-18,Disputed,
INV09353,PRJ01993,Frame & Focus Equipment,Equipment Rental,22218072,2024-12-09,Pd,
INV02121,PRJ00425,frame & focus equipment,Equipment Rental,21541929,27/06/2022,Overdue,
INV06949,PRJ03690,CHOP LIFE CATERING,Catering,1298245,27-02-2021,Paid,
INV04914,PRJ01103,Naija Faces Casting,Talent,41450311,27/11/2023,pending,
INV07581,PRJ00858,Crew Connect NG,Crew,3046098,26-06-2022,PAID,
INV07239,PRJ00567,NAIJA FACES CASTING,Talent,16640362,2023-12-21,OVERDUE,
INV00748,PRJ02430,Urban Set Scouts,Location,1099102,01/03/2021,OVERDUE,
INV00241,PRJ00880,ondeck production staffing,Crew,51803683,05/07/2021,Disputed,
INV04716,PRJ00896,Lagos Grip & Lighting Co,Equipment Rental,22240161,2022-09-14,Paid,
INV05719,PRJ03043,Chop Life Catering,Catering,25477083,09 Nov 2023,PAID,
INV09776,PRJ09999,frame & focus equipment,Equipment Rental,11831399,09 Feb 2024,Pending,
INV04055,PRJ01505,OnSet Meals NG,Catering,36032694,23 Nov 2023,Disputed,
INV04203,PRJ03605,Crew Connect NG,Crew,7840293,25-08-2021,OVERDUE,
INV00591,PRJ00492,URBAN SET SCOUTS,Location,12635403,19 Sep 2023,pending,
INV02018,PRJ02915,Stagehand Talent Agency,Talent,26350327,08-04-2025,Pd,
INV02596,PRJ03897,ONDECK PRODUCTION STAFFING,Crew,17378131,25 Sep 2021,paid,
INV01224,PRJ02687,OnSet Meals NG,Catering,14818287,02 Feb 2023,Pending,
INV08073,PRJ02585,Stagehand Talent Agency,Talent,135166,06 Oct 2023,paid,
INV09711,PRJ01862,REDLINE CAMERA RENTALS,Equipment Rental,7266749,16-08-2022,OVERDUE,
INV06587,PRJ03082,Naija Faces Casting,Talent,16325186,01/11/2025,Disputed,
INV06506,PRJ02158,CHOP LIFE CATERING,Catering,17298990,23/11/2023,PAID,
INV05855,PRJ03491,ProGear Nigeria,Equipment Rental,15995598,15/04/2023,paid,
INV04159,PRJ00785,Naija Locations Ltd,Location,12030035,11 Aug 2024,OVERDUE,
INV05744,PRJ00333,Crew Connect NG,Crew,"NGN 13,972,382",20 Mar 2025,Disputed,
INV09014,PRJ03442,Mama Bisi Kitchen Services,Catering,5406599,17 Feb 2025,disputed,
INV09466,PRJ00161,Lagos Grip & Lighting Co,Equipment Rental,24895870,05 Feb 2022,OVERDUE,
INV08665,PRJ03204,Naija Faces Casting,Talent,3548984,2021-08-16,OVERDUE,
INV06060,PRJ01380,REDLINE CAMERA RENTALS,Equipment Rental,4007019,24/03/2024,Disputed,
INV05176,PRJ01509,Naija Faces Casting,Talent,13654186,2021-01-25,PAID,
INV00981,PRJ02702,chop life catering,Catering,"NGN 41,318,737",26 Jan 2025,OVERDUE,
INV07579,PRJ00858,Crew Connect NG,Crew,2708869,14-01-2021,Pd,
INV08002,PRJ03462,Urban Set Scouts,Location,34170553,2021-01-17,Overdue,
INV01591,PRJ00469,Stagehand Talent Agency,Talent,2537405,23 May 2024,Disputed,
INV08040,PRJ00112,Mama Bisi Kitchen Services,Catering,22745082,25/11/2025,Disputed,
INV00863,PRJ03974,OnDeck Production Staffing,Crew,11862981,2025-02-06,pending,
INV00059,PRJ00060,Frame & Focus Equipment,Equipment Rental,16970495,25-12-2023,Pd,
INV08145,PRJ00296,Naija Locations Ltd,Location,11706592,21/12/2022,disputed,
INV08856,PRJ01167,Stagehand Talent Agency,Talent,28227165,11 Apr 2021,Overdue,
INV08622,PRJ02333,URBAN SET SCOUTS,Location,43095410,28 Oct 2024,Pd,
INV05685,PRJ01127,OnSet Meals NG,Catering,42008148,2025-06-01,Pd,
INV09147,PRJ00485,ProGear Nigeria,Equipment Rental,9034119,2021-04-03,paid,
INV06143,PRJ00022,Naija Faces Casting,Talent,37428014,09/08/2025,OVERDUE,
INV07872,PRJ00472,Stagehand Talent Agency,Talent,34776414,27-07-2024,Pd,
INV07425,PRJ01802,SoundWave Post NG,Post-Production,8406269,03 Jul 2023,OVERDUE,
INV07025,PRJ00322,SoundWave Post NG,Post-Production,4535403,21/11/2022,Pending,
INV00713,PRJ03725,Frame & Focus Equipment,Equipment Rental,13329754,2023-06-20,OVERDUE,
INV00962,PRJ02554,Lagos Grip & Lighting Co,Equipment Rental,21038151,23 Apr 2022,Overdue,
INV02546,PRJ01370,colourgrade lagos,Post-Production,367966,25/03/2022,Pending,
INV08171,PRJ01260,NAIJA LOCATIONS LTD,Location,"NGN 524,837",2025-08-17,PAID,
INV05012,PRJ03373,Chop Life Catering,Catering,1340852,17 May 2023,Pending,
INV00083,PRJ01432,Naija Faces Casting,Talent,1443980,18/07/2022,Pd,
INV00624,PRJ03600,ColourGrade Lagos,Post-Production,39339978,06-06-2023,Disputed,
INV04343,PRJ00568,Naija Faces Casting,Talent,20743805,02 May 2025,PAID,
INV00873,PRJ01982,urban set scouts,Location,3326154,18-08-2023,Pending,
INV06939,PRJ03551,Naija Faces Casting,Talent,5974036,2024-05-25,disputed,
INV02947,PRJ02147,ProGear Nigeria,Equipment Rental,29244071,13-10-2022,PAID,
INV00658,PRJ03295,ONSET MEALS NG,Catering,15945301,27/12/2025,Disputed,
INV04985,PRJ00814,Stagehand Talent Agency,Talent,60406878,2024-10-16,Overdue,
INV01564,PRJ01719,Urban Set Scouts,Location,14193923,14 Dec 2024,paid,
INV02317,PRJ00248,Naija Faces Casting,Talent,4410740,14 Jun 2022,Paid,
INV05415,PRJ00345,Naija Locations Ltd,Location,23959441,01-02-2021,PAID,
INV02148,PRJ02776,Chop Life Catering,Catering,158716,18 Jun 2022,paid,
INV00718,PRJ03389,Naija Faces Casting,Talent,8188646,10/11/2022,paid,
INV02840,PRJ02423,Stagehand Talent Agency,Talent,21412627,26-05-2022,disputed,
INV07500,PRJ03978,Urban Set Scouts,Location,8865441,14-12-2022,Disputed,
INV01782,PRJ02624,Crew Connect NG,Crew,3399348,12/09/2024,pending,
INV02450,PRJ03355,OnDeck Production Staffing,Crew,42925310,20-01-2023,Paid,
INV01623,PRJ03992,naija locations ltd,Location,37426888,2023-07-23,Overdue,
INV09054,PRJ00300,crew connect ng,Crew,6515372,2023-12-10,Pd,
INV03762,PRJ01326,Chop Life Catering,Catering,5154146,12/10/2022,Disputed,
INV01526,PRJ01788,Coastline Property Services,Location,19683229,13-01-2025,disputed,
INV06474,PRJ01975,Crew Connect NG,Crew,11989677,2023-09-08,Pending,
INV06985,PRJ01350,Chop Life Catering,Catering,190725,2024-08-09,Overdue,
INV08527,PRJ02237,Mama Bisi Kitchen Services,Catering,10000460,07/02/2024,paid,
INV05513,PRJ03183,Reel Edit Studios,Post-Production,32846386,18-03-2023,disputed,
INV07086,PRJ01069,Naija Locations Ltd,Location,22800305,12-12-2024,Paid,
INV08333,PRJ03749,Naija Locations Ltd,Location,44285291,2023-05-06,Disputed,
INV07299,PRJ01629,Crew Connect NG,Crew,42382579,2023-11-22,Pd,
INV06921,PRJ02018,Stagehand Talent Agency,Talent,9616504,2023-07-06,OVERDUE,
INV08653,PRJ03559,Stagehand Talent Agency,Talent,"NGN 8,727,065",2023-01-21,Overdue,
INV07056,PRJ01413,Crew Connect NG,Crew,2308302,18 Jun 2022,OVERDUE,
INV00789,PRJ03499,Naija Faces Casting,Talent,18611437,25-04-2023,disputed,
INV08578,PRJ03968,OnDeck Production Staffing,Crew,6913602,17/12/2024,Disputed,
INV01162,PRJ00428,Crew Connect NG,Crew,1490048,13/03/2021,disputed,
INV06292,PRJ02682,Redline Camera Rentals,Equipment Rental,"NGN 6,021,162",2023-03-15,PAID,
INV00201,PRJ00901,Stagehand Talent Agency,Talent,4451727,24-02-2022,paid,
INV08142,PRJ01205,Reel Edit Studios,Post-Production,19444142,11/07/2024,disputed,
INV05921,PRJ02208,Mama Bisi Kitchen Services,Catering,29001850,23-10-2021,pending,
INV01141,PRJ02660,Urban Set Scouts,Location,25281239,08/12/2024,Paid,
INV06543,PRJ02662,OnDeck Production Staffing,Crew,12668733,2023-03-22,PAID,
INV04531,PRJ01589,OnDeck Production Staffing,Crew,5620058,21/12/2025,paid,
INV09493,PRJ00519,chop life catering,Catering,2037878,26/09/2023,Pd,
INV06233,PRJ02644,Crew Connect NG,Crew,18368159,08/02/2025,Pending,
INV07078,PRJ01551,Naija Faces Casting,Talent,103866,06-09-2022,PAID,
INV04219,PRJ02805,Naija Faces Casting,Talent,532641,24-07-2023,Disputed,
INV04835,PRJ02279,Crew Connect NG,Crew,73753493,03-02-2025,Overdue,
INV03407,PRJ03545,Mama Bisi Kitchen Services,Catering,"NGN 7,512,452",18-05-2025,Disputed,
INV09683,PRJ03450,naija locations ltd,Location,8816443,15-08-2023,Disputed,
INV01659,PRJ01290,OnSet Meals NG,Catering,52639509,2025-08-07,pending,
INV04532,PRJ01589,Chop Life Catering,Catering,17559190,20 May 2022,Pd,
INV08746,PRJ03031,urban set scouts,Location,4885884,28 Apr 2025,Overdue,
INV07175,PRJ03867,Crew Connect NG,Crew,47083225,2021-11-19,Paid,
INV05667,PRJ01602,Redline Camera Rentals,Equipment Rental,24804032,23-04-2023,Overdue,
INV07142,PRJ01604,OnSet Meals NG,Catering,11187264,14-01-2021,paid,
INV03966,PRJ02452,MAMA BISI KITCHEN SERVICES,Catering,37903298,22 May 2022,Paid,
INV06111,PRJ01409,coastline property services,Location,"NGN 4,467,091",2024-10-01,Disputed,
INV04042,PRJ03394,ProGear Nigeria,Equipment Rental,10944832,2021-05-15,pending,
INV05872,PRJ01633,URBAN SET SCOUTS,Location,"NGN 8,422,352",21-07-2025,OVERDUE,
INV04589,PRJ02037,Chop Life Catering,Catering,20965419,05-09-2021,disputed,
INV05470,PRJ03346,SoundWave Post NG,Post-Production,5258109,18-09-2024,disputed,
INV09231,PRJ00801,OnSet Meals,Catering,1171382,2024-11-07,OVERDUE,
INV03749,PRJ01407,Reel Edit Studios,Post-Production,54211010,05/06/2022,PAID,
INV09775,PRJ09999,Naija Faces Casting,Talent,33526214,18-10-2025,paid,
INV07048,PRJ03178,Stagehand Talent Agency,Talent,43983934,2025-12-06,PAID,
INV08130,PRJ00561,Stagehand Talent Agency,Talent,10367136,2025-06-17,pending,
INV06756,PRJ01411,MAMA BISI KITCHEN SERVICES,Catering,18380869,11/11/2023,Disputed,
INV00637,PRJ02966,Chop Life Catering,Catering,17523815,28 May 2023,PAID,
INV01372,PRJ03297,Lagos Grip & Lighting Co,Equipment Rental,2229606,12/03/2022,pending,
INV04878,PRJ02327,ProGear Nigeria,Equipment Rental,913799,03-05-2021,Overdue,
INV03521,PRJ01182,ONSET MEALS NG,Catering,33228405,28-07-2022,Pd,
INV05217,PRJ03666,Crew Connect NG,Crew,4394632,2023-02-05,Pd,
INV03185,PRJ03593,OnSet Meals NG,Catering,34723133,10 Apr 2024,disputed,
INV09341,PRJ02123,Urban Set Scouts,Location,42131912,09/07/2024,Paid,
INV08311,PRJ01599,Naija Faces Casting,Talent,267202,20 Jan 2021,OVERDUE,
INV04601,PRJ03331,Chop Life Catering,Catering,5250456,01 Aug 2023,paid,
INV08352,PRJ01221,chop life catering,Catering,4215433,2025-12-03,paid,
INV05851,PRJ03184,CREW CONNECT NG,Crew,21465970,2021-05-26,Pd,
INV06771,PRJ01764,STAGEHAND TALENT AGENCY,Talent,31055530,27-08-2025,OVERDUE,
INV09108,PRJ02012,ONDECK PRODUCTION STAFFING,Crew,7952040,2025-08-13,pending,
INV08662,PRJ03563,Lagos Grip & Lighting Co,Equipment Rental,44485675,26 Jun 2022,Overdue,
INV02569,PRJ01617,Reel Edit Studios,Post-Production,39126467,2025-09-20,pending,
INV06560,PRJ02427,Mama Bisi Kitchen Services,Catering,34953286,05/11/2021,OVERDUE,
INV05234,PRJ03116,Urban Set Scouts,Location,2842433,09-10-2024,paid,
INV03180,PRJ00041,OnSet Meals NG,Catering,4525840,23-02-2021,Pending,
INV06093,PRJ01637,Urban Set Scouts,Location,6665301,2024-06-14,pending,
INV09091,PRJ02742,frame & focus equipment,Equipment Rental,23113759,05 Jul 2022,Paid,
INV04157,PRJ00200,Redline Camera Rentals,Equipment Rental,22723,27/12/2021,PAID,
INV02252,PRJ03567,onset meals ng,Catering,"NGN 52,951,331",2021-09-09,Overdue,
INV00220,PRJ03369,Frame & Focus Equipment,Equipment Rental,1560572,19-12-2021,Paid,
INV03921,PRJ01339,Naija Locations Ltd,Location,6382247,23-02-2021,paid,
INV01757,PRJ00221,Naija Faces Casting,Talent,152914,03 Oct 2022,Overdue,
INV08770,PRJ03302,Stagehand Talent Agency,Talent,21726451,16 Jul 2024,Pd,
INV07863,PRJ01295,Urban Set Scouts,Location,30420931,14 Nov 2022,pending,
INV06153,PRJ02795,Reel Edit Studios,Post-Production,"NGN 4,421,166",11 Apr 2022,paid,
INV09731,PRJ02664,naija locations ltd,Location,30614456,13 Feb 2022,Overdue,
INV05634,PRJ02496,Coastline Property Services,Location,42774294,10-12-2021,pending,
INV03613,PRJ01628,Coastline Property Services,Location,2991846,10/03/2024,pending,
INV02719,PRJ01193,Reel Edit Studios,Post-Production,22064806,25 Sep 2024,OVERDUE,
INV05483,PRJ01808,progear nigeria,Equipment Rental,1058949,07 Jun 2022,PAID,
INV09722,PRJ00954,Stagehand Talent Agency,Talent,23413161,2024-10-23,PAID,
INV01648,PRJ02684,Mama Bisi Kitchen Services,Catering,32464752,21-05-2024,Paid,
INV07632,PRJ01047,STAGEHAND TALENT AGENCY,Talent,33242625,11/04/2025,Disputed,
INV05024,PRJ00488,Redline Camera Rentals,Equipment Rental,12112610,2023-05-19,Overdue,
INV05275,PRJ02277,Chop Life Catering,Catering,17275130,03/08/2024,pending,
INV06908,PRJ00086,Mama Bisi Kitchen Services,Catering,16999431,09-05-2021,Pd,
INV08496,PRJ03504,Naija Faces Casting,Talent,3966719,2024-07-21,Overdue,
INV06250,PRJ02325,Stagehand Talent Agency,Talent,15330079,11/12/2021,Pd,
INV01484,PRJ02606,Reel Edit Studios,Post-Production,19163556,28-12-2024,pending,
INV04192,PRJ03169,Coastline Property Services,Location,"NGN 56,990,944",2023-10-27,Paid,
INV05902,PRJ00876,ONDECK PRODUCTION STAFFING,Crew,48426866,25-11-2025,disputed,
INV06573,PRJ03740,Stagehand Talent Agency,Talent,"NGN 15,330,864",2024-04-08,PAID,
INV00351,PRJ01023,OnDeck Production Staffing,Crew,7509790,19 Jan 2021,Overdue,
INV00283,PRJ01381,SoundWave Post NG,Post-Production,794999,2025-01-23,paid,
INV01799,PRJ03139,OnDeck Production Staffing,Crew,24190093,15/11/2023,Overdue,
INV04044,PRJ03394,Frame & Focus Equipment,Equipment Rental,9489234,25 May 2022,Overdue,
INV07039,PRJ01627,Redline Camera Rentals,Equipment Rental,30064597,14/01/2025,pending,
INV09296,PRJ00995,Crew Connect NG,Crew,49902605,07-10-2023,Pending,
INV07948,PRJ03817,Naija Faces Casting,Talent,17609656,12/10/2025,Pd,
INV00636,PRJ03587,OnDeck Production Staffing,Crew,31776110,22/11/2025,Pending,
INV07555,PRJ01081,Naija Locations Ltd,Location,9211316,10-02-2024,OVERDUE,
INV02241,PRJ01214,Naija Faces Casting,Talent,51634661,04/08/2024,disputed,
INV08268,PRJ00921,Coastline Property Services,Location,17848063,07 Aug 2021,disputed,
INV07350,PRJ02339,OnDeck Production Staffing,Crew,5196612,25 Mar 2021,Disputed,
INV03491,PRJ03476,ColourGrade Lagos,Post-Production,25617190,15-07-2021,pending,
INV01187,PRJ02922,Frame & Focus Equipment,Equipment Rental,35889188,09/07/2021,OVERDUE,
INV00999,PRJ00268,REEL EDIT STUDIOS,Post-Production,6020179,24-09-2023,paid,
INV05372,PRJ00552,Stagehand Talent Agency,Talent,11879252,16 May 2024,OVERDUE,
INV06098,PRJ02504,SoundWave Post NG,Post-Production,2423146,13/10/2023,Overdue,
INV08681,PRJ00158,mama bisi kitchen services,Catering,36497312,07/02/2025,Pd,
INV00259,PRJ01180,Crew Connect NG,Crew,8420953,08/08/2024,pending,
INV02644,PRJ01460,stagehand talent agency,Talent,25699513,07-07-2021,Overdue,
INV02069,PRJ00259,Redline Camera Rentals,Equipment Rental,36085869,11-05-2021,PAID,
INV03100,PRJ03372,Redline Camera Rentals,Equipment Rental,48665172,24/04/2023,Disputed,
INV08510,PRJ02481,Crew Connect NG,Crew,14573104,05 Jan 2022,Pd,
INV02652,PRJ01136,Lagos Grip & Lighting Co,Equipment Rental,7316571,28/04/2025,Overdue,
INV08773,PRJ03201,Naija Faces Casting,Talent,"NGN 1,988,639",18/12/2022,Pending,
INV00233,PRJ02743,SoundWave Post NG,Post-Production,11378657,13-12-2025,paid,
INV04696,PRJ00959,OnDeck Production Staffing,Crew,59992081,2022-09-16,Overdue,
INV02298,PRJ02222,Redline Camera Rentals,Equipment Rental,5993600,07 Oct 2024,PAID,
INV02863,PRJ02770,Coastline Property Services,Location,76494297,02/08/2025,Overdue,
INV03674,PRJ00603,crew connect ng,Crew,8916766,2025-02-02,Disputed,
INV00288,PRJ02209,Coastline Property Services,Location,6031453,25 Sep 2023,Pending,
INV05397,PRJ02056,OnDeck Production Staffing,Crew,20894647,09/04/2022,PAID,
INV03778,PRJ00457,Urban Set Scouts,Location,43821233,11 Dec 2023,OVERDUE,
INV03434,PRJ01846,stagehand talent agency,Talent,6051270,22/07/2023,Paid,
INV03848,PRJ03734,NAIJA FACES CASTING,Talent,15814166,28/08/2025,OVERDUE,
INV06336,PRJ02948,Stagehand Talent Agency,Talent,17049113,09-06-2021,Pending,
INV04768,PRJ03517,Crewnnect,Crew,7822041,23-09-2021,Pd,
INV01999,PRJ00835,Naija Locations Ltd,Location,8296378,12 Aug 2023,Pd,
INV02066,PRJ00259,Crewnnect,Crew,12066514,2021-11-25,OVERDUE,
INV06437,PRJ01867,NAIJA LOCATIONS LTD,Location,459752,06/08/2024,pending,
INV05256,PRJ00363,OnDeck Production Staffing,Crew,58140742,01 Jul 2024,OVERDUE,
INV06368,PRJ03642,ProGear Nigeria,Equipment Rental,"NGN 13,728,631",03-02-2023,Overdue,
INV01825,PRJ03236,ColourGrade Lagos,Post-Production,1165998,2023-05-22,Overdue,
INV09624,PRJ00203,urban set scouts,Location,29385598,26 Jul 2023,Paid,
INV03995,PRJ01991,Crew Connect NG,Crew,59372942,2022-03-25,paid,
INV06048,PRJ03987,ColourGrade Lagos,Post-Production,6089606,2024-05-17,Overdue,
INV07884,PRJ03522,Naija Locations Ltd,Location,30451705,27-01-2023,pending,
INV01364,PRJ02042,ColourGrade Lagos,Post-Production,28100013,03 Mar 2022,Pd,
INV02820,PRJ01961,Redline Camera Rentals,Equipment Rental,17123947,2022-01-06,pending,
INV04664,PRJ00812,SOUNDWAVE POST NG,Post-Production,4823345,2025-01-15,paid,
INV03238,PRJ02471,Stagehand Talent Agency,Talent,16236923,2024-08-03,disputed,
INV08514,PRJ03982,Frame & Focus Equipment,Equipment Rental,37967945,2022-03-16,paid,
INV02409,PRJ03701,Stagehand Talent Agency,Talent,11551799,2021-04-20,Disputed,
INV06600,PRJ00402,onset meals ng,Catering,1430724,09 May 2021,Pending,
INV06425,PRJ00152,COASTLINE PROPERTY SERVICES,Location,"NGN 13,014,595",17/08/2024,Disputed,
INV07469,PRJ03424,coastline property services,Location,17120311,19/06/2025,OVERDUE,
INV01323,PRJ01828,Chop Life Catering,Catering,35365940,2021-11-25,Pd,
INV01674,PRJ01618,Naija Faces Casting,Talent,50890,13/07/2021,PAID,
INV02154,PRJ02106,Coastline Property Services,Location,38722369,2021-04-13,Pending,
INV05536,PRJ02723,ProGear,Equipment Rental,72540853,05 Dec 2022,OVERDUE,
INV07285,PRJ03306,Reel Edit Studios,Post-Production,15758260,2024-09-26,pending,
INV03648,PRJ02746,Reel Edit Studios,Post-Production,7324536,20 Aug 2024,disputed,
INV08236,PRJ02160,SOUNDWAVE POST NG,Post-Production,4797252,2021-09-26,OVERDUE,
INV01322,PRJ01828,Naija Locations Ltd,Location,16587003,13-09-2021,PAID,
INV06965,PRJ03025,Chop Life Catering,Catering,6044301,25/04/2025,paid,
INV04844,PRJ03856,STAGEHAND TALENT AGENCY,Talent,33851152,26 Oct 2023,Paid,
INV06001,PRJ02478,naija locations ltd,Location,16498869,2022-10-12,Disputed,
INV01229,PRJ01746,Coastline Property Services,Location,35537779,26/04/2025,pending,
INV03620,PRJ03632,OnSet Meals,Catering,32232627,2023-01-12,Disputed,
INV06407,PRJ00448,ColourGrade Lagos,Post-Production,61863479,13-11-2024,Overdue,
INV04726,PRJ00099,Crew Connect NG,Crew,165660,12/11/2021,disputed,
INV00943,PRJ03566,ColourGrade Lagos,Post-Production,1624995,26/08/2024,Disputed,
INV01863,PRJ02359,chop life catering,Catering,15094927,21/07/2021,Pending,
INV02761,PRJ02744,Redline Camera Rentals,Equipment Rental,2825829,26/06/2025,Overdue,
INV02312,PRJ02299,ProGear Nigeria,Equipment Rental,32381307,12-08-2021,OVERDUE,
INV09676,PRJ03775,Lagos Grip & Lighting Co,Equipment Rental,56351630,24 Jul 2021,pending,
INV01663,PRJ02969,stagehand talent agency,Talent,3231860,2024-08-12,pending,
INV03640,PRJ03786,Stagehand Talent Agency,Talent,11891391,01-09-2024,Disputed,
INV00194,PRJ00690,soundwave post ng,Post-Production,18464315,2024-04-01,OVERDUE,
INV09735,PRJ01868,ColourGrade Lagos,Post-Production,11435092,20-01-2025,Pd,
INV04722,PRJ03477,Stagehand Talent Agency,Talent,1949158,10/04/2021,OVERDUE,
INV05547,PRJ00815,colourgrade lagos,Post-Production,41503405,23-01-2022,Pending,
INV00496,PRJ01430,colourgrade lagos,Post-Production,35583647,22/10/2023,Pending,
INV07544,PRJ01631,Coastline Property Services,Location,3511772,25-12-2025,Disputed,
INV07275,PRJ03118,Coastline Property Services,Location,3079363,2023-12-22,Overdue,
INV01561,PRJ01719,Stagehand Talent Agency,Talent,"NGN 5,299,879",15-02-2025,paid,
INV01004,PRJ00816,Lagos Grip & Lighting Co,Equipment Rental,13100304,06-05-2022,Disputed,
INV02097,PRJ02281,Lagos Grip & Lighting Co,Equipment Rental,33229225,2021-09-19,PAID,
INV05844,PRJ03078,Chop Life Catering,Catering,6914358,27 Jun 2024,Pd,
INV09253,PRJ04000,Crew Connect NG,Crew,3549265,02/04/2025,Paid,
INV09557,PRJ03770,Crew Connect NG,Crew,56600919,03 Jul 2023,Pd,
INV08370,PRJ02583,OnDeck Production Staffing,Crew,2921760,22-01-2022,PAID,
INV09127,PRJ02360,Stagehand Talent Agency,Talent,32993403,04/06/2021,OVERDUE,
INV08302,PRJ02641,Naija Faces Casting,Talent,6462328,2022-02-12,pending,
INV03299,PRJ00852,Frame & Focus Equipment,Equipment Rental,21422908,2024-12-12,Disputed,
INV03971,PRJ03630,Redline Camera Rentals,Equipment Rental,22432470,02/04/2023,Paid,
INV01998,PRJ02232,Reel Edit Studios,Post-Production,39664760,28-12-2025,Pd,
INV06262,PRJ02445,Mama Bisi Kitchen Services,Catering,8165776,24-01-2021,Pd,
INV07942,PRJ02958,Lagos Grip & Lighting Co,Equipment Rental,26105980,02/04/2023,Paid,
INV06005,PRJ00515,Mama Bisi Kitchen Services,Catering,49389925,2021-06-21,disputed,
INV03861,PRJ02385,SoundWave Post NG,Post-Production,20719409,2023-08-02,Pending,
INV07097,PRJ02977,NAIJA LOCATIONS LTD,Location,18232639,2022-02-13,paid,
INV00949,PRJ00777,Frame & Focus Equipment,Equipment Rental,43128596,25-06-2023,disputed,
INV00343,PRJ02194,Reel Edit Studios,Post-Production,31920665,18 May 2025,OVERDUE,
INV00061,PRJ01428,Naija Locations Ltd,Location,25700682,07-02-2024,paid,
INV02641,PRJ03256,Reel Edit Studios,Post-Production,558431,02/06/2021,pending,
INV05045,PRJ01145,Mama Bisi Kitchen Services,Catering,"NGN 22,618,565",09 Jun 2024,paid,
INV03571,PRJ03199,Coastline Property Services,Location,"NGN 46,472,280",11-11-2025,Disputed,
INV09372,PRJ02189,Redline Camera Rentals,Equipment Rental,3881267,26/03/2024,disputed,
INV00490,PRJ01368,Stagehand Talent Agency,Talent,51032493,2022-10-25,Disputed,
INV02801,PRJ01938,progear nigeria,Equipment Rental,28970717,17/10/2021,disputed,
INV07385,PRJ01154,OnDeck Production Staffing,Crew,12360104,03 Mar 2021,Pd,
INV05662,PRJ02301,Naija Locations,Location,14820578,02/08/2021,Pending,
INV01077,PRJ02775,CREW CONNECT NG,Crew,13034604,2022-08-10,PAID,
INV01923,PRJ00091,MAMA BISI KITCHEN SERVICES,Catering,6832818,20/04/2024,Paid,
INV02861,PRJ02770,Mama Bisi Kitchen Services,Catering,15309333,09-12-2021,Disputed,
INV09240,PRJ00151,OnSet Meals NG,Catering,5783530,27 Apr 2025,paid,
INV09215,PRJ02429,Lagos Grip & Lighting Co,Equipment Rental,20164078,2022-05-14,Pending,
INV02848,PRJ01273,Urban Set Scouts,Location,"NGN 3,687,790",23/02/2021,Disputed,
INV02491,PRJ03619,Coastline Property Services,Location,6596571,02/12/2023,Pending,
INV01314,PRJ00044,Naija Faces Casting,Talent,58990623,10 Nov 2021,Pending,
INV00317,PRJ03899,REEL EDIT STUDIOS,Post-Production,4794412,22-12-2023,pending,
INV00060,PRJ00060,coastline property services,Location,30866021,14 May 2021,Pending,
INV08369,PRJ03762,OnDeck Production Staffing,Crew,6022340,19-11-2025,Pending,
INV07924,PRJ00780,ColourGrade Lagos,Post-Production,1995534,02 Jan 2023,Overdue,
INV04747,PRJ03845,OnDeck Production Staffing,Crew,4056120,08 Jan 2024,Pending,
INV01523,PRJ02451,CREW CONNECT NG,Crew,53537069,02/11/2023,Disputed,
INV06579,PRJ01512,OnDeck Production Staffing,Crew,66444159,24 Dec 2022,paid,
INV03385,PRJ01750,OnSet Meals NG,Catering,5607736,2025-05-07,disputed,
INV06645,PRJ00827,Naija Faces Casting,Talent,6520443,22-06-2024,pending,
INV05236,PRJ01025,Stagehand Talent Agency,Talent,17553645,15-05-2024,PAID,
INV07426,PRJ01802,Naija Locations Ltd,Location,2632349,2024-12-21,Overdue,
INV04373,PRJ02367,ColourGrade Lagos,Post-Production,4235394,24 Mar 2023,Pd,
INV07102,PRJ01096,Urban Set Scouts,Location,38397382,2024-09-04,Paid,
INV00705,PRJ00490,COLOURGRADE LAGOS,Post-Production,27696240,12-11-2021,disputed,
INV06268,PRJ01478,Urban Set Scouts,Location,2349586,23/09/2023,PAID,
INV00638,PRJ02966,Redline Camera Rentals,Equipment Rental,22443386,20 Jun 2024,Paid,
INV05189,PRJ03582,chop life catering,Catering,27002686,04 Aug 2023,Overdue,
INV00103,PRJ00585,crew connect ng,Crew,4273648,2022-02-14,pending,
INV01456,PRJ02306,Redline Camera Rentals,Equipment Rental,3137359,21/11/2021,OVERDUE,
INV04951,PRJ02882,STAGEHAND TALENT AGENCY,Talent,17648204,13/01/2021,Overdue,
INV07020,PRJ02041,Naija Locations Ltd,Location,985058,2023-06-23,paid,
INV01843,PRJ01859,OnDeck Production Staffing,Crew,51360315,09-04-2024,disputed,
INV00525,PRJ03870,Chop Life Catering,Catering,11637974,09-12-2022,paid,
INV00644,PRJ03599,ColourGrade Lagos,Post-Production,32290928,03 Apr 2024,pending,
INV08354,PRJ00617,Reel Edit Studios,Post-Production,1977503,13-12-2024,disputed,
INV07678,PRJ03507,naija locations ltd,Location,13145870,23/07/2022,paid,
INV04553,PRJ02307,ColourGrade Lagos,Post-Production,2540790,16-07-2025,Overdue,
INV01356,PRJ01210,ONSET MEALS NG,Catering,5361304,2023-08-12,disputed,
INV03059,PRJ01732,SoundWave Post NG,Post-Production,40146855,19/08/2024,Paid,
INV02616,PRJ02737,Mama Bisi Kitchen Services,Catering,7144146,27/02/2025,Pd,
INV06917,PRJ02568,SoundWave Post NG,Post-Production,35738679,07-02-2024,pending,
INV05689,PRJ03318,Mama Bisi Kitchen Services,Catering,14871439,26-03-2022,Disputed,
INV03935,PRJ01528,progear nigeria,Equipment Rental,6169819,2021-11-14,pending,
INV07232,PRJ03353,Lagos Grip & Lighting Co,Equipment Rental,19431335,03 Mar 2024,disputed,
INV07060,PRJ03594,OnSet Meals NG,Catering,2774903,02 Mar 2022,disputed,
INV08440,PRJ00682,ColourGrade Lagos,Post-Production,861710,2022-08-02,OVERDUE,
INV01241,PRJ03573,ColourGrade Lagos,Post-Production,32271960,07-10-2021,Overdue,
INV02290,PRJ02639,Crew Connect NG,Crew,42716548,05-02-2025,Pending,
INV02459,PRJ01188,OnSet Meals NG,Catering,8503694,22 Aug 2023,disputed,
INV04649,PRJ00376,OnDeck Production Staffing,Crew,6757745,2022-11-04,Pd,
INV06149,PRJ00654,redline camera rentals,Equipment Rental,1275844,09-02-2024,Overdue,
INV03037,PRJ01595,Naija Locations Ltd,Location,7496375,20 May 2024,Pending,
INV04275,PRJ03251,OnSet Meals NG,Catering,2021033,22-10-2021,PAID,
INV02524,PRJ03655,COLOURGRADE LAGOS,Post-Production,2588256,01/12/2021,PAID,
INV02938,PRJ00361,Crew Connect NG,Crew,28946776,26/03/2022,PAID,
INV05523,PRJ01695,FRAME & FOCUS EQUIPMENT,Equipment Rental,19860221,18/02/2023,Pending,
INV01178,PRJ03451,naija faces casting,Talent,8505218,2022-02-13,Pd,
INV05464,PRJ01541,Naija Faces Casting,Talent,20696559,2023-11-19,disputed,
INV08359,PRJ01271,SOUNDWAVE POST NG,Post-Production,10001409,27-06-2024,Pending,
INV07206,PRJ03239,Naija Faces Casting,Talent,4693024,2023-05-05,Disputed,
INV09468,PRJ00161,frame & focus equipment,Equipment Rental,960955,21 Mar 2023,Paid,
INV08953,PRJ03080,Chop Life Catering,Catering,1153915,2025-03-23,OVERDUE,
INV00039,PRJ03506,Chop Life Catering,Catering,26257269,2021-09-16,Pd,
INV06399,PRJ02497,Stagehand Talent Agency,Talent,5586984,17/08/2025,paid,
INV04128,PRJ01805,OnSet Meals NG,Catering,947641,19-05-2022,paid,
INV04424,PRJ00589,Mama Bisi Kitchen Services,Catering,14266280,2024-06-28,Pending,
INV08533,PRJ01679,Crew Connect NG,Crew,"NGN 20,715,079",22 Oct 2025,Disputed,
INV01713,PRJ02465,OnDeck Production Staffing,Crew,8427039,23 Jan 2024,pending,
INV04188,PRJ01157,Naija Faces Casting,Talent,6974544,05/04/2024,Overdue,
INV03693,PRJ03478,ColourGrade Lagos,Post-Production,23507927,2025-06-04,Pending,
INV06459,PRJ03679,Frame & Focus Equipment,Equipment Rental,21359097,15/10/2021,Overdue,
INV09459,PRJ03906,Mama Bisi Kitchen Services,Catering,3341520,2022-01-03,Pd,
INV07320,PRJ00311,ColourGrade Lagos,Post-Production,12780560,26 Jun 2022,Paid,
INV02838,PRJ02423,Crew Connect NG,Crew,14557210,01 Mar 2022,pending,
INV09524,PRJ00778,Naija Faces Casting,Talent,57657153,26-07-2023,PAID,
INV06063,PRJ01392,ondeck production staffing,Crew,62207422,2021-06-15,Pd,
INV04495,PRJ02610,Redline Camera Rentals,Equipment Rental,6469745,24-11-2021,Overdue,
INV04572,PRJ02055,Stagehand Talent Agency,Talent,21284143,22 Nov 2021,Pending,
INV03092,PRJ01704,OnSet Meals NG,Catering,7044303,2024-12-01,pending,
INV07839,PRJ00065,Coastline Property Services,Location,9962575,04 Jun 2022,Pd,
INV00394,PRJ03915,Naija Faces Casting,Talent,84709714,11/01/2023,OVERDUE,
INV09522,PRJ01590,MAMA BISI KITCHEN SERVICES,Catering,45543728,02 Apr 2024,Disputed,
INV04596,PRJ03155,SoundWave Post NG,Post-Production,41752799,15 May 2022,OVERDUE,
INV08879,PRJ02157,Urban Set Scouts,Location,"NGN 60,358,162",16 Apr 2022,Pending,
INV02297,PRJ02222,Naija Faces Casting,Talent,8942421,19 Mar 2025,pending,
INV02760,PRJ02744,Redline Camera Rentals,Equipment Rental,3460350,2023-01-02,Overdue,
INV01270,PRJ02228,ProGear Nigeria,Equipment Rental,7052443,2022-07-02,PAID,
INV05411,PRJ02844,Mama Bisi Kitchen Services,Catering,"NGN 11,223,978",15 Jul 2024,Paid,
INV03879,PRJ03919,COLOURGRADE LAGOS,Post-Production,10245724,13 Oct 2024,paid,
INV00589,PRJ01397,Naija Faces Casting,Talent,15794914,20-03-2023,pending,
INV00747,PRJ02900,Stagehand Talent Agency,Talent,370415,10-06-2021,Overdue,
INV09760,PRJ08888,Crew Connect NG,Crew,15203208,19/05/2021,Paid,
INV02370,PRJ00710,REDLINE CAMERA RENTALS,Equipment Rental,428349,26-02-2023,Pending,
INV09745,PRJ03014,SoundWave Post NG,Post-Production,12958944,2023-02-16,Paid,
INV00226,PRJ02887,Stagehand Talent Agency,Talent,43282438,03/02/2025,pending,
INV08346,PRJ00374,SoundWave Post NG,Post-Production,3819162,21-07-2025,paid,
INV04416,PRJ00235,COASTLINE PROPERTY SERVICES,Location,1140051,2021-12-21,Paid,
INV08259,PRJ00174,Mama Bisi Kitchen Services,Catering,19466688,01 Oct 2024,disputed,
INV09768,PRJ00000,CREW CONNECT NG,Crew,18077776,2024-05-04,Pd,
INV07472,PRJ03564,Crew Connect NG,Crew,9212536,2025-12-04,Disputed,
INV00575,PRJ00315,Redline Camera Rentals,Equipment Rental,9602321,03-01-2024,Paid,
INV07011,PRJ03158,Crew Connect NG,Crew,31186584,27-07-2025,OVERDUE,
INV08431,PRJ01045,Reel Edit Studios,Post-Production,25013319,14/12/2021,OVERDUE,
INV08387,PRJ03132,SOUNDWAVE POST NG,Post-Production,5424432,18 Sep 2024,Pd,
INV01412,PRJ01164,NAIJA FACES CASTING,Talent,7032535,21/08/2024,pending,
INV04222,PRJ03779,Naija Faces Casting,Talent,25303009,27 Sep 2023,Pending,
INV05606,PRJ02694,Stagehand Talent Agency,Talent,7509218,03-11-2023,OVERDUE,
INV03939,PRJ00928,onset meals ng,Catering,29870064,09-09-2021,Pd,
INV01852,PRJ00023,Lagos Grip & Lighting,Equipment Rental,61141488,18-08-2024,disputed,
INV03142,PRJ02848,Crew Connect NG,Crew,1401460,2022-07-28,Pending,
INV06216,PRJ03981,MAMA BISI KITCHEN SERVICES,Catering,31542939,17 Oct 2021,PAID,
INV09321,PRJ00676,OnDeck Production Staffing,Crew,6721078,01 Apr 2021,Paid,
INV09501,PRJ03937,Naija Faces Casting,Talent,24466762,23/02/2021,disputed,
INV00173,PRJ02545,Lagos Grip & Lighting Co,Equipment Rental,17605258,2025-06-02,Overdue,
INV03105,PRJ02372,Lagos Grip & Lighting Co,Equipment Rental,51181485,21/09/2025,Disputed,
INV06636,PRJ02036,Reel Edit Studios,Post-Production,23293110,09-01-2022,Paid,
INV08535,PRJ02716,LAGOS GRIP & LIGHTING CO,Equipment Rental,32621603,11/06/2021,OVERDUE,
INV00939,PRJ03125,Stagehand Talent Agency,Talent,"NGN 4,994,547",23 Oct 2025,disputed,
INV05612,PRJ03171,Chop Life Catering,Catering,27530302,17-09-2022,Disputed,
INV07092,PRJ00946,OnSet Meals NG,Catering,9557929,15 Sep 2023,Paid,
INV06623,PRJ00734,OnDeck Production Staffing,Crew,19441178,2024-10-22,disputed,
INV02396,PRJ02266,Lagos Grip & Lighting Co,Equipment Rental,272237,23 Apr 2024,PAID,
INV08219,PRJ01491,lagos grip & lighting co,Equipment Rental,1008372,07 May 2023,Paid,
INV07343,PRJ01191,Chop Life Catering,Catering,18731104,18 Jul 2025,Disputed,
INV07138,PRJ01935,SoundWave Post NG,Post-Production,30717120,2021-05-02,PAID,
INV03138,PRJ02848,Coastline Property Services,Location,"NGN 33,653,104",16/01/2022,paid,
INV01630,PRJ01644,naija faces casting,Talent,67232908,09 Sep 2023,OVERDUE,
INV02738,PRJ02388,ProGear Nigeria,Equipment Rental,20983094,15 Nov 2025,OVERDUE,
INV02664,PRJ01527,Urban Set Scouts,Location,"NGN 18,967,010",26-02-2022,Pending,
INV06819,PRJ00596,SoundWave Post,Post-Production,2242831,2021-02-09,Pd,
INV04091,PRJ00281,Reel Edit Studios,Post-Production,4943689,18/09/2025,Disputed,
INV07970,PRJ02983,colourgrade lagos,Post-Production,1777467,03 Dec 2021,PAID,
INV06340,PRJ02948,ColourGrade Lagos,Post-Production,40178824,12-02-2021,Pd,
INV05472,PRJ02251,CREW CONNECT NG,Crew,3539140,21 Jul 2021,disputed,
INV01494,PRJ02953,Stagehand Talent Agency,Talent,29715570,16-03-2025,pending,
INV03068,PRJ03179,Mama Bisi Kitchen Services,Catering,24293376,17 Sep 2022,Overdue,
INV05449,PRJ00502,SoundWave Post NG,Post-Production,10662409,2022-10-02,Pending,
INV06828,PRJ01011,MAMA BISI KITCHEN SERVICES,Catering,3165637,06-12-2024,OVERDUE,
INV04417,PRJ01989,Stagehand Talent Agency,Talent,15747674,02-05-2022,Pending,
INV04701,PRJ02059,stagehand talent agency,Talent,908228,2023-12-03,pending,
INV02624,PRJ02567,ProGear Nigeria,Equipment Rental,10857364,19 Mar 2022,Pd,
INV04760,PRJ03293,progear nigeria,Equipment Rental,16085120,24 Aug 2021,paid,
INV05545,PRJ00157,Stagehand Talent Agency,Talent,16062236,2024-04-20,Pending,
INV01702,PRJ03561,ColourGrade Lagos,Post-Production,36493068,2025-03-06,Pd,
INV06863,PRJ01351,NAIJA FACES CASTING,Talent,711134,18-08-2023,OVERDUE,
INV01573,PRJ01771,SOUNDWAVE POST NG,Post-Production,6891826,06-11-2021,pending,
INV07943,PRJ02958,SoundWave Post NG,Post-Production,15773844,03-04-2021,Pd,
INV05877,PRJ00080,SoundWave Post NG,Post-Production,23550762,28 Oct 2021,Overdue,
INV07613,PRJ02685,ProGear,Equipment Rental,49366471,27 Jun 2023,Disputed,
INV08180,PRJ01715,Crew Connect NG,Crew,1497890,27-07-2024,Pd,
INV00167,PRJ03503,Stagehand Talent Agency,Talent,30075183,08-07-2025,Disputed,
INV01614,PRJ01473,SOUNDWAVE POST NG,Post-Production,13864844,04/04/2024,pending,
INV02162,PRJ03935,Stagehand Talent Agency,Talent,16479628,03 Nov 2021,pending,
INV00947,PRJ00777,frame & focus equipment,Equipment Rental,11965163,2024-11-27,paid,
INV06187,PRJ00799,Mama Bisi Kitchen Services,Catering,56941511,21/02/2021,disputed,
INV00717,PRJ03389,Mama Bisi Kitchen Services,Catering,4813220,02 Aug 2022,Paid,
INV03668,PRJ03950,OnDeck Production Staffing,Crew,33714311,2024-11-10,paid,
INV06500,PRJ00802,OnSet Meals NG,Catering,34199433,22-05-2022,Disputed,
INV02135,PRJ01285,Naija Faces Casting,Talent,1676206,11/01/2022,Disputed,
INV07732,PRJ00310,OnDeck Production Staffing,Crew,18151230,07/05/2024,PAID,
INV01153,PRJ00204,Naija Faces Casting,Talent,37822172,18-11-2024,PAID,
INV06717,PRJ02670,Naija Faces Casting,Talent,13245847,2024-03-15,disputed,
INV06674,PRJ02970,COASTLINE PROPERTY SERVICES,Location,39509692,25 Feb 2023,pending,
INV03998,PRJ00495,MAMA BISI KITCHEN SERVICES,Catering,8046968,13-07-2021,Pending,
INV00440,PRJ01894,ProGear Nigeria,Equipment Rental,6140418,11 Apr 2023,OVERDUE,
INV00406,PRJ02561,Urban Set Scouts,Location,54654706,15/10/2025,paid,
INV06370,PRJ03912,Stagehand Talent Agency,Talent,10867540,2023-04-28,Disputed,
INV08849,PRJ03918,Crewnnect,Crew,49430747,2022-07-06,OVERDUE,
INV05912,PRJ03258,NAIJA FACES CASTING,Talent,48318823,05-02-2023,paid,
INV05620,PRJ00128,Urban Set Scouts,Location,18369698,28-09-2025,pending,
INV00196,PRJ02642,OnSet Meals NG,Catering,3334609,15-11-2025,pending,
INV09367,PRJ02615,ColourGrade Lagos,Post-Production,55391757,2021-06-08,Disputed,
INV08020,PRJ02278,Stagehand Talent Agency,Talent,18851100,2023-08-13,PAID,
INV08395,PRJ00723,Naija Faces Casting,Talent,31486799,11-05-2023,Paid,
INV00181,PRJ02296,URBAN SET SCOUTS,Location,165674,23/08/2023,Paid,
INV03919,PRJ01339,ProGear Nigeria,Equipment Rental,2281599,27/04/2024,Pending,
INV01105,PRJ00031,OnDeck Production Staffing,Crew,18482386,21 Mar 2021,paid,
INV03641,PRJ02633,Urban Set Scouts,Location,10757871,2025-12-10,OVERDUE,
INV02563,PRJ03026,Naija Locations Ltd,Location,1555518,06/06/2025,paid,
INV00657,PRJ03295,Naija Faces Casting,Talent,9949622,14 Oct 2025,Overdue,
INV05300,PRJ03266,Frame & Focus Equipment,Equipment Rental,20679060,20-11-2023,Overdue,
INV07083,PRJ03238,Redline Camera Rentals,Equipment Rental,4878754,03/08/2025,disputed,
INV04647,PRJ02081,Coastline Property Services,Location,3196527,11/09/2025,OVERDUE,
INV03233,PRJ03535,Coastline Property Services,Location,2318204,20-09-2022,Pd,
INV07992,PRJ03397,Naija Faces Casting,Talent,7008660,12/12/2023,Pending,
INV08680,PRJ02045,Urban Set Scouts,Location,3214568,07 May 2024,Overdue,
INV03254,PRJ03175,Urban Set Scouts,Location,8351489,2022-05-27,PAID,
INV02765,PRJ01194,Urban Set Scouts,Location,3873320,2022-07-28,PAID,
INV01143,PRJ00015,OnSet Meals,Catering,408879,12/01/2022,paid,
INV09516,PRJ01321,Naija Locations Ltd,Location,18767,19 Jan 2022,pending,
INV01306,PRJ00851,Reel Edit Studios,Post-Production,2788288,2022-06-01,Pd,
INV01071,PRJ00030,OnSet Meals NG,Catering,431477,19/01/2025,Pd,
INV03420,PRJ02866,SoundWave Post NG,Post-Production,46806841,2024-07-01,disputed,
INV08611,PRJ02549,OnDeck Production Staffing,Crew,13547565,12-04-2024,paid,
INV02229,PRJ01110,Frame & Focus Equipment,Equipment Rental,680131,23 Feb 2022,disputed,
INV07040,PRJ01627,SoundWave Post NG,Post-Production,16524544,25 Sep 2022,Disputed,
INV01870,PRJ03370,Crew Connect NG,Crew,"NGN 7,549,611",21 Apr 2021,disputed,
INV05949,PRJ00026,Naija Faces Casting,Talent,17873153,10 Jul 2025,paid,
INV00964,PRJ03933,ColourGrade Lagos,Post-Production,9927072,22-03-2023,Pending,
INV07576,PRJ01343,Frame & Focus Equipment,Equipment Rental,10057072,11/12/2022,paid,
INV07973,PRJ02983,Crew Connect NG,Crew,10983150,27 Jun 2022,paid,
INV07149,PRJ02108,Naija Faces Casting,Talent,45633588,16 Feb 2022,OVERDUE,
INV02545,PRJ01370,OnDeck Production Staffing,Crew,12324275,28/08/2024,Overdue,
INV01034,PRJ02482,ColourGrade Lagos,Post-Production,8778249,22 Aug 2023,Overdue,
INV01401,PRJ01230,Coastline Property Services,Location,13292799,04/07/2021,pending,
INV06360,PRJ03914,Coastline Property Services,Location,16728606,13-01-2025,disputed,
INV00475,PRJ03796,NAIJA FACES CASTING,Talent,13744296,03-09-2023,Pending,
INV05274,PRJ02277,Redline Camera Rentals,Equipment Rental,3806267,23 Jan 2022,OVERDUE,
INV08886,PRJ03615,PROGEAR NIGERIA,Equipment Rental,27052711,2025-06-09,Pd,
INV01672,PRJ01618,Naija Faces Casting,Talent,5727126,2023-04-27,Disputed,
INV03700,PRJ01049,ColourGrade Lagos,Post-Production,17614307,27 Jul 2022,OVERDUE,
INV08421,PRJ02871,Coastline Property Services,Location,53371177,05 Jul 2024,Pending,
INV02331,PRJ03156,Mama Bisi Kitchen Services,Catering,5619378,09-08-2024,Paid,
INV07933,PRJ02972,ProGear,Equipment Rental,8353425,03-11-2021,PAID,
INV03926,PRJ02869,ProGear Nigeria,Equipment Rental,38266418,03/02/2021,pending,
INV00813,PRJ02019,ONSET MEALS NG,Catering,30121775,2024-08-06,paid,
INV02061,PRJ00127,Lagos Grip & Lighting Co,Equipment Rental,15097510,2023-09-26,Disputed,
INV05272,PRJ02277,ProGear Nigeria,Equipment Rental,1078147,03 Mar 2025,disputed,
INV06957,PRJ01162,STAGEHAND TALENT AGENCY,Talent,53629172,12/01/2025,Overdue,
INV02280,PRJ03120,lagos grip & lighting co,Equipment Rental,1303652,15-10-2022,paid,
INV08542,PRJ03943,ondeck production staffing,Crew,5982742,10-01-2022,Pending,
INV04845,PRJ03856,OnDeck Production Staffing,Crew,11149958,09-12-2021,pending,
INV02024,PRJ02528,Stagehand Talent Agency,Talent,10145449,17 Sep 2021,Pd,
INV04269,PRJ03458,ColourGrade Lagos,Post-Production,"NGN 45,950,507",20 Sep 2024,paid,
INV08766,PRJ00436,Naija Faces Casting,Talent,25783774,26/01/2021,Disputed,
INV02931,PRJ02290,Naija Locations Ltd,Location,11254634,18/07/2025,Overdue,
INV02189,PRJ03192,Urban Set Scouts,Location,22000707,04-01-2021,disputed,
INV06112,PRJ01409,colourgrade lagos,Post-Production,845516,28/01/2022,PAID,
INV02067,PRJ00259,ProGear Nigeria,Equipment Rental,69338,18-12-2021,Pending,
INV02163,PRJ03935,OnDeck Production Staffing,Crew,39160702,23-08-2022,paid,
INV00199,PRJ02642,ColourGrade Lagos,Post-Production,14667373,12-09-2023,Paid,
INV04273,PRJ01889,Naija Faces Casting,Talent,9682287,23/12/2025,disputed,
INV01215,PRJ02986,ColourGrade Lagos,Post-Production,34255616,14-11-2023,pending,
INV03572,PRJ03199,Crew Connect NG,Crew,1808702,2021-02-09,Disputed,
INV00367,PRJ03287,OnDeck Production Staffing,Crew,36330411,22-05-2021,Pd,
INV06444,PRJ00092,naija faces casting,Talent,40928285,16/02/2025,Pending,
INV05940,PRJ01128,SoundWave Post NG,Post-Production,6152555,10/11/2025,Pd,
INV03662,PRJ01649,Naija Faces Casting,Talent,8000694,2023-07-13,Pending,
INV08500,PRJ03504,Mama Bisi Kitchen Services,Catering,4996990,08-03-2025,Overdue,
INV00800,PRJ00236,COASTLINE PROPERTY SERVICES,Location,8635833,08-01-2024,Pending,
INV00703,PRJ01564,ProGear Nigeria,Equipment Rental,35553638,26 Jul 2025,Overdue,
INV06451,PRJ02198,Mama Bisi Kitchen Services,Catering,32679748,28-05-2023,Pd,
INV05726,PRJ02904,Redline Camera Rentals,Equipment Rental,13003674,08 Sep 2022,pending,
INV05010,PRJ01276,Reel Edit Studios,Post-Production,8424659,2024-07-05,Pd,
INV02330,PRJ01757,Naija Locations Ltd,Location,13177570,2025-06-27,disputed,
INV01834,PRJ03352,Urban Set Scouts,Location,4547040,2022-04-02,Overdue,
INV01257,PRJ01283,Crew Connect NG,Crew,17161537,11/08/2022,pending,
INV05635,PRJ02496,OnSet Meals NG,Catering,21163715,2023-01-08,Overdue,
INV03249,PRJ03390,Naija Locations Ltd,Location,38560657,13-02-2023,pending,
INV08643,PRJ01424,ColourGrade Lagos,Post-Production,19658318,12/01/2025,OVERDUE,
INV01531,PRJ01788,Crew Connect NG,Crew,1658836,17/04/2022,Pending,
INV01788,PRJ02935,redline camera rentals,Equipment Rental,10977928,05 Dec 2022,Overdue,
INV04944,PRJ02450,reel edit studios,Post-Production,4034361,16 Jun 2023,Overdue,
INV09708,PRJ00803,Stagehand Talent Agency,Talent,10310415,28 Mar 2022,pending,
INV08720,PRJ02929,Coastline Property Services,Location,12367260,11/04/2021,Overdue,
INV09186,PRJ02809,Urban Set Scouts,Location,1999485,2021-07-11,paid,
INV09115,PRJ02963,Lagos Grip & Lighting Co,Equipment Rental,15474174,14 Apr 2022,OVERDUE,
INV06299,PRJ01615,COLOURGRADE LAGOS,Post-Production,323411,10/03/2024,Pd,
INV02359,PRJ00782,CREW CONNECT NG,Crew,2820206,18/05/2022,Paid,
INV06129,PRJ03953,Urban Set Scouts,Location,6662541,21 Apr 2024,Overdue,
INV07021,PRJ02041,REDLINE CAMERA RENTALS,Equipment Rental,43752199,2022-02-02,PAID,
INV00170,PRJ03503,SoundWave Post NG,Post-Production,17859748,22/12/2021,Disputed,
INV02384,PRJ00935,onset meals ng,Catering,8156197,2021-10-15,paid,
INV01760,PRJ01064,ProGear Nigeria,Equipment Rental,7734896,24-07-2024,PAID,
INV00831,PRJ02163,Stagehand Talent Agency,Talent,6040387,2024-01-12,pending,
INV01298,PRJ02052,naija locations ltd,Location,6761937,25/07/2021,Overdue,
INV07309,PRJ01297,Mama Bisi Kitchen Services,Catering,8993159,25 Aug 2022,OVERDUE,
INV05268,PRJ02185,mama bisi kitchen services,Catering,15933894,11-04-2023,Disputed,
INV06776,PRJ03028,Lagos Grip & Lighting Co,Equipment Rental,15780039,2022-03-10,disputed,
INV01701,PRJ03561,Naija Locations Ltd,Location,6707019,11-09-2022,paid,
INV00071,PRJ00889,Coastline Property Services,Location,1820293,08 May 2022,paid,
INV01388,PRJ03988,Coastline Property Services,Location,2427287,01/03/2023,OVERDUE,
INV05842,PRJ00365,Stagehand Talent Agency,Talent,1623782,07-02-2021,Pd,
INV08207,PRJ00020,ColourGrade Lagos,Post-Production,11651896,25/08/2021,PAID,
INV07154,PRJ02067,ProGear Nigeria,Equipment Rental,595853,15 Feb 2024,Pd,
INV04056,PRJ01505,Redline Camera Rentals,Equipment Rental,28767893,21/09/2021,Overdue,
INV04118,PRJ00791,ondeck production staffing,Crew,1949962,16/03/2025,Paid,
INV01646,PRJ03537,FRAME & FOCUS EQUIPMENT,Equipment Rental,32558935,2024-10-22,disputed,
INV04468,PRJ02273,OnSet Meals NG,Catering,19051251,09 May 2025,OVERDUE,
INV09386,PRJ00663,Crew Connect NG,Crew,"NGN 7,655,741",28-09-2021,Paid,
INV03187,PRJ03593,OnSet Meals,Catering,6134312,09/02/2023,Paid,
INV03352,PRJ03362,Coastline Property Services,Location,18283296,12/01/2025,Disputed,
INV09515,PRJ01321,Crew Connect NG,Crew,19505076,21-03-2022,PAID,
INV08778,PRJ01881,OnDeck Production Staffing,Crew,21393611,22/07/2022,PAID,
INV04800,PRJ03574,onset meals ng,Catering,20189872,2024-09-24,Pd,
INV06132,PRJ03953,Stagehand Talent Agency,Talent,9375352,18 Aug 2025,Pd,
INV04420,PRJ02896,colourgrade lagos,Post-Production,11186464,2024-06-22,Pending,
INV09230,PRJ00801,Stagehand Talent Agency,Talent,46023380,11/04/2022,pending,
INV02802,PRJ01938,CHOP LIFE CATERING,Catering,29015565,02 Jun 2025,Overdue,
INV02518,PRJ03984,Redline Camera Rentals,Equipment Rental,26457930,03/06/2023,PAID,
INV01912,PRJ01445,Stagehand Talent Agency,Talent,24110647,10-02-2024,Disputed,
INV01740,PRJ03164,ColourGrade Lagos,Post-Production,52916922,2023-10-14,paid,
INV04675,PRJ01994,Chop Life Catering,Catering,23744613,18-04-2022,Pd,
INV05445,PRJ00847,Crew Connect NG,Crew,28006137,15 Sep 2021,paid,
INV03768,PRJ00879,ProGear Nigeria,Equipment Rental,63007164,2022-12-27,pending,
INV06086,PRJ00886,Chop Life Catering,Catering,42917711,18 Jul 2024,Pending,
INV08858,PRJ02071,Naija Faces Casting,Talent,24122712,2025-08-20,Paid,
INV04386,PRJ02680,Coastline Property Services,Location,5507759,27-11-2022,Disputed,
INV00090,PRJ03033,Chop Life Catering,Catering,26660269,2021-01-20,OVERDUE,
INV04062,PRJ00013,Crew Connect NG,Crew,13720557,2025-08-13,OVERDUE,
INV07498,PRJ01429,Coastline Property Services,Location,2607941,12 Feb 2023,OVERDUE,
INV08714,PRJ02477,SoundWave Post,Post-Production,19965691,20-01-2023,Pd,
INV07363,PRJ03993,OnSet Meals NG,Catering,4612210,2023-06-04,disputed,
INV07910,PRJ01567,Crew Connect NG,Crew,5103314,01-12-2022,Overdue,
INV04239,PRJ03341,Chop Life Catering,Catering,9215251,05 Aug 2023,PAID,
INV09383,PRJ01192,Chop Life Catering,Catering,27432787,08-04-2025,Pd,
INV09075,PRJ00741,COASTLINE PROPERTY SERVICES,Location,19883168,2022-06-28,paid,
INV02588,PRJ00435,ProGear Nigeria,Equipment Rental,6469842,22-08-2025,Disputed,
INV00519,PRJ00253,Coastline Property Services,Location,25200494,16/07/2022,Overdue,
INV06649,PRJ03859,FRAME & FOCUS EQUIPMENT,Equipment Rental,28704838,25 Apr 2021,Pending,
INV06602,PRJ00402,Lagos Grip & Lighting Co,Equipment Rental,27173205,10/03/2022,Overdue,
INV02543,PRJ01370,Naija Faces Casting,Talent,1123153,06-07-2022,OVERDUE,
INV08235,PRJ01902,OnDeck Production Staffing,Crew,30475929,28-06-2022,PAID,
INV06100,PRJ02504,Stagehand Talent Agency,Talent,30461076,16 May 2021,Overdue,
INV04243,PRJ02519,Coastline Property Services,Location,8657683,2024-11-16,Pending,
INV00112,PRJ02416,Reel Edit Studios,Post-Production,13845273,10 Apr 2025,Overdue,
INV08689,PRJ02192,Stagehand Talent Agency,Talent,4224831,23-05-2024,Pending,
INV07324,PRJ03994,OnDeck Production Staffing,Crew,36870826,14/04/2024,Pd,
INV06361,PRJ03914,Naija Faces Casting,Talent,353261,06 May 2022,Overdue,
INV08853,PRJ01167,Chop Life Catering,Catering,7552864,27 Jul 2023,disputed,
INV03243,PRJ01752,ProGear Nigeria,Equipment Rental,110236780,03-09-2024,disputed,
INV08729,PRJ02034,SoundWave Post NG,Post-Production,1461942,03-07-2021,disputed,
INV08156,PRJ03557,Crew Connect NG,Crew,945534,08/07/2022,Paid,
INV04231,PRJ02973,Chop Life Catering,Catering,33194232,2024-04-04,pending,
INV08771,PRJ03302,Crew Connect NG,Crew,3891837,06-10-2022,OVERDUE,
INV04584,PRJ02831,OnDeck Production Staffing,Crew,9919191,10/08/2024,OVERDUE,
INV06675,PRJ02435,Crew Connect NG,Crew,8502993,11 Feb 2023,Pending,
INV09176,PRJ00582,Reel Edit Studios,Post-Production,63709284,25-10-2021,Disputed,
INV06658,PRJ02938,Naija Locations Ltd,Location,5099422,06 Oct 2022,paid,
INV04394,PRJ03070,Frame & Focus Equipment,Equipment Rental,23552215,08 Apr 2023,Pending,
INV08014,PRJ00249,OnSet Meals NG,Catering,10467903,2021-06-21,Paid,
INV01139,PRJ02660,SoundWave Post,Post-Production,23463232,10/11/2023,pending,
INV05803,PRJ01021,SoundWave Post NG,Post-Production,31241089,2022-02-24,pending,
INV01027,PRJ01588,Reel Edit Studios,Post-Production,7685142,2023-06-19,Overdue,
INV04066,PRJ00476,Crew Connect NG,Crew,19566321,26-08-2022,Overdue,
INV07247,PRJ01968,Stagehand Talent Agency,Talent,78933545,09/01/2023,Pd,
INV03171,PRJ03838,OnDeck Production Staffing,Crew,6557728,2024-02-22,Overdue,
INV06703,PRJ03975,Lagos Grip & Lighting Co,Equipment Rental,12070846,24/06/2025,OVERDUE,
INV05352,PRJ01797,ondeck production staffing,Crew,1072397,04 Feb 2024,Pending,
INV03283,PRJ01742,Stagehand Talent Agency,Talent,621926,04-03-2025,pending,
INV01774,PRJ02060,OnDeck Production Staffing,Crew,12071803,08/10/2021,Disputed,
INV00467,PRJ02943,ProGear Nigeria,Equipment Rental,5968529,2021-11-26,Overdue,
INV04229,PRJ01675,Mama Bisi Kitchen Services,Catering,17602553,18 Sep 2025,Disputed,
INV01138,PRJ02660,Naija Faces Casting,Talent,15321007,14-11-2024,Pd,
INV03314,PRJ01462,Crew Connect NG,Crew,7999056,2024-12-11,Pending,
INV06750,PRJ00087,Urban Set Scouts,Location,1825017,2024-11-02,Disputed,
INV07668,PRJ03407,Mama Bisi Kitchen Services,Catering,11150193,10 Apr 2024,Pd,
INV06021,PRJ02601,lagos grip & lighting co,Equipment Rental,14823218,14/11/2024,disputed,
INV07301,PRJ03934,OnDeck Production Staffing,Crew,31515786,22/01/2021,paid,
INV04714,PRJ02894,Frame & Focus Equipment,Equipment Rental,15609589,13 Aug 2023,pending,
INV09591,PRJ03170,OnDeck Production Staffing,Crew,15372322,2025-04-09,pending,
INV09152,PRJ01612,Lagos Grip & Lighting Co,Equipment Rental,19230532,05 Jun 2025,Pending,
INV08382,PRJ02361,Reel Edit Studios,Post-Production,"NGN 41,001,834",13 Sep 2024,Overdue,
INV06841,PRJ02658,SoundWave Post NG,Post-Production,36727776,16-05-2024,Paid,
INV04186,PRJ02020,Lagos Grip & Lighting Co,Equipment Rental,26557544,09-05-2021,PAID,
INV05917,PRJ00004,Crew Connect NG,Crew,"NGN 10,488,551",2022-07-16,Overdue,
INV03098,PRJ00605,Chop Life Catering,Catering,85799085,2025-01-17,Paid,
INV03597,PRJ01500,Stagehand Talent Agency,Talent,18226422,2021-02-01,Pd,
INV07289,PRJ01555,OnDeck Production Staffing,Crew,35011632,06 May 2022,Disputed,
INV07314,PRJ03911,Stagehand Talent Agency,Talent,8391714,2024-11-17,PAID,
INV09643,PRJ01075,Chop Life Catering,Catering,13682286,01/07/2025,Overdue,
INV04115,PRJ00791,OnDeck Production Staffing,Crew,41445694,10-04-2024,Pending,
INV00154,PRJ00819,Lagos Grip & Lighting Co,Equipment Rental,50211239,03 Jun 2025,paid,
INV03349,PRJ03362,REDLINE CAMERA RENTALS,Equipment Rental,1677609,11/11/2025,paid,
INV08305,PRJ02641,ondeck production staffing,Crew,4355499,03-10-2023,Disputed,
INV08755,PRJ03122,Coastline Property Services,Location,12966899,08-07-2023,Pd,
INV00330,PRJ02485,onset meals ng,Catering,44647446,2023-01-24,Pending,
INV02421,PRJ01534,Coastline Property Services,Location,8333380,22/02/2022,Pd,
INV05785,PRJ03417,CHOP LIFE CATERING,Catering,3011563,27/12/2022,OVERDUE,
INV03777,PRJ00457,Chop Life Catering,Catering,12253134,2025-01-28,paid,
INV04544,PRJ02708,ONDECK PRODUCTION STAFFING,Crew,15588906,01 May 2023,Paid,
INV00337,PRJ03693,Naija Locations Ltd,Location,1722664,09-06-2022,Disputed,
INV06158,PRJ01068,OnSet Meals NG,Catering,54212685,28 Mar 2024,OVERDUE,
INV01829,PRJ01568,Naija Faces Casting,Talent,23074805,2024-01-16,Overdue,
INV02885,PRJ01759,PROGEAR NIGERIA,Equipment Rental,553799,2025-05-11,Pd,
INV08822,PRJ01979,Crewnnect,Crew,33634846,2022-06-23,Pending,
INV05028,PRJ00488,Naija Faces Casting,Talent,28550028,08/05/2022,Paid,
INV08595,PRJ01625,ColourGrade Lagos,Post-Production,45635936,2023-02-23,Overdue,
INV06797,PRJ02751,Crew Connect NG,Crew,50140707,15 Feb 2025,OVERDUE,
INV07121,PRJ01329,Reel Edit Studios,Post-Production,"NGN 2,791,372",04 Feb 2021,Pending,
INV06384,PRJ02318,ColourGrade Lagos,Post-Production,6037895,2024-03-12,Pd,
INV01032,PRJ02482,Reel Edit Studios,Post-Production,"NGN 7,254,565",2021-02-09,disputed,
INV01136,PRJ02460,COLOURGRADE LAGOS,Post-Production,20647654,18-08-2022,OVERDUE,
INV06122,PRJ03387,MAMA BISI KITCHEN SERVICES,Catering,10630212,02 Apr 2024,Disputed,
INV07529,PRJ01762,Chop Life Catering,Catering,1173158,10-05-2022,Pd,
INV04244,PRJ02519,Frame & Focus Equipment,Equipment Rental,48597162,02/03/2022,Overdue,
INV06431,PRJ03825,Reel Edit Studios,Post-Production,"NGN 48,621,431",26 Aug 2025,Pending,
INV08377,PRJ03384,Urban Set Scouts,Location,77558039,20 Jan 2024,paid,
INV08422,PRJ02871,Coastline Property Services,Location,12352928,10/04/2025,Pd,
INV01308,PRJ03689,Coastline Property Services,Location,11274179,28/10/2021,paid,
INV07305,PRJ03345,OnSet Meals NG,Catering,10771694,17/01/2024,Disputed,
INV07128,PRJ02065,Mama Bisi Kitchen Services,Catering,7844985,08-09-2025,Pd,
INV02557,PRJ01726,Redline Camera Rentals,Equipment Rental,6245508,05/07/2023,paid,
INV02536,PRJ01999,OnSet Meals NG,Catering,5714819,2025-12-16,Pd,
INV02688,PRJ03224,Reel Edit Studios,Post-Production,732148,10/08/2024,Overdue,
INV01915,PRJ00184,Naija Faces Casting,Talent,64325759,2022-11-07,pending,
INV09007,PRJ02217,ProGear Nigeria,Equipment Rental,3226140,15-10-2025,Pd,
INV05407,PRJ00511,SoundWave Post NG,Post-Production,15563571,11-02-2024,Disputed,
INV01476,PRJ01086,Chop Life Catering,Catering,51061484,26/06/2025,Paid,
INV05772,PRJ00747,Naija Faces Casting,Talent,25398670,2024-08-21,Disputed,
INV04332,PRJ00143,Chop Life Catering,Catering,46855085,12/06/2021,Overdue,
INV01024,PRJ01588,OnSet Meals NG,Catering,21575775,04-04-2024,Paid,
INV05694,PRJ01163,Crew Connect NG,Crew,7522030,06-10-2025,pending,
INV07603,PRJ01781,Naija Locations Ltd,Location,4856024,28/11/2022,OVERDUE,
INV05364,PRJ02288,SoundWave Post NG,Post-Production,17710456,08/03/2025,Disputed,
INV08526,PRJ02237,STAGEHAND TALENT AGENCY,Talent,4746706,01 Apr 2021,Pd,
INV04171,PRJ03700,Lagos Grip & Lighting Co,Equipment Rental,21183911,2025-09-17,pending,
INV06523,PRJ03589,Naija Faces Casting,Talent,20762709,20-11-2022,paid,
INV03603,PRJ03620,Urban Set Scouts,Location,36666763,02/09/2021,Overdue,
INV03533,PRJ03761,ProGear Nigeria,Equipment Rental,13366160,22 Feb 2021,disputed,
INV03222,PRJ03371,Redline Camera Rentals,Equipment Rental,11031310,22 May 2024,Overdue,
INV09045,PRJ03304,OnDeck Production Staffing,Crew,36105895,10/04/2021,pending,
INV00345,PRJ00994,Mama Bisi Kitchen Services,Catering,17187501,22-02-2025,OVERDUE,
INV00934,PRJ01166,ProGear Nigeria,Equipment Rental,"NGN 17,474,469",2025-04-19,Overdue,
INV03531,PRJ02819,ProGear Nigeria,Equipment Rental,3372641,10 Dec 2023,PAID,
INV05763,PRJ03621,OnDeck Production Staffing,Crew,5364715,27 Dec 2024,Overdue,
INV08452,PRJ02782,CREW CONNECT NG,Crew,12892454,28/07/2024,paid,
INV04271,PRJ00618,ProGear Nigeria,Equipment Rental,26444564,2021-04-02,disputed,
INV03218,PRJ02295,SOUNDWAVE POST NG,Post-Production,3447258,17 Jul 2024,Overdue,
INV03409,PRJ03545,Stagehand Talent Agency,Talent,7532833,04/09/2025,paid,
INV09239,PRJ00151,Redline Camera Rentals,Equipment Rental,23417111,16/10/2021,pending,
INV05982,PRJ01296,Naija Faces Casting,Talent,13635968,18-12-2022,PAID,
INV03322,PRJ00697,Redline Camera Rentals,Equipment Rental,42333126,28/02/2021,Disputed,
INV05724,PRJ02904,Chop Life Catering,Catering,26636911,28-11-2022,OVERDUE,
INV07612,PRJ01291,Redline Camera Rentals,Equipment Rental,1203455,12 Sep 2021,Disputed,
INV04678,PRJ02865,Coastline Property Services,Location,6440901,2022-12-27,disputed,
INV00603,PRJ02216,Redline Camera Rentals,Equipment Rental,51171740,2022-10-28,Pending,
INV00203,PRJ00901,NAIJA LOCATIONS LTD,Location,49026097,17-05-2021,Paid,
INV07705,PRJ03759,Crew Connect NG,Crew,2391612,14/07/2023,Overdue,
INV08767,PRJ00436,Frame & Focus Equipment,Equipment Rental,8195224,04/12/2023,paid,
INV04108,PRJ00163,OnDeck Production Staffing,Crew,692757,01-07-2022,pending,
INV05553,PRJ00257,Frame & Focus Equipment,Equipment Rental,14162358,26-07-2023,OVERDUE,
INV06779,PRJ00115,Lagos Grip & Lighting Co,Equipment Rental,40902235,22-05-2022,Disputed,
INV09196,PRJ00233,STAGEHAND TALENT AGENCY,Talent,34141263,2023-07-15,Pd,
INV05344,PRJ01756,Stagehand Talent Agency,Talent,39597070,07 Mar 2024,Pd,
INV05559,PRJ00461,OnSet Meals NG,Catering,10814217,2022-07-14,Pending,
INV04776,PRJ03763,Urban Set Scouts,Location,60499198,14/03/2023,OVERDUE,
INV02603,PRJ02227,SoundWave Post NG,Post-Production,9357739,21 Oct 2021,PAID,
INV05885,PRJ03907,stagehand talent agency,Talent,9807718,15/10/2025,OVERDUE,
INV00826,PRJ00048,reel edit studios,Post-Production,1019008,2022-03-11,Pending,
INV02402,PRJ00761,Urban Set Scouts,Location,2747527,2024-05-06,paid,
INV03994,PRJ02224,ColourGrade Lagos,Post-Production,3753440,17-01-2023,Pending,
INV06838,PRJ01454,ColourGrade Lagos,Post-Production,7521539,15 Jun 2023,Disputed,
INV03962,PRJ00770,Naija Faces Casting,Talent,13263480,08 Mar 2023,PAID,
INV04897,PRJ03333,Crew Connect NG,Crew,21996422,24-10-2022,Overdue,
INV00904,PRJ00484,Coastline Property Services,Location,5880182,09 Sep 2023,disputed,
INV07548,PRJ02027,Frame & Focus Equipment,Equipment Rental,6824910,06 Oct 2024,disputed,
INV04099,PRJ02017,Redline Camera Rentals,Equipment Rental,27541120,2022-09-27,OVERDUE,
INV09123,PRJ01431,redline camera rentals,Equipment Rental,6841057,07 Dec 2024,PAID,
INV02912,PRJ01302,ProGear Nigeria,Equipment Rental,4665319,06/02/2021,Disputed,
INV00178,PRJ03674,ColourGrade Lagos,Post-Production,5234902,22/03/2023,Disputed,
INV00634,PRJ03354,OnSet Meals NG,Catering,45674299,08 Jun 2025,pending,
INV06734,PRJ02138,ColourGrade Lagos,Post-Production,13368302,02-06-2021,disputed,
INV08946,PRJ02007,OnDeck Production Staffing,Crew,54758540,13-08-2021,Pending,
INV04181,PRJ02243,frame & focus equipment,Equipment Rental,39237594,24 May 2021,Paid,
INV03834,PRJ00945,Frame & Focus Equipment,Equipment Rental,21906627,10 May 2024,PAID,
INV09773,PRJ09999,Mama Bisi Kitchen Services,Catering,11146293,09-09-2021,Disputed,
INV04775,PRJ03763,Crew Connect NG,Crew,11729801,19 May 2022,Overdue,
INV01124,PRJ02050,Urban Set Scouts,Location,9388747,06/09/2023,Paid,
INV02633,PRJ00443,NAIJA FACES CASTING,Talent,5369985,02 Mar 2024,PAID,
INV06016,PRJ02479,OnDeck Production Staffing,Crew,2739814,24 Oct 2023,Disputed,
INV07708,PRJ03759,ColourGrade Lagos,Post-Production,10976965,10/04/2023,pending,
INV00462,PRJ00990,SoundWave Post NG,Post-Production,3749441,13-06-2022,Paid,
INV09378,PRJ03972,REEL EDIT STUDIOS,Post-Production,12636449,09-06-2021,pending,
INV06476,PRJ01975,SOUNDWAVE POST NG,Post-Production,36616264,24/08/2022,Overdue,
INV03481,PRJ01912,Mama Bisi Kitchen Services,Catering,3337917,15/11/2025,Disputed,
INV04279,PRJ03251,Stagehand Talent Agency,Talent,3570017,2024-03-16,Paid,
INV07553,PRJ00398,LAGOS GRIP & LIGHTING CO,Equipment Rental,4277936,2023-04-26,paid,
INV05954,PRJ02392,Reel Edit Studios,Post-Production,27051732,2022-04-06,Pending,
INV02128,PRJ01610,coastline property services,Location,6353692,2021-09-08,Disputed,
INV04143,PRJ03347,Lagos Grip & Lighting Co,Equipment Rental,33293523,07-08-2021,Pending,
INV04723,PRJ03477,Crew Connect NG,Crew,39066581,26 Feb 2024,disputed,
INV02500,PRJ00213,Redline Camera Rentals,Equipment Rental,1108604,2022-07-14,Overdue,
INV05447,PRJ00502,Redline Camera Rentals,Equipment Rental,3878080,06-03-2022,Overdue,
INV09133,PRJ01270,ProGear Nigeria,Equipment Rental,19229532,02-09-2025,pending,
INV02174,PRJ00442,Reel Edit Studios,Post-Production,25284713,11/03/2024,Pending,
INV03302,PRJ02602,OnSet Meals NG,Catering,"NGN 4,200,831",2025-02-10,paid,
INV02916,PRJ01427,ColourGrade Lagos,Post-Production,1693291,27 Jun 2023,Pd,
INV08464,PRJ01333,Lagos Grip & Lighting,Equipment Rental,"NGN 3,136,593",28/11/2025,disputed,
INV05937,PRJ03874,Crewnnect,Crew,8469197,09 Aug 2025,paid,
INV04872,PRJ00767,onset meals ng,Catering,17905158,18/12/2022,Paid,
INV06449,PRJ02198,Naija Faces Casting,Talent,13969416,03-01-2021,pending,
INV03817,PRJ02940,CREW CONNECT NG,Crew,15689324,11/12/2021,PAID,
INV07830,PRJ01840,Frame & Focus Equipment,Equipment Rental,13041617,2024-04-04,Overdue,
INV00652,PRJ03300,Coastline Property Services,Location,214112,2025-12-16,paid,
INV06896,PRJ02840,NAIJA FACES CASTING,Talent,57018518,03/02/2024,Paid,
INV00973,PRJ00535,SoundWave Post NG,Post-Production,"NGN 1,709,325",2022-02-24,Paid,
INV01043,PRJ02697,Naija Faces Casting,Talent,10513546,2025-06-12,pending,
INV04189,PRJ01157,redline camera rentals,Equipment Rental,10292820,2024-03-21,Paid,
INV07164,PRJ01548,Redline Camera Rentals,Equipment Rental,53717190,13 Jun 2025,paid,
INV04214,PRJ02792,REEL EDIT STUDIOS,Post-Production,13259895,06/11/2024,Paid,
INV02228,PRJ01110,OnSet Meals,Catering,34096599,2023-09-11,PAID,
INV08326,PRJ01148,Stagehand Talent Agency,Talent,"NGN 53,222,246",18-06-2024,Disputed,
INV01232,PRJ00501,Frame & Focus Equipment,Equipment Rental,1467934,2023-06-05,OVERDUE,
INV02813,PRJ01073,Reel Edit Studios,Post-Production,9198315,2023-10-05,Paid,
INV07834,PRJ01196,OnSet Meals NG,Catering,6063578,01 Oct 2024,disputed,
INV00187,PRJ01942,Naija Locations Ltd,Location,6852873,13/11/2022,Pending,
INV09645,PRJ01075,OnSet Meals NG,Catering,32446970,20/03/2023,paid,
INV03119,PRJ03486,Stagehand Talent Agency,Talent,"NGN 9,348,011",11 Mar 2023,Disputed,
INV02745,PRJ01141,OnSet Meals NG,Catering,7632008,2022-01-08,pending,
INV09183,PRJ02809,OnDeck Production Staffing,Crew,10083092,21-08-2025,Disputed,
INV06139,PRJ00691,Naija Faces Casting,Talent,15358381,2024-10-03,OVERDUE,
INV08102,PRJ00917,OnSet Meals NG,Catering,30309403,16 Jan 2023,PAID,
INV08282,PRJ03095,MAMA BISI KITCHEN SERVICES,Catering,33801446,06/07/2022,OVERDUE,
INV06417,PRJ00499,Stagehand Talent Agency,Talent,15504600,07 Apr 2025,Pd,
INV05970,PRJ00383,Frame & Focus Equipment,Equipment Rental,60696835,15 Jul 2025,paid,
INV05013,PRJ03373,Naija Locations Ltd,Location,6994410,28-02-2025,Overdue,
INV04175,PRJ03217,Lagos Grip & Lighting Co,Equipment Rental,6276640,2022-10-14,PAID,
INV06404,PRJ01927,SoundWave Post NG,Post-Production,64804921,2021-02-25,pending,
INV03036,PRJ01595,OnDeck Production Staffing,Crew,8016741,24/09/2025,pending,
INV07783,PRJ00353,ProGear Nigeria,Equipment Rental,9150142,26/10/2024,Paid,
INV06450,PRJ02198,SoundWave Post NG,Post-Production,1975102,24/01/2023,Disputed,
INV07280,PRJ01758,Reel Edit Studios,Post-Production,27435565,2022-08-28,PAID,
INV03830,PRJ01521,ColourGrade Lagos,Post-Production,13564261,11 Sep 2024,Overdue,
INV05582,PRJ03344,OnDeck Production Staffing,Crew,17877724,08-02-2025,Pd,
INV06414,PRJ00604,OnSet Meals NG,Catering,3983848,04-10-2023,Pd,
INV00127,PRJ02889,Crew Connect NG,Crew,20409321,2023-07-12,OVERDUE,
INV02645,PRJ01460,Frame & Focus Equipment,Equipment Rental,9169018,13/03/2023,OVERDUE,
INV02261,PRJ02057,Urban Set Scouts,Location,27724820,20/08/2023,Disputed,
INV00052,PRJ01807,Stagehand Talent Agency,Talent,7396617,23/08/2022,Pending,
INV01431,PRJ02674,SoundWave Post NG,Post-Production,"NGN 5,007,439",22/02/2024,Disputed,
INV00131,PRJ03539,Redline Camera Rentals,Equipment Rental,35059274,2022-12-15,disputed,
INV06617,PRJ03795,Crew Connect NG,Crew,8774381,2022-11-10,Pending,
INV02414,PRJ03411,ColourGrade Lagos,Post-Production,29927082,04 Dec 2025,Pending,
INV01780,PRJ02624,Reel Edit Studios,Post-Production,5485818,17-08-2021,Pending,
INV01351,PRJ02491,Chop Life Catering,Catering,15569282,2023-04-14,Pd,
INV08868,PRJ01044,Naija Faces Casting,Talent,6946133,25/02/2022,pending,
INV06252,PRJ02262,Frame & Focus Equipment,Equipment Rental,6152387,12 Dec 2022,Pd,
INV09026,PRJ01018,Stagehand Talent Agency,Talent,8903908,23-06-2025,disputed,
INV03297,PRJ01831,OnDeck Production Staffing,Crew,10817799,25-03-2022,pending,
INV07841,PRJ00065,Naija Faces Casting,Talent,24625449,07/10/2021,Overdue,
INV04918,PRJ03948,Mama Bisi Kitchen Services,Catering,1646080,15/09/2023,Disputed,
INV07608,PRJ01818,ColourGrade Lagos,Post-Production,27252250,23-04-2024,pending,
INV00557,PRJ00462,CHOP LIFE CATERING,Catering,14091575,15-06-2023,Pending,
INV08249,PRJ01346,Reel Edit Studios,Post-Production,53004324,08-07-2023,pending,
INV06824,PRJ01132,Crew Connect NG,Crew,29509243,22 Aug 2023,Pd,
INV08733,PRJ01575,Urban Set Scouts,Location,14031486,24 Dec 2022,Disputed,
INV02168,PRJ02444,Crew Connect NG,Crew,26078862,18-07-2021,Overdue,
INV08792,PRJ00722,Chop Life Catering,Catering,315221,02-08-2025,disputed,
INV08390,PRJ02727,SoundWave Post NG,Post-Production,9473676,01-10-2024,OVERDUE,
INV09608,PRJ02643,Crew Connect NG,Crew,28452795,10-11-2025,paid,
INV09293,PRJ01105,Coastline Property Services,Location,6613076,22 Aug 2023,disputed,
INV08411,PRJ01803,colourgrade lagos,Post-Production,4225493,04 Aug 2023,paid,
INV09758,PRJ08888,Coastline Property Services,Location,26613444,07/12/2022,Pd,
INV00171,PRJ02545,STAGEHAND TALENT AGENCY,Talent,10468890,13-09-2024,disputed,
INV04616,PRJ01026,PROGEAR NIGERIA,Equipment Rental,30470284,27/09/2023,OVERDUE,
INV05560,PRJ00461,ProGear Nigeria,Equipment Rental,24398293,19-07-2024,Overdue,
INV01743,PRJ02756,soundwave post ng,Post-Production,40883818,19-05-2022,Disputed,
INV00817,PRJ00085,OnDeck Production Staffing,Crew,2448386,23/06/2023,Pending,
INV06536,PRJ02000,ProGear Nigeria,Equipment Rental,6515892,20-03-2025,disputed,
INV08797,PRJ02168,Naija Faces Casting,Talent,12567720,03/02/2024,disputed,
INV08716,PRJ02477,Naija Faces Casting,Talent,35410158,19/03/2021,Pd,
INV09741,PRJ03014,Mama Bisi Kitchen Services,Catering,6814011,14 Mar 2025,Paid,
INV05008,PRJ01705,NAIJA FACES CASTING,Talent,13879803,01 Dec 2025,disputed,
INV03695,PRJ03710,Mama Bisi Kitchen Services,Catering,2894059,13-08-2023,Pd,
INV04489,PRJ00706,Chop Life Catering,Catering,2651362,08-09-2024,Pd,
INV05512,PRJ03183,Crew Connect NG,Crew,20513826,17 May 2024,Pending,
INV09051,PRJ00007,naija faces casting,Talent,4052632,14-03-2024,Paid,
INV04316,PRJ02914,Reel Edit Studios,Post-Production,19038947,2022-06-19,Paid,
INV02581,PRJ02678,naija locations ltd,Location,18372110,06-04-2024,Pd,
INV05929,PRJ02408,soundwave post ng,Post-Production,12379024,15 Jan 2025,paid,
INV02187,PRJ03192,PROGEAR NIGERIA,Equipment Rental,15342901,20-09-2022,Disputed,
INV03711,PRJ01116,OnSet Meals,Catering,15771820,12-07-2022,PAID,
INV03909,PRJ02258,Stagehand Talent Agency,Talent,15058715,12 Dec 2022,Pending,
INV07378,PRJ00316,Redline Camera Rentals,Equipment Rental,10852066,2022-04-26,PAID,
INV00659,PRJ03295,SoundWave Post NG,Post-Production,31596585,17-08-2022,paid,
INV00833,PRJ02163,Stagehand Talent Agency,Talent,55224434,2024-12-22,Disputed,
INV08734,PRJ01575,Stagehand Talent Agency,Talent,26696068,2023-06-16,paid,
INV07977,PRJ03568,Naija Locations Ltd,Location,2196114,06 Jan 2023,paid,
INV05957,PRJ02392,Urban Set Scouts,Location,15754846,2021-03-11,pending,
INV04961,PRJ00696,OnDeck Production Staffing,Crew,3009794,2025-12-23,disputed,
INV02933,PRJ00361,Stagehand Talent Agency,Talent,5049370,2025-03-23,Disputed,
INV01711,PRJ02465,ProGear Nigeria,Equipment Rental,42600841,2023-05-01,OVERDUE,
INV03598,PRJ01500,Reel Edit Studios,Post-Production,8306996,20-05-2023,disputed,
INV06566,PRJ00332,coastline property services,Location,31893774,06/09/2023,paid,
INV01556,PRJ01415,Redline Camera Rentals,Equipment Rental,14840194,11-01-2024,PAID,
INV09663,PRJ02511,ColourGrade Lagos,Post-Production,"NGN 9,718,450",10/10/2022,Disputed,
INV08990,PRJ03321,STAGEHAND TALENT AGENCY,Talent,30717535,24/12/2024,Pd,
INV09311,PRJ00755,Naija Faces Casting,Talent,6825656,2023-02-17,pending,
INV00041,PRJ03506,urban set scouts,Location,28899817,22 Feb 2023,Paid,
INV01326,PRJ03900,crew connect ng,Crew,4682457,20 Oct 2025,Pd,
INV02137,PRJ01285,Chop Life Catering,Catering,10404154,2022-07-03,Overdue,
INV02294,PRJ03659,Naija Locations Ltd,Location,17121133,27/02/2021,Pd,
INV07559,PRJ01081,Mama Bisi Kitchen Services,Catering,1245362,08-01-2022,paid,
INV06314,PRJ02026,Naija Faces Casting,Talent,2840083,28 Apr 2023,Disputed,
INV01394,PRJ03020,SoundWave Post,Post-Production,14885361,2021-06-08,pending,
INV00183,PRJ00016,Mama Bisi Kitchen Services,Catering,50184908,24/07/2024,Overdue,
INV03898,PRJ00348,Frame & Focus Equipment,Equipment Rental,6732306,2025-09-19,Paid,
INV07936,PRJ01863,SoundWave Post NG,Post-Production,7418229,20/06/2021,Pd,
INV01357,PRJ01210,COASTLINE PROPERTY SERVICES,Location,12009514,11/03/2024,Disputed,
INV03455,PRJ02804,Naija Locations Ltd,Location,12346363,04-09-2021,Disputed,
INV00910,PRJ00937,Coastline Property Services,Location,10563693,2023-08-11,Pending,
INV02716,PRJ01172,Coastline Property Services,Location,47014442,13 Oct 2021,Overdue,
INV00553,PRJ00433,OnSet Meals NG,Catering,"NGN 18,118,902",08-04-2021,pending,
INV09336,PRJ01041,Naija Faces Casting,Talent,64331,28-06-2023,paid,
INV01548,PRJ02173,Stagehand Talent Agency,Talent,13263652,2024-06-20,Disputed,
INV07212,PRJ01954,lagos grip & lighting co,Equipment Rental,1290534,18-02-2022,disputed,
INV07593,PRJ02309,Redline Camera Rentals,Equipment Rental,4696329,2025-12-27,Pending,
INV04018,PRJ00737,Naija Locations Ltd,Location,11448704,15 Apr 2021,PAID,
INV05657,PRJ03585,SoundWave Post NG,Post-Production,33242828,2025-04-20,disputed,
INV09538,PRJ00054,PROGEAR NIGERIA,Equipment Rental,25896865,26 Sep 2022,OVERDUE,
INV09755,PRJ07777,colourgrade lagos,Post-Production,2866414,21-03-2022,pending,
INV05945,PRJ00028,Urban Set Scouts,Location,17429529,2021-03-10,paid,
INV05927,PRJ02408,Crew Connect NG,Crew,"NGN 12,287,554",05-11-2022,Pending,
INV05614,PRJ02142,REEL EDIT STUDIOS,Post-Production,10649341,22 Oct 2024,Pending,
INV02442,PRJ03945,Coastline Property Services,Location,24526480,25/02/2023,Pending,
INV01348,PRJ01611,naija faces casting,Talent,12537106,13 Feb 2024,Disputed,
INV03980,PRJ00192,OnSet Meals NG,Catering,12299653,20/04/2021,Pending,
INV03015,PRJ00943,Coastline Property Services,Location,59001307,2023-07-16,OVERDUE,
INV09179,PRJ03703,chop life catering,Catering,15085102,15 Sep 2022,paid,
INV02807,PRJ02982,SoundWave Post NG,Post-Production,156259,24/09/2023,OVERDUE,
INV00219,PRJ03369,Stagehand Talent Agency,Talent,13472187,12/11/2023,Pd,
INV07466,PRJ02016,Reel Edit Studios,Post-Production,5697200,2021-01-15,OVERDUE,
INV06920,PRJ02018,ColourGrade Lagos,Post-Production,"NGN 63,427,246",2022-01-16,Overdue,
INV04821,PRJ00758,Naija Faces Casting,Talent,13401910,2025-02-15,PAID,
INV04473,PRJ01724,Chop Life Catering,Catering,16844230,11 Oct 2023,disputed,
INV08477,PRJ01198,ONDECK PRODUCTION STAFFING,Crew,6732915,23-03-2025,disputed,
INV08084,PRJ03569,ProGear Nigeria,Equipment Rental,14305090,24-05-2022,disputed,
INV05412,PRJ00345,progear nigeria,Equipment Rental,7831012,28 Mar 2025,Disputed,
INV06276,PRJ03726,Mama Bisi Kitchen Services,Catering,6734950,01-10-2022,Paid,
INV09273,PRJ02402,Urban Set Scouts,Location,77162578,01-03-2025,Pending,
INV05117,PRJ02760,Reel Edit Studios,Post-Production,10635252,2021-01-25,disputed,
INV09687,PRJ03450,Naija Locations Ltd,Location,3394634,19 Nov 2021,Disputed,
INV01065,PRJ02035,OnDeck Production Staffing,Crew,3694266,10-04-2023,Pd,
INV06699,PRJ03961,SoundWave Post NG,Post-Production,14502644,07/02/2023,OVERDUE,
INV00930,PRJ02600,CREW CONNECT NG,Crew,16229443,01/04/2022,OVERDUE,
INV05478,PRJ02611,crew connect ng,Crew,16015177,09/09/2021,disputed,
INV03891,PRJ03851,ProGear Nigeria,Equipment Rental,45257558,28 Dec 2023,Pd,
INV00610,PRJ02654,Reel Edit Studios,Post-Production,15703079,19/10/2022,PAID,
INV06759,PRJ02843,Coastline Property Services,Location,9477723,07-06-2024,Pd,
INV08901,PRJ01496,Crew Connect NG,Crew,13334629,2021-05-19,OVERDUE,
INV01964,PRJ00082,Chop Life Catering,Catering,8740293,05 Jan 2025,OVERDUE,
INV03585,PRJ01284,Reel Edit Studios,Post-Production,599007,2024-08-20,PAID,
INV07793,PRJ02692,ProGear,Equipment Rental,2026977,11-04-2022,Pd,
INV02696,PRJ03768,SOUNDWAVE POST NG,Post-Production,33719534,10/02/2025,Paid,
INV08810,PRJ03468,Reel Edit Studios,Post-Production,4299264,05 Jun 2024,OVERDUE,
INV03554,PRJ00003,ColourGrade Lagos,Post-Production,1083634,08 Mar 2024,paid,
INV05477,PRJ02197,Chop Life Catering,Catering,652430,06/11/2025,Disputed,
INV09077,PRJ00741,ColourGrade Lagos,Post-Production,9522344,19 Jan 2022,PAID,
INV00204,PRJ00473,MAMA BISI KITCHEN SERVICES,Catering,40568667,25-07-2025,PAID,
INV00163,PRJ01223,Redline Camera Rentals,Equipment Rental,9674056,01 Nov 2023,OVERDUE,
INV05762,PRJ03621,Mama Bisi Kitchen Services,Catering,2343450,12-06-2025,Disputed,
INV02754,PRJ01821,chop life catering,Catering,30129935,19 Jul 2024,OVERDUE,
INV09393,PRJ03514,Crew Connect NG,Crew,54375780,27/09/2025,Pd,
INV01442,PRJ02612,Naija Faces Casting,Talent,9964173,2023-06-17,OVERDUE,
INV09067,PRJ03332,Naija Faces Casting,Talent,22790635,03-10-2025,OVERDUE,
INV01377,PRJ00662,OnDeck Production Staffing,Crew,9179022,12-08-2022,disputed,
INV07653,PRJ02926,ProGear Nigeria,Equipment Rental,6544352,2022-02-08,disputed,
INV04388,PRJ02680,STAGEHAND TALENT AGENCY,Talent,13809242,19/11/2024,OVERDUE,
INV05304,PRJ03286,OnDeck Production Staffing,Crew,15337391,2024-07-03,Paid,
INV03548,PRJ02378,ondeck production staffing,Crew,13848593,2022-06-03,pending,
INV01330,PRJ03651,Naija Faces Casting,Talent,1110713,01/12/2025,disputed,
INV09047,PRJ03304,ProGear Nigeria,Equipment Rental,7276355,06-04-2025,paid,
INV09753,PRJ00000,Reel Edit Studios,Post-Production,36686272,07-10-2022,Pending,
INV01061,PRJ02035,Crew Connect NG,Crew,8209899,06-12-2024,PAID,
INV00324,PRJ01072,Reel Edit Studios,Post-Production,601966,27/03/2025,OVERDUE,
INV02071,PRJ01792,Naija Faces Casting,Talent,53185363,22/07/2022,Paid,
INV05406,PRJ00511,Lagos Grip & Lighting Co,Equipment Rental,15547353,2022-04-24,Paid,
INV06898,PRJ02500,ProGear Nigeria,Equipment Rental,15329053,13-12-2024,pending,
INV02957,PRJ00970,Urban Set Scouts,Location,2879830,05/09/2024,disputed,
INV08620,PRJ00035,OnDeck Production Staffing,Crew,1903791,2021-12-01,OVERDUE,
INV07133,PRJ00210,Coastline Property Services,Location,6194309,18/05/2021,Paid,
INV00928,PRJ00271,coastline property services,Location,67918908,2022-07-22,pending,
INV04575,PRJ02960,Naija Locations,Location,7408265,05/10/2024,pending,
INV03551,PRJ02378,Naija Locations Ltd,Location,26980834,15/05/2022,OVERDUE,
INV04116,PRJ00791,Naija Faces Casting,Talent,32718385,17 Sep 2022,Overdue,
INV01038,PRJ02079,Naija Faces Casting,Talent,30591671,14 Mar 2024,PAID,
INV01890,PRJ01532,Redline Camera Rentals,Equipment Rental,20036038,11 Dec 2021,PAID,
INV06825,PRJ01132,soundwave post ng,Post-Production,437471,24-07-2022,paid,
INV06042,PRJ01963,chop life catering,Catering,40897957,08 Mar 2025,Disputed,
INV04145,PRJ03347,coastline property services,Location,21862833,27-06-2024,PAID,
INV00556,PRJ00462,SoundWave Post NG,Post-Production,3899920,27 Sep 2023,paid,
INV04035,PRJ02072,Reel Edit Studios,Post-Production,6533195,19 Jun 2021,Paid,
INV00027,PRJ01312,REEL EDIT STUDIOS,Post-Production,16485860,08/06/2023,PAID,
INV01366,PRJ02605,Stagehand Talent Agency,Talent,37410724,2023-08-23,paid,
INV02982,PRJ02405,COLOURGRADE LAGOS,Post-Production,18306293,2022-08-17,disputed,
INV00384,PRJ03964,OnDeck Production Staffing,Crew,13634393,01-10-2021,paid,
INV06585,PRJ03082,Coastline Property Services,Location,14357811,2025-02-15,PAID,
INV00236,PRJ02813,COASTLINE PROPERTY SERVICES,Location,18052137,2025-03-08,disputed,
INV00653,PRJ03300,Stagehand Talent Agency,Talent,797565,2025-12-03,paid,
INV07475,PRJ03564,OnSet Meals NG,Catering,5859416,05-11-2024,paid,
INV03750,PRJ03414,OnSet Meals NG,Catering,"NGN 21,186,994",06/01/2025,PAID,
INV09173,PRJ03161,progear nigeria,Equipment Rental,18302914,23 Jan 2021,paid,
INV05865,PRJ02715,Urban Set Scouts,Location,16545956,2024-06-05,Pending,
INV01334,PRJ00692,Redline Camera Rentals,Equipment Rental,8440266,25 Sep 2025,Disputed,
INV00790,PRJ03499,OnDeck Production Staffing,Crew,7034319,14 Jul 2023,Pd,
INV04073,PRJ01466,Reel Edit Studios,Post-Production,12118525,2023-10-08,disputed,
INV06020,PRJ02601,ColourGrade Lagos,Post-Production,44240816,27/11/2022,Pd,
INV03203,PRJ02991,OnSet Meals NG,Catering,13429992,21 Feb 2022,OVERDUE,
INV04833,PRJ01441,naija locations ltd,Location,3088625,19-03-2024,paid,
INV01267,PRJ02228,Crew Connect NG,Crew,1452998,2023-02-02,Pending,
INV05497,PRJ00276,mama bisi kitchen services,Catering,32563832,2021-12-24,paid,
INV04384,PRJ01362,Naija Locations Ltd,Location,"NGN 2,734,873",2025-11-16,PAID,
INV03328,PRJ02323,Naija Locations Ltd,Location,12609164,03/02/2021,disputed,
INV05358,PRJ03714,NAIJA LOCATIONS LTD,Location,48707240,06-04-2023,Disputed,
INV04657,PRJ01480,ColourGrade Lagos,Post-Production,386364,19 Mar 2025,Disputed,
INV05615,PRJ02142,urban set scouts,Location,26018840,10-05-2024,Overdue,
INV07820,PRJ00674,Crew Connect NG,Crew,16133235,02-03-2024,OVERDUE,
INV02528,PRJ03083,OnDeck Production Staffing,Crew,1579973,04/12/2024,PAID,
INV09610,PRJ02860,Stagehand Talent Agency,Talent,"NGN 4,927,554",21 Dec 2021,Paid,
INV02255,PRJ00936,Lagos Grip & Lighting Co,Equipment Rental,22254123,07/01/2025,paid,
INV04627,PRJ03776,Naija Faces Casting,Talent,11476489,13-03-2023,paid,
INV06068,PRJ02412,CREW CONNECT NG,Crew,22105723,28/06/2021,pending,
INV02556,PRJ01726,SoundWave Post NG,Post-Production,9020235,17 Mar 2025,OVERDUE,
INV04074,PRJ03151,Coastline Property Services,Location,2249767,05 Aug 2021,Paid,
INV04127,PRJ01805,Stagehand Talent Agency,Talent,30696138,22 Jan 2023,Pd,
INV09048,PRJ00007,REDLINE CAMERA RENTALS,Equipment Rental,46699179,16/08/2024,Paid,
INV07215,PRJ03767,Reel Edit Studios,Post-Production,5944190,2023-01-28,paid,
INV04792,PRJ01974,Stagehand Talent Agency,Talent,30757073,25 Jan 2021,Disputed,
INV00931,PRJ02600,Lagos Grip & Lighting Co,Equipment Rental,53938184,16/12/2024,Pending,
INV00916,PRJ03484,Coastline Property Services,Location,32923484,26-02-2023,OVERDUE,
INV01238,PRJ00630,ProGear Nigeria,Equipment Rental,23034398,19/01/2025,Disputed,
INV02937,PRJ00361,ondeck production staffing,Crew,13254719,27 Nov 2025,paid,
INV05209,PRJ00336,COASTLINE PROPERTY SERVICES,Location,1871982,20-12-2022,paid,
INV09403,PRJ03174,LAGOS GRIP & LIGHTING CO,Equipment Rental,6571666,02-01-2023,pending,
INV08055,PRJ01028,OnDeck Production Staffing,Crew,25379232,17 Dec 2024,disputed,
INV02117,PRJ01039,Mama Bisi Kitchen Services,Catering,17604851,2023-02-16,Pending,
INV05167,PRJ00212,OnDeck Production Staffing,Crew,2832782,16-01-2023,Pending,
INV00310,PRJ03718,Stagehand Talent Agency,Talent,9382615,20 Feb 2022,PAID,
INV05555,PRJ00257,ProGear Nigeria,Equipment Rental,14482278,16/03/2021,OVERDUE,
INV09447,PRJ01988,Chop Life Catering,Catering,39963379,08-05-2022,OVERDUE,
INV07679,PRJ03670,OnDeck Production Staffing,Crew,14122902,2022-09-27,OVERDUE,
INV04348,PRJ02201,Coastline Property Services,Location,6595107,14 Aug 2023,PAID,
INV03053,PRJ01102,OnSet Meals,Catering,355935,04/09/2024,Disputed,
INV02239,PRJ00854,Naija Faces Casting,Talent,8407800,04/10/2021,Disputed,
INV01436,PRJ01613,ColourGrade Lagos,Post-Production,19971000,08-06-2021,paid,
INV09621,PRJ01254,Naija Faces Casting,Talent,8541568,01 Feb 2025,Disputed,
INV05548,PRJ00407,Coastline Property Services,Location,18270093,2024-07-19,Paid,
INV00509,PRJ02752,OnSet Meals NG,Catering,45873402,13 Oct 2024,paid,
INV02810,PRJ03107,Crew Connect NG,Crew,14465271,25-05-2022,paid,
INV02552,PRJ00533,Lagos Grip & Lighting Co,Equipment Rental,13765374,19 May 2025,disputed,
INV06743,PRJ00292,ProGear Nigeria,Equipment Rental,18235086,11/03/2025,PAID,
INV03651,PRJ03643,OnDeck Production Staffing,Crew,46528168,12-07-2022,OVERDUE,
INV01069,PRJ03877,Naija Faces Casting,Talent,10591990,19/09/2023,pending,
INV01861,PRJ02359,OnDeck Production Staffing,Crew,28758240,2023-07-09,PAID,
INV04182,PRJ02020,Chop Life Catering,Catering,11479716,23 Sep 2024,PAID,
INV01872,PRJ00226,OnDeck Production Staffing,Crew,40167417,23/06/2022,Pending,
INV02577,PRJ00781,Frame & Focus Equipment,Equipment Rental,8164729,19/04/2022,OVERDUE,
INV03798,PRJ00008,Lagos Grip & Lighting Co,Equipment Rental,45279337,12-04-2025,paid,
INV07148,PRJ02108,Frame & Focus Equipment,Equipment Rental,1769255,2023-10-20,pending,
INV00386,PRJ02897,Lagos Grip & Lighting Co,Equipment Rental,8787253,09 Sep 2024,OVERDUE,
INV08242,PRJ02263,STAGEHAND TALENT AGENCY,Talent,14244537,06-12-2023,Pending,
INV01897,PRJ00951,Crew Connect NG,Crew,21492941,01-06-2024,Pd,
INV07319,PRJ00311,Mama Bisi Kitchen Services,Catering,11738772,27 Jun 2025,Pending,
INV07641,PRJ00101,onset meals ng,Catering,62397198,17 Apr 2024,pending,
INV00270,PRJ03788,frame & focus equipment,Equipment Rental,17930603,08 Jun 2021,Pending,
INV09467,PRJ00161,SoundWave Post NG,Post-Production,12220467,2024-03-19,OVERDUE,
INV06310,PRJ03124,OnDeck Production Staffing,Crew,25416064,09-05-2023,Pd,
INV01642,PRJ00612,Chop Life Catering,Catering,14326540,2023-09-04,disputed,
INV02289,PRJ02639,ColourGrade Lagos,Post-Production,23250334,02 Oct 2024,disputed,
INV04399,PRJ03030,OnSet Meals NG,Catering,4117923,09 Nov 2021,Pd,
INV05925,PRJ03572,Urban Set Scouts,Location,59520346,2022-06-15,pending,
INV09746,PRJ03053,Crewnnect,Crew,24084033,15 Dec 2021,disputed,
INV03414,PRJ01860,CHOP LIFE CATERING,Catering,10429674,14/02/2022,Disputed,
INV07224,PRJ02304,ProGear Nigeria,Equipment Rental,38116486,13-08-2022,PAID,
INV05325,PRJ01467,OnDeck Production Staffing,Crew,19009347,2024-11-16,OVERDUE,
INV04857,PRJ01542,SoundWave Post NG,Post-Production,5364658,11/04/2021,Pending,
INV03665,PRJ03950,Stagehand Talent Agency,Talent,34255059,2021-06-27,PAID,
INV08828,PRJ00888,URBAN SET SCOUTS,Location,27538074,17/07/2022,paid,
INV09161,PRJ02847,MAMA BISI KITCHEN SERVICES,Catering,30929047,05/09/2024,disputed,
INV05962,PRJ00021,Chop Life Catering,Catering,1499121,12-12-2025,Overdue,
INV07160,PRJ02546,Crew Connect NG,Crew,7532135,27 Mar 2021,paid,
INV09012,PRJ02183,Crew Connect NG,Crew,2160839,13-12-2023,Overdue,
INV01991,PRJ01926,soundwave post ng,Post-Production,34519623,2023-08-24,Pending,
INV05367,PRJ00542,NAIJA FACES CASTING,Talent,28812417,23 Jun 2023,Overdue,
INV04889,PRJ01134,Coastline Property Services,Location,6296437,2023-12-25,Pending,
INV05168,PRJ00212,onset meals ng,Catering,20381680,13-01-2024,paid,
INV08532,PRJ00199,Urban Set Scouts,Location,75475191,12/08/2024,OVERDUE,
INV07317,PRJ03748,OnDeck Production Staffing,Crew,1739469,12 Oct 2025,OVERDUE,
INV09579,PRJ01998,ondeck production staffing,Crew,36801070,20 Jun 2023,paid,
INV06837,PRJ00976,REEL EDIT STUDIOS,Post-Production,3256707,2022-09-10,OVERDUE,
INV03685,PRJ03675,Coastline Property Services,Location,40478113,2025-10-10,Paid,
INV04078,PRJ03151,OnDeck Production Staffing,Crew,12833058,15-04-2025,Pending,
INV00781,PRJ00017,onset meals ng,Catering,6865757,04/10/2021,disputed,
INV08402,PRJ02526,Chop Life Catering,Catering,5646801,07-10-2023,PAID,
INV03087,PRJ01723,FRAME & FOCUS EQUIPMENT,Equipment Rental,27886018,28-12-2025,pending,
INV05918,PRJ00004,ProGear Nigeria,Equipment Rental,"NGN 15,897,227",20-09-2022,pending,
INV08991,PRJ03321,Urban Set Scouts,Location,56482463,03 Aug 2021,Disputed,
INV04906,PRJ01976,OnDeck Production Staffing,Crew,7844284,23/03/2022,OVERDUE,
INV01458,PRJ01396,Frame & Focus Equipment,Equipment Rental,12493612,2025-06-21,pending,
INV09402,PRJ03991,Naija Locations Ltd,Location,30596399,08-10-2022,OVERDUE,
INV02619,PRJ03439,OnDeck Production Staffing,Crew,38730374,04-10-2024,disputed,
INV01965,PRJ00082,Reel Edit Studios,Post-Production,12083270,08/09/2024,Overdue,
INV02042,PRJ01598,Naija Faces Casting,Talent,12442910,27-05-2022,Disputed,
INV02072,PRJ01792,Lagos Grip & Lighting Co,Equipment Rental,37402021,05 Jun 2023,OVERDUE,
INV04891,PRJ01134,ONSET MEALS NG,Catering,40751959,07 Nov 2022,disputed,
INV03906,PRJ02258,OnDeck Production Staffing,Crew,22050090,2022-08-06,OVERDUE,
INV09567,PRJ01266,COLOURGRADE LAGOS,Post-Production,55723,2023-05-24,pending,
INV00065,PRJ01497,Frame & Focus Equipment,Equipment Rental,13087956,2023-04-13,Paid,
INV05558,PRJ02226,COASTLINE PROPERTY SERVICES,Location,59778529,03 Jun 2021,Pd,
INV04140,PRJ00375,ProGear Nigeria,Equipment Rental,25210103,07-08-2022,OVERDUE,
INV06069,PRJ02412,Naija Locations Ltd,Location,73140230,28/02/2024,paid,
INV04033,PRJ02072,Crew Connect NG,Crew,6323272,07/01/2023,pending,
INV09589,PRJ03170,Frame & Focus Equipment,Equipment Rental,53024989,01-12-2025,Overdue,
INV04383,PRJ01362,Urban Set Scouts,Location,36260873,26-10-2022,PAID,
INV09210,PRJ03103,Redline Camera Rentals,Equipment Rental,8815894,20 Jan 2025,Paid,
INV05135,PRJ01377,Coastline Property Services,Location,5694625,20 Dec 2021,disputed,
INV09611,PRJ02860,OnDeck Production Staffing,Crew,3039440,2021-10-12,paid,
INV02302,PRJ01222,LAGOS GRIP & LIGHTING CO,Equipment Rental,40074410,08/01/2025,OVERDUE,
INV01074,PRJ00030,Stagehand Talent Agency,Talent,2303560,24-03-2022,pending,
INV00500,PRJ03229,Naija Faces Casting,Talent,31929337,10/12/2025,Overdue,
INV02642,PRJ01460,Stagehand Talent Agency,Talent,12436359,04 Dec 2021,Paid,
INV07842,PRJ01747,Lagos Grip & Lighting Co,Equipment Rental,8229810,2021-04-02,disputed,
INV09518,PRJ01321,Redline Camera Rentals,Equipment Rental,38240234,04/01/2025,Pd,
INV05343,PRJ03249,Naija Locations Ltd,Location,"NGN 28,233,235",24-10-2022,disputed,
INV04744,PRJ03845,redline camera rentals,Equipment Rental,7098828,28-04-2022,disputed,
INV00868,PRJ02990,Stagehand Talent Agency,Talent,38787819,25-07-2024,Pd,
INV02967,PRJ03050,OnSet Meals NG,Catering,15649896,2025-06-23,disputed,
INV07690,PRJ03000,REDLINE CAMERA RENTALS,Equipment Rental,4809677,18/07/2024,Pd,
INV09649,PRJ03616,Crew Connect NG,Crew,42407783,08-03-2025,Pending,
INV05829,PRJ03086,Naija Locations Ltd,Location,19710489,2021-11-18,paid,
INV08480,PRJ01970,Crew Connect NG,Crew,20182031,23 Aug 2024,PAID,
INV04798,PRJ00703,NAIJA FACES CASTING,Talent,31448715,23-02-2021,PAID,
INV06230,PRJ01574,colourgrade lagos,Post-Production,12910103,2021-07-03,Pending,
INV04501,PRJ01035,Reel Edit Studios,Post-Production,14384246,10/03/2024,Overdue,
INV02921,PRJ02956,Coastline Property Services,Location,15193180,12/06/2021,pending,
INV03443,PRJ02171,ColourGrade Lagos,Post-Production,8992353,09-03-2021,Pending,
INV07098,PRJ00241,Crew Connect NG,Crew,22282901,17-10-2024,PAID,
INV00487,PRJ03227,Coastline Property Services,Location,7449451,06 Dec 2025,PAID,
INV04864,PRJ00678,Stagehand Talent Agency,Talent,8417543,04/07/2024,disputed,
INV06177,PRJ00960,OnSet Meals NG,Catering,1435038,2025-02-19,Paid,
INV06710,PRJ00661,OnSet Meals,Catering,12438789,22 Jun 2025,OVERDUE,
INV02360,PRJ00782,Mama Bisi Kitchen Services,Catering,"NGN 6,309,176",20/04/2024,Pending,
INV04053,PRJ02364,SoundWave Post NG,Post-Production,9431641,20-04-2024,pending,
INV02251,PRJ03567,ProGear,Equipment Rental,8259066,08/08/2024,Pd,
INV03227,PRJ00014,Naija Locations Ltd,Location,26505799,2024-08-10,Disputed,
INV03925,PRJ02869,Reel Edit Studios,Post-Production,14796587,28-10-2024,Disputed,
INV00078,PRJ00449,ColourGrade Lagos,Post-Production,34467015,10-12-2021,Pd,
INV07767,PRJ00320,Redline Camera Rentals,Equipment Rental,236898,11 Jan 2024,Disputed,
INV06218,PRJ03515,Frame & Focus Equipment,Equipment Rental,7455698,28-09-2025,disputed,
INV00954,PRJ02636,Crew Connect NG,Crew,49479303,18 Feb 2021,Pd,
INV08293,PRJ00516,chop life catering,Catering,7893701,2023-04-07,PAID,
INV02272,PRJ00123,Frame & Focus Equipment,Equipment Rental,6543284,04 Mar 2022,Pd,
INV06925,PRJ01348,Urban Set Scouts,Location,18244785,10/09/2023,Pd,
INV00898,PRJ00763,Stagehand Talent Agency,Talent,7471133,14/07/2023,Paid,
INV05196,PRJ03814,Crewnnect,Crew,9466682,15/07/2022,Paid,
INV05839,PRJ03737,OnSet Meals NG,Catering,692097,18-05-2021,paid,
INV00860,PRJ01239,progear nigeria,Equipment Rental,3905881,20/05/2022,paid,
INV05930,PRJ02353,Mama Bisi Kitchen Services,Catering,32326552,02 Jun 2021,OVERDUE,
INV09188,PRJ02463,Coastline Property Services,Location,11984432,09/12/2021,Pd,
INV00388,PRJ03185,SoundWave Post NG,Post-Production,28843488,13 Nov 2025,PAID,
INV06621,PRJ03795,SoundWave Post NG,Post-Production,11167801,2021-01-20,Overdue,
INV06280,PRJ03058,ColourGrade Lagos,Post-Production,80066722,28/07/2022,pending,
INV08279,PRJ01893,OnDeck Production Staffing,Crew,4132415,19 Feb 2023,paid,
INV03967,PRJ02452,Naija Faces Casting,Talent,7889758,02 May 2025,Overdue,
INV02471,PRJ03901,Naija Faces Casting,Talent,40681735,01/10/2024,Pd,
INV01208,PRJ01389,naija locations ltd,Location,6180471,05 Nov 2021,OVERDUE,
INV04865,PRJ00678,Naija Locations Ltd,Location,"NGN 2,756,902",2023-04-06,Overdue,
INV05404,PRJ01636,Naija Faces Casting,Talent,56836202,06-07-2021,PAID,
INV01324,PRJ01828,URBAN SET SCOUTS,Location,10911283,2022-05-26,Paid,
INV04956,PRJ01459,ProGear Nigeria,Equipment Rental,7482194,15-02-2023,PAID,
INV04926,PRJ03200,PROGEAR NIGERIA,Equipment Rental,14092641,2024-06-26,Pending,
INV04327,PRJ02855,ProGear Nigeria,Equipment Rental,7719713,16 Mar 2025,Pending,
INV08787,PRJ03280,Urban Set Scouts,Location,5311321,2023-03-24,disputed,
INV09599,PRJ00824,mama bisi kitchen services,Catering,19520596,05-10-2025,disputed,
INV08206,PRJ00020,Crew Connect NG,Crew,16140244,26 Oct 2023,Pending,
INV05776,PRJ02275,Coastline Property Services,Location,10897758,2021-08-27,OVERDUE,
INV01878,PRJ03428,ondeck production staffing,Crew,21835048,18/06/2025,Pending,
INV01934,PRJ03094,reel edit studios,Post-Production,10274006,20/06/2022,disputed,
INV00084,PRJ01432,Naija Faces Casting,Talent,21226424,17-12-2021,Pending,
INV07998,PRJ00527,REEL EDIT STUDIOS,Post-Production,17232850,2023-07-17,Disputed,
INV00221,PRJ03369,Chop Life Catering,Catering,4102364,11 Feb 2021,Pd,
INV01175,PRJ00124,SoundWave Post NG,Post-Production,23610445,11-08-2023,Pending,
INV07252,PRJ01365,Urban Set Scouts,Location,15533902,2024-09-24,Overdue,
INV04959,PRJ01459,Crew Connect NG,Crew,24927707,19/11/2023,Paid,
INV03797,PRJ00008,ColourGrade Lagos,Post-Production,21550134,2022-08-07,Paid,
INV08690,PRJ02192,OnDeck Production Staffing,Crew,1775109,2021-12-07,paid,
INV01022,PRJ02603,SoundWave Post NG,Post-Production,48529706,2023-12-27,Pd,
INV06937,PRJ02377,Reel Edit Studios,Post-Production,191168,2022-07-17,OVERDUE,
INV04180,PRJ02243,Coastline Property Services,Location,39382487,23 Mar 2024,disputed,
INV07883,PRJ03522,Naija Locations Ltd,Location,2482116,05 Sep 2024,Disputed,
INV02586,PRJ00435,COLOURGRADE LAGOS,Post-Production,59784839,21-04-2024,PAID,
INV04220,PRJ02805,ColourGrade Lagos,Post-Production,523696,21 Oct 2021,Pd,
INV02381,PRJ00935,colourgrade lagos,Post-Production,8535134,15/12/2024,PAID,
INV08694,PRJ00629,ProGear Nigeria,Equipment Rental,5963516,25/11/2022,Pending,
INV09027,PRJ01018,Redline Camera Rentals,Equipment Rental,7416441,05-08-2022,PAID,
INV09218,PRJ03711,Naija Faces Casting,Talent,1255519,17 Oct 2022,Paid,
INV06530,PRJ02331,ColourGrade Lagos,Post-Production,337550,2025-07-24,pending,
INV02656,PRJ01518,Stagehand Talent Agency,Talent,18274381,04-02-2021,Paid,
INV07250,PRJ02397,SoundWave Post NG,Post-Production,12311420,19/01/2025,paid,
INV03410,PRJ03545,Stagehand Talent Agency,Talent,4365092,2021-01-02,Overdue,
INV08012,PRJ00356,Coastline Property Services,Location,28493407,2021-04-11,Pd,
INV04054,PRJ02364,REEL EDIT STUDIOS,Post-Production,8548251,05-11-2024,disputed,
INV00049,PRJ01905,Naija Faces Casting,Talent,9230859,24/04/2023,disputed,
INV02464,PRJ03831,OnDeck Production Staffing,Crew,32676452,15/05/2023,Pending,
INV09693,PRJ00416,Crew Connect NG,Crew,1745966,05 Jan 2025,Pd,
INV07617,PRJ02685,Mama Bisi Kitchen Services,Catering,10096603,02 Nov 2021,OVERDUE,
INV00009,PRJ01147,Crew Connect NG,Crew,7390497,2023-04-23,PAID,
INV04358,PRJ01003,Frame & Focus Equipment,Equipment Rental,2337157,22/07/2025,disputed,
INV05335,PRJ01122,Crew Connect NG,Crew,19080355,09/07/2023,OVERDUE,
INV06577,PRJ00813,Naija Locations Ltd,Location,3364065,22 Feb 2021,disputed,
INV02309,PRJ03844,NAIJA FACES CASTING,Talent,2438061,12 Feb 2022,paid,
INV06482,PRJ02580,Urban Set Scouts,Location,20428442,22 Sep 2023,pending,
INV04947,PRJ01408,urban set scouts,Location,9214653,16/10/2022,Overdue,
INV00828,PRJ00048,ONSET MEALS NG,Catering,56257276,21-02-2023,Pending,
INV02478,PRJ02167,OnDeck Production Staffing,Crew,36551386,14 Oct 2025,Pending,
INV03496,PRJ02599,Naija Faces Casting,Talent,743487,04/02/2023,PAID,
INV06788,PRJ03276,OnDeck Production Staffing,Crew,33512679,22-02-2023,pending,
INV05858,PRJ03402,OnDeck Production Staffing,Crew,57926155,2023-08-19,PAID,
INV07583,PRJ00154,ProGear Nigeria,Equipment Rental,4844223,2022-12-24,Paid,
INV08143,PRJ01205,Reel Edit Studios,Post-Production,28382234,15/04/2022,Overdue,
INV05288,PRJ03653,Mama Bisi Kitchen Services,Catering,19488454,23-06-2025,pending,
INV01693,PRJ01720,Mama Bisi Kitchen Services,Catering,6512208,20/09/2024,PAID,
INV04984,PRJ00814,ProGear Nigeria,Equipment Rental,9925745,2021-10-23,Disputed,
INV01489,PRJ03885,Reel Edit Studios,Post-Production,5380488,12-11-2025,Overdue,
INV01158,PRJ00627,Stagehand Talent Agency,Talent,74847170,28-01-2025,Disputed,
INV05585,PRJ01592,Chop Life Catering,Catering,1027835,07-08-2025,paid,
INV07658,PRJ03279,OnDeck Production Staffing,Crew,5700906,05 Mar 2024,disputed,
INV00579,PRJ03496,Naija Faces Casting,Talent,48760009,2025-04-06,OVERDUE,
INV03488,PRJ00834,Lagos Grip & Lighting Co,Equipment Rental,17416235,27 Feb 2023,Overdue,
INV09627,PRJ01468,Coastline Property Services,Location,18857821,2024-09-12,Overdue,
INV01073,PRJ00030,Reel Edit Studios,Post-Production,16912174,12 Feb 2023,pending,
INV09659,PRJ01997,OnSet Meals NG,Catering,2981004,15-11-2024,Pd,
INV00441,PRJ01894,Stagehand Talent Agency,Talent,20733972,20/10/2022,disputed,
INV07523,PRJ00012,PROGEAR NIGERIA,Equipment Rental,2621565,14 Aug 2025,pending,
INV01637,PRJ01569,CHOP LIFE CATERING,Catering,16594752,12/07/2022,pending,
INV02540,PRJ01809,Stagehand Talent Agency,Talent,13477419,25/01/2025,PAID,
INV06521,PRJ03589,Stagehand Talent Agency,Talent,12457384,01-01-2022,pending,
INV05680,PRJ00766,Urban Set Scouts,Location,37209220,2023-07-14,Pending,
INV02538,PRJ01999,urban set scouts,Location,829317,06/02/2022,PAID,
INV08566,PRJ01024,NAIJA FACES CASTING,Talent,58255956,16-11-2022,paid,
INV07125,PRJ01329,Urban Set Scouts,Location,4526940,13 May 2021,Disputed,
INV03751,PRJ03414,Naija Faces Casting,Talent,34265978,2022-11-01,Overdue,
INV05942,PRJ01128,ONSET MEALS NG,Catering,1064849,26-01-2023,paid,
INV05700,PRJ00872,OnDeck Production Staffing,Crew,29336574,2025-07-23,Pending,
INV00224,PRJ03369,Naija Faces Casting,Talent,27355363,22/08/2023,PAID,
INV05767,PRJ03160,progear nigeria,Equipment Rental,14352846,24 Jan 2023,Paid,
INV05886,PRJ02161,Naija Locations Ltd,Location,26790562,25 Oct 2023,Pd,
INV01112,PRJ01183,Naija Locations Ltd,Location,1496265,04-07-2024,disputed,
INV02679,PRJ01525,ColourGrade Lagos,Post-Production,3543091,22 May 2021,OVERDUE,
INV01927,PRJ00091,OnDeck Production Staffing,Crew,8077339,12 Oct 2022,Pending,
INV03445,PRJ01006,OnDeck Production Staffing,Crew,2720252,27-02-2022,pending,
INV03991,PRJ02224,Naija Faces Casting,Talent,33574228,2021-07-10,Paid,
INV02999,PRJ01873,chop life catering,Catering,21894345,19 Sep 2023,disputed,
INV05438,PRJ02180,Naija Faces Casting,Talent,25077924,27 Jul 2021,Pd,
INV06242,PRJ02064,Crew Connect NG,Crew,20067520,26/10/2025,PAID,
INV06405,PRJ01927,NAIJA FACES CASTING,Talent,31135708,07 Dec 2024,paid,
INV04083,PRJ02816,URBAN SET SCOUTS,Location,26404252,22/09/2021,Disputed,
INV00122,PRJ02411,Urban Set Scouts,Location,6782343,07-02-2021,Pd,
INV03578,PRJ03027,Lagos Grip & Lighting Co,Equipment Rental,35048856,25-05-2022,disputed,
INV04507,PRJ02954,crew connect ng,Crew,647147,12/04/2022,OVERDUE,
INV06870,PRJ02950,Crew Connect NG,Crew,37338820,15-07-2024,disputed,
INV04020,PRJ02933,Frame & Focus Equipment,Equipment Rental,15612011,25/09/2021,paid,
INV05402,PRJ01636,Crew Connect NG,Crew,10124948,15-01-2022,OVERDUE,
INV07955,PRJ00575,Coastline Property Services,Location,24739221,15/02/2024,Disputed,
INV02479,PRJ02167,ColourGrade Lagos,Post-Production,43168313,2022-01-08,OVERDUE,
INV04633,PRJ02598,reel edit studios,Post-Production,11235794,11-03-2022,PAID,
INV07321,PRJ00311,ColourGrade Lagos,Post-Production,1259066,2024-10-09,paid,
INV01709,PRJ03101,Crewnnect,Crew,6687649,19-03-2022,Paid,
INV01601,PRJ01242,colourgrade lagos,Post-Production,9575447,13 May 2023,Pd,
INV00699,PRJ03119,Mama Bisi Kitchen Services,Catering,19728461,16/09/2024,OVERDUE,
INV08027,PRJ01277,Redline Camera Rentals,Equipment Rental,3652175,05-11-2021,paid,
INV07249,PRJ02397,Coastline Property Services,Location,14558468,2022-04-24,pending,
INV07269,PRJ01516,COLOURGRADE LAGOS,Post-Production,559183,13/09/2021,pending,
INV06489,PRJ03732,ProGear Nigeria,Equipment Rental,43744308,2024-12-06,Paid,
INV02386,PRJ00578,Stagehand Talent Agency,Talent,8394239,07/04/2021,disputed,
INV04305,PRJ01735,OnDeck Production Staffing,Crew,9316533,2025-11-06,Disputed,
INV08637,PRJ00088,Stagehand Talent Agency,Talent,33606866,2025-05-07,Paid,
INV03775,PRJ01056,ColourGrade Lagos,Post-Production,26683904,02-12-2025,PAID,
INV02347,PRJ02186,REEL EDIT STUDIOS,Post-Production,46873036,11 Mar 2025,Overdue,
INV00032,PRJ03145,Stagehand Talent Agency,Talent,3119969,2025-02-17,Disputed,
INV00756,PRJ00958,SoundWave Post NG,Post-Production,15112713,2024-03-21,PAID,
INV07890,PRJ02905,Frame & Focus Equipment,Equipment Rental,13283123,05 Feb 2021,paid,
INV09092,PRJ02742,Crew Connect NG,Crew,31053768,2024-04-17,Overdue,
INV00341,PRJ02121,Frame & Focus Equipment,Equipment Rental,3739819,2021-01-20,Overdue,
INV01721,PRJ02597,ProGear Nigeria,Equipment Rental,2770772,21-02-2021,disputed,
INV05075,PRJ01359,Crew Connect NG,Crew,12085795,22 Dec 2024,Overdue,
INV05725,PRJ02904,FRAME & FOCUS EQUIPMENT,Equipment Rental,28720237,27 Apr 2023,disputed,
INV00569,PRJ00209,FRAME & FOCUS EQUIPMENT,Equipment Rental,16813659,16 Jun 2025,disputed,
INV04225,PRJ03779,SoundWave Post NG,Post-Production,22300420,28-03-2025,Pd,
INV01827,PRJ03236,redline camera rentals,Equipment Rental,4329461,2021-04-10,pending,
INV07310,PRJ01297,PROGEAR NIGERIA,Equipment Rental,5729136,28-11-2025,OVERDUE,
INV00463,PRJ01388,Coastline Property Services,Location,12712965,22/05/2021,PAID,
INV05897,PRJ03054,colourgrade lagos,Post-Production,"NGN 11,853,427",12 Nov 2025,Pd,
INV00468,PRJ02943,Naija Faces Casting,Talent,36995841,2022-08-27,Disputed,
INV01142,PRJ00015,urban set scouts,Location,13656973,28/11/2022,Pending,
INV04837,PRJ01017,ProGear Nigeria,Equipment Rental,616870,2023-02-12,PAID,
INV00905,PRJ00484,ONSET MEALS NG,Catering,"NGN 1,874,823",14/06/2025,Overdue,
INV05716,PRJ03043,Reel Edit Studios,Post-Production,35890010,2024-05-23,Disputed,
INV03870,PRJ02115,ColourGrade Lagos,Post-Production,19483,20/02/2023,Paid,
INV09345,PRJ02520,Naija Locations Ltd,Location,9660624,05 Oct 2022,PAID,
INV05140,PRJ00572,Coastline Property Services,Location,22970564,26-05-2023,Pending,
INV05147,PRJ01854,URBAN SET SCOUTS,Location,"NGN 32,859,585",08 Sep 2024,OVERDUE,
INV00499,PRJ01430,Naija Locations Ltd,Location,286548,16 Mar 2023,PAID,
INV06257,PRJ03519,stagehand talent agency,Talent,8863520,20-12-2023,Disputed,
INV09454,PRJ02821,redline camera rentals,Equipment Rental,12689027,2022-05-26,PAID,
INV02519,PRJ03984,Stagehand Talent Agency,Talent,21830042,01 Sep 2025,Pd,
INV09381,PRJ01201,Urban Set Scouts,Location,7861200,05 Apr 2023,Disputed,
INV06947,PRJ01829,Redline Camera Rentals,Equipment Rental,9572072,19-11-2024,Paid,
INV04403,PRJ00305,Crewnnect,Crew,61733547,2021-07-01,PAID,
INV09198,PRJ00233,Reel Edit Studios,Post-Production,31632509,13/11/2023,Disputed,
INV06061,PRJ01380,Crew Connect NG,Crew,2181961,2025-04-24,Disputed,
INV09461,PRJ00460,stagehand talent agency,Talent,1987255,2021-08-07,disputed,
INV02222,PRJ00227,Coastline Property Services,Location,11718616,2025-01-13,OVERDUE,
INV00229,PRJ02887,ProGear Nigeria,Equipment Rental,11645214,20/10/2024,Disputed,
INV05586,PRJ02557,STAGEHAND TALENT AGENCY,Talent,40656451,20 Oct 2023,Pending,
INV02184,PRJ01581,Coastline Property Services,Location,8660232,15/05/2022,disputed,
INV05263,PRJ01014,OnSet Meals,Catering,901754,23 Mar 2024,Disputed,
INV01410,PRJ01164,Crew Connect NG,Crew,9875880,28/09/2021,disputed,
INV00420,PRJ01231,Stagehand Talent Agency,Talent,13288191,17 May 2022,OVERDUE,
INV06371,PRJ03912,Coastline Property Services,Location,90166343,16-03-2022,OVERDUE,
INV03723,PRJ00783,Naija Faces Casting,Talent,2033903,11/08/2024,Disputed,
INV06432,PRJ03825,Frame & Focus Equipment,Equipment Rental,2615673,01-10-2023,OVERDUE,
INV04449,PRJ02584,MAMA BISI KITCHEN SERVICES,Catering,6484567,09 Nov 2021,Pd,
INV06696,PRJ03301,URBAN SET SCOUTS,Location,4429298,09/04/2021,OVERDUE,
INV07724,PRJ01619,Lagos Grip & Lighting Co,Equipment Rental,41074225,20-07-2025,OVERDUE,
INV06162,PRJ03552,STAGEHAND TALENT AGENCY,Talent,24963687,2021-12-08,pending,
INV01694,PRJ01720,Frame & Focus Equipment,Equipment Rental,30537391,16 Dec 2022,Overdue,
INV02897,PRJ02196,Naija Faces Casting,Talent,13189625,09 Mar 2021,Paid,
INV08054,PRJ01779,Naija Faces Casting,Talent,727886,11 Mar 2023,Pending,
INV06534,PRJ02331,lagos grip & lighting co,Equipment Rental,8886034,18 Feb 2023,disputed,
INV08948,PRJ01474,Lagos Grip & Lighting Co,Equipment Rental,36629619,2022-07-09,disputed,
INV04191,PRJ03169,ColourGrade Lagos,Post-Production,10486777,24/01/2024,Pd,
INV03346,PRJ03842,ColourGrade Lagos,Post-Production,32539768,2023-12-18,Paid,
INV01980,PRJ03497,Coastline Property Services,Location,31506345,26-10-2021,Overdue,
INV00628,PRJ03558,OnSet Meals NG,Catering,20996338,26-02-2023,paid,
INV09337,PRJ01041,Reel Edit Studios,Post-Production,19564353,16/06/2023,Paid,
INV01599,PRJ01242,ONDECK PRODUCTION STAFFING,Crew,38587741,12 Jun 2023,Paid,
INV03231,PRJ02575,OnDeck Production Staffing,Crew,6572581,2022-08-22,paid,
INV05425,PRJ00215,Stagehand Talent Agency,Talent,44489937,06 Nov 2025,Disputed,
INV00390,PRJ03185,Naija Locations Ltd,Location,10926876,21-08-2025,Disputed,
INV08803,PRJ00216,ProGear Nigeria,Equipment Rental,3753786,25-02-2021,OVERDUE,
INV05971,PRJ00383,OnDeck Production Staffing,Crew,1918840,2023-11-15,paid,
INV00751,PRJ02430,Stagehand Talent Agency,Talent,7690020,15-01-2024,disputed,
INV04095,PRJ00482,Stagehand Talent Agency,Talent,40741653,2021-04-10,Pending,
INV06622,PRJ00734,Redline Camera Rentals,Equipment Rental,2682112,08-06-2025,OVERDUE,
INV02463,PRJ01646,Chop Life Catering,Catering,7360391,13 Dec 2022,disputed,
INV05907,PRJ03623,Chop Life Catering,Catering,10161203,28/02/2024,Disputed,
INV01202,PRJ01263,CHOP LIFE CATERING,Catering,23597433,21-01-2021,Overdue,
INV09399,PRJ03571,Stagehand Talent Agency,Talent,3316863,09-06-2021,Overdue,
INV08319,PRJ03152,Naija Locations Ltd,Location,31751260,05-07-2022,paid,
INV01258,PRJ01283,Mama Bisi Kitchen Services,Catering,18862211,28 Aug 2024,paid,
INV09709,PRJ01862,ColourGrade Lagos,Post-Production,36328229,22 Jul 2022,pending,
INV06854,PRJ02733,Mama Bisi Kitchen Services,Catering,287995,19/05/2024,Overdue,
INV09698,PRJ00416,Stagehand Talent Agency,Talent,8979485,04 Dec 2025,Pd,
INV01785,PRJ02454,Crew Connect NG,Crew,843306,06 May 2021,Overdue,
INV02527,PRJ02242,Lagos Grip & Lighting Co,Equipment Rental,5615054,27-10-2025,Paid,
INV02216,PRJ03712,Crew Connect NG,Crew,6295764,12-11-2025,Paid,
INV09125,PRJ02360,Mama Bisi Kitchen Services,Catering,21337259,15/01/2021,Paid,
INV05465,PRJ01541,OnDeck Production Staffing,Crew,21026128,23/05/2021,Disputed,
INV04492,PRJ00614,soundwave post ng,Post-Production,24460912,2023-04-16,Pending,
INV01379,PRJ00662,Frame & Focus Equipment,Equipment Rental,7972534,2025-04-14,PAID,
INV02743,PRJ01141,Reel Edit Studios,Post-Production,16069172,28 Nov 2025,pending,
INV08135,PRJ03789,Mama Bisi Kitchen Services,Catering,786131,2023-01-28,paid,
INV08186,PRJ02145,naija locations ltd,Location,12800702,09-10-2023,OVERDUE,
INV05074,PRJ01359,Mama Bisi Kitchen Services,Catering,"NGN 41,266,679",22 Jan 2025,Pending,
INV01974,PRJ02200,Lagos Grip & Lighting Co,Equipment Rental,17377530,2024-03-20,Pending,
INV04166,PRJ03808,Chop Life Catering,Catering,13079421,01-03-2021,Pd,
INV04805,PRJ01412,SoundWave Post,Post-Production,7038143,28-12-2025,Pending,
INV01673,PRJ01618,Redline Camera Rentals,Equipment Rental,5277561,05/05/2021,paid,
INV07390,PRJ01232,OnDeck Production Staffing,Crew,17876464,14-05-2022,pending,
INV06147,PRJ00022,Mama Bisi Kitchen Services,Catering,22486018,04-06-2025,Paid,
INV02204,PRJ01858,Mama Bisi Kitchen Services,Catering,14917834,09 Oct 2021,disputed,
INV08575,PRJ03968,Urban Set Scouts,Location,1160572,2023-01-03,OVERDUE,
INV06447,PRJ02910,Redline Camera Rentals,Equipment Rental,22239794,02-01-2021,Paid,
INV01078,PRJ02775,Urban Set Scouts,Location,21555587,20-03-2021,Disputed,
INV08621,PRJ02333,Naija Faces Casting,Talent,7626493,10-08-2021,OVERDUE,
INV03058,PRJ03308,OnSet Meals NG,Catering,"NGN 2,438,426",21-01-2025,paid,
INV09521,PRJ01465,Mama Bisi Kitchen Services,Catering,28862347,28/07/2022,Paid,
INV02974,PRJ03753,Stagehand Talent Agency,Talent,21851794,2021-02-06,disputed,
INV08505,PRJ03998,Chop Life Catering,Catering,1471232,08-04-2023,paid,
INV01995,PRJ02232,SoundWave Post NG,Post-Production,17519955,2024-09-24,Disputed,
INV02053,PRJ00496,colourgrade lagos,Post-Production,1083093,2023-11-01,PAID,
INV06527,PRJ03694,Stagehand Talent Agency,Talent,667383,25/12/2023,paid,
INV02337,PRJ02620,SoundWave Post NG,Post-Production,16446440,2024-05-25,Paid,
INV03398,PRJ01620,Stagehand Talent Agency,Talent,6266045,2024-01-15,Disputed,
INV01216,PRJ02986,Naija Faces Casting,Talent,2001066,28/10/2021,Pending,
INV09057,PRJ01131,Chop Life Catering,Catering,2168769,2022-03-16,Pd,
INV03627,PRJ03208,OnDeck Production Staffing,Crew,7660690,14/01/2025,OVERDUE,
INV04977,PRJ03695,OnDeck Production Staffing,Crew,7063229,04-01-2024,PAID,
INV07421,PRJ03610,OnSet Meals NG,Catering,2587647,2024-01-27,Overdue,
INV02762,PRJ02744,Naija Locations,Location,9228226,03 Mar 2024,Pending,
INV07497,PRJ01429,Reel Edit Studios,Post-Production,8044568,18 May 2024,paid,
INV04769,PRJ03517,Frame & Focus Equipment,Equipment Rental,51041603,21 Dec 2023,Overdue,
INV03606,PRJ03108,naija faces casting,Talent,11992950,21-03-2021,pending,
INV04371,PRJ01653,Crew Connect NG,Crew,17739530,2024-07-01,OVERDUE,
INV02049,PRJ02389,Naija Faces Casting,Talent,12045990,2023-11-08,OVERDUE,
INV05711,PRJ00196,Lagos Grip & Lighting Co,Equipment Rental,56030403,02 Jan 2021,Disputed,
INV00566,PRJ01511,REDLINE CAMERA RENTALS,Equipment Rental,14480266,14-06-2022,OVERDUE,
INV05459,PRJ00979,chop life catering,Catering,14003525,2024-05-02,Overdue,
INV05589,PRJ02557,SoundWave Post,Post-Production,17145490,03-05-2025,OVERDUE,
INV07127,PRJ02065,Chop Life Catering,Catering,17815095,11 Feb 2021,OVERDUE,
INV06182,PRJ03368,OnSet Meals NG,Catering,2795692,04 Apr 2024,OVERDUE,
INV07290,PRJ00110,SoundWave Post NG,Post-Production,"NGN 21,153,286",15-05-2023,Disputed,
INV01769,PRJ00716,NAIJA LOCATIONS LTD,Location,23356549,10-11-2022,Pending,
INV09769,PRJ09999,Coastline Property Services,Location,31375916,28 Oct 2021,pending,
INV05969,PRJ02459,OnDeck Production Staffing,Crew,1155941,05/12/2025,PAID,
INV02964,PRJ03050,OnDeck Production Staffing,Crew,24019272,2024-07-06,Paid,
INV07730,PRJ00310,OnSet Meals NG,Catering,14836020,2025-06-10,disputed,
INV08189,PRJ02291,lagos grip & lighting co,Equipment Rental,36741872,01-04-2021,disputed,
INV05529,PRJ00002,Redline Camera Rentals,Equipment Rental,19887168,2023-04-13,OVERDUE,
INV01261,PRJ01283,Mama Bisi Kitchen Services,Catering,30301739,08 May 2021,PAID,
INV06278,PRJ03726,OnDeck Production Staffing,Crew,1631419,12-04-2022,Overdue,
INV03763,PRJ01326,SOUNDWAVE POST NG,Post-Production,3100463,06 May 2024,Pd,
INV01132,PRJ03329,Urban Set Scouts,Location,23921410,22-10-2022,Overdue,
INV05338,PRJ02437,Coastline Property Services,Location,22426700,09 Feb 2025,PAID,
INV04410,PRJ00557,CREW CONNECT NG,Crew,19943,2023-09-07,Pending,
INV02368,PRJ00710,naija faces casting,Talent,"NGN 10,994,825",12/05/2023,Paid,
INV00712,PRJ03725,OnDeck Production Staffing,Crew,17936122,06/07/2021,pending,
INV06160,PRJ01065,ColourGrade Lagos,Post-Production,22374588,03/09/2022,disputed,
INV02084,PRJ01020,ProGear Nigeria,Equipment Rental,8635210,19/08/2024,paid,
INV03242,PRJ02841,Chop Life Catering,Catering,11565415,18/01/2023,disputed,
INV08712,PRJ02502,Redline Camera Rentals,Equipment Rental,17971370,06 Jun 2023,Disputed,
INV07916,PRJ01656,ondeck production staffing,Crew,71230038,2022-06-23,pending,
INV02786,PRJ01931,Urban Set Scouts,Location,20226601,18-04-2023,pending,
INV03285,PRJ02438,OnSet Meals,Catering,17412286,2022-11-11,pending,
INV05366,PRJ00542,Frame & Focus Equipment,Equipment Rental,25622342,2021-05-02,Paid,
INV09085,PRJ02132,OnSet Meals NG,Catering,49989151,15-05-2022,Disputed,
INV04604,PRJ00787,COLOURGRADE LAGOS,Post-Production,19327170,27/08/2025,PAID,
INV08960,PRJ01153,OnSet Meals NG,Catering,6235758,28-05-2025,Paid,
INV05113,PRJ02760,Naija Faces Casting,Talent,23408132,2021-02-20,Disputed,
INV06613,PRJ03530,Naija Faces Casting,Talent,585979,26/12/2022,Pending,
INV06563,PRJ00332,Reel Edit Studios,Post-Production,19084261,18-12-2021,Paid,
INV08470,PRJ02075,Reel Edit Studios,Post-Production,37168059,04/11/2022,PAID,
INV04264,PRJ00639,Naija Faces Casting,Talent,39136796,26 Sep 2021,disputed,
INV04427,PRJ01375,Frame & Focus Equipment,Equipment Rental,917098,19/01/2025,Pending,
INV05443,PRJ00847,Chop Life Catering,Catering,6438185,22/07/2025,OVERDUE,
INV04459,PRJ00372,OnDeck Production Staffing,Crew,3734464,2025-01-23,disputed,
INV04602,PRJ00787,coastline property services,Location,15481662,28/07/2021,Pending,
INV03172,PRJ03838,Frame & Focus Equipment,Equipment Rental,48847770,2024-05-19,disputed,
INV08579,PRJ02285,OnSet Meals NG,Catering,2209443,08 May 2022,Pd,
INV09453,PRJ02312,SoundWave Post NG,Post-Production,12186220,19-07-2022,PAID,
INV07012,PRJ03158,ColourGrade Lagos,Post-Production,29428064,01-12-2023,OVERDUE,
INV04227,PRJ01675,onset meals ng,Catering,7108255,2022-06-10,Pending,
INV00075,PRJ02233,Reel Edit Studios,Post-Production,64457026,17 Sep 2022,OVERDUE,
INV05007,PRJ01705,Naija Faces Casting,Talent,55170048,2024-01-15,Pd,
INV07364,PRJ03993,Naija Faces Casting,Talent,34658857,14 Jan 2021,Pd,
INV01633,PRJ01569,ColourGrade Lagos,Post-Production,3553291,2021-10-07,Paid,
INV04550,PRJ00055,soundwave post ng,Post-Production,39486339,2022-12-05,Disputed,
INV01342,PRJ03230,Stagehand Talent Agency,Talent,34348043,2023-03-25,Disputed,
INV04597,PRJ03155,LAGOS GRIP & LIGHTING CO,Equipment Rental,856159,2025-03-12,Overdue,
INV08786,PRJ03205,OnDeck Production Staffing,Crew,"NGN 2,178,604",2025-11-23,Disputed,
INV08825,PRJ00066,Mama Bisi Kitchen Services,Catering,15427598,24/09/2021,Pd,
INV06213,PRJ03981,ondeck production staffing,Crew,5655473,14-05-2021,Pd,
INV04376,PRJ02367,Urban Set Scouts,Location,612674,07/04/2021,Pending,
INV09597,PRJ00824,Naija Faces Casting,Talent,3100463,23/10/2023,Disputed,
INV03293,PRJ00006,urban set scouts,Location,4884012,22 Jun 2021,Pd,
INV06806,PRJ02648,ColourGrade Lagos,Post-Production,21470285,13/12/2021,Pending,
INV02343,PRJ01245,SoundWave Post NG,Post-Production,4064180,2023-05-14,Overdue,
INV00472,PRJ01372,CREW CONNECT NG,Crew,33373609,2021-06-23,Pending,
INV00698,PRJ03119,ColourGrade Lagos,Post-Production,30060669,2024-09-08,pending,
INV00853,PRJ00701,Naija Locations,Location,12964986,2025-09-18,Disputed,
INV07022,PRJ02041,Mama Bisi Kitchen Services,Catering,18010587,17/09/2025,Disputed,
INV08272,PRJ02753,ColourGrade Lagos,Post-Production,10779685,13-11-2021,Paid,
INV06657,PRJ01835,Chop Life Catering,Catering,20188205,2025-04-10,paid,
INV02131,PRJ00611,URBAN SET SCOUTS,Location,16549097,01 Dec 2023,Pd,
INV07084,PRJ03238,NAIJA FACES CASTING,Talent,13910691,25-12-2021,Overdue,
INV02183,PRJ01581,CHOP LIFE CATERING,Catering,12042777,19/05/2023,paid,
INV00788,PRJ03499,chop life catering,Catering,14981072,12-12-2021,Pd,
INV05260,PRJ02470,Naija Locations Ltd,Location,10177075,18 Jun 2023,paid,
INV02139,PRJ01285,Frame & Focus Equipment,Equipment Rental,33773508,02 Mar 2021,PAID,
INV08801,PRJ00216,Naija Locations Ltd,Location,34124195,13 Oct 2024,OVERDUE,
INV03035,PRJ01676,Stagehand Talent Agency,Talent,5142884,2025-01-04,Overdue,
INV05490,PRJ03463,Crewnnect,Crew,1176833,26/03/2025,Overdue,
INV03182,PRJ00041,OnSet Meals,Catering,33435085,2022-05-13,disputed,
INV07906,PRJ01947,NAIJA LOCATIONS LTD,Location,40484245,2023-07-14,disputed,
INV05703,PRJ00326,MAMA BISI KITCHEN SERVICES,Catering,5618202,11-02-2022,OVERDUE,
INV01665,PRJ02969,Lagos Grip & Lighting Co,Equipment Rental,20162933,25-12-2023,PAID,
INV05327,PRJ03902,Frame & Focus Equipment,Equipment Rental,54670843,19 Feb 2023,paid,
INV07759,PRJ02912,Frame & Focus Equipment,Equipment Rental,"NGN 38,622,797",21 Jan 2022,Pending,
INV00752,PRJ02430,Crew Connect NG,Crew,5093660,06 Feb 2023,Disputed,
INV04952,PRJ02882,SoundWave Post NG,Post-Production,17385925,14/08/2021,Paid,
INV07541,PRJ00454,Lagos Grip & Lighting Co,Equipment Rental,5955632,18-01-2025,Disputed,
INV00043,PRJ00131,Mama Bisi Kitchen Services,Catering,15276868,03/06/2022,Overdue,
INV02893,PRJ03516,Naija Locations Ltd,Location,"NGN 24,728,595",2024-10-15,Paid,
INV00189,PRJ00474,Chop Life Catering,Catering,2082389,2023-05-02,Pending,
INV02188,PRJ03192,Urban Set Scouts,Location,37026179,01 Jan 2024,Paid,
INV06373,PRJ01865,colourgrade lagos,Post-Production,12413981,12/03/2022,Pending,
INV05757,PRJ03137,STAGEHAND TALENT AGENCY,Talent,32735225,22/04/2021,pending,
INV00356,PRJ00530,Crew Connect NG,Crew,1870997,25/03/2023,disputed,
INV00368,PRJ03287,naija locations ltd,Location,9636352,11-09-2021,Pending,
INV02972,PRJ03753,NAIJA LOCATIONS LTD,Location,7303047,19 Jul 2022,PAID,
INV08036,PRJ02169,crew connect ng,Crew,688790,17/06/2025,Overdue,
INV08173,PRJ01260,Naija Locations Ltd,Location,41954940,07/10/2021,PAID,
INV02256,PRJ00936,Redline Camera Rentals,Equipment Rental,26311599,22/09/2025,PAID,
INV02874,PRJ00339,COLOURGRADE LAGOS,Post-Production,41760211,13/10/2021,Pd,
INV01389,PRJ03988,Crew Connect NG,Crew,1341655,06-12-2022,Pd,
INV01909,PRJ01445,OnSet Meals NG,Catering,16413428,13/11/2025,Pending,
INV05830,PRJ03086,Redline Camera Rentals,Equipment Rental,5080177,19/08/2025,Disputed,
INV03574,PRJ03211,Mama Bisi Kitchen Services,Catering,16089569,20 Mar 2025,pending,
INV01126,PRJ02050,progear nigeria,Equipment Rental,9993234,2022-06-07,OVERDUE,
INV04065,PRJ03316,ONSET MEALS NG,Catering,5145665,2022-07-07,OVERDUE,
INV07971,PRJ02983,Naija Locations Ltd,Location,10050585,01/07/2021,pending,
INV02971,PRJ03753,ColourGrade Lagos,Post-Production,27398623,19 Feb 2021,Paid,
INV01530,PRJ01788,Frame & Focus Equipment,Equipment Rental,5152175,03 Jan 2021,PAID,
INV02428,PRJ03888,SOUNDWAVE POST NG,Post-Production,24827406,07 Sep 2022,disputed,
INV08461,PRJ00588,redline camera rentals,Equipment Rental,14452414,03-03-2023,pending,
INV01432,PRJ02674,NAIJA FACES CASTING,Talent,69314432,27-08-2024,Pd,
INV06124,PRJ03387,ProGear Nigeria,Equipment Rental,58987152,2024-11-19,OVERDUE,
INV01115,PRJ02084,stagehand talent agency,Talent,51845100,24 Aug 2022,paid,
INV04612,PRJ00794,Frame & Focus Equipment,Equipment Rental,16620953,2022-08-21,OVERDUE,
INV04202,PRJ03605,Stagehand Talent Agency,Talent,36157005,09/12/2024,pending,
INV06502,PRJ00802,OnSet Meals NG,Catering,24937030,03-06-2025,paid,
INV01625,PRJ03969,Naija Faces Casting,Talent,12818181,04-10-2024,disputed,
INV08482,PRJ03833,mama bisi kitchen services,Catering,14038415,25 Oct 2025,Overdue,
INV07662,PRJ02911,ProGear Nigeria,Equipment Rental,5533844,20 Apr 2024,PAID,
INV07650,PRJ02927,Naija Locations Ltd,Location,66767215,19 Nov 2023,Pd,
INV01644,PRJ00612,Naija Locations,Location,19657667,2025-12-13,Overdue,
INV07945,PRJ02958,Mama Bisi Kitchen Services,Catering,8410452,04/09/2025,Overdue,
INV07790,PRJ02692,Crew Connect NG,Crew,"NGN 17,086,798",22/04/2023,disputed,
INV03264,PRJ00447,Reel Edit Studios,Post-Production,3926078,17 Oct 2023,pending,
INV08707,PRJ03426,Frame & Focus Equipment,Equipment Rental,30834920,18-10-2022,PAID,
INV01640,PRJ01101,MAMA BISI KITCHEN SERVICES,Catering,15431239,02 Sep 2022,pending,
INV03335,PRJ01400,REDLINE CAMERA RENTALS,Equipment Rental,19194211,07-08-2023,Disputed,
INV02075,PRJ01405,Crew Connect NG,Crew,989801,2022-04-22,PAID,
INV03158,PRJ02998,OnSet Meals NG,Catering,25633305,2023-05-27,disputed,
INV07660,PRJ03279,CREW CONNECT NG,Crew,20085546,2024-10-19,Pd,
INV06970,PRJ03025,Redline Camera Rentals,Equipment Rental,36833305,03 Dec 2021,Paid,
INV01784,PRJ02454,Crew Connect NG,Crew,22251224,06 Sep 2025,disputed,
INV07296,PRJ00610,ONDECK PRODUCTION STAFFING,Crew,3513781,2025-12-03,Disputed,
INV09371,PRJ02189,OnSet Meals NG,Catering,25903222,11/09/2023,paid,
INV08588,PRJ01761,Lagos Grip & Lighting Co,Equipment Rental,14922723,22-10-2021,Overdue,
INV03116,PRJ02342,Chop Life Catering,Catering,20386119,26-10-2022,Overdue,
INV07405,PRJ00237,Crew Connect NG,Crew,18997530,08-09-2021,disputed,
INV02669,PRJ01796,Lagos Grip & Lighting Co,Equipment Rental,6836766,20 Aug 2021,Pending,
INV04887,PRJ01317,crew connect ng,Crew,11882966,12 Nov 2025,Pd,
INV03146,PRJ01219,Crew Connect NG,Crew,35908242,20-05-2025,Pending,
INV06103,PRJ02825,Crew Connect NG,Crew,3197302,14-12-2025,disputed,
INV08614,PRJ02549,CHOP LIFE CATERING,Catering,1979733,2022-05-04,paid,
INV00866,PRJ03974,ProGear Nigeria,Equipment Rental,16441242,2025-05-27,disputed,
INV01374,PRJ02433,Frame & Focus Equipment,Equipment Rental,464964,28/10/2021,Disputed,
INV02418,PRJ02749,Lagos Grip & Lighting Co,Equipment Rental,23534676,2022-04-26,Disputed,
INV00296,PRJ03609,Stagehand Talent Agency,Talent,22399863,2023-11-22,pending,
INV07387,PRJ01154,ProGear Nigeria,Equipment Rental,28165640,15/08/2021,Overdue,
INV08485,PRJ00406,ProGear Nigeria,Equipment Rental,5795730,08-07-2024,paid,
INV06303,PRJ00181,Crewnnect,Crew,19104487,03/06/2022,Disputed,
INV05991,PRJ02902,LAGOS GRIP & LIGHTING CO,Equipment Rental,30293969,15-04-2024,PAID,
INV08224,PRJ03660,REDLINE CAMERA RENTALS,Equipment Rental,8447684,2021-12-17,Pending,
INV07901,PRJ00594,Chop Life Catering,Catering,12382052,17/06/2023,disputed,
INV01675,PRJ01618,Redline Camera Rentals,Equipment Rental,68877,20/01/2024,disputed,
INV08306,PRJ02641,Urban Set Scouts,Location,31876238,18/03/2024,Pd,
INV01207,PRJ01389,CREW CONNECT NG,Crew,1967603,2022-09-21,Disputed,
INV07279,PRJ01758,Redline Camera Rentals,Equipment Rental,29473614,12/06/2023,Pd,
INV07882,PRJ03522,Chop Life Catering,Catering,8279000,2024-01-09,OVERDUE,
INV01813,PRJ00698,OnDeck Production Staffing,Crew,28813664,08-02-2021,OVERDUE,
INV01654,PRJ00837,Stagehand Talent Agency,Talent,2730170,21 Mar 2021,OVERDUE,
INV01284,PRJ00072,Coastline Property Services,Location,17358704,21/06/2023,Disputed,
INV07479,PRJ03472,STAGEHAND TALENT AGENCY,Talent,"NGN 58,243,893",11-01-2021,disputed,
INV03867,PRJ02220,Crew Connect NG,Crew,"NGN 10,183,237",2024-03-21,Disputed,
INV03698,PRJ03710,CREW CONNECT NG,Crew,59378338,23-11-2022,disputed,
INV02666,PRJ01796,Coastline Property Services,Location,37430939,2025-08-09,Disputed,
INV08315,PRJ03925,Redline Camera Rentals,Equipment Rental,325294,13 May 2025,Pending,
INV02315,PRJ00248,OnDeck Production Staffing,Crew,36254753,28/06/2021,Pending,
INV02647,PRJ03393,Lagos Grip & Lighting,Equipment Rental,21801034,2022-02-21,Overdue,
INV03141,PRJ02848,Naija Faces Casting,Talent,1549435,21 Mar 2021,pending,
INV02100,PRJ00027,ONSET MEALS NG,Catering,4952197,2024-01-09,Paid,
INV00358,PRJ03190,OnDeck Production Staffing,Crew,16256457,19/08/2022,Pd,
INV03451,PRJ01156,OnDeck Production Staffing,Crew,22430432,26/12/2023,Pd,
INV08159,PRJ01696,Naija Faces Casting,Talent,37404274,19/08/2025,pending,
INV04883,PRJ01317,Reel Edit Studios,Post-Production,27174,2022-03-14,Pending,
INV06304,PRJ02588,Frame & Focus Equipment,Equipment Rental,13300244,21 Aug 2024,Paid,
INV03462,PRJ02122,OnDeck Production Staffing,Crew,1486673,21/03/2023,OVERDUE,
INV05668,PRJ01602,ProGear Nigeria,Equipment Rental,17032444,01-10-2022,OVERDUE,
INV01404,PRJ03067,NAIJA LOCATIONS LTD,Location,27006936,2022-09-28,Pd,
INV09717,PRJ03835,ColourGrade Lagos,Post-Production,351657,14-06-2023,paid,
INV04142,PRJ00375,Reel Edit Studios,Post-Production,3024098,10 Feb 2021,OVERDUE,
INV00442,PRJ03317,Urban Set Scouts,Location,71737261,21 Aug 2023,Disputed,
INV04234,PRJ03113,MAMA BISI KITCHEN SERVICES,Catering,39283108,2021-03-25,OVERDUE,
INV01450,PRJ01709,Coastline Property Services,Location,65082907,19-03-2025,Overdue,
INV09419,PRJ00150,Naija Locations Ltd,Location,15171634,11 Apr 2024,OVERDUE,
INV09343,PRJ02123,ColourGrade Lagos,Post-Production,5321178,2023-12-08,Paid,
INV08710,PRJ02502,Coastline Property Services,Location,15050150,07-07-2021,Paid,
INV01311,PRJ01485,Crew Connect NG,Crew,20648107,26-01-2021,OVERDUE,
INV02604,PRJ02227,Naija Locations Ltd,Location,1273451,06-10-2024,disputed,
INV00840,PRJ03716,Urban Set Scouts,Location,3331358,19-10-2022,PAID,
INV08368,PRJ03762,OnDeck Production Staffing,Crew,50205508,21 Nov 2024,OVERDUE,
INV07980,PRJ02117,Stagehand Talent Agency,Talent,52111113,07/08/2025,pending,
INV04750,PRJ01337,Stagehand Talent Agency,Talent,5578042,2022-08-26,paid,
INV01280,PRJ03898,Redline Camera Rentals,Equipment Rental,17372421,06/11/2021,disputed,
INV08821,PRJ01979,Redline Camera Rentals,Equipment Rental,19640766,08 Mar 2025,OVERDUE,
INV01697,PRJ03939,OnSet Meals NG,Catering,9143535,10 Apr 2022,pending,
INV08491,PRJ01319,Crewnnect,Crew,35798041,20/07/2021,disputed,
INV02896,PRJ02196,Reel Edit Studios,Post-Production,4852947,2022-04-18,pending,
INV08975,PRJ01955,OnSet Meals NG,Catering,22098423,26/04/2023,paid,
INV08425,PRJ00904,Redline Camera Rentals,Equipment Rental,3353926,2025-07-20,Disputed,
INV06664,PRJ00064,Naija Locations Ltd,Location,3499434,13/05/2023,OVERDUE,
INV04451,PRJ02584,naija locations ltd,Location,27808254,21 Feb 2024,paid,
INV08631,PRJ00263,Reel Edit Studios,Post-Production,31821696,2022-06-15,disputed,
INV04497,PRJ02610,Naija Locations Ltd,Location,20271142,2023-06-21,PAID,
INV01929,PRJ02326,Reel Edit Studios,Post-Production,22949209,11/06/2024,Overdue,
INV03464,PRJ01921,ProGear,Equipment Rental,149874,07/11/2023,pending,
INV09638,PRJ02689,Coastline Property Services,Location,115436,08-06-2021,Paid,
INV09361,PRJ01673,Redline Camera Rentals,Equipment Rental,4021326,11-05-2024,Pd,
INV04463,PRJ03840,Urban Set Scouts,Location,18737718,06/06/2021,paid,
INV02292,PRJ03659,Mama Bisi Kitchen Services,Catering,2052421,10/06/2022,paid,
INV07034,PRJ00350,REDLINE CAMERA RENTALS,Equipment Rental,2629941,2024-10-19,paid,
INV04841,PRJ01017,Stagehand Talent Agency,Talent,15392008,11-03-2021,Disputed,
INV08125,PRJ02068,NAIJA FACES CASTING,Talent,7703629,2023-07-21,paid,
INV03255,PRJ03175,Crew Connect NG,Crew,14964474,2022-07-07,disputed,
INV05822,PRJ00704,Mama Bisi Kitchen Services,Catering,6740323,2024-07-09,Paid,
INV02333,PRJ03156,Redline Camera Rentals,Equipment Rental,12101553,28 Mar 2023,Paid,
INV09063,PRJ02675,Crew Connect NG,Crew,9074997,27/08/2022,Pending,
INV06196,PRJ01899,SoundWave Post NG,Post-Production,12805568,2025-05-04,PAID,
INV07174,PRJ03867,Mama Bisi Kitchen Services,Catering,16451688,01/10/2021,Pending,
INV00983,PRJ03699,PROGEAR NIGERIA,Equipment Rental,1855165,03-06-2022,Overdue,
INV05518,PRJ01875,Frame & Focus Equipment,Equipment Rental,468178,2023-11-02,PAID,
INV07341,PRJ00633,Coastline Property Services,Location,6660777,04 May 2023,Paid,
INV05999,PRJ02478,Mama Bisi Kitchen Services,Catering,365567,2021-11-17,disputed,
INV08433,PRJ00441,coastline property services,Location,3718459,21 Nov 2022,PAID,
INV06308,PRJ03124,Coastline Property Services,Location,7755316,21/03/2021,OVERDUE,
INV02611,PRJ02176,URBAN SET SCOUTS,Location,11830881,13 Mar 2024,Disputed,
INV00671,PRJ02207,OnDeck Production Staffing,Crew,"NGN 9,186,327",19-07-2022,Pending,
INV04196,PRJ01910,Mama Bisi Kitchen Services,Catering,16075741,2024-11-25,Pd,
INV08164,PRJ00839,OnSet Meals NG,Catering,165143,28-08-2021,paid,
INV08880,PRJ00129,Coastline Property Services,Location,50718341,2024-05-28,Pending,
INV05861,PRJ03456,PROGEAR NIGERIA,Equipment Rental,50805598,2023-07-13,Disputed,
INV03790,PRJ01819,ColourGrade Lagos,Post-Production,10174285,10/04/2024,pending,
INV07327,PRJ00570,COASTLINE PROPERTY SERVICES,Location,16658081,18/12/2024,PAID,
INV07075,PRJ01866,soundwave post ng,Post-Production,10115085,2022-12-02,Pending,
INV08911,PRJ03951,ColourGrade Lagos,Post-Production,19673601,03 Apr 2023,pending,
INV04087,PRJ02681,soundwave post ng,Post-Production,8480243,10/05/2025,PAID,
INV06739,PRJ02305,Urban Set Scouts,Location,7954132,17/04/2021,paid,
INV04144,PRJ03347,Naija Faces Casting,Talent,16998034,17 Sep 2022,pending,
INV04071,PRJ01466,Reel Edit Studios,Post-Production,"NGN 48,799,794",14 Dec 2025,Pd,
INV01842,PRJ01859,Stagehand Talent Agency,Talent,3533005,14 Feb 2021,Overdue,
INV06878,PRJ00282,Lagos Grip & Lighting Co,Equipment Rental,37688091,18 Oct 2024,Paid,
INV01722,PRJ02597,ColourGrade Lagos,Post-Production,12415723,2023-07-18,PAID,
INV07823,PRJ03294,Crew Connect NG,Crew,25419853,21/01/2024,disputed,
INV06009,PRJ00515,Naija Faces Casting,Talent,2615358,2024-07-03,paid,
INV08776,PRJ01881,Mama Bisi Kitchen Services,Catering,27561819,03-11-2025,disputed,
INV05067,PRJ00093,Lagos Grip & Lighting Co,Equipment Rental,79449001,27/04/2025,Pending,
INV02755,PRJ01821,NAIJA LOCATIONS LTD,Location,19277142,21-06-2023,paid,
INV04277,PRJ03251,Naija Faces Casting,Talent,27871198,10/02/2023,Pending,
INV06141,PRJ03604,NAIJA LOCATIONS LTD,Location,20806689,03/09/2022,Pd,
INV07765,PRJ00320,Naija Locations Ltd,Location,16467677,2025-10-25,Overdue,
INV07797,PRJ01692,Urban Set Scouts,Location,68031818,2024-07-26,Pending,
INV05323,PRJ00866,Naija Faces Casting,Talent,57266608,20-11-2024,pending,
INV07298,PRJ01629,Chop Life Catering,Catering,5655766,16/03/2023,Overdue,
INV00754,PRJ00958,Stagehand Talent Agency,Talent,30975852,2021-01-25,Pending,
INV04149,PRJ03268,OnSet Meals NG,Catering,"NGN 18,170,184",21 Jun 2023,paid,
INV08715,PRJ02477,OnSet Meals NG,Catering,1447113,27 Oct 2021,Disputed,
INV01681,PRJ03177,Lagos Grip & Lighting Co,Equipment Rental,7929134,2023-06-18,Disputed,
INV09291,PRJ01105,Coastline Property Services,Location,12675086,23-05-2022,Disputed,
INV08076,PRJ01957,Naija Locations Ltd,Location,14123182,2023-10-22,paid,
INV08781,PRJ01881,Urban Set Scouts,Location,8743944,09/05/2022,Disputed,
INV03794,PRJ00957,naija faces casting,Talent,9813965,2025-03-04,Overdue,
INV03946,PRJ02177,Lagos Grip & Lighting Co,Equipment Rental,23791899,13-09-2022,disputed,
INV06711,PRJ00661,reel edit studios,Post-Production,27308214,15-10-2023,Pd,
INV05088,PRJ03921,Stagehand Talent Agency,Talent,9833716,17 Mar 2022,Disputed,
INV03874,PRJ01477,Naija Faces Casting,Talent,41603781,19/06/2021,disputed,
INV06101,PRJ02504,Naija Locations Ltd,Location,626742,25 Sep 2023,Pending,
INV08996,PRJ02789,Urban Set Scouts,Location,8154901,2023-10-27,pending,
INV08195,PRJ02280,Stagehand Talent Agency,Talent,840820,03-01-2023,Overdue,
INV01836,PRJ01830,Naija Locations Ltd,Location,9957972,2022-05-27,Disputed,
INV06524,PRJ03589,Crew Connect NG,Crew,19967882,05-12-2021,PAID,
INV00138,PRJ03863,Chop Life Catering,Catering,1342596,12/03/2022,pending,
INV09271,PRJ01390,Frame & Focus Equipment,Equipment Rental,"NGN 26,839,932",06-08-2022,OVERDUE,
INV03664,PRJ01649,Chop Life Catering,Catering,6569318,08/07/2024,Paid,
INV05227,PRJ01666,SoundWave Post NG,Post-Production,11532998,10/06/2022,disputed,
INV00839,PRJ03716,Naija Faces Casting,Talent,15606164,08-08-2023,Pd,
INV03497,PRJ02599,reel edit studios,Post-Production,16072078,28-05-2023,disputed,
INV08624,PRJ02333,STAGEHAND TALENT AGENCY,Talent,11214937,18-08-2022,pending,
INV03010,PRJ00634,Urban Set Scouts,Location,59099937,06-08-2022,Pending,
INV08753,PRJ03122,Coastline Property Services,Location,49903089,19-12-2021,paid,
INV08058,PRJ01028,Mama Bisi Kitchen Services,Catering,1549410,2025-11-13,Paid,
INV09029,PRJ01364,Frame & Focus Equipment,Equipment Rental,8467166,2023-06-28,PAID,
INV05210,PRJ00336,naija locations ltd,Location,15173167,13-10-2021,PAID,
INV06477,PRJ03326,Stagehand Talent Agency,Talent,690472,28 Jul 2025,Pd,
INV00321,PRJ02317,Mama Bisi Kitchen Services,Catering,10282901,28-06-2022,Overdue,
INV04164,PRJ03808,Mama Bisi Kitchen Services,Catering,6283554,2023-09-16,Pending,
INV03881,PRJ02229,Reel Edit Studios,Post-Production,63866,12/05/2024,Paid,
INV00176,PRJ02023,Redline Camera Rentals,Equipment Rental,7731729,04/10/2023,PAID,
INV08847,PRJ02231,COASTLINE PROPERTY SERVICES,Location,14444920,2025-07-14,Overdue,
INV00602,PRJ02216,Chop Life Catering,Catering,3919202,06 Mar 2021,Overdue,
INV02412,PRJ03701,Stagehand Talent Agency,Talent,3231489,28 Jun 2022,disputed,
INV05316,PRJ03654,Mama Bisi Kitchen Services,Catering,5293343,06-08-2024,disputed,
INV07810,PRJ03865,Naija Faces Casting,Talent,11349533,2025-04-23,pending,
INV07661,PRJ02911,ColourGrade Lagos,Post-Production,135881,2021-11-27,Overdue,
INV07938,PRJ01863,Lagos Grip & Lighting Co,Equipment Rental,16589319,06/02/2025,Disputed,
INV04778,PRJ02614,lagos grip & lighting co,Equipment Rental,36224148,06/08/2025,pending,
INV04248,PRJ00969,NAIJA LOCATIONS LTD,Location,21431801,21 Jan 2024,pending,
INV06423,PRJ00152,ProGear Nigeria,Equipment Rental,35608336,08 Jun 2025,OVERDUE,
INV06517,PRJ00277,Naija Faces Casting,Talent,36755892,02-07-2022,disputed,
INV00597,PRJ02688,Redline Camera Rentals,Equipment Rental,46205039,07 Jan 2023,Pending,
INV09247,PRJ01353,Reel Edit Studios,Post-Production,21885597,2021-10-25,Disputed,
INV04347,PRJ02201,Redline Camera Rentals,Equipment Rental,20312418,25/11/2025,Disputed,
INV07448,PRJ03678,Crew Connect NG,Crew,17838706,17-01-2022,OVERDUE,
INV00786,PRJ02808,OnDeck Production Staffing,Crew,20940055,10-04-2024,Paid,
INV07563,PRJ03956,ProGear,Equipment Rental,18081851,22-03-2024,Paid,
INV04520,PRJ00868,OnSet Meals NG,Catering,1273518,20/05/2025,Pd,
INV07512,PRJ02355,Chop Life Catering,Catering,"NGN 9,623,211",2023-04-28,PAID,
INV02033,PRJ01113,Reel Edit Studios,Post-Production,11618302,10-11-2021,OVERDUE,
INV06220,PRJ03720,SoundWave Post NG,Post-Production,58618553,11-09-2023,Pd,
INV04748,PRJ03845,SoundWave Post NG,Post-Production,10673513,12 Jun 2025,Pd,
INV07786,PRJ02382,OnDeck Production Staffing,Crew,15683202,2022-04-14,disputed,
INV02835,PRJ00279,Urban Set Scouts,Location,5537516,28/02/2025,OVERDUE,
INV04525,PRJ01635,mama bisi kitchen services,Catering,1727426,06-04-2022,Pending,
INV03760,PRJ03555,Redline Camera Rentals,Equipment Rental,9327539,03/05/2024,PAID,
INV05732,PRJ01335,OnSet Meals NG,Catering,13312001,17 Jan 2023,disputed,
INV00849,PRJ01204,Crew Connect NG,Crew,58589794,04-10-2024,Pd,
INV08625,PRJ02853,Naija Locations Ltd,Location,5617196,12-08-2021,Overdue,
INV06603,PRJ00402,Redline Camera Rentals,Equipment Rental,4981118,02 Aug 2021,Overdue,
INV07462,PRJ00925,ColourGrade Lagos,Post-Production,8640725,05/07/2025,Pending,
INV05968,PRJ02459,Chop Life Catering,Catering,15410826,09/02/2024,paid,
INV02286,PRJ03480,NAIJA FACES CASTING,Talent,24535074,21-06-2023,paid,
INV04515,PRJ00962,Frame & Focus Equipment,Equipment Rental,33882084,25-04-2023,OVERDUE,
INV02655,PRJ01518,Lagos Grip & Lighting,Equipment Rental,13602406,05-03-2024,pending,
INV08674,PRJ00685,soundwave post ng,Post-Production,38347344,23-05-2025,disputed,
INV04372,PRJ01653,Naija Faces Casting,Talent,14668276,18 Dec 2023,Paid,
INV03342,PRJ01108,ONDECK PRODUCTION STAFFING,Crew,34117672,27/05/2021,pending,
INV01746,PRJ02756,ondeck production staffing,Crew,23240670,2025-11-03,Pending,
INV00605,PRJ02216,Chop Life Catering,Catering,11003990,2023-11-09,Pending,
INV01403,PRJ03067,Chop Life Catering,Catering,36425789,03 Oct 2023,OVERDUE,
INV02000,PRJ00835,Chop Life Catering,Catering,44430139,20-10-2025,Pending,
INV03644,PRJ02633,Stagehand Talent Agency,Talent,2947245,27-12-2022,PAID,
INV02858,PRJ00231,OnDeck Production Staffing,Crew,1757329,26/05/2022,disputed,
INV03639,PRJ03786,Naija Faces Casting,Talent,4444306,2024-01-21,PAID,
INV08504,PRJ02571,Urban Set Scouts,Location,2651092,2025-12-16,Paid,
INV06434,PRJ03825,NAIJA LOCATIONS LTD,Location,3507376,26 Jul 2024,disputed,
INV09177,PRJ00582,Frame & Focus Equipment,Equipment Rental,"NGN 3,994,563",04-05-2023,Overdue,
INV07567,PRJ00388,Naija Faces Casting,Talent,21733806,15 Dec 2022,Overdue,
INV08070,PRJ02585,Crew Connect NG,Crew,21026894,2021-04-10,PAID,
INV01230,PRJ01746,Reel Edit Studios,Post-Production,6478485,2024-07-18,Overdue,
INV09303,PRJ02083,Urban Set Scouts,Location,"NGN 3,220,816",03 Dec 2021,disputed,
INV09470,PRJ00161,reel edit studios,Post-Production,14580015,06/07/2022,disputed,
INV06302,PRJ00181,Crew Connect NG,Crew,7878131,01 Dec 2022,Disputed,
INV08627,PRJ02853,OnDeck Production Staffing,Crew,4306176,11-11-2022,disputed,
INV03192,PRJ02541,Mama Bisi Kitchen Services,Catering,8425412,20/09/2024,Pending,
INV06298,PRJ01615,mama bisi kitchen services,Catering,"NGN 16,625,460",24-08-2022,Paid,
INV02357,PRJ00782,Lagos Grip & Lighting Co,Equipment Rental,8313504,20-07-2023,Paid,
INV00371,PRJ02796,NAIJA LOCATIONS LTD,Location,29115148,04 Aug 2025,disputed,
INV09370,PRJ03377,Naija Locations Ltd,Location,1483721,2023-04-06,PAID,
INV06522,PRJ03589,Naija Locations Ltd,Location,15485020,09-05-2021,pending,
INV08701,PRJ01652,Frame & Focus Equipment,Equipment Rental,11497077,12 Feb 2024,pending,
INV01100,PRJ01946,Stagehand Talent Agency,Talent,21516222,2022-07-19,disputed,
INV08752,PRJ01118,Mama Bisi Kitchen Services,Catering,26424931,01/12/2025,paid,
INV06457,PRJ01522,COASTLINE PROPERTY SERVICES,Location,28341334,15/11/2025,PAID,
INV05771,PRJ00747,ONDECK PRODUCTION STAFFING,Crew,6207680,21/02/2024,Pending,
INV03839,PRJ01608,Frame & Focus Equipment,Equipment Rental,3176777,2022-01-05,Disputed,
INV07486,PRJ00497,OnDeck Production Staffing,Crew,58058980,07/01/2025,Paid,
INV07966,PRJ01943,Naija Faces Casting,Talent,21967388,18-11-2021,disputed,
INV07962,PRJ01211,Stagehand Talent Agency,Talent,16516682,2024-11-24,Pending,
INV01445,PRJ02612,Crew Connect NG,Crew,26460250,16 Jul 2021,pending,
INV05093,PRJ01678,ProGear,Equipment Rental,14885891,10-02-2024,PAID,
INV04302,PRJ01735,Mama Bisi Kitchen Services,Catering,8894764,23/06/2021,Disputed,
INV01864,PRJ03322,Crew Connect NG,Crew,1540916,2022-03-03,Disputed,
INV02992,PRJ03062,Chop Life Catering,Catering,6330506,2023-10-16,Pending,
INV01439,PRJ01249,OnSet Meals NG,Catering,13234075,08/02/2021,Overdue,
INV05788,PRJ03417,Lagos Grip & Lighting Co,Equipment Rental,15141010,11-09-2022,Paid,
INV01806,PRJ00324,OnSet Meals,Catering,11680672,05/03/2022,disputed,
INV02088,PRJ00137,Naija Faces Casting,Talent,6734447,18 Jul 2022,OVERDUE,
INV06902,PRJ02500,OnDeck Production Staffing,Crew,"NGN 20,528,669",13/02/2025,Pending,
INV08163,PRJ00839,COASTLINE PROPERTY SERVICES,Location,9358354,19/08/2025,disputed,
INV09549,PRJ01383,Redline Camera Rentals,Equipment Rental,5206622,03-10-2024,pending,
INV01984,PRJ00366,ProGear Nigeria,Equipment Rental,2401240,23-08-2024,pending,
INV04983,PRJ00814,Lagos Grip & Lighting Co,Equipment Rental,7806144,14/09/2022,paid,
INV08407,PRJ02439,mama bisi kitchen services,Catering,6726515,11-10-2021,Disputed,
INV06505,PRJ02158,urban set scouts,Location,8604922,21-08-2025,disputed,
INV06465,PRJ01664,Urban Set Scouts,Location,4334924,2023-12-12,Disputed,
INV02321,PRJ02141,SoundWave Post NG,Post-Production,1827901,2023-08-05,pending,
INV06092,PRJ02859,ColourGrade Lagos,Post-Production,968124,07-06-2025,Disputed,
INV03714,PRJ00595,Stagehand Talent Agency,Talent,61249666,08-09-2024,Pending,
INV00886,PRJ03064,Frame & Focus Equipment,Equipment Rental,12797336,05-07-2022,paid,
INV00134,PRJ03539,Reel Edit Studios,Post-Production,"NGN 6,441,043",2023-03-04,disputed,
INV07683,PRJ03670,ProGear Nigeria,Equipment Rental,34406039,18 Oct 2022,paid,
INV02995,PRJ02521,Reel Edit Studios,Post-Production,"NGN 51,247,743",2024-02-28,Disputed,
INV07235,PRJ03273,ColourGrade Lagos,Post-Production,"NGN 24,940,101",2021-02-02,Overdue,
INV08021,PRJ03532,OnDeck Production Staffing,Crew,955168,2023-01-06,Overdue,
INV09622,PRJ01254,COASTLINE PROPERTY SERVICES,Location,17032510,25/09/2024,Disputed,
INV07819,PRJ00674,Stagehand Talent Agency,Talent,53150417,06/10/2024,Pending,
INV02342,PRJ01245,Stagehand Talent Agency,Talent,15679260,01-06-2025,paid,
INV03074,PRJ03309,Stagehand Talent Agency,Talent,3184112,24/08/2025,Pending,
INV08910,PRJ03951,Coastline Property Services,Location,31459712,04 Jul 2025,OVERDUE,
INV07605,PRJ01781,SoundWave Post NG,Post-Production,33817577,09/11/2023,OVERDUE,
INV03400,PRJ01620,OnDeck Production Staffing,Crew,2697452,25 May 2023,Overdue,
INV09479,PRJ01139,Stagehand Talent Agency,Talent,25051134,23 Jun 2024,pending,
INV01632,PRJ01644,OnSet Meals NG,Catering,16803850,2022-04-18,PAID,
INV07696,PRJ01849,Coastline Property Services,Location,20783448,21 May 2025,PAID,
INV09429,PRJ00368,Urban Set Scouts,Location,381482,28/12/2024,paid,
INV02105,PRJ01494,SoundWave Post,Post-Production,5917617,13-07-2025,Paid,
INV03104,PRJ03299,ColourGrade Lagos,Post-Production,48629542,03/09/2022,disputed,
INV07413,PRJ00867,ProGear Nigeria,Equipment Rental,14663746,12 Jul 2025,paid,
INV08993,PRJ02789,Naija Faces Casting,Talent,27588113,23 Mar 2023,pending,
INV09356,PRJ03728,Coastline Property Services,Location,8172888,06-08-2024,Pending,
INV09087,PRJ02507,SoundWave Post,Post-Production,2505806,14-04-2021,Disputed,
INV00539,PRJ00860,ProGear Nigeria,Equipment Rental,25780663,2021-12-22,PAID,
INV03821,PRJ02409,Frame & Focus Equipment,Equipment Rental,3400424,25 Dec 2024,Pd,
INV06642,PRJ02393,Chop Life Catering,Catering,3614808,24-07-2021,OVERDUE,
INV00378,PRJ00598,Naija Locations Ltd,Location,29524012,15/01/2023,paid,
INV04781,PRJ01310,Naija Locations Ltd,Location,"NGN 3,088,927",07-10-2025,Overdue,
INV08942,PRJ03821,Crew Connect NG,Crew,19140687,06 May 2022,pending,
INV01259,PRJ01283,OnDeck Production Staffing,Crew,121020,13 Dec 2023,OVERDUE,
INV09233,PRJ02525,Stagehand Talent Agency,Talent,52854251,16 Apr 2025,Disputed,
INV09463,PRJ00460,Crew Connect NG,Crew,26648809,02-11-2025,Disputed,
INV02687,PRJ00297,OnDeck Production Staffing,Crew,36872900,20 Aug 2025,Overdue,
INV06034,PRJ02334,Mama Bisi Kitchen Services,Catering,12561378,14 Dec 2022,PAID,
INV01137,PRJ02460,Reel Edit Studios,Post-Production,6270487,2023-05-03,pending,
INV04570,PRJ03682,OnSet Meals NG,Catering,2778488,12 Aug 2023,Pd,
INV03304,PRJ02602,Crew Connect NG,Crew,16448344,10/11/2021,disputed,
INV07132,PRJ03696,OnDeck Production Staffing,Crew,8014953,26-11-2025,Disputed,
INV07873,PRJ03112,ProGear,Equipment Rental,34840202,21 Sep 2023,Disputed,
INV02375,PRJ02175,Stagehand Talent Agency,Talent,35939984,11 Jul 2022,PAID,
INV02367,PRJ00786,OnDeck Production Staffing,Crew,18692880,12-03-2021,pending,
INV08933,PRJ02199,ColourGrade Lagos,Post-Production,11192013,2023-05-06,disputed,
INV04041,PRJ02051,ProGear Nigeria,Equipment Rental,16486115,04-12-2025,Disputed,
INV09637,PRJ02689,Stagehand Talent Agency,Talent,5409349,21-09-2025,paid,
INV09462,PRJ00460,ProGear Nigeria,Equipment Rental,4801854,25/07/2023,Pending,
INV09529,PRJ00378,OnSet Meals,Catering,45105150,28 Jan 2023,PAID,
INV00243,PRJ03075,Lagos Grip & Lighting Co,Equipment Rental,4784010,13 Apr 2022,Disputed,
INV08310,PRJ01076,Reel Edit Studios,Post-Production,6477002,20/04/2023,pending,
INV04715,PRJ02894,ColourGrade Lagos,Post-Production,30379545,10/11/2023,Pd,
INV00746,PRJ02900,OnSet Meals NG,Catering,834706,02/12/2021,Paid,
INV07181,PRJ02677,OnDeck Production Staffing,Crew,5523681,08 Oct 2025,pending,
INV02011,PRJ03398,CREW CONNECT NG,Crew,11956254,28 Jun 2022,Pd,
INV07743,PRJ02436,Crew Connect NG,Crew,1560474,18/05/2025,OVERDUE,
INV05361,PRJ02288,Naija Faces Casting,Talent,3246190,2024-06-05,PAID,
INV01539,PRJ00512,ColourGrade Lagos,Post-Production,6324706,05/05/2023,Disputed,
INV05524,PRJ01695,OnSet Meals NG,Catering,44296910,13/01/2024,Overdue,
INV06884,PRJ00534,Coastline Property Services,Location,2195303,04-07-2025,Disputed,
INV08998,PRJ03677,Chop Life Catering,Catering,38516991,2023-08-27,paid,
INV04557,PRJ00325,stagehand talent agency,Talent,11888190,2021-04-11,OVERDUE,
INV08251,PRJ01513,Crew Connect NG,Crew,28448221,2022-08-10,OVERDUE,
INV05920,PRJ00004,Frame & Focus Equipment,Equipment Rental,31379514,26 Oct 2024,Pd,
INV05241,PRJ00379,OnDeck Production Staffing,Crew,15163721,03 Jun 2021,PAID,
INV04213,PRJ02792,Coastline Property Services,Location,13734234,2024-06-21,Overdue,
INV02051,PRJ00496,OnDeck Production Staffing,Crew,11444919,26 Sep 2021,paid,
INV09553,PRJ00397,lagos grip & lighting co,Equipment Rental,13795814,11-02-2023,Paid,
INV00255,PRJ01180,OnDeck Production Staffing,Crew,5325591,28-08-2023,PAID,
INV03261,PRJ00056,Naija Faces Casting,Talent,3980106,23-07-2023,Overdue,
INV08940,PRJ03821,Naija Faces Casting,Talent,12381185,21-05-2025,Pending,
INV00972,PRJ02063,ONDECK PRODUCTION STAFFING,Crew,11222217,25-08-2025,Pending,
INV02676,PRJ00823,Reel Edit Studios,Post-Production,34736968,09 Oct 2025,Overdue,
INV04172,PRJ03700,Chop Life Catering,Catering,7522081,2022-10-13,Pending,
INV03131,PRJ01114,Naija Faces Casting,Talent,17578364,11/06/2022,OVERDUE,
INV02775,PRJ01234,ProGear Nigeria,Equipment Rental,21213416,2022-05-06,disputed,
INV08967,PRJ00267,Reel Edit Studios,Post-Production,22438892,2024-06-21,Pd,
INV07844,PRJ01747,Mama Bisi Kitchen Services,Catering,"NGN 291,652",02/01/2023,pending,
INV09642,PRJ03005,Chop Life Catering,Catering,11845967,2021-06-26,pending,
INV06862,PRJ01351,Crew Connect NG,Crew,12659610,2023-10-23,pending,
INV02608,PRJ00206,Urban Set Scouts,Location,57035479,20/10/2021,paid,
INV09494,PRJ00519,COLOURGRADE LAGOS,Post-Production,557403,20 Mar 2024,Overdue,
INV02123,PRJ01610,OnSet Meals NG,Catering,27340346,27/08/2022,Paid,
INV06961,PRJ02728,urban set scouts,Location,24336957,23-03-2022,Overdue,
INV01134,PRJ02460,ProGear Nigeria,Equipment Rental,1352671,27/10/2022,Overdue,
INV03686,PRJ03675,Stagehand Talent Agency,Talent,8795531,2024-12-25,Disputed,
INV06988,PRJ01350,Stagehand Talent Agency,Talent,18950072,19-01-2022,Paid,
INV01290,PRJ01313,Urban Set Scouts,Location,563365,2025-03-20,disputed,
INV08534,PRJ01679,ColourGrade Lagos,Post-Production,41791261,04 Aug 2025,PAID,
INV06718,PRJ02005,OnDeck Production Staffing,Crew,31145660,20-11-2021,Overdue,
INV08270,PRJ00921,Frame & Focus Equipment,Equipment Rental,"NGN 3,618,755",2024-06-27,Paid,
INV04542,PRJ02708,Urban Set Scouts,Location,30782644,19 Apr 2025,paid,
INV06912,PRJ01452,soundwave post ng,Post-Production,29503774,05/07/2024,paid,
INV08149,PRJ01813,Chop Life Catering,Catering,17171997,2023-03-11,disputed,
INV04129,PRJ00709,OnSet Meals NG,Catering,17652166,17-01-2023,PAID,
INV03379,PRJ00352,ProGear Nigeria,Equipment Rental,4285037,20-11-2025,Overdue,
INV04941,PRJ02450,Crew Connect NG,Crew,24988724,08-11-2022,Pd,
INV07638,PRJ00266,Lagos Grip & Lighting Co,Equipment Rental,4981707,13/03/2022,PAID,
INV03813,PRJ00467,Urban Set Scouts,Location,"NGN 4,606,873",01/01/2024,pending,
INV01506,PRJ03818,stagehand talent agency,Talent,42959038,07-06-2022,Paid,
INV04443,PRJ00653,Chop Life Catering,Catering,13921594,09/02/2025,OVERDUE,
INV00427,PRJ03932,OnSet Meals NG,Catering,4291460,14/05/2024,Paid,
INV01170,PRJ03111,Chop Life Catering,Catering,15287734,10 Feb 2025,Disputed,
INV03165,PRJ02135,CHOP LIFE CATERING,Catering,42986482,16/11/2021,Paid,
INV05005,PRJ02515,STAGEHAND TALENT AGENCY,Talent,33134020,22 Oct 2021,OVERDUE,
INV06498,PRJ00968,stagehand talent agency,Talent,32208180,05/12/2022,Overdue,
INV05247,PRJ03869,URBAN SET SCOUTS,Location,10180510,2022-09-17,Disputed,
INV07114,PRJ03687,Chop Life Catering,Catering,25170619,2025-09-02,Pd,
INV09156,PRJ03481,OnSet Meals NG,Catering,6380290,13-01-2024,pending,
INV02857,PRJ00231,NAIJA FACES CASTING,Talent,8668265,02/02/2025,Pending,
INV06784,PRJ01077,Lagos Grip & Lighting Co,Equipment Rental,18486564,20 Sep 2024,PAID,
INV07934,PRJ02972,ColourGrade Lagos,Post-Production,6201807,06/05/2022,paid,
INV09472,PRJ03629,Naija Locations Ltd,Location,6947055,26/04/2024,PAID,
INV08603,PRJ00800,ColourGrade Lagos,Post-Production,23331221,03/10/2023,Overdue,
INV07228,PRJ01088,Coastline Property Services,Location,30359647,07 Mar 2022,Paid,
INV02348,PRJ02186,ProGear Nigeria,Equipment Rental,"NGN 2,757,664",01-02-2024,paid,
INV07129,PRJ02065,STAGEHAND TALENT AGENCY,Talent,9142637,2022-10-28,Overdue,
INV08095,PRJ00225,PROGEAR NIGERIA,Equipment Rental,49502739,2022-09-05,Disputed,
INV06597,PRJ01953,COASTLINE PROPERTY SERVICES,Location,51837547,07-05-2021,paid,
INV02074,PRJ01792,Chop Life Catering,Catering,9490103,2024-12-20,paid,
INV02984,PRJ00869,Reel Edit Studios,Post-Production,16287053,24-06-2024,Pending,
INV01738,PRJ03013,ondeck production staffing,Crew,24003297,27-03-2023,PAID,
INV02099,PRJ00027,OnSet Meals NG,Catering,13699895,21 Dec 2022,Pending,
INV00929,PRJ00271,Stagehand Talent Agency,Talent,3582668,22-02-2022,Pd,
INV02507,PRJ02663,Naija Faces Casting,Talent,3330077,08/01/2021,Pd,
INV07050,PRJ01668,SoundWave Post NG,Post-Production,21309525,2021-06-21,paid,
INV05264,PRJ01014,SoundWave Post NG,Post-Production,15223431,03/05/2023,Pending,
INV07585,PRJ00154,FRAME & FOCUS EQUIPMENT,Equipment Rental,14207671,03-09-2021,Disputed,
INV01068,PRJ03877,NAIJA LOCATIONS LTD,Location,"NGN 14,307,050",28 May 2023,pending,
INV09132,PRJ01046,SOUNDWAVE POST NG,Post-Production,4317427,2022-08-27,PAID,
INV08140,PRJ01855,CREW CONNECT NG,Crew,15411396,09 Aug 2023,OVERDUE,
INV03823,PRJ02409,Lagos Grip & Lighting Co,Equipment Rental,20464342,24 Jan 2025,Pending,
INV05212,PRJ01342,SoundWave Post NG,Post-Production,2502753,20 May 2025,Pd,
INV08035,PRJ02169,ONDECK PRODUCTION STAFFING,Crew,15922325,19-02-2021,pending,
INV05441,PRJ00847,OnDeck Production Staffing,Crew,13388598,2024-08-28,Disputed,
INV04610,PRJ00794,Naija Faces Casting,Talent,736084,10-11-2023,Paid,
INV07408,PRJ03048,OnSet Meals NG,Catering,1505557,2023-04-26,paid,
INV04825,PRJ03241,Reel Edit Studios,Post-Production,30919249,24-01-2023,paid,
INV07081,PRJ03238,Stagehand Talent Agency,Talent,25896156,2021-06-19,Overdue,
INV07930,PRJ00264,Lagos Grip & Lighting Co,Equipment Rental,7127384,22 Apr 2025,OVERDUE,
INV01688,PRJ01345,COLOURGRADE LAGOS,Post-Production,10858878,2024-04-26,Pending,
INV01752,PRJ02962,PROGEAR NIGERIA,Equipment Rental,31237747,2023-02-10,paid,
INV00373,PRJ02796,Stagehand Talent Agency,Talent,132348,24-11-2024,Paid,
INV03090,PRJ01723,OnDeck Production Staffing,Crew,"NGN 5,835,195",2021-05-02,Overdue,
INV06558,PRJ01138,Coastline Property Services,Location,16202887,28/11/2022,disputed,
INV05520,PRJ03040,Frame & Focus Equipment,Equipment Rental,14877643,28 Apr 2024,Overdue,
INV02851,PRJ01948,STAGEHAND TALENT AGENCY,Talent,36785493,11 Feb 2021,Pd,
INV00191,PRJ00474,Mama Bisi Kitchen Services,Catering,144072,24 Jan 2025,disputed,
INV02077,PRJ01405,Urban Set Scouts,Location,5252228,23-08-2024,paid,
INV00536,PRJ02510,Chop Life Catering,Catering,10592279,2021-03-01,Overdue,
INV04793,PRJ03415,Naija Locations Ltd,Location,23242231,04-03-2023,paid,
INV04957,PRJ01459,Chop Life Catering,Catering,566336,15 May 2024,Overdue,
INV01435,PRJ01613,SoundWave Post,Post-Production,5089779,10/03/2022,disputed,
INV09744,PRJ03014,ondeck production staffing,Crew,15018187,22/02/2025,Overdue,
INV04002,PRJ02537,Reel Edit Studios,Post-Production,21027511,01/04/2024,disputed,
INV03608,PRJ03108,OnDeck Production Staffing,Crew,3074004,24/06/2023,Overdue,
INV07463,PRJ03029,Crewnnect,Crew,65504767,08 Jun 2024,paid,
INV01755,PRJ00221,crew connect ng,Crew,42502191,07 Jan 2023,paid,
INV00716,PRJ03389,Redline Camera Rentals,Equipment Rental,25801520,2025-04-22,Overdue,
INV00783,PRJ02808,OnDeck Production Staffing,Crew,12124645,03 Oct 2021,Paid,
INV05876,PRJ00080,Coastline Property Services,Location,7637274,18 Apr 2024,Pd,
INV07862,PRJ01295,Naija Faces Casting,Talent,15477811,2025-03-25,Disputed,
INV07905,PRJ01947,Frame & Focus Equipment,Equipment Rental,9765319,28 May 2023,OVERDUE,
INV06321,PRJ02366,onset meals ng,Catering,8567572,2025-06-07,Pd,
INV05978,PRJ02787,ondeck production staffing,Crew,7566480,2021-05-06,disputed,
INV03076,PRJ03309,OnSet Meals NG,Catering,"NGN 36,758,770",22/05/2023,Pending,
INV07386,PRJ01154,Stagehand Talent Agency,Talent,23282446,20 Jul 2023,OVERDUE,
INV09558,PRJ03770,Reel Edit Studios,Post-Production,19235049,19 Nov 2021,Paid,
INV02266,PRJ03548,ProGear Nigeria,Equipment Rental,3963093,13-02-2022,Overdue,
INV01593,PRJ03464,Redline Camera Rentals,Equipment Rental,2680616,26/07/2024,PAID,
INV05856,PRJ03491,LAGOS GRIP & LIGHTING CO,Equipment Rental,22460231,03-05-2023,Pending,
INV07282,PRJ03306,Stagehand Talent Agency,Talent,11595559,23/12/2024,pending,
INV00063,PRJ01497,Stagehand Talent Agency,Talent,593025,2021-09-07,Pending,
INV02118,PRJ01039,stagehand talent agency,Talent,21949455,09/01/2025,pending,
INV02698,PRJ02870,Crew Connect NG,Crew,10748115,15-11-2025,Overdue,
INV07794,PRJ02692,Mama Bisi Kitchen Services,Catering,18768792,2024-04-28,Paid,
INV06130,PRJ03953,REEL EDIT STUDIOS,Post-Production,1606178,16-07-2021,Paid,
INV06520,PRJ00277,Coastline Property Services,Location,23075347,03/02/2022,paid,
INV01015,PRJ01490,Lagos Grip & Lighting Co,Equipment Rental,4956304,11/01/2021,Disputed,
INV04329,PRJ00143,ONDECK PRODUCTION STAFFING,Crew,6893363,23 Nov 2021,Disputed,
INV06256,PRJ03519,Chop Life Catering,Catering,17997035,25-06-2024,disputed,
INV04084,PRJ02816,Reel Edit Studios,Post-Production,23782916,2021-12-26,Pd,
INV07871,PRJ00472,OnDeck Production Staffing,Crew,30238454,10 Dec 2023,Paid,
INV09036,PRJ02261,Stagehand Talent Agency,Talent,15079776,06 Feb 2023,Disputed,
INV02629,PRJ00930,MAMA BISI KITCHEN SERVICES,Catering,25665931,02/09/2024,Pd,
INV01942,PRJ03887,OnSet Meals NG,Catering,18011601,2024-08-04,disputed,
INV08830,PRJ00888,Mama Bisi Kitchen Services,Catering,9878172,2025-04-10,paid,
INV07772,PRJ01036,SOUNDWAVE POST NG,Post-Production,22260471,22-08-2023,OVERDUE,
INV08144,PRJ01205,Frame & Focus Equipment,Equipment Rental,4093890,2024-04-26,Disputed,
INV00498,PRJ01430,Chop Life Catering,Catering,11230328,12-11-2022,Paid,
INV07827,PRJ03804,ColourGrade Lagos,Post-Production,10946062,02/11/2021,disputed,
INV00309,PRJ01560,OnDeck Production Staffing,Crew,794285,06/05/2023,PAID,
INV01131,PRJ03329,Reel Edit Studios,Post-Production,18816367,19-03-2024,PAID,
INV06811,PRJ01309,Mama Bisi Kitchen Services,Catering,4004287,26-09-2021,Pd,
INV06438,PRJ01867,Reel Edit Studios,Post-Production,566461,24 Sep 2024,Pending,
INV00479,PRJ03034,Chop Life Catering,Catering,7542751,01/02/2024,disputed,
INV01962,PRJ03226,redline camera rentals,Equipment Rental,10162885,03 Apr 2022,disputed,
INV07539,PRJ01464,OnDeck Production Staffing,Crew,16854250,2021-12-21,Overdue,
INV02787,PRJ00856,Naija Faces Casting,Talent,4350613,20 Dec 2023,Paid,
INV08876,PRJ02157,ColourGrade Lagos,Post-Production,5300683,2021-04-02,OVERDUE,
INV02920,PRJ02956,OnSet Meals NG,Catering,6426950,10/05/2021,PAID,
INV03028,PRJ01084,Urban Set Scouts,Location,22398515,27-02-2024,OVERDUE,
INV05683,PRJ01825,colourgrade lagos,Post-Production,9636713,04-01-2021,Overdue,
INV01276,PRJ00715,Mama Bisi Kitchen Services,Catering,18920228,14-06-2021,OVERDUE,
INV05162,PRJ00918,naija faces casting,Talent,14187163,05/02/2021,pending,
INV09316,PRJ01457,MAMA BISI KITCHEN SERVICES,Catering,19658523,26/08/2025,Pending,
INV02774,PRJ01259,Coastline Property Services,Location,7843256,27/05/2021,Paid,
INV06651,PRJ01000,Mama Bisi Kitchen Services,Catering,28152340,2023-08-04,OVERDUE,
INV01079,PRJ01566,Naija Faces Casting,Talent,14686982,12/03/2024,OVERDUE,
INV02843,PRJ01539,Naija Locations,Location,17719599,15 Aug 2025,Disputed,
INV03401,PRJ01620,Chop Life Catering,Catering,36529959,2025-06-26,Pd,
INV09281,PRJ00581,Stagehand Talent Agency,Talent,2672580,2023-09-16,Pending,
INV07431,PRJ01446,Crew Connect NG,Crew,602525,15-07-2024,Pd,
INV04788,PRJ03672,SOUNDWAVE POST NG,Post-Production,17969657,2022-04-24,paid,
INV05340,PRJ02437,Stagehand Talent Agency,Talent,997508,27/07/2022,pending,
INV06974,PRJ00713,ONSET MEALS NG,Catering,9670345,08/03/2025,paid,
INV03327,PRJ02323,ColourGrade Lagos,Post-Production,34935738,07-01-2022,disputed,
INV04673,PRJ01994,OnDeck Production Staffing,Crew,22320286,26 Mar 2023,PAID,
INV09401,PRJ03991,Reel Edit Studios,Post-Production,19887851,12-10-2024,Pending,
INV07646,PRJ03802,Coastline Property Services,Location,22068567,06/09/2025,Pending,
INV08559,PRJ02395,SoundWave Post NG,Post-Production,30004222,14/02/2022,Overdue,
INV01940,PRJ03887,SoundWave Post NG,Post-Production,6468275,28-11-2023,OVERDUE,
INV00284,PRJ01381,Stagehand Talent Agency,Talent,12894077,2023-05-13,OVERDUE,
INV00328,PRJ02485,Naija Faces Casting,Talent,2317939,18 Oct 2024,Overdue,
INV09535,PRJ01950,SoundWave Post NG,Post-Production,"NGN 1,281,416",08-08-2022,paid,
INV09099,PRJ03592,ProGear Nigeria,Equipment Rental,28362059,13-11-2022,pending,
INV04306,PRJ01735,Stagehand Talent Agency,Talent,9118744,2022-02-23,Overdue,
INV05423,PRJ00215,Stagehand Talent Agency,Talent,8889551,13 Sep 2021,Disputed,
INV08118,PRJ03209,crew connect ng,Crew,32060757,02 Feb 2025,Pd,
INV07117,PRJ01135,Crewnnect,Crew,30591683,2024-12-28,Pd,
INV04598,PRJ03331,Mama Bisi Kitchen Services,Catering,4639132,24/02/2021,Overdue,
INV06749,PRJ00087,Naija Faces Casting,Talent,4685232,16/02/2022,Pending,
INV02460,PRJ01646,OnSet Meals NG,Catering,5593049,20/07/2022,disputed,
INV00997,PRJ03521,Mama Bisi Kitchen Services,Catering,18422886,2023-10-22,OVERDUE,
INV01040,PRJ02697,Lagos Grip & Lighting Co,Equipment Rental,9489882,2023-10-28,Disputed,
INV02065,PRJ00118,OnDeck Production Staffing,Crew,20592800,13/06/2025,pending,
INV01534,PRJ02563,Naija Locations Ltd,Location,25513615,2021-01-24,Overdue,
INV08146,PRJ00296,Naija Locations Ltd,Location,1057734,2021-06-07,disputed,
INV03788,PRJ03452,Lagos Grip & Lighting Co,Equipment Rental,1530838,10/08/2024,pending,
INV02772,PRJ01259,Naija Faces Casting,Talent,7137504,2024-02-04,disputed,
INV03109,PRJ03277,Mama Bisi Kitchen Services,Catering,24917015,09 Jan 2025,OVERDUE,
INV06678,PRJ02435,Coastline Property Services,Location,3528096,02-10-2025,pending,
INV06197,PRJ00577,ColourGrade Lagos,Post-Production,19644691,04 Apr 2021,Disputed,
INV04096,PRJ00482,chop life catering,Catering,44695432,21 Oct 2024,Disputed,
INV09629,PRJ02346,Frame & Focus Equipment,Equipment Rental,1931886,27-10-2022,Paid,
INV02193,PRJ01438,Naija Faces Casting,Talent,4008594,2023-11-08,Overdue,
INV09274,PRJ03520,SoundWave Post NG,Post-Production,"NGN 8,010,636",18/02/2025,Pending,
INV00218,PRJ02683,SoundWave Post,Post-Production,12314698,28 Dec 2021,disputed,
INV04444,PRJ00653,onset meals ng,Catering,4452540,26-03-2021,pending,
INV07147,PRJ03181,ONDECK PRODUCTION STAFFING,Crew,17311726,22/10/2022,Paid,
INV01186,PRJ00347,Naija Faces Casting,Talent,56773895,24 May 2021,Disputed,
INV08498,PRJ03504,Reel Edit Studios,Post-Production,1148418,14-09-2021,pending,
INV05698,PRJ03757,URBAN SET SCOUTS,Location,35678190,07 Mar 2022,pending,
INV06178,PRJ00960,LAGOS GRIP & LIGHTING CO,Equipment Rental,21698192,20/02/2023,OVERDUE,
INV09420,PRJ00150,ONDECK PRODUCTION STAFFING,Crew,19351544,08-03-2023,disputed,
INV04995,PRJ00916,Naija Faces Casting,Talent,"NGN 15,269,121",24/09/2021,Paid,
INV01247,PRJ00974,Urban Set Scouts,Location,3393961,2023-03-18,Overdue,
INV04875,PRJ02327,STAGEHAND TALENT AGENCY,Talent,2252889,10/08/2022,Pending,
INV01250,PRJ00382,Coastline Property Services,Location,1801330,12-03-2024,Disputed,
INV00819,PRJ00085,SoundWave Post NG,Post-Production,53426188,2021-04-04,OVERDUE,
INV00325,PRJ01072,Reel Edit Studios,Post-Production,9036247,06 Feb 2024,Pd,
INV08178,PRJ01715,Naija Faces Casting,Talent,2685119,02-07-2024,pending,
INV00136,PRJ03811,progear nigeria,Equipment Rental,4999070,27-08-2025,Pd,
INV06564,PRJ00332,Chop Life Catering,Catering,"NGN 3,982,298",2025-06-12,Paid,
INV05909,PRJ03623,ProGear Nigeria,Equipment Rental,2310676,25/03/2025,Pending,
INV04535,PRJ01001,Naija Locations Ltd,Location,26261542,03-07-2021,paid,
INV00395,PRJ03915,Frame & Focus Equipment,Equipment Rental,13030269,2025-07-13,Paid,
INV07392,PRJ01232,Lagos Grip & Lighting,Equipment Rental,10428961,23 Nov 2025,Paid,
INV02096,PRJ00057,Chop Life Catering,Catering,15468783,04-04-2024,Paid,
INV00012,PRJ02272,ColourGrade Lagos,Post-Production,25531099,02-10-2024,OVERDUE,
INV08936,PRJ02199,Mama Bisi Kitchen Services,Catering,26984879,26 Jun 2025,OVERDUE,
INV09668,PRJ03986,Chop Life Catering,Catering,26743336,23 May 2021,Disputed,
INV07633,PRJ01047,Naija Faces Casting,Talent,9918973,2021-04-13,paid,
INV02281,PRJ02338,ColourGrade Lagos,Post-Production,3694955,25 Oct 2022,OVERDUE,
INV02270,PRJ00123,Coastline Property Services,Location,261377,16-03-2024,Paid,
INV00366,PRJ03287,Urban Set Scouts,Location,9435624,13 Jul 2024,disputed,
INV06928,PRJ02096,SoundWave Post,Post-Production,11137459,23-05-2021,Pd,
INV02989,PRJ02457,CREW CONNECT NG,Crew,23680915,09-02-2023,Paid,
INV09725,PRJ01687,REEL EDIT STUDIOS,Post-Production,20070296,23-09-2023,Pd,
INV09582,PRJ01850,STAGEHAND TALENT AGENCY,Talent,846735,01 Jul 2025,OVERDUE,
INV07858,PRJ01661,Urban Set Scouts,Location,9956809,2021-08-09,Overdue,
INV09308,PRJ02666,ColourGrade Lagos,Post-Production,18475039,02/02/2023,Disputed,
INV05831,PRJ00005,OnDeck Production Staffing,Crew,22253137,2025-02-11,pending,
INV05207,PRJ03580,Coastline Property Services,Location,6598846,15/10/2022,Disputed,
INV01076,PRJ02775,Crew Connect NG,Crew,2034385,03-01-2025,paid,
INV04628,PRJ03776,Mama Bisi Kitchen Services,Catering,36585933,28-01-2023,disputed,
INV08087,PRJ02909,Reel Edit Studios,Post-Production,20135382,11-08-2022,paid,
INV05880,PRJ00940,Mama Bisi Kitchen Services,Catering,37361702,2024-09-04,Pd,
INV00673,PRJ01531,Reel Edit Studios,Post-Production,54184345,2021-10-04,Disputed,
INV01685,PRJ03427,ColourGrade Lagos,Post-Production,424311,11-05-2025,Disputed,
INV05313,PRJ02652,Naija Faces Casting,Talent,42760530,2022-12-02,Paid,
INV03362,PRJ03391,URBAN SET SCOUTS,Location,74145064,2024-03-02,OVERDUE,
INV01586,PRJ02731,FRAME & FOCUS EQUIPMENT,Equipment Rental,1741673,2025-08-06,pending,
INV09015,PRJ03442,Mama Bisi Kitchen Services,Catering,5690873,2021-05-15,Pending,
INV05531,PRJ00002,REDLINE CAMERA RENTALS,Equipment Rental,15555045,15/12/2022,PAID,
INV03883,PRJ02229,ProGear Nigeria,Equipment Rental,13421976,14/09/2025,Paid,
INV04478,PRJ00074,Crew Connect NG,Crew,4092753,15 Mar 2023,Pending,
INV08934,PRJ02199,REDLINE CAMERA RENTALS,Equipment Rental,33702629,17 Jul 2023,PAID,
INV09700,PRJ01078,Crew Connect NG,Crew,22093661,25/02/2023,pending,
INV08672,PRJ03248,Stagehand Talent Agency,Talent,26552343,18/01/2025,pending,
INV01647,PRJ03537,Urban Set Scouts,Location,18033758,09/11/2025,Overdue,
INV02029,PRJ03272,Naija Faces Casting,Talent,5672006,2022-03-06,Overdue,
INV00044,PRJ00131,Chop Life Catering,Catering,33023186,01/04/2025,PAID,
INV01227,PRJ02687,Crew Connect NG,Crew,20893790,10/03/2023,Disputed,
INV08832,PRJ03524,OnDeck Production Staffing,Crew,66028450,05-12-2022,PAID,
INV08487,PRJ00406,Reel Edit Studios,Post-Production,8037409,18-05-2025,pending,
INV00431,PRJ03858,ProGear Nigeria,Equipment Rental,1555009,2025-11-24,Pending,
INV04955,PRJ01459,Mama Bisi Kitchen Services,Catering,4542793,09-11-2022,Pd,
INV06793,PRJ03434,Crew Connect NG,Crew,16205040,10/02/2023,OVERDUE,
INV03485,PRJ00834,Naija Locations Ltd,Location,1739067,2025-08-03,Paid,
INV09482,PRJ03162,CREW CONNECT NG,Crew,30872908,14/11/2025,OVERDUE,
INV06926,PRJ01348,ColourGrade Lagos,Post-Production,6935330,22/03/2021,Pd,
INV00851,PRJ03626,Coastline Property Services,Location,52438764,14-10-2022,Pending,
INV00555,PRJ00462,Coastline Property Services,Location,34392296,16/09/2024,PAID,
INV05941,PRJ01128,CREW CONNECT NG,Crew,28847705,09 May 2024,Pd,
INV07812,PRJ01690,crew connect ng,Crew,43283117,12/06/2024,Disputed,
INV03013,PRJ02834,Mama Bisi Kitchen Services,Catering,7280651,2024-03-06,pending,
INV05085,PRJ02219,OnDeck Production Staffing,Crew,3194216,2023-03-17,PAID,
INV07675,PRJ03507,Naija Faces Casting,Talent,17661723,06/05/2023,disputed,
INV03675,PRJ00603,Redline Camera Rentals,Equipment Rental,82291531,2025-03-03,Pending,
INV03432,PRJ01846,Chop Life Catering,Catering,4942108,23-10-2024,paid,
INV05377,PRJ00991,Crew Connect NG,Crew,40872063,17-02-2023,OVERDUE,
INV04050,PRJ01129,Mama Bisi Kitchen Services,Catering,17248149,28 Aug 2023,pending,
INV01678,PRJ03177,Redline Camera Rentals,Equipment Rental,"NGN 17,496,881",15 Aug 2024,Disputed,
INV03588,PRJ01284,Crew Connect NG,Crew,14020084,07-10-2024,Paid,
INV05329,PRJ02757,onset meals ng,Catering,2339732,2024-07-12,OVERDUE,
INV09302,PRJ02083,reel edit studios,Post-Production,44275977,12 Feb 2023,disputed,
INV04362,PRJ01052,Reel Edit Studios,Post-Production,8229094,2021-05-21,Pending,
INV06778,PRJ03028,naija faces casting,Talent,"NGN 4,950,840",2022-02-26,Paid,
INV02631,PRJ00443,Stagehand Talent Agency,Talent,27394467,01/06/2023,PAID,
INV02383,PRJ00935,ONDECK PRODUCTION STAFFING,Crew,5065180,2023-06-16,Paid,
INV01011,PRJ03142,STAGEHAND TALENT AGENCY,Talent,11460510,14-01-2024,Paid,
INV04590,PRJ02037,ondeck production staffing,Crew,9786949,2022-06-15,paid,
INV07013,PRJ03158,Naija Faces Casting,Talent,27924209,11 Sep 2022,disputed,
INV05661,PRJ02301,ProGear Nigeria,Equipment Rental,26660348,15-03-2025,OVERDUE,
INV07454,PRJ03328,OnDeck Production Staffing,Crew,7884346,13 Apr 2023,Pending,
INV06128,PRJ03953,Mama Bisi Kitchen Services,Catering,1401354,2025-08-26,PAID,
INV03804,PRJ00342,Reel Edit Studios,Post-Production,15615038,04-01-2023,Pd,
INV08972,PRJ00113,crew connect ng,Crew,16028915,28/07/2022,OVERDUE,
INV04496,PRJ02610,Frame & Focus Equipment,Equipment Rental,3590447,15 Feb 2022,OVERDUE,
INV01183,PRJ00036,Crew Connect NG,Crew,34256,2025-11-19,Pd,
INV06325,PRJ03676,Urban Set Scouts,Location,1945089,16 Aug 2022,disputed,
INV05727,PRJ02904,ONSET MEALS NG,Catering,1745633,16 Dec 2025,paid,
INV09492,PRJ00519,Urban Set Scouts,Location,15131445,2023-07-27,disputed,
INV09090,PRJ02507,Mama Bisi Kitchen Services,Catering,2803897,16 Apr 2025,Pending,
INV03663,PRJ01649,Stagehand Talent Agency,Talent,11953582,14 Jan 2022,PAID,
INV03128,PRJ00106,Naija Faces Casting,Talent,30496845,17 Feb 2022,Overdue,
INV02206,PRJ01897,SOUNDWAVE POST NG,Post-Production,29628474,01 Mar 2021,Pending,
INV08162,PRJ00839,Urban Set Scouts,Location,60781199,06-06-2025,OVERDUE,
INV08906,PRJ03032,OnSet Meals NG,Catering,16173037,10 Feb 2024,disputed,
INV07051,PRJ01668,mama bisi kitchen services,Catering,31391021,12/02/2022,Overdue,
INV08904,PRJ01496,Crew Connect NG,Crew,10244421,12 Feb 2022,paid,
INV09670,PRJ03986,OnDeck Production Staffing,Crew,12445001,2024-09-23,Disputed,
INV03945,PRJ02177,OnDeck Production Staffing,Crew,11167050,2022-01-08,Disputed,
INV04289,PRJ01583,coastline property services,Location,11335403,26-03-2024,OVERDUE,
INV04934,PRJ00393,Chop Life Catering,Catering,6299817,24 Aug 2022,disputed,
INV01527,PRJ01788,OnDeck Production Staffing,Crew,3628775,08-09-2024,paid,
INV07490,PRJ00528,Redline Camera Rentals,Equipment Rental,17092572,2022-10-17,Disputed,
INV04081,PRJ02074,Naija Faces Casting,Talent,10538641,28 Oct 2022,paid,
INV05650,PRJ00744,SoundWave Post NG,Post-Production,22256278,01-02-2021,Overdue,
INV05588,PRJ02557,COLOURGRADE LAGOS,Post-Production,"NGN 2,119,648",23 Oct 2022,Disputed,
INV04079,PRJ02074,Naija Locations,Location,25746316,04/04/2024,Overdue,
INV07059,PRJ03594,Stagehand Talent Agency,Talent,45965808,2023-04-23,Disputed,
INV01233,PRJ00501,COLOURGRADE LAGOS,Post-Production,788903,24-10-2025,OVERDUE,
INV03189,PRJ02541,Stagehand Talent Agency,Talent,3758272,2023-03-15,pending,
INV07433,PRJ01446,Redline Camera Rentals,Equipment Rental,20250226,26 Aug 2023,Paid,
INV01935,PRJ03094,Coastline Property Services,Location,10888391,01/06/2024,Pending,
INV04581,PRJ02762,Stagehand Talent Agency,Talent,16153571,2023-02-08,paid,
INV06916,PRJ02568,Mama Bisi Kitchen Services,Catering,28753074,03 Jan 2021,paid,
INV07961,PRJ01211,Frame & Focus Equipment,Equipment Rental,8965880,10-09-2022,Overdue,
INV06387,PRJ02318,Urban Set Scouts,Location,4587971,2021-08-03,Disputed,
INV08608,PRJ00745,urban set scouts,Location,56844765,08-12-2023,Overdue,
INV02001,PRJ00835,Frame & Focus Equipment,Equipment Rental,7468435,14 Jan 2025,Disputed,
INV03368,PRJ02321,Coastline Property Services,Location,9466015,22 May 2021,Overdue,
INV02447,PRJ01146,Crew Connect NG,Crew,24479905,2022-09-15,Disputed,
INV03814,PRJ00467,Naija Locations Ltd,Location,63182424,2023-05-17,OVERDUE,
INV04267,PRJ03458,Redline Camera Rentals,Equipment Rental,2553632,09/12/2025,Pending,
INV03380,PRJ00352,STAGEHAND TALENT AGENCY,Talent,6210208,2023-02-12,Pd,
INV00825,PRJ00754,Naija Faces Casting,Talent,67525723,25 Mar 2025,Overdue,
INV06065,PRJ02931,Urban Set Scouts,Location,7899973,05 Feb 2024,Disputed,
INV09120,PRJ01431,Frame & Focus Equipment,Equipment Rental,19854240,11 Jun 2025,Disputed,
INV02681,PRJ02873,Stagehand Talent Agency,Talent,67639358,2022-04-27,disputed,
INV02707,PRJ00643,Stagehand Talent Agency,Talent,11641612,02-07-2025,Pd,
INV04454,PRJ03855,stagehand talent agency,Talent,4582748,11/05/2022,Overdue,
INV01937,PRJ03094,OnDeck Production Staffing,Crew,21405515,24 May 2025,Pending,
INV06702,PRJ03975,NAIJA FACES CASTING,Talent,38210379,13-08-2023,Paid,
INV05106,PRJ01524,Stagehand Talent Agency,Talent,673517,16/09/2022,Pd,
INV06239,PRJ00273,Naija Locations Ltd,Location,7844651,21/07/2025,disputed,
INV03199,PRJ02767,ONDECK PRODUCTION STAFFING,Crew,18681122,2025-02-26,OVERDUE,
INV07094,PRJ02977,Coastline Property Services,Location,22316873,16-03-2021,Pending,
INV04508,PRJ02954,ColourGrade Lagos,Post-Production,14098052,11 Oct 2021,Disputed,
INV06648,PRJ03859,Mama Bisi Kitchen Services,Catering,17498750,18-09-2024,Pd,
INV00455,PRJ02253,Mama Bisi Kitchen Services,Catering,50869353,22 Oct 2024,Overdue,
INV01127,PRJ02050,ONSET MEALS NG,Catering,9508689,01 Apr 2021,PAID,
INV02841,PRJ01919,Lagos Grip & Lighting Co,Equipment Rental,13701473,27-04-2025,PAID,
INV06963,PRJ02728,stagehand talent agency,Talent,10432936,10/10/2021,Paid,
INV04972,PRJ00539,MAMA BISI KITCHEN SERVICES,Catering,26848956,26-01-2023,Paid,
INV09728,PRJ01687,OnDeck Production Staffing,Crew,3302604,10/12/2025,Pd,
INV08877,PRJ02157,Frame & Focus Equipment,Equipment Rental,6019505,17 Dec 2024,OVERDUE,
INV07904,PRJ00594,Mama Bisi Kitchen Services,Catering,10751659,11/10/2025,OVERDUE,
INV09037,PRJ02261,Frame & Focus Equipment,Equipment Rental,10522397,10/05/2021,paid,
INV03880,PRJ03919,Stagehand Talent Agency,Talent,48583,2023-01-08,Overdue,
INV08074,PRJ01957,Naija Locations Ltd,Location,2549987,21 Sep 2025,Pending,
INV07875,PRJ01393,PROGEAR NIGERIA,Equipment Rental,20693371,2021-03-23,Pending,
INV02592,PRJ03897,URBAN SET SCOUTS,Location,12213693,23/07/2023,Overdue,
INV06406,PRJ00448,Urban Set Scouts,Location,12828007,04/05/2023,Paid,
INV05092,PRJ01678,Redline Camera Rentals,Equipment Rental,66952987,15-04-2024,paid,
INV09712,PRJ01862,colourgrade lagos,Post-Production,17922110,14-11-2021,disputed,
INV00338,PRJ03693,ColourGrade Lagos,Post-Production,2480186,28/03/2022,Disputed,
INV00222,PRJ03369,lagos grip & lighting co,Equipment Rental,19555101,16/12/2024,pending,
INV02218,PRJ02646,STAGEHAND TALENT AGENCY,Talent,521707,14/04/2021,Paid,
INV02085,PRJ01020,progear nigeria,Equipment Rental,3256019,2021-12-27,Pending,
INV00645,PRJ02289,Naija Locations Ltd,Location,17586760,14-07-2023,Pending,
INV03024,PRJ00996,Mama Bisi Kitchen Services,Catering,9038367,06 Jan 2022,Disputed,
INV09594,PRJ01857,NAIJA FACES CASTING,Talent,569357,2025-07-12,disputed,
INV08099,PRJ02466,Mama Bisi Kitchen Services,Catering,28610621,25 Oct 2021,pending,
INV00494,PRJ01606,OnSet Meals NG,Catering,28442692,21-07-2023,Overdue,
INV03827,PRJ01521,Chop Life Catering,Catering,11387276,27 Sep 2021,Disputed,
INV07671,PRJ02917,Lagos Grip & Lighting Co,Equipment Rental,32739371,02/05/2022,PAID,
INV02028,PRJ03272,Coastline Property Services,Location,16749555,15-02-2022,Pending,
INV06208,PRJ03444,Urban Set Scouts,Location,29121626,27-09-2025,Paid,
INV07238,PRJ00567,Stagehand Talent Agency,Talent,17737099,09 Jun 2021,Overdue,
INV07770,PRJ01036,OnSet Meals NG,Catering,27389357,10-10-2023,OVERDUE,
INV00174,PRJ02023,SoundWave Post NG,Post-Production,"NGN 52,495,139",11/05/2022,PAID,
INV04939,PRJ01601,Chop Life Catering,Catering,9119056,10/01/2022,Disputed,
INV01301,PRJ02052,Chop Life Catering,Catering,6956552,2022-03-18,OVERDUE,
INV05706,PRJ00326,Naija Faces Casting,Talent,11726883,11 Mar 2021,Overdue,
INV04790,PRJ01974,PROGEAR NIGERIA,Equipment Rental,52477140,20/01/2022,Pd,
INV07648,PRJ03802,SoundWave Post NG,Post-Production,16357393,21/08/2022,Pd,
INV08785,PRJ03205,ProGear Nigeria,Equipment Rental,32790084,15 Aug 2024,paid,
INV09055,PRJ01131,SoundWave Post NG,Post-Production,44376443,08 Jul 2025,pending,
INV04858,PRJ01542,CREW CONNECT NG,Crew,5239777,08-06-2024,PAID,
INV09653,PRJ03001,Stagehand Talent Agency,Talent,58079911,23/03/2025,OVERDUE,
INV05768,PRJ03140,SoundWave Post NG,Post-Production,18068848,18/03/2023,Pd,
INV02965,PRJ03050,STAGEHAND TALENT AGENCY,Talent,24886030,2022-06-19,Paid,
INV05510,PRJ00420,urban set scouts,Location,187911,04 Aug 2023,OVERDUE,
INV06989,PRJ00670,Stagehand Talent Agency,Talent,20905942,03-07-2023,disputed,
INV09543,PRJ02999,Naija Faces Casting,Talent,27689235,24-04-2024,Pending,
INV03568,PRJ02785,Frame & Focus Equipment,Equipment Rental,2751330,16/04/2023,paid,
INV08774,PRJ03201,Urban Set Scouts,Location,6694237,26/04/2022,Pending,
INV05057,PRJ00238,naija locations ltd,Location,21087570,09/10/2022,Overdue,
INV04461,PRJ03840,SoundWave Post NG,Post-Production,22979209,21 Nov 2024,pending,
INV01413,PRJ03875,Urban Set Scouts,Location,29060715,28/07/2023,PAID,
INV06035,PRJ02334,ColourGrade Lagos,Post-Production,15422299,11/09/2024,OVERDUE,
INV03522,PRJ01182,Reel Edit Studios,Post-Production,8196965,15-10-2022,OVERDUE,
INV06090,PRJ02859,Mama Bisi Kitchen Services,Catering,18834530,07-12-2024,disputed,
INV03427,PRJ02578,Coastline Property Services,Location,47337833,05/05/2023,paid,
INV03642,PRJ02633,Naija Faces Casting,Talent,5695442,10 Sep 2021,Overdue,
INV03265,PRJ00447,OnDeck Production Staffing,Crew,11828010,2025-03-27,OVERDUE,
INV02553,PRJ00275,Crewnnect,Crew,45091844,17/10/2022,Pending,
INV03655,PRJ01698,progear nigeria,Equipment Rental,19790732,13/09/2022,pending,
INV01514,PRJ02765,ColourGrade Lagos,Post-Production,16325641,17/10/2022,Pending,
INV05866,PRJ02715,OnSet Meals NG,Catering,1815099,16 Feb 2024,Pd,
INV01987,PRJ00366,COLOURGRADE LAGOS,Post-Production,31533929,08/12/2025,Pd,
INV06662,PRJ00064,ONDECK PRODUCTION STAFFING,Crew,24065491,20/05/2022,Paid,
INV03134,PRJ01114,Reel Edit Studios,Post-Production,5059549,2023-12-04,paid,
INV07183,PRJ03752,LAGOS GRIP & LIGHTING CO,Equipment Rental,23656211,21/02/2022,Pending,
INV06273,PRJ03913,Reel Edit Studios,Post-Production,11062870,03 May 2023,Pd,
INV05976,PRJ02787,COLOURGRADE LAGOS,Post-Production,2269450,15 Dec 2022,disputed,
INV05666,PRJ01745,Naija Locations,Location,41151551,23-09-2025,Pending,
INV04688,PRJ02303,Urban Set Scouts,Location,2821746,12 Apr 2022,Pd,
INV09154,PRJ03481,Urban Set Scouts,Location,27444281,01-05-2025,Pd,
INV04345,PRJ02201,Reel Edit Studios,Post-Production,13778016,26-04-2021,Disputed,
INV03159,PRJ02998,ColourGrade Lagos,Post-Production,1045185,2023-04-08,Disputed,
INV06350,PRJ03549,chop life catering,Catering,11828092,14 Sep 2024,Disputed,
INV01288,PRJ00855,OnDeck Production Staffing,Crew,16113463,11 Apr 2021,disputed,
INV08111,PRJ00061,Chop Life Catering,Catering,"NGN 2,695,626",28 Oct 2025,paid,
INV04706,PRJ03194,Urban Set Scouts,Location,17901818,2023-12-13,Disputed,
INV03101,PRJ03508,Reel Edit Studios,Post-Production,67826596,2025-07-09,paid,
INV09615,PRJ00179,SoundWave Post NG,Post-Production,22392001,22 Feb 2023,Paid,
INV01609,PRJ03622,Naija Locations Ltd,Location,32098459,2023-05-07,pending,
INV00892,PRJ03135,Reel Edit Studios,Post-Production,18094468,15-05-2023,disputed,
INV03301,PRJ00852,OnDeck Production Staffing,Crew,64147780,28 Jul 2021,PAID,
INV08415,PRJ01523,Lagos Grip & Lighting Co,Equipment Rental,2000949,17 Jun 2025,Overdue,
INV05206,PRJ03580,frame & focus equipment,Equipment Rental,19828645,2024-07-26,paid,
INV09491,PRJ03066,Stagehand Talent Agency,Talent,25109529,23/02/2021,OVERDUE,
INV07773,PRJ02518,stagehand talent agency,Talent,3265317,27-12-2022,Pending,
INV02997,PRJ01684,Naija Faces Casting,Talent,35071688,05-05-2021,PAID,
INV08217,PRJ01491,OnSet Meals NG,Catering,24647819,2022-10-18,Disputed,
INV00765,PRJ01777,Reel Edit Studios,Post-Production,347702,2025-03-10,Pd,
INV05679,PRJ00766,Stagehand Talent Agency,Talent,7707402,14 Aug 2023,PAID,
INV02870,PRJ03985,Naija Faces Casting,Talent,"NGN 30,124,838",17-08-2025,Overdue,
INV01759,PRJ00221,SoundWave Post NG,Post-Production,3391228,28 Jul 2021,disputed,
INV00897,PRJ02494,Naija Faces Casting,Talent,64838138,18 Sep 2023,Paid,
INV05747,PRJ00333,Naija Faces Casting,Talent,5884690,26-12-2021,Overdue,
INV01841,PRJ01859,Urban Set Scouts,Location,"NGN 332,999",23/11/2025,Paid,
INV09781,PRJ08888,Naija Locations Ltd,Location,28619677,2021-08-14,Overdue,
INV05603,PRJ01643,frame & focus equipment,Equipment Rental,28891375,19 Oct 2023,Overdue,
INV08684,PRJ00158,OnDeck Production Staffing,Crew,9102623,17-12-2024,pending,
INV07721,PRJ02151,ColourGrade Lagos,Post-Production,"NGN 8,970,225",28/04/2024,OVERDUE,
INV04732,PRJ03018,Reel Edit Studios,Post-Production,82218478,26/01/2024,Pending,
INV07610,PRJ01291,ONDECK PRODUCTION STAFFING,Crew,49001369,15 Sep 2022,Pd,
INV04794,PRJ03415,OnSet Meals NG,Catering,303939,26-01-2023,Disputed,
INV08671,PRJ03248,Naija Faces Casting,Talent,18526492,14-02-2024,Disputed,
INV01876,PRJ00226,lagos grip & lighting co,Equipment Rental,13438691,2023-02-03,disputed,
INV06792,PRJ03434,Stagehand Talent Agency,Talent,513348,09 May 2023,Paid,
INV02899,PRJ00309,Chop Life Catering,Catering,3797420,20 Jul 2023,paid,
INV00735,PRJ01100,Lagos Grip & Lighting Co,Equipment Rental,14746250,25-10-2024,Overdue,
INV02036,PRJ01113,STAGEHAND TALENT AGENCY,Talent,2112571,24-05-2025,paid,
INV02369,PRJ00710,naija locations ltd,Location,1445861,2024-05-06,OVERDUE,
INV07261,PRJ00010,Mama Bisi Kitchen Services,Catering,24876798,2023-12-22,paid,
INV06584,PRJ03082,ColourGrade Lagos,Post-Production,32353137,11/07/2025,paid,
INV03376,PRJ02996,Reel Edit Studios,Post-Production,16091220,2024-08-02,Pd,
INV09290,PRJ01105,OnSet Meals NG,Catering,"NGN 8,883,071",20 Dec 2022,PAID,
INV03237,PRJ02471,SoundWave Post NG,Post-Production,45980720,26-08-2021,Overdue,
INV08374,PRJ00640,Frame & Focus Equipment,Equipment Rental,35075,26-05-2024,Overdue,
INV01346,PRJ01611,Frame & Focus Equipment,Equipment Rental,2233795,2023-07-04,PAID,
INV09455,PRJ02821,CHOP LIFE CATERING,Catering,14236066,2024-02-19,Paid,
INV04183,PRJ02020,Reel Edit Studios,Post-Production,1578556,12/08/2023,OVERDUE,
INV00998,PRJ00268,CREW CONNECT NG,Crew,21022216,20-12-2023,OVERDUE,
INV08591,PRJ02786,ProGear Nigeria,Equipment Rental,86411899,09-06-2024,pending,
INV07501,PRJ03978,ProGear Nigeria,Equipment Rental,18417588,21-10-2024,Disputed,
INV08634,PRJ01200,OnSet Meals NG,Catering,16196471,27/07/2024,OVERDUE,
INV01516,PRJ03832,ColourGrade Lagos,Post-Production,17263155,2025-10-19,paid,
INV00975,PRJ00535,Lagos Grip & Lighting Co,Equipment Rental,8622890,2021-07-28,pending,
INV01629,PRJ01644,ProGear Nigeria,Equipment Rental,5216922,01-07-2022,Pending,
INV07511,PRJ01058,LAGOS GRIP & LIGHTING CO,Equipment Rental,32107411,25-01-2022,PAID,
INV07745,PRJ02436,OnDeck Production Staffing,Crew,7817832,2024-04-26,disputed,
INV00502,PRJ03229,Chop Life Catering,Catering,16045415,12/01/2022,OVERDUE,
INV02429,PRJ03888,crew connect ng,Crew,335384,2024-12-09,Overdue,
INV05781,PRJ00892,ProGear Nigeria,Equipment Rental,9209555,2022-01-04,Paid,
INV00854,PRJ00701,Naija Locations Ltd,Location,16560609,02-05-2021,Paid,
INV04907,PRJ02812,Lagos Grip & Lighting Co,Equipment Rental,1816319,04/05/2023,PAID,
INV01002,PRJ00816,REEL EDIT STUDIOS,Post-Production,3335494,14-09-2021,PAID,
INV07043,PRJ01714,Mama Bisi Kitchen Services,Catering,11244793,04-02-2023,paid,
INV02598,PRJ01638,Coastline Property Services,Location,11357696,04-12-2025,PAID,
INV06689,PRJ01367,Chop Life Catering,Catering,5251527,2024-06-13,Paid,
INV04232,PRJ02973,ONSET MEALS NG,Catering,91186134,2022-06-02,paid,
INV07424,PRJ01802,Lagos Grip & Lighting Co,Equipment Rental,13686262,01 Oct 2025,Paid,
INV03840,PRJ01608,Stagehand Talent Agency,Talent,30098896,02-05-2025,pending,
INV04330,PRJ00143,SoundWave Post NG,Post-Production,33887177,18/08/2022,Paid,
INV08693,PRJ02192,Lagos Grip & Lighting Co,Equipment Rental,42334240,2021-06-01,Disputed,
INV07574,PRJ01343,COLOURGRADE LAGOS,Post-Production,10630293,06 Mar 2025,paid,
INV02127,PRJ01610,soundwave post ng,Post-Production,9202971,2025-04-01,Pending,
INV06983,PRJ03275,NAIJA FACES CASTING,Talent,1239463,28/12/2023,Paid,
INV05646,PRJ01634,ColourGrade Lagos,Post-Production,9214027,2025-07-05,Overdue,
INV01017,PRJ01490,OnSet Meals NG,Catering,39240695,08 Jan 2023,PAID,
INV05060,PRJ01470,ColourGrade Lagos,Post-Production,19844473,11-03-2024,Overdue,
INV03633,PRJ01729,Naija Faces Casting,Talent,43499635,15 Oct 2023,PAID,
INV00857,PRJ01239,Naija Faces Casting,Talent,4708845,12/08/2024,Pd,
INV08963,PRJ02387,Naija Faces Casting,Talent,15375844,12-07-2023,Paid,
INV03703,PRJ01049,Mama Bisi Kitchen Services,Catering,23979631,11/06/2021,Overdue,
INV06155,PRJ02795,OnDeck Production Staffing,Crew,8916812,22-09-2025,disputed,
INV02550,PRJ00533,Coastline Property Services,Location,16967114,14-04-2024,disputed,
INV06346,PRJ03873,COLOURGRADE LAGOS,Post-Production,10015557,2025-08-14,pending,
INV09369,PRJ03377,Naija Faces Casting,Talent,1799238,24-06-2023,OVERDUE,
INV06429,PRJ02717,Naija Faces Casting,Talent,23917675,2021-02-17,OVERDUE,
INV03858,PRJ03163,OnSet Meals NG,Catering,5963621,18 Jul 2024,PAID,
INV05319,PRJ01996,reel edit studios,Post-Production,6411039,20/08/2023,Paid,
INV01981,PRJ03497,Stagehand Talent Agency,Talent,4417628,08/04/2022,paid,
INV07248,PRJ02397,SoundWave Post NG,Post-Production,30959824,13-08-2024,PAID,
INV01485,PRJ02606,Naija Locations Ltd,Location,14665779,17 Sep 2021,Pd,
INV04230,PRJ01675,Naija Locations Ltd,Location,20580742,2021-11-07,Overdue,
INV00438,PRJ02179,Crew Connect NG,Crew,915157,04 Jun 2025,Pd,
INV07917,PRJ01656,ondeck production staffing,Crew,4641333,2021-04-26,OVERDUE,
INV05894,PRJ03054,coastline property services,Location,10719897,12 Jul 2021,paid,
INV03953,PRJ02095,SoundWave Post NG,Post-Production,19731700,2022-10-28,paid,
INV08965,PRJ02387,Reel Edit Studios,Post-Production,6440060,23/09/2022,Pending,
INV02815,PRJ03159,Stagehand Talent Agency,Talent,70924,04 Mar 2021,Overdue,
INV01845,PRJ01811,Crew Connect NG,Crew,3099764,08 May 2023,Overdue,
INV04752,PRJ01337,ColourGrade Lagos,Post-Production,14656514,10/12/2022,pending,
INV00210,PRJ02211,Reel Edit Studios,Post-Production,1302033,01-09-2023,disputed,
INV05765,PRJ03160,Redline Camera Rentals,Equipment Rental,13814726,10/06/2024,Pending,
INV06605,PRJ01373,Chop Life Catering,Catering,28331633,2023-06-23,Pd,
INV04761,PRJ03293,Reel Edit Studios,Post-Production,10564170,21-01-2022,paid,
INV03217,PRJ02295,Mama Bisi Kitchen Services,Catering,6418299,2023-12-13,paid,
INV06245,PRJ01767,STAGEHAND TALENT AGENCY,Talent,23661476,22 Nov 2023,Disputed,
INV04509,PRJ02954,Coastline Property Services,Location,33956678,23-12-2021,paid,
INV06224,PRJ00459,OnSet Meals,Catering,28316006,24 Nov 2022,Pd,
INV00248,PRJ02484,Coastline Property Services,Location,12681342,04/09/2021,Overdue,
INV07166,PRJ03483,Chop Life Catering,Catering,6192980,17/11/2021,pending,
INV00362,PRJ03245,reel edit studios,Post-Production,14150604,2022-04-15,PAID,
INV08417,PRJ01523,Urban Set Scouts,Location,654347,15-01-2023,pending,
INV05632,PRJ03736,ColourGrade Lagos,Post-Production,23999427,03-09-2022,pending,
INV01305,PRJ00851,Naija Locations Ltd,Location,2374753,2021-10-18,Overdue,
INV03412,PRJ01655,Naija Locations Ltd,Location,"NGN 15,850,865",09 Jul 2023,Pd,
INV04901,PRJ03141,OnDeck Production Staffing,Crew,1568205,19-02-2022,disputed,
INV06284,PRJ03016,Naija Faces Casting,Talent,25815353,24-05-2021,Paid,
INV04434,PRJ02300,Coastline Property Services,Location,16731913,26-06-2024,Pd,
INV05220,PRJ03666,naija faces casting,Talent,40762889,24/08/2021,Pending,
INV00753,PRJ02430,SoundWave Post NG,Post-Production,12455239,04/12/2024,Pd,
INV06074,PRJ02572,OnSet Meals NG,Catering,1849333,26/02/2022,OVERDUE,
INV01503,PRJ01672,ProGear Nigeria,Equipment Rental,261578,2021-07-02,Paid,
INV01803,PRJ02276,ColourGrade Lagos,Post-Production,"NGN 2,419,594",2025-06-17,OVERDUE,
INV04442,PRJ03944,Naija Faces Casting,Talent,26062351,02 Jul 2023,Pd,
INV04894,PRJ01623,Stagehand Talent Agency,Talent,53678036,16/09/2025,Overdue,
INV04262,PRJ01972,Naija Faces Casting,Talent,49214780,21 Mar 2023,pending,
INV06341,PRJ03873,Urban Set Scouts,Location,24029657,2023-11-02,Disputed,
INV09636,PRJ03133,redline camera rentals,Equipment Rental,14526250,11-04-2024,Disputed,
INV07885,PRJ03522,onset meals ng,Catering,617150,13/10/2022,Pd,
INV08077,PRJ01957,Crew Connect NG,Crew,13993212,19/11/2025,Pd,
INV09719,PRJ02550,Naija Locations Ltd,Location,17515878,05/06/2022,Disputed,
INV05676,PRJ01924,REDLINE CAMERA RENTALS,Equipment Rental,18188914,15-05-2025,OVERDUE,
INV09225,PRJ01197,Chop Life Catering,Catering,14539214,03/05/2023,Overdue,
INV05613,PRJ03171,MAMA BISI KITCHEN SERVICES,Catering,12582623,06 Mar 2023,Pd,
INV09452,PRJ02312,Reel Edit Studios,Post-Production,6859094,24/03/2024,paid,
INV06492,PRJ03732,Naija Locations,Location,8987043,2025-01-14,paid,
INV09437,PRJ00964,coastline property services,Location,4950301,27/05/2021,pending,
INV02784,PRJ01931,Naija Faces Casting,Talent,3658584,15/02/2022,paid,
INV04873,PRJ00767,CREW CONNECT NG,Crew,432971,23 Sep 2023,Overdue,
INV05426,PRJ02354,naija locations ltd,Location,48603293,22-05-2021,PAID,
INV08320,PRJ03152,redline camera rentals,Equipment Rental,11570303,2025-05-03,Disputed,
INV08344,PRJ00374,ColourGrade Lagos,Post-Production,20671469,07-10-2023,Pd,
INV00893,PRJ01711,Stagehand Talent Agency,Talent,23825252,2023-02-23,Pending,
INV04112,PRJ00089,Naija Locations Ltd,Location,33063906,24/03/2025,Paid,
INV06562,PRJ00332,Mama Bisi Kitchen Services,Catering,1476401,17 Jun 2023,Disputed,
INV09527,PRJ00778,Redline Camera Rentals,Equipment Rental,15541998,2022-11-26,Pending,
INV06436,PRJ01867,Naija Faces Casting,Talent,7729435,10/11/2021,Disputed,
INV03728,PRJ02553,Naija Faces Casting,Talent,2233079,26-06-2025,PAID,
INV06594,PRJ02030,COASTLINE PROPERTY SERVICES,Location,47596864,2025-07-15,Paid,
INV00581,PRJ03496,redline camera rentals,Equipment Rental,460101,06 Feb 2024,Disputed,
INV08564,PRJ02797,Stagehand Talent Agency,Talent,37830736,11/07/2023,paid,
INV05417,PRJ00562,Naija Faces Casting,Talent,19727644,17 Aug 2021,pending,
INV03524,PRJ01287,SOUNDWAVE POST NG,Post-Production,72963652,19/08/2021,disputed,
INV07975,PRJ03568,Frame & Focus Equipment,Equipment Rental,48790666,2021-06-11,Overdue,
INV01756,PRJ00221,ProGear Nigeria,Equipment Rental,14633940,26 Jan 2022,Paid,
INV07507,PRJ01058,Naija Faces Casting,Talent,653617,25/01/2022,paid,
INV08093,PRJ00225,URBAN SET SCOUTS,Location,13511572,2022-05-24,Pd,
INV06040,PRJ01963,Naija Locations Ltd,Location,2504861,2025-10-03,disputed,
INV02420,PRJ01534,Crew Connect NG,Crew,5777311,01-01-2024,disputed,
INV07825,PRJ03294,SoundWave Post NG,Post-Production,27211271,2023-10-25,Pd,
INV09651,PRJ03656,CHOP LIFE CATERING,Catering,"NGN 43,085,137",15/05/2025,PAID,
INV01488,PRJ03885,Lagos Grip & Lighting Co,Equipment Rental,10836436,26/03/2025,OVERDUE,
INV03611,PRJ02961,redline camera rentals,Equipment Rental,9342495,24-05-2025,pending,
INV09714,PRJ03835,ColourGrade Lagos,Post-Production,45331754,2021-06-07,OVERDUE,
INV02590,PRJ01034,Stagehand Talent Agency,Talent,48987015,26/05/2024,Pd,
INV06219,PRJ03515,ondeck production staffing,Crew,9930384,26 Jul 2022,Pending,
INV05052,PRJ01713,Crew Connect NG,Crew,1138365,2022-08-03,Overdue,
INV04499,PRJ02610,Redline Camera Rentals,Equipment Rental,25547,20-10-2023,disputed,
INV06677,PRJ02435,Stagehand Talent Agency,Talent,9834517,04 Sep 2025,Pd,
INV05611,PRJ03171,OnSet Meals NG,Catering,21002655,19-02-2021,Pending,
INV08250,PRJ01513,ONDECK PRODUCTION STAFFING,Crew,14258859,05/12/2022,pending,
INV04806,PRJ01412,Reel Edit Studios,Post-Production,1676030,10/09/2022,Pending,
INV07396,PRJ00062,Redline Camera Rentals,Equipment Rental,17954986,2023-06-06,Disputed,
INV00554,PRJ00462,ColourGrade Lagos,Post-Production,12806161,04-11-2021,paid,
INV08068,PRJ02585,colourgrade lagos,Post-Production,7090053,23/12/2024,OVERDUE,
INV04743,PRJ03845,ProGear Nigeria,Equipment Rental,23447967,15-10-2024,Pending,
INV01612,PRJ03622,ColourGrade Lagos,Post-Production,6226193,01/07/2024,Paid,
INV07017,PRJ00301,Crew Connect NG,Crew,8360244,17-08-2024,Pending,
INV02648,PRJ03393,Naija Faces Casting,Talent,43249044,2024-06-17,Paid,
INV08582,PRJ02285,Lagos Grip & Lighting Co,Equipment Rental,6793183,17/09/2024,Paid,
INV04942,PRJ02450,SoundWave Post NG,Post-Production,22209986,2025-02-16,disputed,
INV05482,PRJ01808,OnDeck Production Staffing,Crew,2427864,19/06/2021,PAID,
INV02515,PRJ02419,Reel Edit Studios,Post-Production,2396969,02 Apr 2025,Paid,
INV05301,PRJ03266,Naija Locations Ltd,Location,39230070,2021-06-27,pending,
INV08478,PRJ01970,SoundWave Post NG,Post-Production,351080,21 Jun 2025,Pd,
INV06348,PRJ03549,Stagehand Talent Agency,Talent,5872175,24-08-2022,OVERDUE,
INV06818,PRJ00596,ColourGrade Lagos,Post-Production,54233959,2021-07-19,PAID,
INV04646,PRJ02081,Stagehand Talent Agency,Talent,18371651,2022-11-24,Pd,
INV09661,PRJ02511,Crew Connect NG,Crew,7289014,06/07/2023,pending,
INV08371,PRJ02583,frame & focus equipment,Equipment Rental,3238087,20 Dec 2025,Overdue,
INV01932,PRJ00483,Redline Camera Rentals,Equipment Rental,26386470,23-03-2025,OVERDUE,
INV03887,PRJ01536,ColourGrade Lagos,Post-Production,28812115,12/04/2024,Pd,
INV07381,PRJ00316,Naija Locations,Location,4389846,22-11-2022,Pd,
INV07748,PRJ03254,Coastline Property Services,Location,10334079,25/10/2024,paid,
INV07135,PRJ00210,OnDeck Production Staffing,Crew,5645334,15/04/2022,OVERDUE,
INV04670,PRJ01740,Stagehand Talent Agency,Talent,41580711,2022-04-13,pending,
INV02373,PRJ02175,OnSet Meals NG,Catering,1338152,28 Mar 2025,paid,
INV01226,PRJ02687,Urban Set Scouts,Location,14818280,04 Oct 2023,PAID,
INV01085,PRJ03717,CHOP LIFE CATERING,Catering,32521949,03 Nov 2024,Overdue,
INV01567,PRJ02817,onset meals ng,Catering,37132001,07/01/2022,Overdue,
INV08772,PRJ03201,NAIJA FACES CASTING,Talent,44387709,09/05/2022,Pending,
INV08169,PRJ03942,OnDeck Production Staffing,Crew,1965426,07-01-2025,Paid,
INV01424,PRJ02544,OnSet Meals NG,Catering,6574910,04/04/2022,pending,
INV02877,PRJ00330,ProGear Nigeria,Equipment Rental,3420469,2021-03-20,disputed,
INV03539,PRJ00239,Lagos Grip & Lighting Co,Equipment Rental,20062721,2025-11-05,Overdue,
INV01243,PRJ00974,Naija Locations Ltd,Location,1478919,15-01-2022,paid,
INV04644,PRJ02081,Urban Set Scouts,Location,13933506,07/06/2023,Overdue,
INV04226,PRJ03779,Reel Edit Studios,Post-Production,14190313,13 Apr 2021,OVERDUE,
INV06120,PRJ02634,coastline property services,Location,32408543,20/01/2023,Disputed,
INV04935,PRJ00393,Naija Locations Ltd,Location,"NGN 5,299,120",2022-07-25,OVERDUE,
INV02269,PRJ00123,ProGear Nigeria,Equipment Rental,5209274,23 Aug 2025,Overdue,
INV06342,PRJ03873,Chop Life Catering,Catering,2909358,2022-06-22,OVERDUE,
INV03937,PRJ00928,Stagehand Talent Agency,Talent,17205888,2022-06-22,Pd,
INV03294,PRJ03438,Coastline Property Services,Location,13299867,19/05/2023,OVERDUE,
INV00567,PRJ01511,COLOURGRADE LAGOS,Post-Production,8962182,18 Jun 2023,pending,
INV00501,PRJ03229,Coastline Property Services,Location,9670152,07/05/2021,Overdue,
INV05811,PRJ02126,Frame & Focus Equipment,Equipment Rental,30903225,11-10-2022,Disputed,
INV07208,PRJ03239,Reel Edit Studios,Post-Production,1996842,08/06/2023,paid,
INV01925,PRJ00091,ColourGrade Lagos,Post-Production,5440740,2022-04-02,Paid,
INV03478,PRJ01912,Coastline Property Services,Location,45435409,2021-12-03,Paid,
INV01645,PRJ03537,CREW CONNECT NG,Crew,18428720,2025-10-05,Paid,
INV01028,PRJ00546,Crew Connect NG,Crew,14852252,13/01/2024,Pending,
INV05760,PRJ03621,naija faces casting,Talent,1860979,05-10-2021,paid,
INV00656,PRJ00175,ColourGrade Lagos,Post-Production,37461398,2025-07-02,Pending,
INV06464,PRJ01664,Coastline Property Services,Location,48334678,16-04-2024,paid,
INV05054,PRJ01713,SoundWave Post NG,Post-Production,18796515,10/07/2023,Pending,
INV03621,PRJ03632,OnSet Meals NG,Catering,12020414,17-04-2023,Overdue,
INV02170,PRJ03255,Urban Set Scouts,Location,55953908,01/09/2024,pending,
INV06780,PRJ00115,ColourGrade Lagos,Post-Production,33853212,2023-05-05,OVERDUE,
INV03422,PRJ02149,NAIJA LOCATIONS LTD,Location,535691,04-07-2025,Overdue,
INV03250,PRJ03390,OnDeck Production Staffing,Crew,2453108,17/04/2022,Overdue,
INV07308,PRJ01297,Chop Life Catering,Catering,40130491,26 Jan 2025,Pd,
INV00529,PRJ01562,OnDeck Production Staffing,Crew,484874,07/02/2022,disputed,
INV09614,PRJ00179,progear nigeria,Equipment Rental,8863335,2021-03-11,pending,
INV07355,PRJ02191,Stagehand Talent Agency,Talent,26248140,17 Oct 2023,Pd,
INV07698,PRJ01849,Mama Bisi Kitchen Services,Catering,1413958,15-03-2023,pending,
INV03793,PRJ00957,ONDECK PRODUCTION STAFFING,Crew,47216901,11 Apr 2023,PAID,
INV01815,PRJ00698,Reel Edit Studios,Post-Production,7230737,02-10-2021,disputed,
INV07449,PRJ03678,Reel Edit Studios,Post-Production,27795105,06 Mar 2022,Pending,
INV08943,PRJ03821,Frame & Focus Equipment,Equipment Rental,4230198,2025-06-10,paid,
INV01438,PRJ01249,Frame & Focus Equipment,Equipment Rental,11958881,14-02-2022,Paid,
INV04023,PRJ03782,Urban Set Scouts,Location,"NGN 19,597,765",2025-05-04,PAID,
INV00516,PRJ00377,crew connect ng,Crew,36802205,07/04/2023,Pending,
INV00612,PRJ00024,LAGOS GRIP & LIGHTING CO,Equipment Rental,54352722,14-04-2021,PAID,
INV06400,PRJ02497,soundwave post ng,Post-Production,1763561,2023-01-09,paid,
INV09684,PRJ03450,REEL EDIT STUDIOS,Post-Production,1788564,18-01-2023,disputed,
INV07631,PRJ00773,OnDeck Production Staffing,Crew,7185842,14-12-2021,pending,
INV07912,PRJ01567,ondeck production staffing,Crew,6947251,2023-09-13,paid,
INV03317,PRJ03546,Reel Edit Studios,Post-Production,62580915,2021-06-10,Pending,
INV02102,PRJ01494,OnDeck Production Staffing,Crew,8930040,2021-03-11,Pending,
INV03069,PRJ03179,Naija Locations Ltd,Location,2178418,20 Nov 2024,Disputed,
INV06119,PRJ02634,naija faces casting,Talent,44725434,20/02/2024,Pending,
INV00023,PRJ01949,Frame & Focus Equipment,Equipment Rental,6407397,2024-01-23,Disputed,
INV09160,PRJ02847,Naija Locations Ltd,Location,43317098,18-12-2024,PAID,
INV03626,PRJ03208,chop life catering,Catering,28962993,26/03/2023,OVERDUE,
INV07430,PRJ01446,Naija Faces Casting,Talent,19621093,20/03/2021,Pd,
INV04920,PRJ00982,FRAME & FOCUS EQUIPMENT,Equipment Rental,49861041,27 Jan 2024,Paid,
INV03334,PRJ01400,Naija Locations Ltd,Location,17385724,22/09/2024,OVERDUE,
INV07089,PRJ00946,OnDeck Production Staffing,Crew,850346,01 Apr 2021,Pending,
INV05033,PRJ00364,urban set scouts,Location,21097653,09/03/2021,Pending,
INV03406,PRJ03545,Naija Locations Ltd,Location,13550467,2023-07-23,Disputed,
INV03828,PRJ01521,Mama Bisi Kitchen Services,Catering,19176889,2023-02-03,PAID,
INV09545,PRJ03247,SOUNDWAVE POST NG,Post-Production,"NGN 38,593,501",2025-06-15,Pd,
INV05468,PRJ03346,urban set scouts,Location,21468042,11 Nov 2025,disputed,
INV00186,PRJ01942,Frame & Focus Equipment,Equipment Rental,84710306,17 Nov 2021,pending,
INV08735,PRJ01575,Reel Edit Studios,Post-Production,25479616,16/07/2024,Disputed,
INV00762,PRJ01777,ColourGrade Lagos,Post-Production,39783461,02/06/2025,Pending,
INV08356,PRJ00617,Coastline Property Services,Location,1699404,22-09-2023,disputed,
INV02171,PRJ03255,Lagos Grip & Lighting,Equipment Rental,5897506,04-12-2025,OVERDUE,
INV06066,PRJ03367,Lagos Grip & Lighting Co,Equipment Rental,64613498,06-07-2025,pending,
INV08920,PRJ01376,COLOURGRADE LAGOS,Post-Production,31502693,17 Aug 2021,Pending,
INV06161,PRJ03552,Crew Connect NG,Crew,23252711,14-01-2021,paid,
INV02436,PRJ02013,Stagehand Talent Agency,Talent,36971815,17 Feb 2021,OVERDUE,
INV04782,PRJ01310,Mama Bisi Kitchen Services,Catering,14750362,2021-02-14,Disputed,
INV09168,PRJ02146,Urban Set Scouts,Location,10598901,24 Aug 2023,PAID,
INV00661,PRJ03295,OnDeck Production Staffing,Crew,14425448,27-02-2021,Pending,
INV08467,PRJ01333,Mama Bisi Kitchen Services,Catering,5985683,2022-12-26,OVERDUE,
INV08182,PRJ01565,Mama Bisi Kitchen Services,Catering,8798200,21-06-2023,Pd,
INV04807,PRJ01412,Naija Faces Casting,Talent,2894655,10/06/2024,disputed,
INV08232,PRJ01902,Mama Bisi Kitchen Services,Catering,"NGN 495,648",02/10/2023,disputed,
INV03734,PRJ01298,ondeck production staffing,Crew,48224381,18-03-2025,OVERDUE,
INV09089,PRJ02507,Stagehand Talent Agency,Talent,23052734,11/10/2021,Overdue,
INV06045,PRJ03852,OnSet Meals NG,Catering,17975128,2021-01-25,paid,
INV09414,PRJ02137,Frame & Focus Equipment,Equipment Rental,27454990,04 Jun 2021,disputed,
INV00072,PRJ00889,Coastline Property Services,Location,13408458,05-08-2022,disputed,
INV03112,PRJ02499,SoundWave Post NG,Post-Production,26651438,19-02-2024,paid,
INV09142,PRJ02164,COASTLINE PROPERTY SERVICES,Location,8129057,07/03/2023,OVERDUE,
INV08764,PRJ00436,OnSet Meals,Catering,15602622,09/03/2022,Pending,
INV04925,PRJ03200,CREW CONNECT NG,Crew,7976131,2021-11-19,pending,
INV04863,PRJ01293,OnDeck Production Staffing,Crew,913951,10-02-2021,pending,
INV00682,PRJ01913,Reel Edit Studios,Post-Production,11425076,2022-05-11,Pending,
INV09780,PRJ07777,Naija Locations Ltd,Location,21424512,28/05/2022,OVERDUE,
INV00696,PRJ03119,ONDECK PRODUCTION STAFFING,Crew,673749,08-02-2025,pending,
INV01802,PRJ01930,Naija Faces Casting,Talent,3817294,2021-05-28,OVERDUE,
INV01770,PRJ03420,Crewnnect,Crew,46091039,20-10-2022,Overdue,
INV00391,PRJ03185,Urban Set Scouts,Location,6823814,2023-12-23,paid,
INV00945,PRJ03566,Crew Connect NG,Crew,29282656,11 Feb 2023,pending,
INV05599,PRJ02236,OnDeck Production Staffing,Crew,26338087,02/04/2025,pending,
INV04546,PRJ03465,Chop Life Catering,Catering,142958,2023-09-11,Paid,
INV07326,PRJ00570,OnDeck Production Staffing,Crew,10504894,27/09/2021,Disputed,
INV00437,PRJ02179,ColourGrade Lagos,Post-Production,48445257,18 Jan 2021,Pd,
INV00733,PRJ01100,OnSet Meals NG,Catering,11517401,13/05/2022,Disputed,
INV05292,PRJ03489,Naija Faces Casting,Talent,6263852,12-02-2025,paid,
INV01064,PRJ02035,Crew Connect NG,Crew,7722419,25/08/2021,Pd,
INV00714,PRJ03725,Stagehand Talent Agency,Talent,3264520,27-04-2022,Disputed,
INV09171,PRJ03161,Crew Connect NG,Crew,14706505,2024-02-20,Overdue,
INV03969,PRJ03630,Stagehand Talent Agency,Talent,28547785,19-11-2021,disputed,
INV00110,PRJ02416,Urban Set Scouts,Location,334892,08/09/2025,disputed,
INV04450,PRJ02584,coastline property services,Location,29079755,2025-10-27,Disputed,
INV01310,PRJ01485,Coastline Property Services,Location,17740111,25-06-2023,Paid,
INV04233,PRJ03113,ColourGrade Lagos,Post-Production,15642231,02-05-2022,paid,
INV03722,PRJ03990,Frame & Focus Equipment,Equipment Rental,24413314,15/06/2023,OVERDUE,
INV06542,PRJ00166,MAMA BISI KITCHEN SERVICES,Catering,37898678,23/05/2021,disputed,
INV06152,PRJ02795,Mama Bisi Kitchen Services,Catering,2774488,07-06-2022,Pending,
INV02227,PRJ01110,ColourGrade Lagos,Post-Production,3915008,2025-01-14,PAID,
INV05987,PRJ00438,Urban Set Scouts,Location,259951,20/06/2025,paid,
INV00598,PRJ02688,OnDeck Production Staffing,Crew,17079886,02-10-2025,paid,
INV09417,PRJ00150,stagehand talent agency,Talent,5603400,08-08-2024,pending,
INV09678,PRJ02616,SoundWave Post NG,Post-Production,7984604,01-01-2024,OVERDUE,
INV01265,PRJ00804,Coastline Property Services,Location,766836,2021-09-03,Disputed,
INV06999,PRJ02945,OnDeck Production Staffing,Crew,6742206,2021-05-11,pending,
INV06123,PRJ03387,OnDeck Production Staffing,Crew,1048768,18 Feb 2022,Disputed,
INV03457,PRJ01422,Chop Life Catering,Catering,53329096,04 Nov 2021,Paid,
INV01163,PRJ00428,ProGear Nigeria,Equipment Rental,871706,2024-01-24,disputed,
INV07109,PRJ01175,Reel Edit Studios,Post-Production,45396389,21 Jun 2021,pending,
INV06082,PRJ01701,COASTLINE PROPERTY SERVICES,Location,1515124,11-09-2021,PAID,
INV01106,PRJ00031,MAMA BISI KITCHEN SERVICES,Catering,16231130,07 Nov 2024,Pending,
INV08181,PRJ01565,Frame & Focus Equipment,Equipment Rental,55941306,02-09-2025,Overdue,
INV06539,PRJ02000,SoundWave Post NG,Post-Production,13839494,2021-10-03,pending,
INV00896,PRJ02494,Crew Connect NG,Crew,22506163,2023-10-17,Pd,
INV06629,PRJ02772,crew connect ng,Crew,47619501,24 Jan 2023,Pd,
INV08281,PRJ03095,OnDeck Production Staffing,Crew,19125368,09 Oct 2025,OVERDUE,
INV01857,PRJ01800,Coastline Property Services,Location,577361,24 Nov 2024,pending,
INV04850,PRJ02022,Crew Connect NG,Crew,18959478,14/03/2021,PAID,
INV05623,PRJ00128,URBAN SET SCOUTS,Location,2959605,01/02/2021,Overdue,
INV08656,PRJ03586,SOUNDWAVE POST NG,Post-Production,8728628,2024-09-28,Overdue,
INV00374,PRJ02796,stagehand talent agency,Talent,17807071,18 Oct 2024,Paid,
INV05846,PRJ03078,OnSet Meals NG,Catering,5599248,23-10-2022,Disputed,
INV04980,PRJ02706,OnSet Meals NG,Catering,19318090,17 May 2025,Pending,
INV00621,PRJ03240,crew connect ng,Crew,39075006,11-08-2021,Disputed,
INV09666,PRJ00100,Reel Edit Studios,Post-Production,56415682,20-05-2021,paid,
INV03018,PRJ00956,Naija Faces Casting,Talent,12020889,07/06/2022,Pd,
INV03353,PRJ03362,Naija Faces Casting,Talent,18935663,2021-01-21,disputed,
INV01096,PRJ00708,Reel Edit Studios,Post-Production,15975558,15 Aug 2023,disputed,
INV05371,PRJ00552,REEL EDIT STUDIOS,Post-Production,15247431,20-03-2023,OVERDUE,
INV06736,PRJ02138,Naija Locations Ltd,Location,8573438,15 May 2021,disputed,
INV08376,PRJ03384,Frame & Focus Equipment,Equipment Rental,13782711,2022-05-22,Paid,
INV00360,PRJ03190,SoundWave Post NG,Post-Production,21765560,2024-02-05,Pending,
INV01369,PRJ03297,Naija Faces Casting,Talent,2976568,02-12-2023,Paid,
INV03338,PRJ03800,stagehand talent agency,Talent,23704978,24-12-2022,paid,
INV02299,PRJ02222,Naija Locations Ltd,Location,2284201,2025-12-11,Disputed,
INV07618,PRJ00939,Stagehand Talent Agency,Talent,6289521,11-02-2024,pending,
INV04943,PRJ02450,Stagehand Talent Agency,Talent,43514363,11-06-2025,PAID,
INV00633,PRJ03354,Lagos Grip & Lighting Co,Equipment Rental,17324601,05/06/2024,OVERDUE,
INV07911,PRJ01567,Coastline Property Services,Location,2338781,10 May 2025,pending,
INV06079,PRJ01701,redline camera rentals,Equipment Rental,8442130,17 Jan 2025,Pending,
INV02919,PRJ02956,naija faces casting,Talent,4691205,2021-02-26,disputed,
INV07398,PRJ00062,Crew Connect NG,Crew,18533044,26 Jan 2021,Paid,
INV04717,PRJ00896,Stagehand Talent Agency,Talent,13405585,15 Mar 2022,PAID,
INV05173,PRJ01593,Stagehand Talent Agency,Talent,"NGN 10,431,463",2025-11-13,PAID,
INV09153,PRJ01612,Chop Life Catering,Catering,3216049,25-07-2023,Paid,
INV06930,PRJ02096,Crew Connect NG,Crew,30270063,13 Jan 2021,Disputed,
INV03658,PRJ01278,COLOURGRADE LAGOS,Post-Production,"NGN 846,046",06-04-2023,disputed,
INV08955,PRJ03080,Urban Set Scouts,Location,17356418,2025-05-09,OVERDUE,
INV05562,PRJ00461,OnDeck Production Staffing,Crew,38866905,08 Dec 2021,Paid,
INV00446,PRJ02047,OnSet Meals NG,Catering,62373291,28-02-2021,PAID,
INV09155,PRJ03481,Crew Connect NG,Crew,10457860,15/04/2025,pending,
INV01179,PRJ03451,Coastline Property Services,Location,222736,07-02-2021,pending,
INV09350,PRJ00666,ProGear Nigeria,Equipment Rental,3214019,2025-10-07,OVERDUE,
INV06440,PRJ01867,Chop Life Catering,Catering,7902768,13 May 2022,disputed,
INV03081,PRJ02365,Urban Set Scouts,Location,16089796,01-02-2021,Pending,
INV08263,PRJ00001,Reel Edit Studios,Post-Production,14310455,2023-07-07,PAID,
INV01177,PRJ00124,Reel Edit Studios,Post-Production,45894864,11 Feb 2022,Pd,
INV09030,PRJ01364,Mama Bisi Kitchen Services,Catering,2573063,02-11-2024,pending,
INV06626,PRJ00395,OnSet Meals NG,Catering,7946794,27/07/2025,Disputed,
INV04016,PRJ00737,Crew Connect NG,Crew,35603202,01 Sep 2021,pending,
INV08645,PRJ00919,Lagos Grip & Lighting Co,Equipment Rental,20805630,13 Mar 2022,PAID,
INV05330,PRJ02757,Crew Connect NG,Crew,1886149,08 Oct 2025,disputed,
INV09263,PRJ01288,Lagos Grip & Lighting Co,Equipment Rental,"NGN 7,339,264",2023-07-05,Overdue,
INV06058,PRJ01380,Urban Set Scouts,Location,6626275,13-07-2021,pending,
INV00429,PRJ03618,naija locations ltd,Location,38354511,02-07-2025,Disputed,
INV00223,PRJ03369,Redline Camera Rentals,Equipment Rental,10009382,2025-11-08,Disputed,
INV06595,PRJ02030,Urban Set Scouts,Location,1220321,14-04-2023,Overdue,
INV06329,PRJ03997,reel edit studios,Post-Production,17947470,02/02/2025,Overdue,
INV04645,PRJ02081,Chop Life Catering,Catering,11993239,10 Sep 2022,PAID,
INV06624,PRJ00734,CHOP LIFE CATERING,Catering,8059345,06/02/2024,paid,
INV06078,PRJ03143,Naija Locations Ltd,Location,3571836,25 Nov 2025,PAID,
INV07727,PRJ01619,Naija Locations Ltd,Location,2655744,21 Dec 2022,Overdue,
INV08252,PRJ01513,MAMA BISI KITCHEN SERVICES,Catering,6020495,02/11/2021,PAID,
INV04632,PRJ00587,Stagehand Talent Agency,Talent,7569734,2025-09-26,Paid,
INV02672,PRJ00705,crew connect ng,Crew,2007295,2025-12-06,disputed,
INV07527,PRJ01762,Crew Connect NG,Crew,3868419,12/09/2021,paid,
INV07674,PRJ03507,Mama Bisi Kitchen Services,Catering,199341,12-01-2021,Disputed,
INV08015,PRJ00249,NAIJA LOCATIONS LTD,Location,34881148,03-02-2025,Pending,
INV09552,PRJ00397,Urban Set Scouts,Location,2978336,25/08/2023,disputed,
INV08819,PRJ03457,ONSET MEALS NG,Catering,8789221,01 Jun 2022,Disputed,
INV01749,PRJ03648,Crewnnect,Crew,29329530,2023-03-05,PAID,
INV01963,PRJ03226,coastline property services,Location,39731216,05-03-2023,Pd,
INV08427,PRJ01045,Chop Life Catering,Catering,14086963,2024-10-08,PAID,
INV02022,PRJ03886,Crew Connect NG,Crew,17588135,07 Mar 2021,OVERDUE,
INV05673,PRJ03073,NAIJA FACES CASTING,Talent,"NGN 20,028,549",2024-10-07,Disputed,
INV00015,PRJ02617,NAIJA LOCATIONS LTD,Location,34167037,25/06/2024,disputed,
INV06786,PRJ01670,Reel Edit Studios,Post-Production,28494369,18-05-2022,Pending,
INV09232,PRJ00801,Crew Connect NG,Crew,37209,06/05/2024,paid,
INV06463,PRJ01664,crew connect ng,Crew,18834547,19/04/2025,Overdue,
INV09197,PRJ00233,ColourGrade Lagos,Post-Production,11431100,2025-06-07,paid,
INV09481,PRJ03162,SoundWave Post,Post-Production,72676898,01 Oct 2024,disputed,
INV06330,PRJ03997,Stagehand Talent Agency,Talent,49683397,18-08-2022,Pd,
INV05488,PRJ03702,OnDeck Production Staffing,Crew,1341232,03/01/2023,Disputed,
INV06763,PRJ01624,soundwave post ng,Post-Production,5596173,26/06/2023,pending,
INV00885,PRJ03064,NAIJA LOCATIONS LTD,Location,2900025,22-06-2022,PAID,
INV00613,PRJ00649,soundwave post ng,Post-Production,18040703,2022-07-23,pending,
INV03267,PRJ00447,OnDeck Production Staffing,Crew,17551720,2023-11-22,disputed,
INV08409,PRJ01803,Frame & Focus Equipment,Equipment Rental,10298508,05 Feb 2023,Pending,
INV02482,PRJ03403,Stagehand Talent Agency,Talent,9368564,26 Mar 2023,Paid,
INV08157,PRJ03557,coastline property services,Location,38353514,11/10/2021,Paid,
INV03865,PRJ02220,SoundWave Post NG,Post-Production,25758607,23/10/2021,OVERDUE,
INV03002,PRJ01124,Lagos Grip & Lighting Co,Equipment Rental,31314066,18 Feb 2023,Pd,
INV02219,PRJ02646,Stagehand Talent Agency,Talent,8351663,16/04/2024,Overdue,
INV08815,PRJ01744,ProGear Nigeria,Equipment Rental,7159374,2022-06-10,Pending,
INV02037,PRJ01113,ColourGrade Lagos,Post-Production,34445967,23-05-2023,disputed,
INV04555,PRJ02307,Redline Camera Rentals,Equipment Rental,2719887,21/01/2024,Pd,
INV01420,PRJ03602,ProGear Nigeria,Equipment Rental,40757149,08 Jan 2021,OVERDUE,
INV00772,PRJ03750,ColourGrade Lagos,Post-Production,54758600,24/08/2025,pending,
INV03308,PRJ02328,mama bisi kitchen services,Catering,68330856,03-07-2024,pending,
INV00119,PRJ02411,SoundWave Post NG,Post-Production,24091396,15/04/2024,Overdue,
INV07339,PRJ00120,Crew Connect NG,Crew,34731472,15 Feb 2023,Paid,
INV04751,PRJ01337,Naija Locations Ltd,Location,16923857,20-09-2023,Pending,
INV06616,PRJ03795,Mama Bisi Kitchen Services,Catering,3236782,26-08-2023,pending,
INV08052,PRJ01779,lagos grip & lighting co,Equipment Rental,2356423,18 Dec 2021,Disputed,
INV07104,PRJ01563,naija faces casting,Talent,9292401,13-03-2025,Pending,
INV07318,PRJ00311,Naija Faces Casting,Talent,5910758,25 Jun 2022,Overdue,
INV01362,PRJ02042,Reel Edit Studios,Post-Production,31937643,20 Apr 2022,OVERDUE,
INV06762,PRJ01624,coastline property services,Location,3608572,2022-10-21,pending,
INV00798,PRJ00999,Reel Edit Studios,Post-Production,2327294,24 Jul 2025,Paid,
INV02757,PRJ01821,OnDeck Production Staffing,Crew,"NGN 13,486,925",2024-12-23,Pd,
INV02639,PRJ03256,Redline Camera Rentals,Equipment Rental,16546463,27 Jun 2025,OVERDUE,
INV07940,PRJ00809,Naija Faces Casting,Talent,13497344,12-05-2022,disputed,
INV04905,PRJ01976,ColourGrade Lagos,Post-Production,7430443,21-08-2022,disputed,
INV05432,PRJ03931,Stagehand Talent Agency,Talent,10209912,25 Apr 2023,paid,
INV09324,PRJ00676,OnDeck Production Staffing,Crew,18732419,2025-01-08,disputed,
INV07710,PRJ02884,Mama Bisi Kitchen Services,Catering,1988080,23/05/2023,Pending,
INV01405,PRJ03067,OnSet Meals NG,Catering,3767823,21-09-2023,paid,
INV04433,PRJ02300,ColourGrade Lagos,Post-Production,9475655,24-02-2025,OVERDUE,
INV01883,PRJ01151,ProGear Nigeria,Equipment Rental,28481662,19 Mar 2021,pending,
INV09086,PRJ02132,Redline Camera Rentals,Equipment Rental,18910105,2025-07-13,Overdue,
INV08238,PRJ02160,Naija Faces Casting,Talent,27452411,17 Mar 2022,Overdue,
INV03421,PRJ02149,Coastline Property Services,Location,"NGN 7,264,255",2024-02-14,OVERDUE,
INV08168,PRJ03942,Crew Connect NG,Crew,63327814,13/06/2023,OVERDUE,
INV06909,PRJ00086,Crew Connect NG,Crew,3191203,14-03-2022,pending,
INV09118,PRJ02963,CHOP LIFE CATERING,Catering,3968348,10-01-2022,pending,
INV08123,PRJ02068,SoundWave Post NG,Post-Production,4847937,27 May 2023,paid,
INV06986,PRJ01350,Coastline Property Services,Location,40607682,07/06/2022,Disputed,
INV03559,PRJ00822,Crew Connect NG,Crew,31168604,12/11/2025,paid,
INV00091,PRJ03033,Lagos Grip & Lighting Co,Equipment Rental,26016409,06 May 2025,Disputed,
INV04432,PRJ02300,Crew Connect NG,Crew,8350202,25/11/2025,Paid,
INV03941,PRJ02621,ONSET MEALS NG,Catering,3018491,05 Apr 2023,Disputed,
INV06028,PRJ02604,Lagos Grip & Lighting Co,Equipment Rental,6296700,21-08-2023,Overdue,
INV07952,PRJ00575,OnSet Meals NG,Catering,11502801,17-06-2021,PAID,
INV03118,PRJ03486,Crew Connect NG,Crew,33487599,25 May 2021,Paid,
INV03103,PRJ03299,coastline property services,Location,36635391,03 Jul 2023,Paid,
INV06610,PRJ00359,Naija Faces Casting,Talent,4308081,27 Sep 2025,paid,
INV04932,PRJ00393,SoundWave Post NG,Post-Production,42684127,20-04-2023,paid,
INV04691,PRJ01851,stagehand talent agency,Talent,10716353,14 Apr 2023,OVERDUE,
INV06574,PRJ00813,Coastline Property Services,Location,12858844,2021-01-05,disputed,
INV04898,PRJ03333,REDLINE CAMERA RENTALS,Equipment Rental,20294451,28/12/2022,Overdue,
INV00515,PRJ00377,Crew Connect NG,Crew,8550540,09-09-2021,Overdue,
INV03442,PRJ02171,Crew Connect NG,Crew,9369213,2025-09-18,Pending,
INV05142,PRJ03963,Naija Locations Ltd,Location,35460865,04 Feb 2025,PAID,
INV08618,PRJ00035,Naija Faces Casting,Talent,12305679,13/04/2023,paid,
INV01986,PRJ00366,Redline Camera Rentals,Equipment Rental,3709652,2024-05-10,OVERDUE,
INV01820,PRJ02527,OnSet Meals,Catering,30150809,2024-03-25,Paid,
INV07287,PRJ01555,Crew Connect NG,Crew,1741554,05/02/2022,OVERDUE,
INV09451,PRJ02312,mama bisi kitchen services,Catering,9580908,2023-07-24,paid,
INV09425,PRJ02210,Reel Edit Studios,Post-Production,5033880,07-03-2021,Pd,
INV03933,PRJ01010,ColourGrade Lagos,Post-Production,26864771,2025-03-09,PAID,
INV03992,PRJ02224,Urban Set Scouts,Location,3538069,16/04/2025,Pd,
INV09650,PRJ03656,ProGear Nigeria,Equipment Rental,11451144,08/02/2021,OVERDUE,
INV00894,PRJ01711,ProGear Nigeria,Equipment Rental,52778342,2023-05-13,Pd,
INV06813,PRJ03590,CHOP LIFE CATERING,Catering,1102619,22-09-2024,Paid,
INV06237,PRJ00273,OnSet Meals NG,Catering,721333,19/08/2024,Disputed,
INV05110,PRJ03074,Reel Edit Studios,Post-Production,13608602,2025-01-19,PAID,
INV08536,PRJ02716,Crew Connect NG,Crew,21505006,2023-04-13,Paid,
INV01558,PRJ00624,Urban Set Scouts,Location,4663010,2023-11-25,Disputed,
INV03747,PRJ01407,Urban Set Scouts,Location,8276732,04/10/2025,paid,
INV00164,PRJ01223,ONDECK PRODUCTION STAFFING,Crew,4195101,2023-10-06,Pd,
INV04326,PRJ02855,ONDECK PRODUCTION STAFFING,Crew,7554956,13/07/2022,Pending,
INV01707,PRJ03101,OnDeck Production Staffing,Crew,21756262,13 Nov 2024,Pending,
INV07796,PRJ01692,Naija Faces Casting,Talent,2691170,07-09-2025,paid,
INV01858,PRJ01800,NAIJA FACES CASTING,Talent,16420087,2021-03-21,Pending,
INV03151,PRJ03705,Naija Locations,Location,19805163,09-06-2025,Pd,
INV00409,PRJ02401,NAIJA LOCATIONS LTD,Location,37526028,09-02-2021,Paid,
INV07076,PRJ01551,Naija Faces Casting,Talent,11952655,01 Apr 2024,Paid,
INV01577,PRJ00702,chop life catering,Catering,4525114,22/11/2023,Disputed,
INV00989,PRJ03797,Stagehand Talent Agency,Talent,46899677,2024-05-03,PAID,
INV07547,PRJ01631,Mama Bisi Kitchen Services,Catering,16874375,2023-06-15,OVERDUE,
INV08230,PRJ03374,Chop Life Catering,Catering,28211030,04 Aug 2024,Paid,
INV02410,PRJ03701,Reel Edit Studios,Post-Production,1843442,21/05/2021,pending,
INV03320,PRJ00697,ONSET MEALS NG,Catering,12360482,01/04/2021,PAID,
INV08503,PRJ02571,Redline Camera Rentals,Equipment Rental,1553196,06-04-2023,Paid,
INV08449,PRJ01662,ColourGrade Lagos,Post-Production,2325560,19-12-2022,disputed,
INV03754,PRJ00760,Stagehand Talent Agency,Talent,5544278,14-12-2021,PAID,
INV00586,PRJ00931,SoundWave Post NG,Post-Production,19854918,24 Oct 2024,Disputed,
INV08833,PRJ03524,ONDECK PRODUCTION STAFFING,Crew,15307944,23/06/2023,Disputed,
INV02474,PRJ03274,Frame & Focus Equipment,Equipment Rental,33460630,02-11-2022,Pending,
INV08462,PRJ01333,MAMA BISI KITCHEN SERVICES,Catering,1757202,2021-05-26,Pd,
INV08439,PRJ00682,OnDeck Production Staffing,Crew,1889808,2021-12-21,Paid,
INV06569,PRJ00714,OnSet Meals NG,Catering,33782038,13 Oct 2023,OVERDUE,
INV07720,PRJ02151,Reel Edit Studios,Post-Production,5324918,08/11/2025,paid,
INV05749,PRJ01944,ProGear Nigeria,Equipment Rental,63384660,16 Sep 2021,PAID,
INV02465,PRJ03831,Crew Connect NG,Crew,50225493,16-02-2022,pending,
INV07835,PRJ01196,ONDECK PRODUCTION STAFFING,Crew,1318453,18-02-2025,Disputed,
INV06104,PRJ02825,ONSET MEALS NG,Catering,5374251,09/01/2021,Overdue,
INV09335,PRJ01041,ProGear,Equipment Rental,48556733,16-12-2024,PAID,
INV03928,PRJ01366,ONSET MEALS NG,Catering,16789024,11-12-2024,Disputed,
INV06979,PRJ00713,Crew Connect NG,Crew,"NGN 22,696,534",21/11/2025,Paid,
INV06296,PRJ01615,NAIJA FACES CASTING,Talent,1481091,21 Dec 2025,PAID,
INV04467,PRJ02273,Reel Edit Studios,Post-Production,5148589,25 Jun 2024,Disputed,
INV03117,PRJ02342,SoundWave Post NG,Post-Production,23435122,27/06/2024,Overdue,
INV00862,PRJ01239,Stagehand Talent Agency,Talent,36955444,2021-03-25,paid,
INV02946,PRJ02147,Chop Life Catering,Catering,"NGN 10,904,333",03/06/2023,Pending,
INV04158,PRJ00200,REDLINE CAMERA RENTALS,Equipment Rental,1021888,03 Feb 2025,OVERDUE,
INV07714,PRJ02396,Naija Locations Ltd,Location,20319665,09 Sep 2022,Pd,
INV06766,PRJ01624,Frame & Focus Equipment,Equipment Rental,37538334,20/11/2025,PAID,
INV01989,PRJ01926,ColourGrade Lagos,Post-Production,1268610,01-05-2024,PAID,
INV06745,PRJ00292,ONDECK PRODUCTION STAFFING,Crew,29584877,03-11-2023,OVERDUE,
INV02021,PRJ03886,progear nigeria,Equipment Rental,29005265,03/11/2021,disputed,
INV00291,PRJ03292,Stagehand Talent Agency,Talent,1941379,16-01-2024,Paid,
INV04653,PRJ00376,OnDeck Production Staffing,Crew,8764277,20 Nov 2022,OVERDUE,
INV08727,PRJ02140,Redline Camera Rentals,Equipment Rental,3185280,20-11-2021,PAID,
INV03508,PRJ02114,naija locations ltd,Location,61825425,09/03/2022,pending,
INV08085,PRJ03569,Naija Faces Casting,Talent,10074990,02 May 2023,Pd,
INV03899,PRJ00348,Crew Connect NG,Crew,32710845,2021-08-14,paid,
INV07845,PRJ01747,OnDeck Production Staffing,Crew,660943,2025-08-09,Paid,
INV04513,PRJ00396,Mama Bisi Kitchen Services,Catering,17684546,2022-09-25,Pd,
INV05853,PRJ03184,Naija Locations Ltd,Location,2391570,2023-07-10,pending,
INV04258,PRJ01236,ColourGrade Lagos,Post-Production,18768249,03 Dec 2024,Pending,
INV07192,PRJ03511,ColourGrade Lagos,Post-Production,14835600,2024-03-03,Pending,
INV05328,PRJ03902,ColourGrade Lagos,Post-Production,2425920,26-10-2022,disputed,
INV07294,PRJ00610,Stagehand Talent Agency,Talent,14713301,17/04/2022,Paid,
INV06931,PRJ02096,OnSet Meals NG,Catering,3715249,20/05/2023,Pending,
INV05107,PRJ01524,ColourGrade Lagos,Post-Production,66649576,2021-01-17,pending,
INV04068,PRJ00476,Mama Bisi Kitchen Services,Catering,23843895,20 Oct 2023,Pending,
INV03831,PRJ01472,soundwave post ng,Post-Production,48779667,01/12/2023,Pd,
INV09139,PRJ01839,ColourGrade Lagos,Post-Production,11104700,2023-09-14,PAID,
INV01832,PRJ03352,Naija Faces Casting,Talent,5937906,09-06-2023,Pending,
INV09236,PRJ02525,Coastline Property Services,Location,8489375,05/07/2024,Paid,
INV04406,PRJ00923,COASTLINE PROPERTY SERVICES,Location,12048293,2022-11-22,Paid,
INV00775,PRJ01387,Redline Camera Rentals,Equipment Rental,6237094,28-07-2022,paid,
INV08513,PRJ02481,Coastline Property Services,Location,15641150,21 Jun 2022,Paid,
INV04106,PRJ00163,CHOP LIFE CATERING,Catering,17882951,17/09/2022,paid,
INV05770,PRJ03140,Coastline Property Services,Location,36572259,03 May 2025,disputed,
INV02211,PRJ02725,Naija Locations Ltd,Location,16055496,12/12/2022,Overdue,
INV01376,PRJ00662,naija locations ltd,Location,23369434,14-05-2023,Paid,
INV02777,PRJ01234,Frame & Focus Equipment,Equipment Rental,6462429,2023-02-04,Disputed,
INV02651,PRJ03090,Lagos Grip & Lighting Co,Equipment Rental,9931897,12-04-2021,Disputed,
INV04549,PRJ03465,Stagehand Talent Agency,Talent,2289997,2021-07-20,Pd,
INV06254,PRJ02262,stagehand talent agency,Talent,43293854,03/05/2024,Overdue,
INV03009,PRJ02386,Frame & Focus Equipment,Equipment Rental,10719846,24-04-2021,Disputed,
INV03500,PRJ03777,OnSet Meals NG,Catering,4628260,22/11/2023,paid,
INV06893,PRJ01224,Mama Bisi Kitchen Services,Catering,4870025,22/06/2024,disputed,
INV06514,PRJ01915,OnDeck Production Staffing,Crew,9579121,07 Aug 2025,OVERDUE,
INV04109,PRJ00163,SoundWave Post NG,Post-Production,1315518,27/03/2025,Disputed,
INV08438,PRJ00682,Chop Life Catering,Catering,2571240,19 Nov 2023,PAID,
INV00093,PRJ03787,Naija Faces Casting,Talent,2271532,2023-03-27,PAID,
INV03741,PRJ02881,Redline Camera Rentals,Equipment Rental,2345416,21/07/2023,Pd,
INV05702,PRJ00872,OnSet Meals NG,Catering,8280319,15-04-2025,Overdue,
INV08045,PRJ03784,Stagehand Talent Agency,Talent,13790440,04 Jun 2023,pending,
INV06031,PRJ00244,ProGear Nigeria,Equipment Rental,22529584,14 Jan 2021,Pd,
INV08892,PRJ02766,Redline Camera Rentals,Equipment Rental,45841126,04 Feb 2024,OVERDUE,
INV06471,PRJ03459,OnSet Meals NG,Catering,21455924,17-03-2022,PAID,
INV08655,PRJ03559,Naija Faces Casting,Talent,14773507,06/04/2023,pending,
INV01150,PRJ00648,OnSet Meals NG,Catering,45113206,20/05/2025,Pending,
INV08969,PRJ00267,Stagehand Talent Agency,Talent,10281319,2024-09-13,Pd,
INV02142,PRJ03035,ColourGrade Lagos,Post-Production,21186397,04-04-2025,pending,
INV02340,PRJ02620,coastline property services,Location,6212225,08 Jul 2025,Overdue,
INV03952,PRJ02095,Crew Connect NG,Crew,21192802,14-07-2024,PAID,
INV02403,PRJ00761,Naija Faces Casting,Talent,24753262,26/03/2024,disputed,
INV07420,PRJ03610,Mama Bisi Kitchen Services,Catering,23053651,2021-06-19,OVERDUE,
INV01715,PRJ01322,Stagehand Talent Agency,Talent,9853724,2025-02-15,OVERDUE,
INV08606,PRJ00669,SoundWave Post NG,Post-Production,56970429,11 Nov 2023,Pd,
INV03207,PRJ01179,Frame & Focus Equipment,Equipment Rental,21050992,19/08/2021,PAID,
INV02904,PRJ03922,OnDeck Production Staffing,Crew,20845086,12/07/2021,disputed,
INV08499,PRJ03504,OnSet Meals NG,Catering,977956,2024-09-09,OVERDUE,
INV08557,PRJ02918,Crew Connect NG,Crew,"NGN 14,141,832",2024-10-28,Paid,
INV03166,PRJ02223,Stagehand Talent Agency,Talent,32890859,15-10-2021,OVERDUE,
INV02925,PRJ00683,Crew Connect NG,Crew,31483716,06 Oct 2025,Overdue,
INV07311,PRJ01297,Mama Bisi Kitchen Services,Catering,787265,06 Jul 2021,PAID,
INV07240,PRJ00567,Stagehand Talent Agency,Talent,17670652,27 May 2022,pending,
INV02740,PRJ02388,Lagos Grip & Lighting Co,Equipment Rental,5264265,04/03/2025,disputed,
INV00576,PRJ00315,Naija Faces Casting,Talent,13101376,10/06/2023,Pd,
INV09008,PRJ02217,Reel Edit Studios,Post-Production,11009894,14/02/2023,Pending,
INV08836,PRJ03995,Stagehand Talent Agency,Talent,16714076,2024-05-19,PAID,
INV01812,PRJ00698,Stagehand Talent Agency,Talent,21066608,12 Jun 2022,OVERDUE,
INV08891,PRJ03615,crew connect ng,Crew,31075247,22/12/2025,Overdue,
INV03260,PRJ00056,Chop Life Catering,Catering,3520167,28-04-2021,paid,
INV08373,PRJ02384,Reel Edit Studios,Post-Production,36828343,17-07-2024,PAID,
INV04950,PRJ01408,Urban Set Scouts,Location,6090588,12-10-2021,pending,
INV05926,PRJ03572,Reel Edit Studios,Post-Production,20142645,11 Apr 2021,Paid,
INV04318,PRJ00601,Urban Set Scouts,Location,4420443,2025-07-09,PAID,
INV04967,PRJ00094,COLOURGRADE LAGOS,Post-Production,10225576,18 Jul 2022,OVERDUE,
INV04758,PRJ03293,Coastline Property Services,Location,3025973,20/06/2025,Disputed,
INV08266,PRJ03722,OnSet Meals,Catering,211809,17 Feb 2024,Pending,
INV06419,PRJ00499,ColourGrade Lagos,Post-Production,76375502,2023-01-18,disputed,
INV06202,PRJ02205,ONSET MEALS NG,Catering,21882507,20 Nov 2024,OVERDUE,
INV01479,PRJ01379,crew connect ng,Crew,56311559,2021-08-15,Pending,
INV04364,PRJ01052,ProGear Nigeria,Equipment Rental,34997817,03 Apr 2024,PAID,
INV09715,PRJ03835,Crew Connect NG,Crew,6416864,02 Jul 2021,Disputed,
INV03387,PRJ01750,Chop Life Catering,Catering,13060701,21/03/2021,Pd,
INV08213,PRJ03364,CREW CONNECT NG,Crew,8755743,27/12/2025,disputed,
INV03132,PRJ01114,SoundWave Post NG,Post-Production,15255967,2022-05-24,Pending,
INV04540,PRJ02708,colourgrade lagos,Post-Production,652463,04 Apr 2023,PAID,
INV05165,PRJ00918,OnDeck Production Staffing,Crew,2077680,03 Jan 2021,Pending,
INV04167,PRJ03808,Crewnnect,Crew,15561198,2022-04-09,pending,
INV07152,PRJ01190,progear nigeria,Equipment Rental,2441599,28 Aug 2022,paid,
INV02722,PRJ01755,OnDeck Production Staffing,Crew,29966541,03 May 2021,paid,
INV02794,PRJ01962,ProGear Nigeria,Equipment Rental,14360719,2022-09-27,Pending,
INV03048,PRJ03688,ProGear Nigeria,Equipment Rental,164811,11/07/2025,PAID,
INV03961,PRJ00770,Stagehand Talent Agency,Talent,8063975,27 Feb 2024,PAID,
INV00318,PRJ02530,ProGear Nigeria,Equipment Rental,6667386,15 Dec 2025,PAID,
INV05827,PRJ01603,ColourGrade Lagos,Post-Production,6387623,2025-03-01,PAID,
INV05572,PRJ03798,SoundWave Post NG,Post-Production,180677,08/08/2022,disputed,
INV04190,PRJ01157,Crew Connect NG,Crew,10051340,21/10/2022,Disputed,
INV08679,PRJ02045,REEL EDIT STUDIOS,Post-Production,41213443,05-07-2025,Overdue,
INV03357,PRJ03096,OnSet Meals NG,Catering,3846310,27/06/2024,Overdue,
INV07284,PRJ03306,Reel Edit Studios,Post-Production,5084652,17/08/2023,OVERDUE,
INV06442,PRJ00092,OnDeck Production Staffing,Crew,"NGN 6,902,459",2021-06-04,Paid,
INV07150,PRJ02108,CREW CONNECT NG,Crew,12781856,2024-11-18,Disputed,
INV05337,PRJ01122,Urban Set Scouts,Location,17223610,18/02/2023,Pd,
INV06468,PRJ00389,Crew Connect NG,Crew,19044774,22 Aug 2024,OVERDUE,
INV08016,PRJ02278,OnSet Meals,Catering,1722657,2024-03-15,disputed,
INV06915,PRJ02568,MAMA BISI KITCHEN SERVICES,Catering,17144477,27 Oct 2023,Paid,
INV00865,PRJ03974,Coastline Property Services,Location,16739623,2022-09-28,Paid,
INV00677,PRJ01531,Naija Locations Ltd,Location,2355036,2022-06-11,Overdue,
INV08154,PRJ03557,mama bisi kitchen services,Catering,5918608,26-06-2025,Pending,
INV06758,PRJ01411,Naija Faces Casting,Talent,41884563,2021-09-19,paid,
INV00824,PRJ00754,Coastline Property Services,Location,199959,01 Mar 2023,OVERDUE,
INV02973,PRJ03753,Lagos Grip & Lighting Co,Equipment Rental,9693496,2023-10-23,Overdue,
INV01309,PRJ03689,Naija Locations,Location,"NGN 55,734,457",25/03/2025,Pending,
INV03841,PRJ01608,Stagehand Talent Agency,Talent,"NGN 10,568,966",23-05-2024,Paid,
INV05923,PRJ02208,ProGear Nigeria,Equipment Rental,17409829,2021-12-06,Overdue,
INV01957,PRJ03365,Stagehand Talent Agency,Talent,1282411,24 Feb 2023,Paid,
INV01680,PRJ03177,Frame & Focus Equipment,Equipment Rental,30496775,23/08/2024,Overdue,
INV00890,PRJ03135,Urban Set Scouts,Location,47164308,2021-10-04,Paid,
INV05230,PRJ03231,Mama Bisi Kitchen Services,Catering,14760201,21-06-2021,Pending,
INV04831,PRJ00246,OnDeck Production Staffing,Crew,17855599,2025-10-28,PAID,
INV04173,PRJ03700,Frame & Focus Equipment,Equipment Rental,6129969,2021-04-11,Paid,
INV02013,PRJ03398,REDLINE CAMERA RENTALS,Equipment Rental,20610122,07/09/2025,Pd,
INV05073,PRJ00116,coastline property services,Location,3064716,10/09/2021,PAID,
INV04102,PRJ01111,Crew Connect NG,Crew,48569779,18-04-2024,Pending,
INV08039,PRJ00112,Chop Life Catering,Catering,4572012,2023-03-27,disputed,
INV03938,PRJ00928,ONDECK PRODUCTION STAFFING,Crew,9806485,2023-03-06,disputed,
INV01535,PRJ02563,ProGear Nigeria,Equipment Rental,4372379,20 Jan 2022,Pending,
INV08469,PRJ03260,OnSet Meals NG,Catering,26361261,19-09-2021,OVERDUE,
INV09480,PRJ01139,ColourGrade Lagos,Post-Production,72699306,2024-12-01,OVERDUE,
INV02020,PRJ03886,Stagehand Talent Agency,Talent,5567622,12/01/2022,Pd,
INV03374,PRJ02996,Naija Faces Casting,Talent,17723387,27-08-2024,Paid,
INV06903,PRJ01437,Crew Connect NG,Crew,54736920,10-04-2023,Overdue,
INV09252,PRJ04000,ColourGrade Lagos,Post-Production,431110,2021-03-23,Pending,
INV06526,PRJ03694,OnDeck Production Staffing,Crew,1374007,2024-11-11,Pd,
INV00774,PRJ01387,NAIJA LOCATIONS LTD,Location,50184737,18 May 2022,disputed,
INV07573,PRJ02539,Stagehand Talent Agency,Talent,16452052,27 Jan 2022,pending,
INV00522,PRJ00253,Naija Faces Casting,Talent,"NGN 665,270",18 Oct 2023,pending,
INV08508,PRJ03998,REEL EDIT STUDIOS,Post-Production,3629732,02/08/2021,OVERDUE,
INV06687,PRJ01367,SoundWave Post NG,Post-Production,1476226,28 Jan 2021,Pending,
INV00244,PRJ03075,Redline Camera Rentals,Equipment Rental,44149495,22 Jan 2024,Paid,
INV08728,PRJ02034,ProGear Nigeria,Equipment Rental,11374514,24-06-2023,paid,
INV07371,PRJ03681,REEL EDIT STUDIOS,Post-Production,"NGN 16,799,696",07-08-2022,paid,
INV05225,PRJ01666,Reel Edit Studios,Post-Production,6651734,2023-07-05,Paid,
INV04929,PRJ01909,Coastline Property Services,Location,21758053,05 Mar 2023,Pd,
INV06688,PRJ01367,crew connect ng,Crew,7860068,15-07-2021,Disputed,
INV07362,PRJ01782,Chop Life Catering,Catering,15132230,01 Nov 2025,pending,
INV02341,PRJ01245,Lagos Grip & Lighting Co,Equipment Rental,16975296,18/11/2022,pending,
INV07221,PRJ02329,Chop Life Catering,Catering,52175443,02-08-2023,paid,
INV04779,PRJ02614,Crew Connect NG,Crew,12141456,04/01/2024,Pd,
INV02391,PRJ00394,Mama Bisi Kitchen Services,Catering,6822597,19/01/2025,pending,
INV08127,PRJ00561,Chop Life Catering,Catering,13077139,2021-07-02,Paid,
INV00994,PRJ03521,ondeck production staffing,Crew,7191409,2025-12-09,Pd,
INV06953,PRJ00160,URBAN SET SCOUTS,Location,47216720,15/01/2022,disputed,
INV08033,PRJ00980,Naija Faces Casting,Talent,174725,06-10-2022,Pending,
INV06422,PRJ00548,Naija Faces Casting,Talent,37539509,2023-12-06,disputed,
INV07589,PRJ00147,OnDeck Production Staffing,Crew,7550888,20/11/2025,Overdue,
INV09192,PRJ01682,OnDeck Production Staffing,Crew,"NGN 1,681,952",27/02/2025,disputed,
INV06071,PRJ02572,Coastline Property Services,Location,429952,14-09-2024,Pending,
INV05645,PRJ01634,Naija Faces Casting,Talent,76720978,15-05-2023,Pending,
INV08357,PRJ00617,Redline Camera Rentals,Equipment Rental,25709150,2022-05-03,disputed,
INV04259,PRJ01236,Mama Bisi Kitchen Services,Catering,8149278,20 Feb 2021,pending,
INV03413,PRJ01655,ColourGrade Lagos,Post-Production,11599156,27/10/2025,OVERDUE,
INV09035,PRJ02261,Urban Set Scouts,Location,3011585,14-02-2024,disputed,
INV08465,PRJ01333,naija locations ltd,Location,12343688,19/05/2023,Pending,
INV08795,PRJ02168,ProGear Nigeria,Equipment Rental,20125132,15 Aug 2021,Paid,
INV00238,PRJ00880,onset meals ng,Catering,8064352,19/12/2025,Pending,
INV09315,PRJ00755,CREW CONNECT NG,Crew,"NGN 20,394,467",10/11/2025,Overdue,
INV02195,PRJ01438,Crew Connect NG,Crew,18960556,2024-10-16,PAID,
INV00563,PRJ01511,Urban Set Scouts,Location,875942,2021-02-20,Disputed,
INV07642,PRJ00861,Crew Connect NG,Crew,12853760,08 May 2022,Disputed,
INV00728,PRJ00736,Naija Locations Ltd,Location,5107886,03/04/2023,OVERDUE,
INV00020,PRJ00509,Stagehand Talent Agency,Talent,77063398,2022-03-07,Pd,
INV03720,PRJ03990,naija locations ltd,Location,4372672,09-01-2021,Pending,
INV01092,PRJ00025,Coastline Property Services,Location,7413875,2022-07-15,Disputed,
INV00737,PRJ01100,CHOP LIFE CATERING,Catering,4300676,2025-06-14,Pending,
INV04013,PRJ00730,ONDECK PRODUCTION STAFFING,Crew,"NGN 28,473,021",26/09/2023,Pending,
INV08809,PRJ03468,Mama Bisi Kitchen Services,Catering,27679629,26-03-2024,disputed,
INV09235,PRJ02525,Urban Set Scouts,Location,10166280,2023-07-22,Paid,
INV05154,PRJ03556,REEL EDIT STUDIOS,Post-Production,19505143,2022-08-17,PAID,
INV02143,PRJ03035,ONDECK PRODUCTION STAFFING,Crew,2921476,2024-08-03,pending,
INV03383,PRJ01750,Coastline Property Services,Location,38852097,21 Mar 2022,Pd,
INV08150,PRJ01813,OnSet Meals NG,Catering,32212893,15-08-2021,PAID,
INV09282,PRJ00581,ColourGrade Lagos,Post-Production,9398945,18-01-2024,Paid,
INV02472,PRJ03901,Naija Faces Casting,Talent,22033313,2023-11-04,paid,
INV06109,PRJ01409,Mama Bisi Kitchen Services,Catering,16121883,08 Sep 2021,paid,
INV04476,PRJ00074,Reel Edit Studios,Post-Production,2750117,07/04/2021,Overdue,
INV05959,PRJ00021,Coastline Property Services,Location,"NGN 24,730,455",2021-07-08,Pd,
INV04661,PRJ01502,OnSet Meals NG,Catering,5109672,2024-04-14,Overdue,
INV05508,PRJ00420,mama bisi kitchen services,Catering,14856480,2023-08-14,Overdue,
INV00913,PRJ03484,Urban Set Scouts,Location,2634537,01 Jun 2024,Pending,
INV07451,PRJ03129,Coastline Property Services,Location,36299884,15-08-2022,Pending,
INV08957,PRJ01153,Stagehand Talent Agency,Talent,2327437,08/12/2022,Pd,
INV01779,PRJ02932,SOUNDWAVE POST NG,Post-Production,9407146,2022-12-13,Pending,
INV00017,PRJ03527,Stagehand Talent Agency,Talent,36266717,2021-09-03,Pending,
INV01600,PRJ01242,PROGEAR NIGERIA,Equipment Rental,15438515,2025-09-23,OVERDUE,
INV03753,PRJ00760,Crewnnect,Crew,47564750,2021-12-12,Disputed,
INV07692,PRJ00779,Stagehand Talent Agency,Talent,6859121,22-07-2025,pending,
INV01063,PRJ02035,Crew Connect NG,Crew,1437878,04-12-2021,PAID,
INV09224,PRJ01197,Lagos Grip & Lighting Co,Equipment Rental,"NGN 25,220,310",2022-03-19,Disputed,
INV03115,PRJ02342,URBAN SET SCOUTS,Location,2217882,19/07/2022,paid,
INV05733,PRJ01335,CHOP LIFE CATERING,Catering,4470602,2023-11-20,Pd,
INV00294,PRJ03609,Redline Camera Rentals,Equipment Rental,6747265,10/04/2022,Disputed,
INV04964,PRJ00696,Naija Faces Casting,Talent,1602167,2024-11-17,OVERDUE,
INV02023,PRJ03886,Coastline Property Services,Location,2425028,2023-12-12,Paid,
INV01474,PRJ03081,OnSet Meals NG,Catering,39219114,14-02-2021,Overdue,
INV06148,PRJ00022,Lagos Grip & Lighting Co,Equipment Rental,5904194,2022-01-14,paid,
INV04131,PRJ00709,Naija Faces Casting,Talent,15254770,07/01/2023,PAID,
INV07590,PRJ00147,ProGear Nigeria,Equipment Rental,33674239,01/08/2022,disputed,
INV04988,PRJ03097,Naija Faces Casting,Talent,48910065,04-04-2025,PAID,
INV08211,PRJ01654,OnDeck Production Staffing,Crew,17960905,2022-05-06,Disputed,
INV02140,PRJ03035,Stagehand Talent Agency,Talent,33463134,18 Apr 2021,disputed,
INV01705,PRJ02509,Lagos Grip & Lighting,Equipment Rental,15550058,01/08/2023,paid,
INV04090,PRJ02681,Redline Camera Rentals,Equipment Rental,5127838,2025-08-01,Overdue,
INV04097,PRJ02017,Coastline Property Services,Location,12275554,2024-06-26,Overdue,
INV06397,PRJ01087,Mama Bisi Kitchen Services,Catering,71176719,2023-06-02,Pending,
INV03381,PRJ00352,Crew Connect NG,Crew,543743,03-01-2025,Pd,
INV03984,PRJ02586,Mama Bisi Kitchen Services,Catering,30150613,06/06/2025,Disputed,
INV01000,PRJ00268,OnDeck Production Staffing,Crew,39290161,14-02-2022,Paid,
INV03356,PRJ03096,Redline Camera Rentals,Equipment Rental,12461871,2024-10-12,Paid,
INV02533,PRJ00188,Lagos Grip & Lighting Co,Equipment Rental,8066627,17-05-2024,Overdue,
INV08737,PRJ01686,Chop Life Catering,Catering,10888199,16/02/2023,OVERDUE,
INV07322,PRJ03994,MAMA BISI KITCHEN SERVICES,Catering,5382937,11/10/2025,Disputed,
INV01589,PRJ00469,Naija Faces Casting,Talent,41268361,07/03/2025,Overdue,
INV05231,PRJ03116,CREW CONNECT NG,Crew,21877637,15-03-2021,PAID,
INV01117,PRJ01070,Reel Edit Studios,Post-Production,40883636,19 Aug 2021,Overdue,
INV06347,PRJ03549,Lagos Grip & Lighting Co,Equipment Rental,7887625,2024-05-27,PAID,
INV08375,PRJ00640,Crew Connect NG,Crew,66002605,2022-12-03,disputed,
INV00422,PRJ01231,Crew Connect NG,Crew,972370,11 Nov 2023,disputed,
INV07987,PRJ02635,ColourGrade Lagos,Post-Production,14438452,08/09/2025,Pending,
INV04113,PRJ00089,SoundWave Post NG,Post-Production,2652567,07/01/2022,Pd,
INV09770,PRJ00000,Mama Bisi Kitchen Services,Catering,11142012,2022-05-04,paid,
INV03780,PRJ00457,LAGOS GRIP & LIGHTING CO,Equipment Rental,7521255,15-07-2023,Overdue,
INV03340,PRJ03800,Reel Edit Studios,Post-Production,18179626,05 Jun 2025,Overdue,
INV06121,PRJ03387,CREW CONNECT NG,Crew,30980802,2021-08-12,Disputed,
INV05453,PRJ02358,Coastline Property Services,Location,11392753,20 Feb 2024,paid,
INV02006,PRJ03431,Crew Connect NG,Crew,335260,24-12-2021,pending,
INV07254,PRJ01365,Crew Connect NG,Crew,20228793,11 Apr 2023,disputed,
INV09605,PRJ03493,SOUNDWAVE POST NG,Post-Production,43125139,13/03/2024,pending,
INV05873,PRJ01633,OnDeck Production Staffing,Crew,1537251,02-05-2023,PAID,
INV07184,PRJ02058,Mama Bisi Kitchen Services,Catering,118129,02/01/2023,paid,
INV00185,PRJ01942,OnSet Meals NG,Catering,10006717,26-07-2023,pending,
INV06757,PRJ01411,Mama Bisi Kitchen Services,Catering,29591,21 Jul 2023,Paid,
INV02110,PRJ01207,COASTLINE PROPERTY SERVICES,Location,40382662,2022-03-02,PAID,
INV04881,PRJ00373,Stagehand Talent Agency,Talent,1572249,2022-03-12,Pd,
INV09298,PRJ02373,Naija Faces Casting,Talent,25055469,2021-12-14,disputed,
INV05867,PRJ02715,Naija Locations Ltd,Location,43451188,04 Sep 2024,Paid,
INV09426,PRJ02210,COASTLINE PROPERTY SERVICES,Location,130453,04/04/2023,Disputed,
INV04212,PRJ02792,OnSet Meals NG,Catering,676915,2023-11-11,Pending,
INV03305,PRJ01958,OnDeck Production Staffing,Crew,19127665,08 Feb 2024,Disputed,
INV05737,PRJ01458,SoundWave Post NG,Post-Production,15663150,06-07-2023,Pending,
INV05568,PRJ02124,Frame & Focus Equipment,Equipment Rental,4490440,19/05/2021,pending,
INV09280,PRJ03343,Reel Edit Studios,Post-Production,25824522,15-07-2023,Paid,
INV03287,PRJ02438,OnDeck Production Staffing,Crew,5075130,10/02/2022,Overdue,
INV05832,PRJ00005,Naija Faces Casting,Talent,34566609,20-02-2023,disputed,
INV01560,PRJ01719,OnDeck Production Staffing,Crew,26162389,13 Feb 2021,OVERDUE,
INV02328,PRJ01757,Mama Bisi Kitchen Services,Catering,2414705,18/07/2023,pending,
INV02819,PRJ03159,Reel Edit Studios,Post-Production,24573787,14/02/2022,Disputed,
INV05299,PRJ03266,ProGear Nigeria,Equipment Rental,34540529,2024-06-13,Paid,
INV07894,PRJ02244,Stagehand Talent Agency,Talent,5835334,2024-05-20,paid,
INV03595,PRJ02818,OnDeck Production Staffing,Crew,11602983,13-06-2021,Pending,
INV00946,PRJ03566,Urban Set Scouts,Location,6429455,2023-03-07,Disputed,
INV04502,PRJ01035,MAMA BISI KITCHEN SERVICES,Catering,14368496,28 Jun 2025,disputed,
INV03679,PRJ02908,mama bisi kitchen services,Catering,17904930,13 Nov 2024,paid,
INV06175,PRJ02488,ColourGrade Lagos,Post-Production,18647327,22 Jul 2023,disputed,
INV08298,PRJ03085,OnDeck Production Staffing,Crew,11833641,14/04/2025,Pending,
INV08296,PRJ03085,Coastline Property Services,Location,25182653,03-08-2023,Disputed,
INV08750,PRJ01118,Mama Bisi Kitchen Services,Catering,42851925,23 Nov 2022,paid,
INV01651,PRJ00837,Lagos Grip & Lighting,Equipment Rental,3917246,17/03/2023,PAID,
INV07446,PRJ02165,Stagehand Talent Agency,Talent,21319620,10/12/2021,OVERDUE,
INV02867,PRJ00831,Naija Locations Ltd,Location,2114458,2025-05-02,Pd,
INV03312,PRJ01462,Reel Edit Studios,Post-Production,52476780,22/07/2024,Disputed,
INV07965,PRJ01943,Coastline Property Services,Location,21026055,2022-07-07,pending,
INV02354,PRJ01258,Crew Connect NG,Crew,934479,2022-02-15,Pd,
INV00190,PRJ00474,Crew Connect NG,Crew,821318,18 Jun 2022,Overdue,
INV04361,PRJ01003,ColourGrade Lagos,Post-Production,50103348,01 Jul 2022,OVERDUE,
INV07818,PRJ00724,FRAME & FOCUS EQUIPMENT,Equipment Rental,29901264,11-09-2021,OVERDUE,
INV05769,PRJ03140,SoundWave Post NG,Post-Production,29499602,23 Oct 2023,PAID,
INV00527,PRJ01562,Stagehand Talent Agency,Talent,32435552,25-10-2022,disputed,
INV03518,PRJ01262,Mama Bisi Kitchen Services,Catering,34566852,13 Mar 2023,Overdue,
INV06349,PRJ03549,Frame & Focus Equipment,Equipment Rental,7630244,2023-06-21,paid,
INV06575,PRJ00813,CHOP LIFE CATERING,Catering,29837662,2022-11-05,Disputed,
INV06259,PRJ03422,Stagehand Talent Agency,Talent,3233682,21/01/2025,Disputed,
INV08019,PRJ02278,Urban Set Scouts,Location,2551166,2021-10-04,Disputed,
INV09270,PRJ01390,ColourGrade Lagos,Post-Production,11916962,08-11-2021,paid,
INV07191,PRJ03511,Stagehand Talent Agency,Talent,4629494,24/09/2024,pending,
INV08789,PRJ03280,ColourGrade Lagos,Post-Production,12094154,09 Dec 2022,OVERDUE,
INV02852,PRJ01948,SoundWave Post NG,Post-Production,3588779,04 Apr 2023,paid,
INV04862,PRJ01293,OnDeck Production Staffing,Crew,16105446,17/03/2024,OVERDUE,
INV03566,PRJ02785,chop life catering,Catering,48624657,18/05/2022,Pending,
INV03395,PRJ01137,ProGear Nigeria,Equipment Rental,17389702,28-01-2024,paid,
INV03755,PRJ00760,REEL EDIT STUDIOS,Post-Production,10510173,08/11/2021,Disputed,
INV05862,PRJ02656,Lagos Grip & Lighting Co,Equipment Rental,17433258,23/03/2025,paid,
INV03307,PRJ01958,SoundWave Post NG,Post-Production,25169384,11/03/2022,paid,
INV04524,PRJ01635,OnDeck Production Staffing,Crew,5929813,23-10-2023,Pending,
INV00085,PRJ01432,stagehand talent agency,Talent,14227420,19-08-2021,Pd,
INV03743,PRJ00404,SoundWave Post NG,Post-Production,37206660,14 Apr 2025,Disputed,
INV03404,PRJ00566,Reel Edit Studios,Post-Production,28652235,15/11/2023,disputed,
INV05036,PRJ01545,ColourGrade Lagos,Post-Production,"NGN 67,124,275",06 Dec 2022,Pd,
INV02516,PRJ03984,Redline Camera Rentals,Equipment Rental,50828470,02 Aug 2023,PAID,
INV04623,PRJ02810,Coastline Property Services,Location,21446642,23 Sep 2024,disputed,
INV02443,PRJ03945,Reel Edit Studios,Post-Production,20317193,23/11/2024,disputed,
INV00444,PRJ01414,Naija Faces Casting,Talent,28406987,20 Sep 2023,Pending,
INV06467,PRJ00389,Naija Faces Casting,Talent,16251366,06 Nov 2022,pending,
INV09439,PRJ03534,OnSet Meals NG,Catering,5069368,10 Dec 2021,Paid,
INV08912,PRJ03951,Redline Camera Rentals,Equipment Rental,32108557,27/11/2021,Pending,
INV05578,PRJ02596,Reel Edit Studios,Post-Production,21030926,27/08/2022,PAID,
INV04051,PRJ02364,SoundWave Post,Post-Production,28402196,20 Dec 2021,OVERDUE,
INV03673,PRJ00450,Frame & Focus Equipment,Equipment Rental,14613697,13 Mar 2024,Overdue,
INV08041,PRJ00112,ondeck production staffing,Crew,7107617,15-01-2022,Overdue,
INV06323,PRJ03046,OnSet Meals NG,Catering,9558722,2024-03-04,Pd,
INV02763,PRJ01194,ProGear Nigeria,Equipment Rental,6904300,26 Sep 2024,Paid,
INV03677,PRJ02908,Lagos Grip & Lighting Co,Equipment Rental,20852373,12-08-2024,Pd,
INV09503,PRJ00050,ColourGrade Lagos,Post-Production,20957026,16 Dec 2021,pending,
INV07751,PRJ03254,ONDECK PRODUCTION STAFFING,Crew,22838326,10-03-2024,Disputed,
INV00211,PRJ02211,SoundWave Post NG,Post-Production,756675,2024-12-18,OVERDUE,
INV02146,PRJ01824,Stagehand Talent Agency,Talent,15184251,2022-01-08,Pd,
INV02729,PRJ03298,SoundWave Post,Post-Production,30661549,04 Jan 2022,PAID,
INV01269,PRJ02228,Urban Set Scouts,Location,39310895,09/10/2023,OVERDUE,
INV02990,PRJ02457,OnDeck Production Staffing,Crew,14405068,21 Sep 2025,Overdue,
INV08177,PRJ01715,CREW CONNECT NG,Crew,19115276,23 Jun 2025,OVERDUE,
INV02456,PRJ01188,Naija Faces Casting,Talent,64422970,2022-03-25,pending,
INV06580,PRJ01512,ProGear Nigeria,Equipment Rental,636268,13/11/2024,pending,
INV01800,PRJ01930,Stagehand Talent Agency,Talent,36104232,21 Jun 2021,Pending,
INV00372,PRJ02796,Lagos Grip & Lighting Co,Equipment Rental,10172846,2022-03-23,paid,
INV04314,PRJ02914,ColourGrade Lagos,Post-Production,60299206,18 May 2025,Pd,
INV09149,PRJ00485,Reel Edit Studios,Post-Production,5237878,08/06/2023,disputed,
INV03950,PRJ01038,Naija Locations Ltd,Location,17118978,05-04-2025,PAID,
INV06401,PRJ02497,Crew Connect NG,Crew,1131765,06/05/2025,Disputed,
INV05103,PRJ01125,CHOP LIFE CATERING,Catering,27556970,11 Jan 2022,OVERDUE,
INV08673,PRJ03248,OnSet Meals NG,Catering,21636879,23 Dec 2024,paid,
INV08255,PRJ01733,FRAME & FOCUS EQUIPMENT,Equipment Rental,"NGN 32,556,851",03 Jan 2021,Pd,
INV04543,PRJ02708,Naija Faces Casting,Talent,10635654,20/07/2022,Pending,
INV03480,PRJ01912,OnSet Meals NG,Catering,253226,2024-07-21,disputed,
INV07520,PRJ00742,Frame & Focus Equipment,Equipment Rental,5787816,18 Dec 2025,pending,
INV00382,PRJ03964,OnDeck Production Staffing,Crew,840889,17-06-2022,Pending,
INV00053,PRJ01807,Crewnnect,Crew,29049707,11-06-2023,OVERDUE,
INV04842,PRJ03841,OnDeck Production Staffing,Crew,29213067,15-12-2022,paid,
INV08445,PRJ02984,Chop Life Catering,Catering,1843355,2023-07-03,OVERDUE,
INV06151,PRJ00654,reel edit studios,Post-Production,6272488,25/12/2022,OVERDUE,
INV04334,PRJ01325,SoundWave Post NG,Post-Production,317953,14 May 2025,Paid,
INV06964,PRJ02728,crew connect ng,Crew,3916845,14 Jan 2024,Pending,
INV00552,PRJ00433,Reel Edit Studios,Post-Production,678645,07/06/2025,Overdue,
INV04389,PRJ03601,STAGEHAND TALENT AGENCY,Talent,711309,21-07-2021,pending,
INV08926,PRJ02046,NAIJA FACES CASTING,Talent,10180145,2021-03-08,Disputed,
INV05731,PRJ01335,ColourGrade Lagos,Post-Production,4173726,18-10-2022,Pd,
INV05590,PRJ02557,MAMA BISI KITCHEN SERVICES,Catering,5569165,16 Oct 2021,OVERDUE,
INV07038,PRJ01627,naija faces casting,Talent,726217,10/01/2023,Disputed,
INV08554,PRJ01083,OnDeck Production Staffing,Crew,14183100,27-04-2023,paid,
INV07484,PRJ00497,Naija Faces Casting,Talent,19468662,2022-06-24,Pending,
INV00208,PRJ00229,OnDeck Production Staffing,Crew,21057686,08-11-2024,Paid,
INV03463,PRJ01921,Naija Faces Casting,Talent,45352793,01 May 2023,paid,
INV09094,PRJ02426,Stagehand Talent Agency,Talent,19586229,24 Sep 2022,OVERDUE,
INV03224,PRJ00014,Urban Set Scouts,Location,4890879,2024-08-12,OVERDUE,
INV01652,PRJ00837,PROGEAR NIGERIA,Equipment Rental,34085181,2021-05-20,disputed,
INV06796,PRJ02751,Naija Locations Ltd,Location,3220613,13-08-2024,Pd,
INV09245,PRJ03550,LAGOS GRIP & LIGHTING CO,Equipment Rental,13916054,07-07-2023,OVERDUE,
INV00155,PRJ00819,Chop Life Catering,Catering,7735812,15 Mar 2025,Pd,
INV03471,PRJ02349,OnSet Meals NG,Catering,7895965,21/12/2025,pending,
INV06568,PRJ00714,OnDeck Production Staffing,Crew,6122804,16 Jun 2021,Pending,
INV00924,PRJ02239,CREW CONNECT NG,Crew,29395773,16/02/2024,Pending,
INV07412,PRJ00867,ondeck production staffing,Crew,3673873,16 Mar 2024,paid,
INV01553,PRJ02173,Naija Locations Ltd,Location,8999025,2023-06-24,Paid,
INV04626,PRJ03776,Frame & Focus Equipment,Equipment Rental,24830660,2024-03-04,pending,
INV06722,PRJ02005,Mama Bisi Kitchen Services,Catering,14206629,2021-08-06,pending,
INV01344,PRJ00720,onset meals ng,Catering,4878028,15 Jul 2025,OVERDUE,
INV02488,PRJ03619,SOUNDWAVE POST NG,Post-Production,1851448,18/12/2024,OVERDUE,
INV03296,PRJ03438,chop life catering,Catering,7973177,2023-10-08,Pending,
INV06555,PRJ03406,ColourGrade Lagos,Post-Production,21225254,10/11/2024,paid,
INV09241,PRJ00039,Naija Faces Casting,Talent,9126720,2021-09-23,Disputed,
INV05852,PRJ03184,stagehand talent agency,Talent,21322775,02/01/2023,Overdue,
INV02408,PRJ03701,Lagos Grip & Lighting Co,Equipment Rental,29783987,18-05-2022,Disputed,
INV06559,PRJ02427,Reel Edit Studios,Post-Production,2672798,18-12-2022,Overdue,
INV04438,PRJ02560,Lagos Grip & Lighting Co,Equipment Rental,9125569,22-03-2025,paid,
INV00387,PRJ02897,Reel Edit Studios,Post-Production,11862299,2022-02-05,disputed,
INV08210,PRJ01654,lagos grip & lighting co,Equipment Rental,56756578,28 Oct 2021,Overdue,
INV03812,PRJ01165,Coastline Property Services,Location,13230778,04-11-2023,paid,
INV08468,PRJ03260,Urban Set Scouts,Location,51767100,21 Dec 2022,PAID,
INV07672,PRJ02917,onset meals ng,Catering,22474418,01-06-2023,OVERDUE,
INV00700,PRJ03119,SoundWave Post,Post-Production,5635968,09-07-2021,PAID,
INV07861,PRJ01295,Coastline Property Services,Location,2534356,11-12-2022,paid,
INV03670,PRJ00450,OnDeck Production Staffing,Crew,3601288,12-05-2021,Paid,
INV06188,PRJ00799,Naija Locations Ltd,Location,14787905,06/06/2021,Pd,
INV03575,PRJ03027,OnDeck Production Staffing,Crew,31126395,08-08-2025,paid,
INV08497,PRJ03504,Stagehand Talent Agency,Talent,"NGN 7,737,959",02-03-2024,pending,
INV09221,PRJ03711,Crew Connect NG,Crew,244293,04 Sep 2022,Overdue,
INV07652,PRJ02926,OnDeck Production Staffing,Crew,24256834,2023-02-03,Pending,
INV01874,PRJ00226,ONDECK PRODUCTION STAFFING,Crew,3036158,23-11-2022,pending,
INV07968,PRJ01943,ONDECK PRODUCTION STAFFING,Crew,23817153,2023-01-17,Overdue,
INV00571,PRJ00209,redline camera rentals,Equipment Rental,31272967,05/12/2021,disputed,
INV04953,PRJ02882,Urban Set Scouts,Location,37436419,2023-05-03,Paid,
INV03006,PRJ02386,Stagehand Talent Agency,Talent,15798237,24/05/2022,OVERDUE,
INV07947,PRJ03817,OnDeck Production Staffing,Crew,38571598,10-11-2021,paid,
INV00469,PRJ02943,Reel Edit Studios,Post-Production,5973418,25/06/2025,Overdue,
INV03008,PRJ02386,OnSet Meals NG,Catering,17105849,2024-11-18,OVERDUE,
INV02710,PRJ00739,lagos grip & lighting co,Equipment Rental,8726564,03 May 2024,Disputed,
INV08845,PRJ02231,Chop Life Catering,Catering,10009639,2024-07-23,paid,
INV03815,PRJ02940,Urban Set Scouts,Location,18229739,09 May 2022,Paid,
INV04197,PRJ01910,Frame & Focus Equipment,Equipment Rental,27142456,2021-10-27,Disputed,
INV03080,PRJ02365,chop life catering,Catering,515453,25-06-2025,OVERDUE,
INV01563,PRJ01719,Frame & Focus Equipment,Equipment Rental,20330188,2022-09-26,PAID,
INV08094,PRJ00225,Frame & Focus Equipment,Equipment Rental,5936556,14 Jul 2022,Disputed,
INV02511,PRJ02663,FRAME & FOCUS EQUIPMENT,Equipment Rental,3205437,2024-02-25,Pending,
INV08985,PRJ02987,Frame & Focus Equipment,Equipment Rental,"NGN 30,858,351",22 Dec 2025,Paid,
INV04580,PRJ02762,Crew Connect NG,Crew,17162323,26-10-2023,pending,
INV03586,PRJ01284,Lagos Grip & Lighting Co,Equipment Rental,18161588,2022-01-08,OVERDUE,
INV00588,PRJ01397,SoundWave Post NG,Post-Production,5818382,16 Mar 2023,PAID,
INV04621,PRJ02788,ONDECK PRODUCTION STAFFING,Crew,16822307,08 Apr 2025,Disputed,
INV02457,PRJ01188,Redline Camera Rentals,Equipment Rental,10410513,14/11/2023,disputed,
INV06615,PRJ03530,Urban Set Scouts,Location,41443571,2025-04-17,OVERDUE,
INV00250,PRJ03824,Lagos Grip & Lighting,Equipment Rental,9368287,03 Feb 2021,Disputed,
INV03774,PRJ03729,Urban Set Scouts,Location,22596501,22-01-2021,OVERDUE,
INV05795,PRJ02369,OnSet Meals NG,Catering,10250023,18/04/2023,Pd,
INV02501,PRJ00213,CHOP LIFE CATERING,Catering,45070954,14 Oct 2022,Pending,
INV06231,PRJ01574,Urban Set Scouts,Location,23070694,19/05/2024,PAID,
INV04134,PRJ03826,Mama Bisi Kitchen Services,Catering,4524805,14/05/2023,pending,
INV07886,PRJ03541,urban set scouts,Location,7575348,22/07/2022,OVERDUE,
INV02200,PRJ01057,Naija Locations Ltd,Location,6983302,13/01/2023,Pending,
INV08167,PRJ02404,Chop Life Catering,Catering,47943876,14-04-2022,pending,
INV07119,PRJ01135,Stagehand Talent Agency,Talent,8630154,26-05-2024,pending,
INV07195,PRJ02800,ColourGrade Lagos,Post-Production,58946726,09/05/2025,Paid,
INV04009,PRJ03098,Lagos Grip & Lighting Co,Equipment Rental,695365,07 Dec 2025,Paid,
INV03721,PRJ03990,Mama Bisi Kitchen Services,Catering,29612618,13 Oct 2025,disputed,
INV01109,PRJ01183,Redline Camera Rentals,Equipment Rental,40644022,2022-04-03,pending,
INV01239,PRJ00630,OnDeck Production Staffing,Crew,29875457,28/08/2022,Pd,
INV02855,PRJ00898,Coastline Property Services,Location,22540737,01-02-2021,disputed,
INV08756,PRJ03122,Chop Life Catering,Catering,1999550,13-09-2021,Overdue,
INV01525,PRJ02451,Mama Bisi Kitchen Services,Catering,2652514,15/08/2022,disputed,
INV09473,PRJ03629,CREW CONNECT NG,Crew,1029498,23/05/2025,PAID,
INV02260,PRJ01294,Naija Faces Casting,Talent,35874534,03 Jul 2022,Overdue,
INV05916,PRJ02653,OnSet Meals NG,Catering,34347975,2023-10-02,Disputed,
INV09397,PRJ03571,ColourGrade Lagos,Post-Production,25671376,2021-09-08,Disputed,
INV06537,PRJ02000,Mama Bisi Kitchen Services,Catering,76064010,21-01-2024,Disputed,
INV05786,PRJ03417,Reel Edit Studios,Post-Production,27275202,17/06/2025,PAID,
INV01582,PRJ01707,OnDeck Production Staffing,Crew,16690915,07/12/2021,OVERDUE,
INV06443,PRJ00092,ondeck production staffing,Crew,27613141,15-05-2021,Pd,
INV03791,PRJ01819,frame & focus equipment,Equipment Rental,79619443,27-01-2023,disputed,
INV05232,PRJ03116,coastline property services,Location,15127242,06-05-2021,Paid,
INV07403,PRJ03861,Naija Locations Ltd,Location,23422012,24/05/2023,OVERDUE,
INV05233,PRJ03116,REDLINE CAMERA RENTALS,Equipment Rental,26179079,2023-02-25,disputed,
INV00681,PRJ00141,naija faces casting,Talent,12917382,2024-12-22,paid,
INV07359,PRJ01782,SoundWave Post,Post-Production,21627824,2024-05-18,disputed,
INV02778,PRJ01404,soundwave post ng,Post-Production,27314278,23 May 2025,Disputed,
INV06831,PRJ00524,Crew Connect NG,Crew,40752542,10 Dec 2023,Overdue,
INV00642,PRJ03599,frame & focus equipment,Equipment Rental,"NGN 41,333,421",09/05/2024,pending,
INV04179,PRJ02257,Redline Camera Rentals,Equipment Rental,8919716,21 Mar 2021,Pd,
INV08768,PRJ03302,naija locations ltd,Location,4852492,04-11-2022,Disputed,
INV05400,PRJ03890,OnDeck Production Staffing,Crew,23570340,04 Jan 2025,Overdue,
INV03181,PRJ00041,OnSet Meals NG,Catering,8928556,2024-02-14,OVERDUE,
INV09685,PRJ03450,Lagos Grip & Lighting Co,Equipment Rental,11593945,2023-02-22,paid,
INV03729,PRJ02553,coastline property services,Location,13329834,03 Dec 2023,pending,
INV07780,PRJ00353,SoundWave Post NG,Post-Production,9769756,27/05/2025,Overdue,
INV03000,PRJ01873,Naija Locations Ltd,Location,53654050,17/03/2023,paid,
INV01748,PRJ03648,OnDeck Production Staffing,Crew,58627116,2024-02-25,disputed,
INV02902,PRJ00309,Coastline Property Services,Location,7106311,08-04-2025,paid,
INV08945,PRJ02007,Naija Faces Casting,Talent,12302191,19/02/2024,PAID,
INV09368,PRJ03377,Urban Set Scouts,Location,899981,19 Jan 2021,Pending,
INV00332,PRJ01869,stagehand talent agency,Talent,1184979,05-04-2024,paid,
INV00546,PRJ01886,ProGear Nigeria,Equipment Rental,45724651,19 Dec 2022,paid,
INV09166,PRJ02146,lagos grip & lighting co,Equipment Rental,3339880,18-08-2021,Overdue,
INV09628,PRJ01468,SoundWave Post,Post-Production,33679623,07/05/2024,paid,
INV01810,PRJ02720,SoundWave Post NG,Post-Production,19266623,2021-07-10,disputed,
INV06047,PRJ03987,Lagos Grip & Lighting Co,Equipment Rental,21781499,16-02-2024,Pending,
INV07809,PRJ03865,ProGear Nigeria,Equipment Rental,13358532,2022-09-14,PAID,
INV09613,PRJ02860,COASTLINE PROPERTY SERVICES,Location,30416321,25 Dec 2025,disputed,
INV01333,PRJ03651,SoundWave Post,Post-Production,"NGN 19,733,101",22-07-2025,Pending,
INV01732,PRJ01395,Stagehand Talent Agency,Talent,2975087,14 Oct 2022,Pending,
INV05211,PRJ00336,CREW CONNECT NG,Crew,53076139,05-02-2022,Pending,
INV04989,PRJ03097,colourgrade lagos,Post-Production,11101531,07-06-2025,Overdue,
INV08393,PRJ00723,Crew Connect NG,Crew,24292959,26-12-2022,Pending,
INV08365,PRJ02739,Crewnnect,Crew,19520936,26 Jul 2025,Overdue,
INV03849,PRJ03734,crew connect ng,Crew,45147011,18-02-2024,Disputed,
INV01928,PRJ02326,Chop Life Catering,Catering,"NGN 25,970,406",10/08/2025,OVERDUE,
INV09713,PRJ03835,mama bisi kitchen services,Catering,5133523,18 Jan 2025,paid,
INV03905,PRJ02336,OnDeck Production Staffing,Crew,13939569,09/09/2023,pending,
INV05848,PRJ00096,Mama Bisi Kitchen Services,Catering,72038281,27 Apr 2021,PAID,
INV00299,PRJ03609,CREW CONNECT NG,Crew,4040774,17 Dec 2022,OVERDUE,
INV07143,PRJ01966,crew connect ng,Crew,43010128,02/08/2022,Paid,
INV03976,PRJ03812,Crew Connect NG,Crew,21530826,27 Jun 2021,disputed,
INV00891,PRJ03135,CREW CONNECT NG,Crew,8812167,16 Mar 2025,PAID,
INV05388,PRJ03562,Redline Camera Rentals,Equipment Rental,"NGN 912,312",14 Oct 2023,paid,
INV04912,PRJ02812,Chop Life Catering,Catering,1299111,2025-04-28,Pending,
INV01486,PRJ02606,Mama Bisi Kitchen Services,Catering,8370534,20/05/2024,Pd,
INV07489,PRJ01300,SoundWave Post NG,Post-Production,22990673,2023-11-20,Overdue,
INV00537,PRJ02510,Urban Set Scouts,Location,1470142,17-05-2022,pending,
INV05636,PRJ01053,SoundWave Post NG,Post-Production,42532813,2025-10-14,PAID,
INV03083,PRJ02365,STAGEHAND TALENT AGENCY,Talent,4122707,16/02/2024,paid,
INV04963,PRJ00696,ProGear,Equipment Rental,695611,03-12-2024,PAID,
INV07719,PRJ02151,Stagehand Talent Agency,Talent,6747613,03 Apr 2025,Pd,
INV00445,PRJ01414,Lagos Grip & Lighting Co,Equipment Rental,16072264,22-09-2022,Disputed,
INV03678,PRJ02908,mama bisi kitchen services,Catering,209808,02/09/2025,Pd,
INV03942,PRJ02621,Urban Set Scouts,Location,5878790,18 Mar 2021,PAID,
INV05958,PRJ02392,Reel Edit Studios,Post-Production,43417457,2024-06-01,pending,
INV01292,PRJ01313,SOUNDWAVE POST NG,Post-Production,5324980,03-08-2025,PAID,
INV02169,PRJ02444,Coastline Property Services,Location,5571094,2022-01-23,Pd,
INV05064,PRJ00278,Mama Bisi Kitchen Services,Catering,31806161,07 Apr 2024,Paid,
INV03277,PRJ00170,ColourGrade Lagos,Post-Production,7103719,26 Apr 2025,PAID,
INV04799,PRJ00703,OnSet Meals,Catering,27239556,04 Jun 2022,paid,
INV05753,PRJ00384,soundwave post ng,Post-Production,31787694,28/06/2021,Pending,
INV03689,PRJ02125,Crew Connect NG,Crew,1080250,27/06/2024,OVERDUE,
INV06544,PRJ02662,REEL EDIT STUDIOS,Post-Production,19388752,08-06-2025,Disputed,
INV07087,PRJ01069,Redline Camera Rentals,Equipment Rental,6917831,18/05/2023,Pending,
INV00846,PRJ01674,Lagos Grip & Lighting Co,Equipment Rental,48132498,07 Nov 2022,Pending,
INV01104,PRJ00031,Stagehand Talent Agency,Talent,4448304,28/05/2022,Disputed,
INV04284,PRJ00477,Reel Edit Studios,Post-Production,13841900,2023-01-08,Pd,
INV05240,PRJ00379,Reel Edit Studios,Post-Production,197039,2023-12-20,OVERDUE,
INV04998,PRJ01776,SoundWave Post NG,Post-Production,14302874,16-07-2025,paid,
INV04298,PRJ02942,naija locations ltd,Location,2878459,2025-11-21,PAID,
INV08057,PRJ01028,Naija Locations,Location,1179246,23/11/2023,PAID,
INV07402,PRJ03861,PROGEAR NIGERIA,Equipment Rental,20799841,04 Jul 2025,pending,
INV09752,PRJ09999,Naija Faces Casting,Talent,26294795,2023-08-02,Pending,
INV08629,PRJ02853,ONDECK PRODUCTION STAFFING,Crew,5918365,03-05-2021,Overdue,
INV00074,PRJ02233,Stagehand Talent Agency,Talent,36668076,28-11-2022,PAID,
INV02346,PRJ02186,SoundWave Post NG,Post-Production,4089777,13-02-2024,paid,
INV03164,PRJ02135,OnDeck Production Staffing,Crew,37475932,2021-12-21,paid,
INV03114,PRJ02499,ColourGrade Lagos,Post-Production,18228888,25/09/2025,Disputed,
INV00414,PRJ00769,Chop Life Catering,Catering,50388161,15-06-2022,OVERDUE,
INV06781,PRJ01077,stagehand talent agency,Talent,17480338,2021-05-28,pending,
INV02487,PRJ03619,Chop Life Catering,Catering,33599820,23/05/2023,pending,
INV05032,PRJ00364,Coastline Property Services,Location,6315194,17 Sep 2025,Pending,
INV03494,PRJ02599,Naija Faces Casting,Talent,459987,14 Oct 2025,Pd,
INV06352,PRJ02101,Stagehand Talent Agency,Talent,16535741,22 Jul 2025,Disputed,
INV04663,PRJ00812,OnSet Meals NG,Catering,27091363,04-06-2021,OVERDUE,
INV05979,PRJ01607,Naija Faces Casting,Talent,9237168,28 Jan 2024,paid,
INV03262,PRJ00056,coastline property services,Location,17892288,11 Aug 2024,PAID,
INV03213,PRJ00825,Frame & Focus Equipment,Equipment Rental,3319694,01 Oct 2021,pending,
INV03371,PRJ02321,OnSet Meals NG,Catering,3069843,18/02/2022,Paid,
INV03605,PRJ03620,Redline Camera Rentals,Equipment Rental,5012077,14-05-2024,Pending,
INV08489,PRJ01319,ColourGrade Lagos,Post-Production,12066876,04/03/2025,Pd,
INV04319,PRJ00601,Frame & Focus Equipment,Equipment Rental,"NGN 24,830,475",2021-11-18,disputed,
INV03060,PRJ01732,crew connect ng,Crew,2245737,2024-08-19,paid,
INV01473,PRJ03081,Crew Connect NG,Crew,"NGN 2,881,533",03/03/2021,Overdue,
INV09219,PRJ03711,progear nigeria,Equipment Rental,2508989,01/11/2022,Pending,
INV09486,PRJ00894,naija faces casting,Talent,18364055,28-09-2024,Pending,
INV03587,PRJ01284,ondeck production staffing,Crew,11803289,22-09-2024,paid,
INV07920,PRJ01585,OnSet Meals NG,Catering,3498435,2024-09-04,PAID,
INV08126,PRJ02068,ProGear Nigeria,Equipment Rental,23552962,28/08/2022,Disputed,
INV04814,PRJ02282,Lagos Grip & Lighting Co,Equipment Rental,99990773,2023-08-04,paid,
INV04614,PRJ01986,Lagos Grip & Lighting Co,Equipment Rental,36931847,20 Mar 2023,OVERDUE,
INV05913,PRJ03258,Mama Bisi Kitchen Services,Catering,5563817,2024-10-02,paid,
INV00785,PRJ02808,Naija Locations Ltd,Location,25453276,08-09-2025,Paid,
INV09587,PRJ00972,SoundWave Post NG,Post-Production,14274148,2025-10-22,Pending,
INV03907,PRJ02258,ProGear Nigeria,Equipment Rental,2373095,26 Sep 2023,paid,
INV00750,PRJ02430,Mama Bisi Kitchen Services,Catering,26151370,2023-06-25,Paid,
INV01367,PRJ02605,ProGear Nigeria,Equipment Rental,42772086,15/03/2022,PAID,
INV04040,PRJ02051,Crew Connect NG,Crew,33513825,2024-01-04,pending,
INV06209,PRJ03444,onset meals ng,Catering,32608739,24/08/2025,Overdue,
INV09364,PRJ01673,ColourGrade Lagos,Post-Production,7760908,03 Feb 2024,Disputed,
INV03549,PRJ02378,SoundWave Post NG,Post-Production,2326470,2024-11-20,Overdue,
INV04156,PRJ00200,OnDeck Production Staffing,Crew,10572281,09 Jun 2024,pending,
INV09603,PRJ03493,OnDeck Production Staffing,Crew,15163548,2022-08-19,paid,
INV08307,PRJ03188,OnDeck Production Staffing,Crew,80525196,28-03-2024,pending,
INV03122,PRJ01895,OnDeck Production Staffing,Crew,10940153,04 Oct 2024,pending,
INV05922,PRJ02208,Naija Locations Ltd,Location,11116182,25/09/2025,disputed,
INV09471,PRJ00161,REEL EDIT STUDIOS,Post-Production,6670909,2025-09-19,Overdue,
INV00227,PRJ02887,STAGEHAND TALENT AGENCY,Talent,"NGN 2,399,472",03 Aug 2023,paid,
INV03298,PRJ01831,Urban Set Scouts,Location,82391445,15-08-2025,Overdue,
INV09694,PRJ00416,Reel Edit Studios,Post-Production,13595815,08-06-2023,Overdue,
INV04088,PRJ02681,Urban Set Scouts,Location,5020134,17 May 2022,OVERDUE,
INV00263,PRJ02152,STAGEHAND TALENT AGENCY,Talent,2199712,19-12-2021,paid,
INV01518,PRJ03832,coastline property services,Location,18725465,28-01-2025,OVERDUE,
INV07781,PRJ00353,OnDeck Production Staffing,Crew,28026304,19 May 2021,pending,
INV05149,PRJ01361,Coastline Property Services,Location,32676036,16-05-2024,Paid,
INV00267,PRJ03788,Stagehand Talent Agency,Talent,1807567,23/03/2021,paid,
INV09307,PRJ02083,naija faces casting,Talent,1865931,04/12/2025,Pending,
INV03057,PRJ03308,Crew Connect NG,Crew,49834977,2025-01-10,paid,
INV01036,PRJ02079,Crew Connect NG,Crew,32243547,03-07-2023,OVERDUE,
INV05098,PRJ01125,ONSET MEALS NG,Catering,9602926,16-03-2025,Pd,
INV01789,PRJ02935,OnSet Meals NG,Catering,17953019,15-06-2025,OVERDUE,
INV06768,PRJ02458,Naija Faces Casting,Talent,7683737,2021-07-03,Overdue,
INV04453,PRJ03855,Naija Locations Ltd,Location,9537008,2025-06-25,pending,
INV03764,PRJ01326,OnSet Meals NG,Catering,6237687,2023-07-01,PAID,
INV03581,PRJ02184,ColourGrade Lagos,Post-Production,22494463,27-10-2021,pending,
INV08544,PRJ01549,REDLINE CAMERA RENTALS,Equipment Rental,47118418,12-05-2023,Disputed,
INV06358,PRJ01694,URBAN SET SCOUTS,Location,6697597,23/03/2023,disputed,
INV05639,PRJ01990,Coastline Property Services,Location,11404098,16-06-2023,Pd,
INV08025,PRJ03461,OnSet Meals NG,Catering,5735638,2024-08-02,pending,
INV08617,PRJ00035,Urban Set Scouts,Location,7894087,2024-06-05,disputed,
INV06420,PRJ00548,ColourGrade Lagos,Post-Production,14857007,2024-09-28,Disputed,
INV06800,PRJ01417,LAGOS GRIP & LIGHTING CO,Equipment Rental,"NGN 20,914,162",15-07-2021,Paid,
INV00477,PRJ03034,Chop Life Catering,Catering,2205529,12/08/2025,paid,
INV03732,PRJ02553,ColourGrade Lagos,Post-Production,4540873,16-03-2022,Pending,
INV02240,PRJ01214,NAIJA FACES CASTING,Talent,16763445,2023-07-12,PAID,
INV03279,PRJ01742,OnSet Meals NG,Catering,30237340,2024-01-20,Paid,
INV06223,PRJ00459,OnDeck Production Staffing,Crew,6181515,01/11/2023,Paid,
INV07427,PRJ01802,Naija Faces Casting,Talent,12691613,09/06/2023,paid,
INV08576,PRJ03968,naija faces casting,Talent,2618965,2022-01-05,Pending,
INV06166,PRJ03709,Mama Bisi Kitchen Services,Catering,11358627,17/03/2024,OVERDUE,
INV02906,PRJ03922,Chop Life Catering,Catering,12780046,28/02/2021,paid,
INV02551,PRJ00533,Redline Camera Rentals,Equipment Rental,7330203,02-03-2023,Pending,
INV06638,PRJ02036,Stagehand Talent Agency,Talent,23465515,01/01/2021,OVERDUE,
INV05980,PRJ01607,Coastline Property Services,Location,25011340,26 Apr 2024,Paid,
INV09562,PRJ03828,ondeck production staffing,Crew,12195245,25/05/2021,Paid,
INV04565,PRJ02461,OnDeck Production Staffing,Crew,1607444,11-04-2022,pending,
INV06960,PRJ02728,naija faces casting,Talent,13418920,02-02-2024,pending,
INV00669,PRJ02207,CREW CONNECT NG,Crew,4599879,24/03/2021,Pending,
INV05143,PRJ03963,Crew Connect NG,Crew,25325612,25/01/2023,pending,
INV02866,PRJ00831,ONDECK PRODUCTION STAFFING,Crew,27024217,04-08-2023,OVERDUE,
INV04103,PRJ01111,Urban Set Scouts,Location,13810869,16-06-2022,Disputed,
INV03986,PRJ02586,STAGEHAND TALENT AGENCY,Talent,3394351,17 Sep 2021,Pending,
INV09122,PRJ01431,OnDeck Production Staffing,Crew,21992951,23/06/2022,Pd,
INV02806,PRJ02982,ONDECK PRODUCTION STAFFING,Crew,46180233,2021-05-04,PAID,
INV00547,PRJ01886,MAMA BISI KITCHEN SERVICES,Catering,9381847,18 Feb 2023,paid,
INV03107,PRJ02372,OnSet Meals NG,Catering,12345022,2024-03-19,Pending,
INV00503,PRJ02877,Naija Locations Ltd,Location,28446054,25 May 2022,Overdue,
INV07722,PRJ02151,OnDeck Production Staffing,Crew,28393347,26 May 2024,Pd,
INV06546,PRJ02662,Redline Camera Rentals,Equipment Rental,14898889,2025-12-21,pending,
INV08995,PRJ02789,Coastline Property Services,Location,38511408,2022-05-26,Pending,
INV00511,PRJ02752,Mama Bisi Kitchen Services,Catering,6552978,03/09/2022,Overdue,
INV06701,PRJ03975,Naija Faces Casting,Talent,29638198,03/07/2023,disputed,
INV05180,PRJ02235,Crewnnect,Crew,8478113,14/03/2022,Pending,
INV00385,PRJ02897,MAMA BISI KITCHEN SERVICES,Catering,45288289,24-09-2023,OVERDUE,
INV07126,PRJ02065,Lagos Grip & Lighting Co,Equipment Rental,50544224,19/03/2025,Overdue,
INV08648,PRJ01814,Reel Edit Studios,Post-Production,6264755,22/05/2021,Pd,
INV08986,PRJ02987,SoundWave Post NG,Post-Production,16711562,13/11/2023,pending,
INV05535,PRJ02723,Naija Faces Casting,Talent,11366552,02/02/2023,PAID,
INV00562,PRJ00045,ColourGrade Lagos,Post-Production,14073493,12 Mar 2025,Pending,
INV00319,PRJ02530,Naija Locations Ltd,Location,36696083,21-07-2023,paid,
INV03343,PRJ00600,Stagehand Talent Agency,Talent,64291775,14 Sep 2021,OVERDUE,
INV05185,PRJ03166,crew connect ng,Crew,4883648,15/10/2023,Paid,
INV09071,PRJ00176,OnDeck Production Staffing,Crew,29976673,2025-06-08,PAID,
INV07932,PRJ02972,Naija Faces Casting,Talent,60768842,2023-08-06,disputed,
INV04593,PRJ00997,Mama Bisi Kitchen Services,Catering,11587013,14/11/2022,Paid,
INV07670,PRJ03407,Urban Set Scouts,Location,5079428,09/02/2025,pending,
INV06582,PRJ01876,ProGear,Equipment Rental,2194896,08/01/2022,Disputed,
INV05359,PRJ00391,Lagos Grip & Lighting Co,Equipment Rental,28927953,05/11/2021,Pending,
INV09064,PRJ02675,ColourGrade Lagos,Post-Production,40984532,19 Mar 2021,OVERDUE,
INV01210,PRJ03904,Stagehand Talent Agency,Talent,29320695,19/02/2024,OVERDUE,
INV07141,PRJ01604,Stagehand Talent Agency,Talent,40844672,2022-06-09,OVERDUE,
INV00811,PRJ01768,Naija Faces Casting,Talent,14901155,05 Feb 2021,disputed,
INV04558,PRJ00325,NAIJA LOCATIONS LTD,Location,50165349,14-10-2025,Paid,
INV09716,PRJ03835,REEL EDIT STUDIOS,Post-Production,17079441,20/11/2023,Pending,
INV00293,PRJ03292,PROGEAR NIGERIA,Equipment Rental,6134257,05-11-2024,OVERDUE,
INV00312,PRJ03718,Chop Life Catering,Catering,8656690,13 Jul 2023,Paid,
INV03324,PRJ00875,reel edit studios,Post-Production,26885794,2024-08-01,Paid,
INV06659,PRJ02938,OnSet Meals,Catering,45374973,01-07-2021,Overdue,
INV02012,PRJ03398,mama bisi kitchen services,Catering,14726410,05 Jul 2025,pending,
INV05279,PRJ03351,Urban Set Scouts,Location,42743500,26-01-2025,disputed,
INV03206,PRJ01179,Naija Faces Casting,Talent,15605748,18/04/2024,disputed,
INV02697,PRJ02870,Chop Life Catering,Catering,7862436,24/05/2025,pending,
INV03772,PRJ00879,OnDeck Production Staffing,Crew,31131849,28/07/2023,PAID,
INV08426,PRJ01045,SoundWave Post NG,Post-Production,24034725,19 Jan 2022,pending,
INV07702,PRJ00887,SOUNDWAVE POST NG,Post-Production,19669746,08/11/2021,pending,
INV09575,PRJ02573,ProGear Nigeria,Equipment Rental,24087225,13-01-2021,paid,
INV02469,PRJ02777,stagehand talent agency,Talent,175202,28/01/2023,PAID,
INV08893,PRJ02766,Frame & Focus Equipment,Equipment Rental,32643734,20-11-2024,pending,
INV01415,PRJ02202,OnDeck Production Staffing,Crew,22226035,15/12/2025,Disputed,
INV09046,PRJ03304,Coastline Property Services,Location,6860047,07 Jul 2025,PAID,
INV04949,PRJ01408,OnSet Meals NG,Catering,20275772,03/08/2023,Pd,
INV01140,PRJ02660,Coastline Property Services,Location,4385781,09-05-2022,Pending,
INV08444,PRJ02984,Urban Set Scouts,Location,716601,2022-07-09,PAID,
INV00814,PRJ02019,Stagehand Talent Agency,Talent,20830292,15-06-2024,OVERDUE,
INV03482,PRJ01912,reel edit studios,Post-Production,28907952,15/02/2023,OVERDUE,
INV02355,PRJ01258,ProGear Nigeria,Equipment Rental,13051741,09/04/2021,disputed,
INV05888,PRJ02161,Stagehand Talent Agency,Talent,860162,06/08/2022,Pd,
INV07626,PRJ01299,Frame & Focus Equipment,Equipment Rental,3641853,2021-02-01,Pd,
INV04199,PRJ01910,Reel Edit Studios,Post-Production,3890628,20-09-2025,Disputed,
INV04198,PRJ01910,OnSet Meals NG,Catering,11737752,22/02/2022,Pending,
INV00271,PRJ02483,Mama Bisi Kitchen Services,Catering,339492,07 Nov 2024,OVERDUE,
INV04538,PRJ03063,Coastline Property Services,Location,20908605,20-09-2024,Pending,
INV08638,PRJ00088,STAGEHAND TALENT AGENCY,Talent,6737075,2024-09-23,Pd,
INV05740,PRJ02350,Crew Connect NG,Crew,9681941,18 May 2024,paid,
INV04011,PRJ00730,SoundWave Post NG,Post-Production,3615041,2021-01-12,Disputed,
INV04981,PRJ02706,Crew Connect NG,Crew,48966427,08/02/2021,Paid,
INV08290,PRJ00516,Lagos Grip & Lighting Co,Equipment Rental,5160741,10/11/2023,Overdue,
INV05988,PRJ02627,Coastline Property Services,Location,10353329,2025-07-26,PAID,
INV09767,PRJ00000,Coastline Property Services,Location,26954465,2022-02-28,OVERDUE,
INV02700,PRJ03409,Frame & Focus Equipment,Equipment Rental,45682211,07-10-2024,Pd,
INV05883,PRJ03907,Chop Life Catering,Catering,34742352,10 Jan 2024,Disputed,
INV06363,PRJ02166,OnDeck Production Staffing,Crew,18618310,05-12-2025,disputed,
INV09327,PRJ01933,Chop Life Catering,Catering,1279147,08-02-2023,Pending,
INV04903,PRJ01976,Redline Camera Rentals,Equipment Rental,25844446,2021-07-13,Overdue,
INV00534,PRJ02510,Urban Set Scouts,Location,9880065,04 Jan 2025,Paid,
INV01123,PRJ02050,OnSet Meals NG,Catering,6213607,05 Oct 2022,Disputed,
INV06512,PRJ03243,Coastline Property Services,Location,8718351,16 Jun 2024,Overdue,
INV02145,PRJ01824,SoundWave Post NG,Post-Production,39427313,13 Oct 2025,paid,
INV00895,PRJ01711,Reel Edit Studios,Post-Production,1780613,05 Nov 2021,PAID,
INV03526,PRJ02819,OnSet Meals NG,Catering,18985738,08 Jan 2025,Overdue,
INV02579,PRJ02590,Naija Faces Casting,Talent,34069511,09 Apr 2025,Pending,
INV00580,PRJ03496,Lagos Grip & Lighting,Equipment Rental,15850368,03/05/2023,Pending,
INV07073,PRJ01866,OnDeck Production Staffing,Crew,4421478,22 Mar 2021,Pd,
INV03999,PRJ00495,Urban Set Scouts,Location,17564888,22/05/2022,Disputed,
INV06458,PRJ01522,OnDeck Production Staffing,Crew,39086590,05-07-2024,Paid,
INV00048,PRJ01905,Crew Connect NG,Crew,45477102,21 Jan 2022,PAID,
INV05790,PRJ02204,SoundWave Post NG,Post-Production,6039661,2022-10-24,Paid,
INV02103,PRJ01494,COASTLINE PROPERTY SERVICES,Location,23107118,11/01/2023,disputed,
INV07561,PRJ03956,Crew Connect NG,Crew,7767363,09-04-2022,disputed,
INV05261,PRJ02470,Urban Set Scouts,Location,42632481,10/01/2024,disputed,
INV05580,PRJ03344,ProGear Nigeria,Equipment Rental,43906131,25 Dec 2024,PAID,
INV02308,PRJ03844,redline camera rentals,Equipment Rental,33444108,2024-01-23,pending,
INV04582,PRJ02831,Coastline Property Services,Location,18103904,05-11-2024,Pending,
INV07854,PRJ01526,naija faces casting,Talent,5612398,26-01-2023,Pending,
INV03423,PRJ02149,Redline Camera Rentals,Equipment Rental,20504689,14 Feb 2024,PAID,
INV05128,PRJ02676,ProGear Nigeria,Equipment Rental,53069565,07-09-2022,Overdue,
INV08713,PRJ02477,ColourGrade Lagos,Post-Production,12694566,2022-12-17,Pd,
INV06247,PRJ02325,OnDeck Production Staffing,Crew,1508733,2024-10-04,paid,
INV05141,PRJ00572,Naija Locations Ltd,Location,13220903,03 Sep 2023,paid,
INV06801,PRJ02555,ProGear Nigeria,Equipment Rental,10255111,28-06-2023,PAID,
INV00920,PRJ01794,Coastline Property Services,Location,3261920,25/10/2025,pending,
INV06064,PRJ02931,Naija Faces Casting,Talent,15334805,19 Aug 2025,Pending,
INV07634,PRJ01047,Redline Camera Rentals,Equipment Rental,33497917,2021-09-05,disputed,
INV09021,PRJ00942,OnSet Meals,Catering,7288052,17/01/2023,pending,
INV04735,PRJ00838,SoundWave Post NG,Post-Production,2177882,2022-08-14,Overdue,
INV05601,PRJ00833,Mama Bisi Kitchen Services,Catering,67530225,20/03/2023,OVERDUE,
INV04948,PRJ01408,urban set scouts,Location,4232919,2024-10-16,Overdue,
INV07349,PRJ02339,Naija Faces Casting,Talent,6308418,28/08/2023,paid,
INV05975,PRJ02787,naija locations ltd,Location,14797018,03/12/2023,paid,
INV03987,PRJ00874,crew connect ng,Crew,32692087,19 Nov 2023,pending,
INV07560,PRJ03956,Mama Bisi Kitchen Services,Catering,8137233,07 Oct 2024,Disputed,
INV08361,PRJ01271,Frame & Focus Equipment,Equipment Rental,24433250,19-04-2024,pending,
INV00838,PRJ00381,OnDeck Production Staffing,Crew,1241002,20 Dec 2025,Pd,
INV09113,PRJ01269,OnDeck Production Staffing,Crew,2467415,2025-09-23,paid,
INV02715,PRJ01172,ondeck production staffing,Crew,756862,18-03-2022,disputed,
INV07758,PRJ02912,Urban Set Scouts,Location,31028174,24 Jan 2022,disputed,
INV03403,PRJ00566,ProGear Nigeria,Equipment Rental,16835064,28/07/2022,Pd,
INV05096,PRJ01900,Mama Bisi Kitchen Services,Catering,2526660,2025-08-24,pending,
INV00237,PRJ00880,ONSET MEALS NG,Catering,22874374,07-06-2021,OVERDUE,
INV01417,PRJ03602,CREW CONNECT NG,Crew,24458113,2023-08-11,Overdue,
INV00836,PRJ00381,Mama Bisi Kitchen Services,Catering,18828779,18 Jul 2021,Paid,
INV04194,PRJ03169,STAGEHAND TALENT AGENCY,Talent,17815029,23/09/2025,Paid,
INV07958,PRJ02626,OnSet Meals NG,Catering,47160129,2025-03-20,disputed,
INV00759,PRJ00958,OnSet Meals NG,Catering,22868655,12-09-2021,PAID,
INV07407,PRJ00237,redline camera rentals,Equipment Rental,3221491,17-01-2021,pending,
INV07787,PRJ02382,ondeck production staffing,Crew,28496498,27-08-2025,disputed,
INV09151,PRJ01612,Mama Bisi Kitchen Services,Catering,28999881,2024-04-05,disputed,
INV04205,PRJ01471,OnDeck Production Staffing,Crew,31600506,20-02-2024,pending,
INV04637,PRJ02598,Naija Faces Casting,Talent,19675366,06-03-2024,Overdue,
INV08080,PRJ00173,ProGear Nigeria,Equipment Rental,1741051,07 Oct 2025,PAID,
INV07163,PRJ01548,ColourGrade Lagos,Post-Production,9988049,2024-12-23,Overdue,
INV03012,PRJ00634,Naija Locations Ltd,Location,17138416,02/01/2021,Overdue,
INV08636,PRJ00088,CREW CONNECT NG,Crew,17444495,2024-05-09,Pd,
INV03965,PRJ02452,ColourGrade Lagos,Post-Production,2782173,06-05-2023,pending,
INV06733,PRJ03908,Naija Locations Ltd,Location,525129,2023-09-02,Pending,
INV06860,PRJ01351,Reel Edit Studios,Post-Production,28348434,21-01-2023,Paid,
INV09777,PRJ09999,ColourGrade Lagos,Post-Production,11236179,24-09-2023,PAID,
INV06816,PRJ03590,SoundWave Post,Post-Production,45491829,02/02/2025,OVERDUE,
INV05713,PRJ03531,OnDeck Production Staffing,Crew,42749358,07/01/2022,Disputed,
INV04885,PRJ01317,Stagehand Talent Agency,Talent,33499190,15-05-2021,Pending,
INV07016,PRJ00301,SoundWave Post,Post-Production,1274847,27/02/2024,Overdue,
INV09583,PRJ01850,SoundWave Post,Post-Production,30294508,10-03-2025,Pd,
INV01331,PRJ03651,Chop Life Catering,Catering,31893052,12 Jan 2021,disputed,
INV07985,PRJ00360,ProGear Nigeria,Equipment Rental,19132642,26/01/2024,OVERDUE,
INV01240,PRJ00630,Chop Life Catering,Catering,20354246,10/09/2024,Overdue,
INV06851,PRJ01218,OnDeck Production Staffing,Crew,1069491,2025-04-26,paid,
INV04335,PRJ01325,Naija Locations,Location,2697402,10-06-2023,Overdue,
INV00611,PRJ00024,ondeck production staffing,Crew,15062077,05-06-2024,paid,
INV01018,PRJ00185,Urban Set Scouts,Location,5192164,20-02-2024,PAID,
INV01244,PRJ00974,CHOP LIFE CATERING,Catering,14398993,06-12-2022,pending,
INV08037,PRJ02169,ProGear Nigeria,Equipment Rental,51963723,05-09-2025,Paid,
INV05379,PRJ03267,Chop Life Catering,Catering,27523688,04/06/2024,Overdue,
INV08208,PRJ01654,Reel Edit Studios,Post-Production,13033092,19/07/2023,paid,
INV02366,PRJ00786,CREW CONNECT NG,Crew,36096739,06/05/2025,disputed,
INV07771,PRJ01036,OnSet Meals NG,Catering,11689698,26 Oct 2022,pending,
INV03532,PRJ03761,ProGear Nigeria,Equipment Rental,6119953,18/07/2022,Overdue,
INV09721,PRJ00954,Coastline Property Services,Location,40659979,18-12-2024,Paid,
INV07307,PRJ03345,COASTLINE PROPERTY SERVICES,Location,16099706,09/06/2025,OVERDUE,
INV06557,PRJ01138,OnSet Meals NG,Catering,51480955,2023-05-12,Pd,
INV01839,PRJ03952,Crew Connect NG,Crew,"NGN 13,622,730",28 Apr 2023,Pending,
INV03659,PRJ01278,Crew Connect NG,Crew,1086442,27 Nov 2022,disputed,
INV09736,PRJ01868,Chop Life Catering,Catering,14424880,14 Mar 2024,paid,
INV01574,PRJ01771,Naija Faces Casting,Talent,25821296,12/03/2021,Pd,
INV07079,PRJ01551,Crew Connect NG,Crew,4755969,2023-08-12,PAID,
INV02025,PRJ02528,Naija Faces Casting,Talent,47855873,2021-12-18,OVERDUE,
INV05895,PRJ03054,Coastline Property Services,Location,818277,08-07-2025,disputed,
INV05369,PRJ02920,Crewnnect,Crew,5731237,2022-09-07,Pending,
INV01386,PRJ03692,OnDeck Production Staffing,Crew,12811360,22 Aug 2022,Paid,
INV03904,PRJ02336,Crew Connect NG,Crew,53681986,21 Jul 2021,Pd,
INV07397,PRJ00062,SoundWave Post,Post-Production,12064138,2024-09-03,Pending,
INV03021,PRJ00956,Reel Edit Studios,Post-Production,17241281,03/07/2022,Pending,
INV03025,PRJ00788,OnDeck Production Staffing,Crew,16606716,25 Oct 2025,PAID,
INV04832,PRJ01441,chop life catering,Catering,39603247,03/09/2025,paid,
INV03735,PRJ01298,Lagos Grip & Lighting Co,Equipment Rental,4585945,17-04-2024,Disputed,
INV08212,PRJ03364,Lagos Grip & Lighting Co,Equipment Rental,9613810,16/12/2021,Disputed,
INV04457,PRJ00372,Stagehand Talent Agency,Talent,103157,24-02-2023,Pending,
INV00121,PRJ02411,stagehand talent agency,Talent,5611515,17 Mar 2024,Pending,
INV04469,PRJ02273,NAIJA FACES CASTING,Talent,41275309,25/04/2021,Pd,
INV04025,PRJ03782,OnDeck Production Staffing,Crew,10384259,12-06-2022,OVERDUE,
INV06163,PRJ03552,Crew Connect NG,Crew,24975739,2023-02-01,Disputed,
INV06019,PRJ02479,ProGear Nigeria,Equipment Rental,17948991,2024-05-04,Paid,
INV08706,PRJ03426,OnDeck Production Staffing,Crew,44731301,18-12-2021,disputed,
INV06195,PRJ01899,urban set scouts,Location,14596040,04-08-2021,paid,
INV02104,PRJ01494,Frame & Focus Equipment,Equipment Rental,"NGN 45,357,316",09/03/2025,Pd,
INV09446,PRJ01988,Reel Edit Studios,Post-Production,6906351,08 Aug 2023,Pending,
INV02610,PRJ00206,Naija Locations Ltd,Location,30297882,25 Mar 2024,Paid,
INV08430,PRJ01045,Crewnnect,Crew,15636422,05/02/2024,Pending,
INV00992,PRJ03797,SoundWave Post,Post-Production,22892028,27/09/2021,Pending,
INV07814,PRJ01907,CREW CONNECT NG,Crew,20756119,19 Feb 2025,Disputed,
INV03712,PRJ01116,Coastline Property Services,Location,28290200,2022-10-22,Pd,
INV04297,PRJ02230,OnSet Meals NG,Catering,"NGN 23,010,769",06-03-2022,Pd,
INV05357,PRJ03714,Chop Life Catering,Catering,9978699,09/11/2023,disputed,
INV05810,PRJ02780,Naija Locations Ltd,Location,33523369,07/08/2022,Pd,
INV02079,PRJ01405,Naija Locations Ltd,Location,39205378,22/12/2021,paid,
INV04552,PRJ02307,Reel Edit Studios,Post-Production,46982135,2021-04-25,paid,
INV02928,PRJ00683,STAGEHAND TALENT AGENCY,Talent,9192806,2022-08-24,pending,
INV06673,PRJ02970,ColourGrade Lagos,Post-Production,10127457,2021-01-11,pending,
INV08696,PRJ00629,COLOURGRADE LAGOS,Post-Production,3459920,17 Aug 2025,Pending,
INV07155,PRJ02067,Lagos Grip & Lighting Co,Equipment Rental,13621659,2023-11-23,Overdue,
INV03580,PRJ00337,Crew Connect NG,Crew,29682942,28 Jun 2025,PAID,
INV02113,PRJ03102,Lagos Grip & Lighting Co,Equipment Rental,6312126,12-07-2023,pending,
INV00596,PRJ01401,ONSET MEALS NG,Catering,36768544,17 Feb 2022,Paid,
INV05879,PRJ00940,Coastline Property Services,Location,15233098,2022-02-10,PAID,
INV03901,PRJ01964,Stagehand Talent Agency,Talent,35012558,11 Aug 2023,Overdue,
INV03454,PRJ02804,OnDeck Production Staffing,Crew,22217888,09 Jul 2025,Overdue,
INV07335,PRJ00120,Urban Set Scouts,Location,12147457,07-03-2023,Overdue,
INV06887,PRJ02704,Naija Faces Casting,Talent,3360189,12/03/2025,Disputed,
INV07625,PRJ01299,Mama Bisi Kitchen Services,Catering,45309466,2025-02-04,Overdue,
INV08269,PRJ00921,STAGEHAND TALENT AGENCY,Talent,37216969,05-03-2025,OVERDUE,
INV03278,PRJ01742,Chop Life Catering,Catering,1676162,20-04-2023,PAID,
INV05592,PRJ03430,Reel Edit Studios,Post-Production,35960336,2025-10-11,OVERDUE,
INV07286,PRJ01555,Stagehand Talent Agency,Talent,11272963,04/09/2025,PAID,
INV02910,PRJ01302,OnSet Meals NG,Catering,5414913,22-11-2023,Pd,
INV02873,PRJ00339,Lagos Grip & Lighting Co,Equipment Rental,20254435,22-07-2023,disputed,
INV05035,PRJ00364,progear nigeria,Equipment Rental,9369771,20-02-2022,pending,
INV01119,PRJ01070,OnSet Meals NG,Catering,14366103,01 Jul 2022,paid,
INV09724,PRJ00954,MAMA BISI KITCHEN SERVICES,Catering,14320745,10-02-2021,Disputed,
INV00331,PRJ01869,reel edit studios,Post-Production,35437240,28/04/2025,Pending,
INV09248,PRJ04000,progear nigeria,Equipment Rental,3475603,26-10-2024,Overdue,
INV08908,PRJ03032,Crew Connect NG,Crew,13014522,28 Dec 2025,pending,
INV02285,PRJ03480,OnSet Meals NG,Catering,12343186,17/10/2022,Pd,
INV06369,PRJ03642,NAIJA FACES CASTING,Talent,15942419,21-12-2023,Paid,
INV09082,PRJ00068,OnDeck Production Staffing,Crew,20339986,19 Feb 2024,Pd,
INV08079,PRJ00173,Redline Camera Rentals,Equipment Rental,15155464,04 Oct 2023,Pending,
INV05475,PRJ02197,lagos grip & lighting co,Equipment Rental,27052355,01 May 2021,Paid,
INV09533,PRJ02994,OnDeck Production Staffing,Crew,63746399,04 Mar 2021,pending,
INV01725,PRJ02850,OnDeck Production Staffing,Crew,37312940,18/07/2024,Disputed,
INV09267,PRJ01450,Crew Connect NG,Crew,3201726,2025-02-01,paid,
INV03347,PRJ03842,naija locations ltd,Location,11719467,01/01/2023,pending,
INV04397,PRJ03030,Crew Connect NG,Crew,13437158,19-09-2025,Disputed,
INV01279,PRJ03898,naija faces casting,Talent,15307720,12/03/2022,Paid,
INV02477,PRJ03274,Reel Edit Studios,Post-Production,1497707,02/05/2022,Disputed,
INV08871,PRJ02827,Reel Edit Studios,Post-Production,16092414,2022-09-03,OVERDUE,
INV04843,PRJ03841,Chop Life Catering,Catering,37551441,22 Jan 2024,Pending,
INV09349,PRJ00666,CREW CONNECT NG,Crew,76688177,19 Sep 2024,Pending,
INV06571,PRJ03740,progear nigeria,Equipment Rental,29382090,06 Jun 2024,Pending,
INV04119,PRJ00791,OnSet Meals NG,Catering,8831074,17/09/2023,OVERDUE,
INV00239,PRJ00880,ColourGrade Lagos,Post-Production,2818297,2021-12-11,Pd,
INV07959,PRJ02626,OnDeck Production Staffing,Crew,4941208,18-06-2025,PAID,
INV08413,PRJ01803,colourgrade lagos,Post-Production,2467793,26 May 2025,Disputed,
INV08423,PRJ00904,Crew Connect NG,Crew,39013906,21/09/2024,Pending,
INV02362,PRJ02441,colourgrade lagos,Post-Production,4472328,2022-10-18,paid,
INV09164,PRJ01043,Lagos Grip & Lighting Co,Equipment Rental,59161166,07 Aug 2025,Disputed,
INV05675,PRJ01924,ColourGrade Lagos,Post-Production,35500003,2023-05-05,pending,
INV06832,PRJ00172,ONDECK PRODUCTION STAFFING,Crew,12551252,03 Jul 2023,Disputed,
INV09184,PRJ02809,Redline Camera Rentals,Equipment Rental,6361258,01/02/2024,Overdue,
INV03536,PRJ03761,Reel Edit Studios,Post-Production,2571885,01 Jul 2024,Pd,
INV03894,PRJ00621,Naija Faces Casting,Talent,15614785,2023-03-09,Disputed,
INV04342,PRJ00568,Crew Connect NG,Crew,7618853,17-07-2021,pending,
INV01440,PRJ02612,Chop Life Catering,Catering,28778342,24-07-2024,Pending,
INV08053,PRJ01779,ColourGrade Lagos,Post-Production,18421570,2022-03-15,disputed,
INV08226,PRJ03660,NAIJA LOCATIONS LTD,Location,5002461,2023-06-28,disputed,
INV02975,PRJ00849,ColourGrade Lagos,Post-Production,43301535,15/03/2021,Pending,
INV03649,PRJ02746,Chop Life Catering,Catering,16834720,17-12-2021,paid,
INV07991,PRJ03397,Chop Life Catering,Catering,10097137,19-01-2024,Paid,
INV06767,PRJ02458,ProGear Nigeria,Equipment Rental,"NGN 50,071,244",05-11-2022,disputed,
INV07691,PRJ03000,CREW CONNECT NG,Crew,41158668,27 Nov 2023,Pd,
INV02623,PRJ02567,OnSet Meals NG,Catering,38977609,2025-09-01,paid,
INV06865,PRJ00328,Stagehand Talent Agency,Talent,20090364,2023-04-05,OVERDUE,
INV03876,PRJ01477,Crew Connect NG,Crew,4545328,2022-05-27,OVERDUE,
INV06171,PRJ00456,Chop Life Catering,Catering,"NGN 25,217,805",26 May 2025,Pd,
INV00047,PRJ00131,OnDeck Production Staffing,Crew,40442,16/05/2023,OVERDUE,
INV02480,PRJ03403,SoundWave Post NG,Post-Production,6881176,2024-08-19,OVERDUE,
INV00086,PRJ01432,OnDeck Production Staffing,Crew,1289599,10 Aug 2023,disputed,
INV06663,PRJ00064,Stagehand Talent Agency,Talent,122228,24-12-2022,Pd,
INV01706,PRJ03101,NAIJA FACES CASTING,Talent,6315984,01/06/2025,Pending,
INV02731,PRJ01106,Stagehand Talent Agency,Talent,18463821,2021-03-12,pending,
INV01102,PRJ01946,Urban Set Scouts,Location,2386944,19 Apr 2022,PAID,
INV02699,PRJ02870,Urban Set Scouts,Location,28094270,13/12/2025,Paid,
INV00729,PRJ00736,Naija Faces Casting,Talent,13770088,2024-04-17,OVERDUE,
INV01684,PRJ03427,urban set scouts,Location,19997519,2023-12-28,paid,
INV04216,PRJ02792,PROGEAR NIGERIA,Equipment Rental,52311098,15-09-2021,pending,
INV02704,PRJ03068,Naija Faces Casting,Talent,10490513,16/06/2023,OVERDUE,
INV04280,PRJ03251,URBAN SET SCOUTS,Location,7728732,04 Mar 2021,Paid,
INV02214,PRJ03712,Crew Connect NG,Crew,9673486,08-07-2024,PAID,
INV09445,PRJ03412,Stagehand Talent Agency,Talent,221423,13 Jan 2021,paid,
INV08495,PRJ02556,Chop Life Catering,Catering,53048191,2021-09-10,disputed,
INV01768,PRJ00716,Urban Set Scouts,Location,13351224,2025-01-06,paid,
INV03216,PRJ02295,Naija Locations Ltd,Location,6497922,28 Nov 2025,Disputed,
INV00488,PRJ01368,ProGear Nigeria,Equipment Rental,39929958,17-06-2025,Pending,
INV01026,PRJ01588,Lagos Grip & Lighting,Equipment Rental,10521685,11 Nov 2025,Pd,
INV07273,PRJ00437,OnDeck Production Staffing,Crew,19080507,07-10-2021,Pending,
INV07064,PRJ02467,OnSet Meals NG,Catering,1363586,22-11-2023,Overdue,
INV09565,PRJ03828,Mama Bisi Kitchen Services,Catering,15439862,12/07/2025,pending,
INV09548,PRJ03247,OnDeck Production Staffing,Crew,386849,15-03-2025,Pending,
INV05571,PRJ03798,Urban Set Scouts,Location,12270311,06 Mar 2023,disputed,
INV07707,PRJ03759,ProGear Nigeria,Equipment Rental,13521482,15 Nov 2024,disputed,
INV08958,PRJ01153,ColourGrade Lagos,Post-Production,37361589,17/02/2023,OVERDUE,
INV02452,PRJ00386,Chop Life Catering,Catering,10490903,2024-08-26,paid,
INV05205,PRJ03580,OnDeck Production Staffing,Crew,637476,28-07-2023,pending,
INV03173,PRJ03838,SoundWave Post NG,Post-Production,18054461,17 Jun 2022,pending,
INV03818,PRJ02940,Chop Life Catering,Catering,542017,28-05-2023,PAID,
INV07545,PRJ01631,Coastline Property Services,Location,7634568,23-04-2024,Pd,
INV07204,PRJ03051,ONDECK PRODUCTION STAFFING,Crew,49867661,22-02-2024,Overdue,
INV03449,PRJ01156,PROGEAR NIGERIA,Equipment Rental,25903160,07-11-2022,pending,
INV06910,PRJ01452,frame & focus equipment,Equipment Rental,26566239,06/06/2024,PAID,
INV03842,PRJ01554,Urban Set Scouts,Location,12318540,28 Jun 2023,PAID,
INV00845,PRJ01674,OnSet Meals NG,Catering,27457012,07 Apr 2024,Disputed,
INV03360,PRJ03598,Naija Faces Casting,Talent,36823914,2024-06-21,Paid,
INV09264,PRJ01450,Naija Faces Casting,Talent,3866988,08 May 2023,Overdue,
INV08572,PRJ01215,OnDeck Production Staffing,Crew,25650248,27 Nov 2025,Overdue,
INV04211,PRJ00652,frame & focus equipment,Equipment Rental,11051354,2022-11-10,pending,
INV06493,PRJ03732,Naija Locations Ltd,Location,2831685,03-03-2025,Disputed,
INV04356,PRJ00525,OnDeck Production Staffing,Crew,7704689,27/08/2024,Paid,
INV07849,PRJ02529,mama bisi kitchen services,Catering,49458745,16 Oct 2021,pending,
INV03647,PRJ02746,Mama Bisi Kitchen Services,Catering,4272958,24-06-2025,paid,
INV02070,PRJ00259,Chop Life Catering,Catering,"NGN 27,648,665",24/03/2023,PAID,
INV03702,PRJ01049,Reel Edit Studios,Post-Production,"NGN 7,209,452",20/03/2023,paid,
INV07729,PRJ00310,Crew Connect NG,Crew,53091196,2023-09-19,Pd,
INV04945,PRJ01408,URBAN SET SCOUTS,Location,"NGN 21,493,420",2025-08-25,PAID,
INV03498,PRJ03777,Mama Bisi Kitchen Services,Catering,12182931,18 Sep 2023,Pending,
INV01468,PRJ03206,Chop Life Catering,Catering,6758800,08 Aug 2024,PAID,
INV03796,PRJ00008,Mama Bisi Kitchen Services,Catering,"NGN 25,577,577",24 Apr 2024,paid,
INV02310,PRJ03844,COASTLINE PROPERTY SERVICES,Location,25918147,23/06/2023,Pending,
INV04809,PRJ00626,Mama Bisi Kitchen Services,Catering,2302367,06 Mar 2024,pending,
INV07201,PRJ00149,ProGear Nigeria,Equipment Rental,35427124,04 Jul 2021,Pending,
INV03681,PRJ03639,COASTLINE PROPERTY SERVICES,Location,5991129,2021-10-23,disputed,
INV07918,PRJ01585,OnDeck Production Staffing,Crew,10144112,16 Jun 2025,disputed,
INV02470,PRJ03901,Naija Faces Casting,Talent,6820201,27/02/2022,Pd,
INV09159,PRJ02847,Naija Locations Ltd,Location,1799271,27/03/2021,Paid,
INV08724,PRJ02140,OnSet Meals NG,Catering,13917180,17/04/2023,Overdue,
INV00980,PRJ02702,Coastline Property Services,Location,"NGN 16,293,336",28/07/2024,OVERDUE,
INV05190,PRJ03582,OnSet Meals NG,Catering,84312509,24/09/2024,pending,
INV04599,PRJ03331,URBAN SET SCOUTS,Location,42215556,2025-06-18,Disputed,
INV01434,PRJ01613,OnDeck Production Staffing,Crew,5609168,18 Dec 2025,Overdue,
INV05219,PRJ03666,stagehand talent agency,Talent,4960425,27/12/2021,Paid,
INV01643,PRJ00612,CREW CONNECT NG,Crew,7154412,09 Apr 2024,Pending,
INV05997,PRJ02478,SoundWave Post NG,Post-Production,6052524,03 Apr 2021,disputed,
INV02868,PRJ00831,OnDeck Production Staffing,Crew,49826014,14/02/2022,PAID,
INV08705,PRJ01652,MAMA BISI KITCHEN SERVICES,Catering,15122624,20 Jun 2021,Paid,
INV09619,PRJ00179,Stagehand Talent Agency,Talent,16388435,02-04-2021,Overdue,
INV02430,PRJ02380,Naija Locations Ltd,Location,51639536,20 Mar 2021,OVERDUE,
INV04801,PRJ03574,ProGear,Equipment Rental,4912994,07/11/2021,paid,
INV01019,PRJ00185,Redline Camera Rentals,Equipment Rental,18830368,16/03/2023,disputed,
INV00249,PRJ02484,OnDeck Production Staffing,Crew,12886038,2025-01-20,Pending,
INV08540,PRJ03943,Redline Camera Rentals,Equipment Rental,4287785,15 May 2025,Overdue,
INV09430,PRJ00368,Stagehand Talent Agency,Talent,18898,28/05/2021,paid,
INV09504,PRJ00050,OnDeck Production Staffing,Crew,26845208,2023-04-18,disputed,
INV02221,PRJ00549,Stagehand Talent Agency,Talent,14502793,20/11/2025,pending,
INV01786,PRJ02454,OnSet Meals NG,Catering,37295580,2022-02-04,Pd,
INV09656,PRJ01997,Coastline Property Services,Location,13373140,07-12-2022,Overdue,
INV00726,PRJ00736,ColourGrade Lagos,Post-Production,5028566,05 Dec 2023,Disputed,
INV07709,PRJ03759,NAIJA LOCATIONS LTD,Location,1225862,16 Aug 2022,OVERDUE,
INV05430,PRJ03931,naija faces casting,Talent,14671790,2025-12-06,pending,
INV02304,PRJ02352,colourgrade lagos,Post-Production,77701980,27-08-2023,OVERDUE,
INV00290,PRJ02209,NAIJA FACES CASTING,Talent,8561805,15-02-2023,Pending,
INV00057,PRJ00060,Naija Faces Casting,Talent,26930917,18/08/2022,OVERDUE,
INV01350,PRJ02491,Naija Faces Casting,Talent,2622396,2023-06-17,pending,
INV01384,PRJ03668,crew connect ng,Crew,1532128,17-05-2025,disputed,
INV08730,PRJ02034,naija faces casting,Talent,60873204,28-04-2025,disputed,
INV00856,PRJ00701,Crew Connect NG,Crew,5873971,26 Dec 2024,Pd,
INV04506,PRJ03830,Coastline Property Services,Location,8474871,15/10/2023,disputed,
INV00635,PRJ03587,SoundWave Post,Post-Production,19355646,21-12-2022,Disputed,
INV04774,PRJ02774,STAGEHAND TALENT AGENCY,Talent,31559302,03/05/2021,paid,
INV00313,PRJ03718,reel edit studios,Post-Production,"NGN 8,274,063",02 Aug 2022,paid,
INV08657,PRJ03586,Naija Faces Casting,Talent,31869850,2023-10-25,Pd,
INV04772,PRJ02774,naija faces casting,Talent,22620218,07-10-2021,PAID,
INV05440,PRJ02564,OnSet Meals NG,Catering,13196734,16/05/2024,Pd,
INV04430,PRJ01375,Mama Bisi Kitchen Services,Catering,9137066,09 Jan 2025,Pending,
INV04272,PRJ00618,Redline Camera Rentals,Equipment Rental,14600940,22/10/2023,Overdue,
INV03610,PRJ02961,Naija Faces Casting,Talent,62913599,06 Nov 2023,OVERDUE,
INV05600,PRJ02236,Chop Life Catering,Catering,2773739,02 Nov 2021,Pending,
INV03895,PRJ00621,SoundWave Post NG,Post-Production,1882517,02 Feb 2022,Pd,
INV08661,PRJ03563,Chop Life Catering,Catering,3166886,23-06-2023,paid,
INV03838,PRJ01608,Chop Life Catering,Catering,35537948,04/04/2024,Disputed,
INV08100,PRJ00917,Naija Faces Casting,Talent,8685258,11-09-2025,PAID,
INV03240,PRJ02841,ColourGrade Lagos,Post-Production,20188877,03/04/2024,Pending,
INV06531,PRJ02331,Stagehand Talent Agency,Talent,744015,23/05/2025,Overdue,
INV08265,PRJ03722,SOUNDWAVE POST NG,Post-Production,3241071,08-09-2025,Disputed,
INV05721,PRJ02190,Frame & Focus Equipment,Equipment Rental,34466826,19-04-2024,disputed,
INV07037,PRJ01627,SoundWave Post NG,Post-Production,22721980,2024-07-26,Pending,
INV04494,PRJ00614,URBAN SET SCOUTS,Location,29401186,03-04-2021,paid,
INV03416,PRJ01860,Frame & Focus Equipment,Equipment Rental,35808119,10/10/2022,Pd,
INV04573,PRJ02055,Redline Camera Rentals,Equipment Rental,29135882,08/05/2023,pending,
INV03660,PRJ01649,frame & focus equipment,Equipment Rental,35531485,2022-03-27,Pending,
INV04882,PRJ00373,Naija Faces Casting,Talent,29751002,02 Apr 2021,Paid,
INV03061,PRJ01732,ColourGrade Lagos,Post-Production,19072014,10-10-2021,Paid,
INV02735,PRJ02345,Lagos Grip & Lighting Co,Equipment Rental,72562475,2021-11-13,pending,
INV09512,PRJ00830,Naija Locations Ltd,Location,3748792,2025-04-05,Disputed,
INV07295,PRJ00610,SoundWave Post NG,Post-Production,37663589,24/02/2022,paid,
INV06823,PRJ01132,Crew Connect NG,Crew,"NGN 5,674,711",28-04-2021,OVERDUE,
INV01428,PRJ00913,Crew Connect NG,Crew,14911337,2021-01-19,OVERDUE,
INV08466,PRJ01333,Naija Locations Ltd,Location,4530793,2021-10-18,Disputed,
INV06992,PRJ00670,Stagehand Talent Agency,Talent,1921559,14/06/2021,Pd,
INV07032,PRJ00350,Naija Faces Casting,Talent,690503,09 Oct 2025,paid,
INV01881,PRJ03575,Reel Edit Studios,Post-Production,58770034,02 Jan 2023,Pending,
INV05044,PRJ01145,Crew Connect NG,Crew,1626217,2021-03-09,Pd,
INV01047,PRJ03270,Lagos Grip & Lighting Co,Equipment Rental,78508209,2024-05-15,Pending,
INV00478,PRJ03034,Frame & Focus Equipment,Equipment Rental,44930815,2023-11-18,OVERDUE,
INV05778,PRJ02275,Redline Camera Rentals,Equipment Rental,10429517,04/03/2023,Disputed,
INV05006,PRJ02515,Urban Set Scouts,Location,3074003,16/05/2021,pending,
INV00942,PRJ03566,naija faces casting,Talent,12991110,23 Nov 2024,paid,
INV08453,PRJ02782,Chop Life Catering,Catering,16891221,2022-03-01,Pd,
INV00777,PRJ00017,Lagos Grip & Lighting Co,Equipment Rental,7939004,27/10/2022,PAID,
INV05172,PRJ01593,Stagehand Talent Agency,Talent,16190169,04-04-2021,OVERDUE,
INV02455,PRJ00386,COLOURGRADE LAGOS,Post-Production,42819915,12-12-2023,pending,
INV04043,PRJ03394,Urban Set Scouts,Location,48315688,20 Dec 2023,PAID,
INV05924,PRJ02208,Naija Faces Casting,Talent,1272072,03/03/2023,disputed,
INV08761,PRJ00914,ColourGrade Lagos,Post-Production,41985223,14-04-2021,Disputed,
INV04293,PRJ03505,Frame & Focus Equipment,Equipment Rental,3520531,2021-02-11,Overdue,
INV04101,PRJ01111,Naija Locations Ltd,Location,1762524,25-05-2024,Paid,
INV06032,PRJ00244,ProGear Nigeria,Equipment Rental,49823830,24 Jun 2022,disputed,
INV08063,PRJ02811,Stagehand Talent Agency,Talent,23256648,05-06-2024,disputed,
INV07921,PRJ00780,Crew Connect NG,Crew,28407929,18 Apr 2023,OVERDUE,
INV04899,PRJ03333,SoundWave Post,Post-Production,16067827,2021-10-19,paid,
INV00643,PRJ03599,Redline Camera Rentals,Equipment Rental,6227692,22-10-2021,pending,
INV06561,PRJ02427,reel edit studios,Post-Production,30706218,01 Apr 2025,Disputed,
INV08846,PRJ02231,Coastline Property Services,Location,16111736,2023-06-07,Paid,
INV02660,PRJ01161,Coastline Property Services,Location,22161530,06-04-2021,disputed,
INV04559,PRJ01085,ONSET MEALS NG,Catering,"NGN 19,334,134",06-09-2025,disputed,
INV06728,PRJ00932,Crew Connect NG,Crew,40696945,02 Aug 2025,Pending,
INV00282,PRJ01381,Stagehand Talent Agency,Talent,35806969,24-05-2024,Disputed,
INV07029,PRJ01371,OnDeck Production Staffing,Crew,18625681,2024-06-10,Pending,
INV04655,PRJ01480,Reel Edit Studios,Post-Production,6588382,09 Dec 2023,paid,
INV02050,PRJ02389,Lagos Grip & Lighting Co,Equipment Rental,15976289,20/01/2023,pending,
INV00024,PRJ01312,ONDECK PRODUCTION STAFFING,Crew,51489189,22/12/2023,PAID,
INV08921,PRJ01376,Naija Locations Ltd,Location,253410,26-07-2025,Disputed,
INV01395,PRJ03020,Stagehand Talent Agency,Talent,19336473,01-12-2024,Paid,
INV00470,PRJ02943,Stagehand Talent Agency,Talent,1764358,21-12-2025,Overdue,
INV06777,PRJ03028,SoundWave Post NG,Post-Production,16948696,28-02-2022,PAID,
INV06508,PRJ02158,Lagos Grip & Lighting Co,Equipment Rental,1112353,2025-12-14,paid,
INV01328,PRJ03900,Coastline Property Services,Location,37888506,25-02-2025,Pd,
INV04815,PRJ02282,ondeck production staffing,Crew,1422676,11 Jul 2021,Overdue,
INV07315,PRJ03748,Crew Connect NG,Crew,23500494,08/09/2024,pending,
INV05905,PRJ03623,Mama Bisi Kitchen Services,Catering,1466153,20/08/2024,disputed,
INV03770,PRJ00879,SOUNDWAVE POST NG,Post-Production,1269661,12 Dec 2022,Pending,
INV02109,PRJ01207,stagehand talent agency,Talent,11559615,12-02-2022,pending,
INV01790,PRJ02935,Lagos Grip & Lighting,Equipment Rental,31618102,01 Nov 2025,OVERDUE,
INV08284,PRJ03095,ColourGrade Lagos,Post-Production,11777570,14-01-2022,Overdue,
INV00600,PRJ02688,Reel Edit Studios,Post-Production,14380368,2024-08-08,Pending,
INV03183,PRJ03593,redline camera rentals,Equipment Rental,225295,21 Aug 2022,disputed,
INV09305,PRJ02083,ONDECK PRODUCTION STAFFING,Crew,14643420,2021-11-11,Overdue,
INV05200,PRJ03021,Stagehand Talent Agency,Talent,2565020,12/06/2021,paid,
INV07136,PRJ00210,Lagos Grip & Lighting Co,Equipment Rental,29775326,22-05-2023,OVERDUE,
INV03472,PRJ02349,Redline Camera Rentals,Equipment Rental,4662458,2023-01-26,pending,
INV00435,PRJ02179,Stagehand Talent Agency,Talent,677239,07-02-2023,disputed,
INV06008,PRJ00515,Naija Faces Casting,Talent,1483297,24/11/2021,Paid,
INV06889,PRJ02704,frame & focus equipment,Equipment Rental,151716,26/09/2024,paid,
INV01616,PRJ01473,Naija Faces Casting,Talent,21226481,01 Sep 2025,pending,
INV07611,PRJ01291,Mama Bisi Kitchen Services,Catering,20547388,2024-11-26,OVERDUE,
INV09421,PRJ01780,Crew Connect NG,Crew,10119643,21-02-2025,PAID,
INV01228,PRJ02687,reel edit studios,Post-Production,9751678,07-11-2021,PAID,
INV01662,PRJ02969,Redline Camera Rentals,Equipment Rental,10488788,11/10/2021,Pd,
INV07734,PRJ00310,OnSet Meals NG,Catering,6904878,2021-01-04,paid,
INV00182,PRJ02296,ProGear Nigeria,Equipment Rental,14140924,2023-09-28,OVERDUE,
INV06448,PRJ02198,SoundWave Post NG,Post-Production,10132440,16/06/2024,Pending,
INV06249,PRJ02325,Frame & Focus Equipment,Equipment Rental,21224648,23-06-2022,OVERDUE,
INV05356,PRJ03714,coastline property services,Location,294499,25-10-2023,OVERDUE,
INV07599,PRJ02893,MAMA BISI KITCHEN SERVICES,Catering,20796716,21 May 2025,Paid,
INV01185,PRJ00347,Crew Connect NG,Crew,5151338,04 Jul 2024,Disputed,
INV03397,PRJ01620,Lagos Grip & Lighting Co,Equipment Rental,3317381,10/02/2023,PAID,
INV07693,PRJ00779,Coastline Property Services,Location,74734007,28-12-2024,pending,
INV02915,PRJ01427,OnSet Meals NG,Catering,60099459,05 Aug 2023,PAID,
INV06150,PRJ00654,ColourGrade Lagos,Post-Production,67012454,26 Jul 2022,pending,
INV00253,PRJ03824,Chop Life Catering,Catering,47764981,08-02-2021,Overdue,
INV06117,PRJ00340,CREW CONNECT NG,Crew,9713626,12/10/2025,PAID,
INV03602,PRJ03620,STAGEHAND TALENT AGENCY,Talent,21260926,2022-01-16,Disputed,
INV05812,PRJ02126,Urban Set Scouts,Location,35356044,2021-04-27,disputed,
INV03388,PRJ01750,Mama Bisi Kitchen Services,Catering,485087,28 Aug 2023,Disputed,
INV06855,PRJ02733,ProGear,Equipment Rental,27233491,26 Feb 2021,Pd,
INV01650,PRJ00837,Urban Set Scouts,Location,9020501,23-04-2024,Disputed,
INV02176,PRJ00442,OnSet Meals NG,Catering,23754339,17/06/2023,PAID,
INV00301,PRJ03057,ColourGrade Lagos,Post-Production,41610966,07 May 2024,paid,
INV05479,PRJ02611,Urban Set Scouts,Location,9014009,08/02/2022,PAID,
INV07749,PRJ03254,OnDeck Production Staffing,Crew,32702233,27-03-2025,Pending,
INV09111,PRJ01269,Naija Faces Casting,Talent,7363197,02-11-2022,Pending,
INV07889,PRJ02905,Crew Connect NG,Crew,34323999,16 Aug 2023,Overdue,
INV04414,PRJ00235,ColourGrade Lagos,Post-Production,1532158,11/02/2025,Pending,
INV05461,PRJ00979,COASTLINE PROPERTY SERVICES,Location,6153376,2021-04-06,OVERDUE,
INV04530,PRJ01589,Redline Camera Rentals,Equipment Rental,37362442,03-05-2024,pending,
INV08872,PRJ02827,Naija Faces Casting,Talent,18984964,2023-04-13,OVERDUE,
INV02125,PRJ01610,ProGear Nigeria,Equipment Rental,"NGN 5,201,108",28/03/2023,Paid,
INV05437,PRJ02180,Naija Locations Ltd,Location,419253,02-03-2022,Disputed,
INV03577,PRJ03027,Redline Camera Rentals,Equipment Rental,4258474,22/10/2024,paid,
INV00802,PRJ03823,Mama Bisi Kitchen Services,Catering,13698447,07 Jul 2023,PAID,
INV04352,PRJ01749,SoundWave Post NG,Post-Production,7191649,13/05/2021,pending,
INV05690,PRJ03318,ProGear,Equipment Rental,94821,2022-11-21,disputed,
INV08952,PRJ03080,ProGear Nigeria,Equipment Rental,27816426,14-02-2025,paid,
INV09042,PRJ03758,Reel Edit Studios,Post-Production,17830046,28-04-2025,pending,
INV00877,PRJ02398,REDLINE CAMERA RENTALS,Equipment Rental,12899631,2021-10-06,Paid,
INV06572,PRJ03740,ColourGrade Lagos,Post-Production,1519451,2024-05-15,Disputed,
INV06719,PRJ02005,OnDeck Production Staffing,Crew,19601904,15 Jul 2023,Paid,
INV01487,PRJ03885,Crewnnect,Crew,313355,19/06/2025,Pd,
INV00265,PRJ02152,naija faces casting,Talent,11873693,2024-12-23,Overdue,
INV02703,PRJ03068,naija locations ltd,Location,1090867,2022-08-08,Pending,
INV02371,PRJ00710,Reel Edit Studios,Post-Production,20646997,02-07-2024,paid,
INV03019,PRJ00956,crew connect ng,Crew,292446,2024-04-16,paid,
INV06105,PRJ02077,SoundWave Post NG,Post-Production,"NGN 26,658,384",02/12/2025,Paid,
INV07080,PRJ01551,Crew Connect NG,Crew,10915550,07 Aug 2023,OVERDUE,
INV01880,PRJ03575,Naija Faces Casting,Talent,2761839,07-03-2025,OVERDUE,
INV05540,PRJ01503,Naija Locations Ltd,Location,23108747,2022-10-17,paid,
INV01988,PRJ01926,Stagehand Talent Agency,Talent,15566891,08 Jul 2022,PAID,
INV00476,PRJ03796,soundwave post ng,Post-Production,37902040,03-07-2022,pending,
INV08777,PRJ01881,Naija Faces Casting,Talent,3657496,23/08/2024,Pd,
INV04578,PRJ02762,OnDeck Production Staffing,Crew,32270544,2025-02-14,Paid,
INV00453,PRJ01786,Frame & Focus Equipment,Equipment Rental,68445430,25-03-2022,Pd,
INV04359,PRJ01003,naija faces casting,Talent,371189,12 May 2023,pending,
INV07778,PRJ02638,Frame & Focus Equipment,Equipment Rental,15672382,24 Feb 2022,PAID,
INV00302,PRJ01730,Urban Set Scouts,Location,8049760,16-09-2022,Pending,
INV04415,PRJ00235,Stagehand Talent Agency,Talent,3394527,14-10-2025,pending,
INV00743,PRJ02394,ColourGrade Lagos,Post-Production,58767194,05 Apr 2025,disputed,
INV01400,PRJ01230,Lagos Grip & Lighting Co,Equipment Rental,51601485,26/01/2023,Overdue,
INV02542,PRJ01370,COLOURGRADE LAGOS,Post-Production,2576884,11-11-2022,PAID,
INV02503,PRJ03100,Stagehand Talent Agency,Talent,7861105,08 Feb 2024,paid,
INV02265,PRJ03548,Stagehand Talent Agency,Talent,36917781,11/12/2022,Overdue,
INV05602,PRJ00833,Naija Faces Casting,Talent,530782,20/04/2025,pending,
INV06172,PRJ00456,naija locations ltd,Location,8814404,2024-02-02,pending,
INV04785,PRJ03672,naija locations ltd,Location,1676764,17-05-2023,Paid,
INV00336,PRJ00829,ProGear Nigeria,Equipment Rental,"NGN 12,783,357",05 Jul 2022,Pending,
INV05434,PRJ00631,Frame & Focus Equipment,Equipment Rental,17616272,05 Jan 2025,paid,
INV09644,PRJ01075,Crew Connect NG,Crew,53345003,27/11/2023,disputed,
INV07493,PRJ00528,COLOURGRADE LAGOS,Post-Production,10609026,20/06/2024,OVERDUE,
INV06551,PRJ01399,Chop Life Catering,Catering,29941549,2021-07-07,disputed,
INV05502,PRJ02790,Mama Bisi Kitchen Services,Catering,27266749,04/06/2022,Disputed,
INV00523,PRJ03870,crew connect ng,Crew,59053135,12/06/2024,Disputed,
INV05083,PRJ02219,OnSet Meals NG,Catering,3952387,02/11/2021,OVERDUE,
INV00944,PRJ03566,SOUNDWAVE POST NG,Post-Production,4521919,24 Nov 2025,Overdue,
INV01055,PRJ00543,Naija Locations Ltd,Location,5323256,24 May 2025,disputed,
INV07723,PRJ01619,colourgrade lagos,Post-Production,3411627,08/03/2022,PAID,
INV04261,PRJ01972,COASTLINE PROPERTY SERVICES,Location,13758376,18/10/2023,pending,
INV08257,PRJ01733,Naija Locations Ltd,Location,509206,28 May 2024,Paid,
INV04791,PRJ01974,naija faces casting,Talent,1418517,05-08-2022,pending,
INV00641,PRJ02966,crew connect ng,Crew,3599124,09/01/2021,Pending,
INV07400,PRJ00686,CREW CONNECT NG,Crew,21547206,07-07-2023,OVERDUE,
INV05784,PRJ00892,OnSet Meals NG,Catering,9252601,2025-03-27,Overdue,
INV05309,PRJ00580,OnSet Meals NG,Catering,4019380,2024-06-02,Overdue,
INV00261,PRJ02152,OnDeck Production Staffing,Crew,8622338,09/04/2024,paid,
INV01471,PRJ03081,Naija Faces Casting,Talent,14435973,2021-11-03,pending,
INV08317,PRJ03925,Lagos Grip & Lighting Co,Equipment Rental,945627,24-10-2021,disputed,
INV01007,PRJ03846,Coastline Property Services,Location,83896555,08-07-2024,Overdue,
INV02628,PRJ00930,Lagos Grip & Lighting Co,Equipment Rental,23938474,18-12-2021,disputed,
INV05780,PRJ00892,SoundWave Post NG,Post-Production,9973144,14 Jul 2023,Pending,
INV01741,PRJ03164,SoundWave Post,Post-Production,10266114,15-08-2025,disputed,
INV03062,PRJ01009,ProGear Nigeria,Equipment Rental,"NGN 2,294,619",22 Jun 2021,pending,
INV02875,PRJ00330,Stagehand Talent Agency,Talent,17912426,2023-03-23,OVERDUE,
INV00279,PRJ02267,CREW CONNECT NG,Crew,"NGN 5,756,852",26/10/2023,OVERDUE,
INV09596,PRJ01857,ColourGrade Lagos,Post-Production,3233728,08-05-2022,PAID,
INV06473,PRJ01975,OnDeck Production Staffing,Crew,14828989,2022-06-02,OVERDUE,
INV04010,PRJ03098,Urban Set Scouts,Location,10887372,16 Feb 2023,Paid,
INV09358,PRJ00660,Naija Locations Ltd,Location,43947744,2022-10-02,Paid,
INV03099,PRJ03372,Coastline Property Services,Location,33618837,2025-11-10,Pd,
INV06062,PRJ01392,Naija Locations Ltd,Location,17894395,20-04-2023,Pd,
INV09750,PRJ00000,Reel Edit Studios,Post-Production,35312512,19-01-2024,Pending,
INV02404,PRJ00481,OnSet Meals NG,Catering,35663027,01 Oct 2024,disputed,
INV04617,PRJ01026,ProGear Nigeria,Equipment Rental,28516028,28-01-2022,disputed,
INV08709,PRJ02502,OnSet Meals NG,Catering,3653192,2021-02-21,PAID,
INV04241,PRJ03425,Stagehand Talent Agency,Talent,7920485,2021-12-18,disputed,
INV00694,PRJ01973,ColourGrade Lagos,Post-Production,11097220,23/07/2025,paid,
INV06258,PRJ03519,ColourGrade Lagos,Post-Production,9751395,24 Jul 2021,disputed,
INV08918,PRJ01376,Reel Edit Studios,Post-Production,1334882,01-09-2023,pending,
INV04168,PRJ03700,ONSET MEALS NG,Catering,726977,16/08/2025,Paid,
INV03977,PRJ03812,Urban Set Scouts,Location,14850229,26/10/2023,disputed,
INV05239,PRJ00379,Coastline Property Services,Location,19203067,05/01/2025,Disputed,
INV09119,PRJ01431,urban set scouts,Location,11177071,02-03-2023,PAID,
INV09310,PRJ00755,OnSet Meals,Catering,5888992,18/04/2024,Pending,
INV07716,PRJ03418,ProGear Nigeria,Equipment Rental,10742165,07-07-2025,PAID,
INV08406,PRJ02439,Naija Locations Ltd,Location,9855061,08 Aug 2022,Pending,
INV08550,PRJ03261,Urban Set Scouts,Location,29595964,22 Nov 2024,Pd,
INV02836,PRJ00279,Naija Faces Casting,Talent,17521189,2024-04-01,Disputed,
INV06327,PRJ03676,Naija Faces Casting,Talent,32282376,14-08-2022,PAID,
INV08420,PRJ01523,OnDeck Production Staffing,Crew,18730079,2022-06-17,Paid,
INV03303,PRJ02602,LAGOS GRIP & LIGHTING CO,Equipment Rental,"NGN 9,690,468",03-07-2021,disputed,
INV00370,PRJ03287,OnDeck Production Staffing,Crew,13274416,14/12/2024,Paid,
INV06183,PRJ03368,ONSET MEALS NG,Catering,460890,26/06/2025,disputed,
INV04209,PRJ00652,CREW CONNECT NG,Crew,997990,18-06-2025,OVERDUE,
INV04491,PRJ00706,Crew Connect NG,Crew,3113842,16 Nov 2025,Pending,
INV07404,PRJ03861,Lagos Grip & Lighting Co,Equipment Rental,24922093,18-05-2025,Disputed,
INV08839,PRJ02182,URBAN SET SCOUTS,Location,28459458,2024-09-06,PAID,
INV03016,PRJ00943,colourgrade lagos,Post-Production,19031289,08 Dec 2025,PAID,
INV03200,PRJ02767,Crew Connect NG,Crew,21948695,2022-12-17,OVERDUE,
INV03023,PRJ00996,Mama Bisi Kitchen Services,Catering,6723836,01 Jul 2021,PAID,
INV09068,PRJ03332,urban set scouts,Location,12710438,20-01-2021,paid,
INV06852,PRJ01218,Crew Connect NG,Crew,387182,07/05/2021,disputed,
INV01968,PRJ02714,Stagehand Talent Agency,Talent,78600118,03-08-2023,pending,
INV01610,PRJ03622,OnSet Meals NG,Catering,1931535,10 Jul 2022,Pd,
INV06335,PRJ02872,Naija Locations Ltd,Location,3707642,14/01/2024,pending,
INV08545,PRJ01549,OnSet Meals NG,Catering,5969673,10 Apr 2023,paid,
INV03033,PRJ01676,Redline Camera Rentals,Equipment Rental,11334338,01/10/2025,OVERDUE,
INV03731,PRJ02553,Crew Connect NG,Crew,"NGN 11,609,748",27 Jan 2022,Pending,
INV02837,PRJ02423,Naija Faces Casting,Talent,6987048,14/09/2021,Paid,
INV09550,PRJ01383,Reel Edit Studios,Post-Production,45778067,23 Jul 2022,PAID,
INV07062,PRJ03594,Crew Connect NG,Crew,2790023,05-08-2025,pending,
INV01831,PRJ03352,NAIJA LOCATIONS LTD,Location,21103813,24-12-2024,Paid,
INV03666,PRJ03950,SoundWave Post NG,Post-Production,3788102,2022-03-12,Disputed,
INV09150,PRJ00485,naija faces casting,Talent,"NGN 39,460,649",03/05/2025,pending,
INV07836,PRJ01196,Chop Life Catering,Catering,"NGN 3,635,500",02/11/2021,Overdue,
INV06113,PRJ01409,Stagehand Talent Agency,Talent,4213585,05 Jul 2025,PAID,
INV04250,PRJ00969,OnSet Meals,Catering,3209527,2021-09-02,disputed,
INV08546,PRJ01549,Reel Edit Studios,Post-Production,15361728,2021-08-06,Pd,
INV08026,PRJ01277,Stagehand Talent Agency,Talent,276605,2021-11-08,disputed,
INV01763,PRJ01064,ProGear Nigeria,Equipment Rental,12028681,23-01-2023,Overdue,
INV03108,PRJ03277,COLOURGRADE LAGOS,Post-Production,2414246,11/03/2021,PAID,
INV09634,PRJ03133,Redline Camera Rentals,Equipment Rental,27355469,15/11/2023,Pending,
INV00684,PRJ01913,Naija Locations Ltd,Location,926757,2024-08-07,pending,
INV05387,PRJ03562,OnSet Meals NG,Catering,9679267,15-10-2022,PAID,
INV03139,PRJ02848,urban set scouts,Location,1318035,2023-08-01,Overdue,
INV02998,PRJ01684,Redline Camera Rentals,Equipment Rental,6439437,15 Jun 2022,paid,
INV06269,PRJ01478,STAGEHAND TALENT AGENCY,Talent,2170935,11 May 2024,pending,
INV03049,PRJ01659,Crew Connect NG,Crew,372999,2023-03-26,Paid,
INV06747,PRJ00087,Crew Connect NG,Crew,71407774,06/10/2021,Pd,
INV04574,PRJ02960,ProGear Nigeria,Equipment Rental,14890894,2025-11-15,Pending,
INV04849,PRJ02854,Naija Faces Casting,Talent,29375321,21/07/2023,OVERDUE,
INV00702,PRJ01564,Mama Bisi Kitchen Services,Catering,3695892,2022-09-08,PAID,
INV06888,PRJ02704,Naija Locations Ltd,Location,3820299,14-05-2021,pending,
INV03257,PRJ03175,Stagehand Talent Agency,Talent,10636411,03/07/2021,Pending,
INV00880,PRJ00205,Frame & Focus Equipment,Equipment Rental,35937921,2025-10-18,Pd,
INV03125,PRJ02240,Urban Set Scouts,Location,31584855,2024-08-27,PAID,
INV08081,PRJ00173,Stagehand Talent Agency,Talent,4072573,05/07/2025,Overdue,
INV01387,PRJ03692,Reel Edit Studios,Post-Production,21915848,19 Feb 2023,paid,
INV05574,PRJ02424,Crew Connect NG,Crew,19442902,27 Feb 2023,Disputed,
INV03779,PRJ00457,naija locations ltd,Location,16871576,28 Aug 2023,disputed,
INV05495,PRJ00276,ProGear,Equipment Rental,3307608,2025-03-05,PAID,
INV00619,PRJ01728,Naija Locations Ltd,Location,4457151,2021-07-04,OVERDUE,
INV02091,PRJ00137,stagehand talent agency,Talent,6369491,01-05-2025,pending,
INV01521,PRJ03093,Coastline Property Services,Location,7485519,11 Sep 2023,pending,
INV05693,PRJ03318,OnSet Meals NG,Catering,3568246,2023-02-01,Pending,
INV05051,PRJ01713,Reel Edit Studios,Post-Production,11227742,05 Mar 2025,pending,
INV03051,PRJ01659,Frame & Focus Equipment,Equipment Rental,12392405,14/06/2025,disputed,
INV06686,PRJ00189,redline camera rentals,Equipment Rental,22628746,2025-02-24,PAID,
INV04070,PRJ01466,Naija Locations Ltd,Location,15707348,13-10-2025,Paid,
INV04741,PRJ01992,Reel Edit Studios,Post-Production,4803006,05 Sep 2022,OVERDUE,
INV04291,PRJ03505,Redline Camera Rentals,Equipment Rental,52911962,06/08/2024,Disputed,
INV08129,PRJ00561,Redline Camera Rentals,Equipment Rental,28838944,14 Jan 2023,pending,
INV00925,PRJ00288,Crew Connect NG,Crew,26825202,03-11-2025,Disputed,
INV00311,PRJ03718,urban set scouts,Location,29598439,24-01-2021,Disputed,
INV02879,PRJ01031,Reel Edit Studios,Post-Production,20501823,07 Aug 2023,pending,
INV08884,PRJ01475,colourgrade lagos,Post-Production,16667574,12 Mar 2025,Disputed,
INV05775,PRJ02275,REEL EDIT STUDIOS,Post-Production,19816415,2023-01-25,PAID,
INV09568,PRJ01266,ondeck production staffing,Crew,13510401,24 Jan 2025,Disputed,
INV07999,PRJ00527,ColourGrade Lagos,Post-Production,29808811,26/07/2025,Pd,
INV03140,PRJ02848,Stagehand Talent Agency,Talent,1012004,06 Mar 2024,Pd,
INV06095,PRJ01637,naija faces casting,Talent,39869408,08 Jul 2022,Pending,
INV05175,PRJ01593,FRAME & FOCUS EQUIPMENT,Equipment Rental,21909990,12/04/2023,Overdue,
INV05305,PRJ03286,SoundWave Post NG,Post-Production,15579037,2023-09-23,Disputed,
INV07024,PRJ00322,reel edit studios,Post-Production,7412270,2021-09-19,Overdue,
INV00676,PRJ01531,Crewnnect,Crew,6413701,2022-04-05,pending,
INV05410,PRJ02844,Naija Locations Ltd,Location,45167833,26-10-2024,paid,
INV01234,PRJ00501,Crew Connect NG,Crew,2045931,12/02/2023,disputed,
INV07928,PRJ00264,Reel Edit Studios,Post-Production,6463617,20/10/2021,Overdue,
INV03844,PRJ01554,PROGEAR NIGERIA,Equipment Rental,"NGN 6,291,902",21-05-2025,disputed,
INV08553,PRJ01083,Naija Faces Casting,Talent,15163369,2023-08-28,paid,
INV05049,PRJ01721,soundwave post ng,Post-Production,7642171,23-03-2022,Pending,
INV02353,PRJ01258,lagos grip & lighting co,Equipment Rental,5324316,18-10-2025,Overdue,
INV07241,PRJ00567,Crew Connect NG,Crew,11710817,06-11-2021,Overdue,
INV04583,PRJ02831,OnSet Meals NG,Catering,30082680,12-02-2024,Disputed,
INV09592,PRJ01857,Stagehand Talent Agency,Talent,15459393,15/04/2023,Overdue,
INV06570,PRJ03740,Naija Locations Ltd,Location,15403333,09-04-2023,disputed,
INV02833,PRJ02268,Redline Camera Rentals,Equipment Rental,8899767,2021-09-09,Pending,
INV03148,PRJ03957,SoundWave Post NG,Post-Production,52480780,2022-06-01,paid,
INV02961,PRJ03138,Naija Faces Casting,Talent,12380559,2025-09-27,paid,
INV00926,PRJ00288,FRAME & FOCUS EQUIPMENT,Equipment Rental,32448132,12/02/2023,PAID,
INV04895,PRJ03333,Reel Edit Studios,Post-Production,7300709,07 Sep 2025,Paid,
INV05789,PRJ02204,ProGear Nigeria,Equipment Rental,16875892,09 May 2024,Disputed,
INV04820,PRJ00758,Coastline Property Services,Location,4731620,2024-08-24,pending,
INV00040,PRJ03506,naija faces casting,Talent,9125800,2021-02-16,Pending,
INV01147,PRJ03638,COLOURGRADE LAGOS,Post-Production,2561511,03-01-2023,OVERDUE,
INV07847,PRJ02162,OnSet Meals NG,Catering,67265478,2022-10-08,Disputed,
INV02258,PRJ01294,COLOURGRADE LAGOS,Post-Production,1099994,28 Jul 2025,OVERDUE,
INV09223,PRJ03711,OnDeck Production Staffing,Crew,12843575,06-02-2024,Disputed,
INV01035,PRJ02079,Reel Edit Studios,Post-Production,5899838,15-03-2021,Pending,
INV07753,PRJ03454,Coastline Property Services,Location,50492138,2023-05-23,Disputed,
INV08341,PRJ02330,Frame & Focus Equipment,Equipment Rental,4235752,2023-06-14,Overdue,
INV02180,PRJ01149,Naija Faces Casting,Talent,375604,09 May 2024,Overdue,
INV07251,PRJ02397,SoundWave Post NG,Post-Production,35192863,2022-10-03,PAID,
INV02565,PRJ03127,Naija Locations Ltd,Location,47357,09/03/2021,Paid,
INV04658,PRJ01480,SoundWave Post NG,Post-Production,35113706,21 Dec 2023,OVERDUE,
INV06043,PRJ03852,naija faces casting,Talent,13841140,2021-10-09,paid,
INV03055,PRJ03308,coastline property services,Location,13319839,2025-10-16,Pending,
INV08882,PRJ00129,crew connect ng,Crew,19520054,14 Mar 2022,Pd,
INV02909,PRJ01302,SoundWave Post NG,Post-Production,18584756,27/09/2023,pending,
INV05804,PRJ01021,OnDeck Production Staffing,Crew,11875043,14/09/2025,Pd,
INV06051,PRJ00138,Reel Edit Studios,Post-Production,35282146,17/09/2025,pending,
INV03742,PRJ02881,Urban Set Scouts,Location,24059247,2024-02-07,Paid,
INV04385,PRJ01362,SoundWave Post NG,Post-Production,36830831,2025-09-07,paid,
INV04034,PRJ02072,ColourGrade Lagos,Post-Production,14075015,25/04/2021,Pending,
INV00933,PRJ01166,OnSet Meals NG,Catering,24719533,09 Oct 2023,disputed,
INV06194,PRJ01899,Lagos Grip & Lighting Co,Equipment Rental,1967657,28-01-2023,paid,
INV08292,PRJ00516,Crewnnect,Crew,12409248,06 Jul 2024,Disputed,
INV09500,PRJ03937,chop life catering,Catering,13731053,23 Aug 2023,Disputed,
INV06510,PRJ03243,OnDeck Production Staffing,Crew,4196269,25 Apr 2022,PAID,
INV00486,PRJ03227,Frame & Focus Equipment,Equipment Rental,11400241,2024-01-22,disputed,
INV06650,PRJ01000,ProGear Nigeria,Equipment Rental,5638386,22 Aug 2023,Disputed,
INV05226,PRJ01666,Lagos Grip & Lighting Co,Equipment Rental,6774309,11-11-2024,paid,
INV01046,PRJ03270,progear nigeria,Equipment Rental,4511273,26-04-2021,Overdue,
INV03003,PRJ01124,ColourGrade Lagos,Post-Production,20728619,20-01-2024,paid,
INV00454,PRJ01786,ProGear Nigeria,Equipment Rental,6371938,13 Nov 2025,disputed,
INV03359,PRJ03598,frame & focus equipment,Equipment Rental,6826695,2022-03-23,pending,
INV03672,PRJ00450,colourgrade lagos,Post-Production,78647912,2022-08-05,paid,
INV07259,PRJ03916,Crew Connect NG,Crew,30397376,15 Oct 2024,Overdue,
INV04994,PRJ00916,NAIJA LOCATIONS LTD,Location,1999327,17 Apr 2021,Overdue,
INV05857,PRJ03402,Naija Faces Casting,Talent,23472721,09-04-2024,Pending,
INV06836,PRJ00976,CHOP LIFE CATERING,Catering,"NGN 73,438,365",08 Aug 2023,paid,
INV01994,PRJ01040,Mama Bisi Kitchen Services,Catering,1877795,2023-03-18,pending,
INV01669,PRJ01591,Naija Faces Casting,Talent,2556894,2024-09-16,Overdue,
INV08379,PRJ02086,Chop Life Catering,Catering,5657657,01 Apr 2022,disputed,
INV06331,PRJ03997,PROGEAR NIGERIA,Equipment Rental,23832896,2023-07-12,Pending,
INV09352,PRJ01993,OnSet Meals NG,Catering,2828561,2021-11-26,OVERDUE,
INV03884,PRJ02229,Naija Faces Casting,Talent,22724708,2021-01-13,Disputed,
INV05896,PRJ03054,Mama Bisi Kitchen Services,Catering,6202132,2023-03-02,paid,
INV07967,PRJ01943,OnDeck Production Staffing,Crew,6937889,23 Oct 2025,Pending,
INV02905,PRJ03922,OnSet Meals NG,Catering,2606491,07/10/2024,Pending,
INV00277,PRJ02267,ColourGrade Lagos,Post-Production,7341176,24 Feb 2025,Pending,
INV07865,PRJ03441,OnDeck Production Staffing,Crew,17968904,28/04/2023,pending,
INV02554,PRJ00275,ColourGrade Lagos,Post-Production,1243527,24 Apr 2025,disputed,
INV03530,PRJ02819,naija faces casting,Talent,10942579,12-10-2022,pending,
INV08260,PRJ00174,Naija Faces Casting,Talent,4995681,23-01-2023,Disputed,
INV04551,PRJ00055,Reel Edit Studios,Post-Production,28520030,2023-02-28,PAID,
INV00031,PRJ03145,CREW CONNECT NG,Crew,4954827,17-05-2023,Paid,
INV01926,PRJ00091,Lagos Grip & Lighting Co,Equipment Rental,14599343,2024-04-23,disputed,
INV06290,PRJ02049,Crew Connect NG,Crew,43356868,25/10/2024,Paid,
INV05966,PRJ02459,Frame & Focus Equipment,Equipment Rental,13493698,18/09/2024,disputed,
INV00460,PRJ00990,Coastline Property Services,Location,3669393,2024-11-07,Overdue,
INV06455,PRJ03388,Redline Camera Rentals,Equipment Rental,37259363,18-06-2021,Pending,
INV06133,PRJ03953,Coastline Property Services,Location,38276099,16-02-2021,Overdue,
INV01805,PRJ00324,OnDeck Production Staffing,Crew,26072711,2023-09-15,pending,
INV01888,PRJ01532,stagehand talent agency,Talent,"NGN 10,841,362",2022-12-07,OVERDUE,
INV05933,PRJ00422,NAIJA FACES CASTING,Talent,16930645,24/09/2021,OVERDUE,
INV05707,PRJ00326,Naija Locations Ltd,Location,1954984,27 Sep 2023,paid,
INV01865,PRJ03322,Stagehand Talent Agency,Talent,"NGN 41,558,156",17-07-2025,disputed,
INV06390,PRJ01089,SoundWave Post NG,Post-Production,26023043,09-10-2021,pending,
INV06802,PRJ02555,Naija Faces Casting,Talent,41618440,27/01/2025,pending,
INV00914,PRJ03484,Stagehand Talent Agency,Talent,12305961,19-08-2024,Overdue,
INV08216,PRJ01491,COLOURGRADE LAGOS,Post-Production,7431193,2021-06-15,Disputed,
INV02615,PRJ02737,OnDeck Production Staffing,Crew,6237410,2022-12-07,Pending,
INV09003,PRJ01316,Coastline Property Services,Location,8700439,24/06/2024,Disputed,
INV01972,PRJ02200,ProGear Nigeria,Equipment Rental,27264551,14/08/2024,Paid,
INV03071,PRJ03179,Urban Set Scouts,Location,5755736,02 Nov 2022,pending,
INV06317,PRJ03350,crew connect ng,Crew,9073023,12-02-2023,pending,
INV06027,PRJ02604,SoundWave Post NG,Post-Production,12005897,21/08/2025,Paid,
INV04536,PRJ01001,PROGEAR NIGERIA,Equipment Rental,"NGN 6,888,733",04-04-2021,Pending,
INV03680,PRJ03639,ONDECK PRODUCTION STAFFING,Crew,444782,2024-11-02,Pd,
INV06012,PRJ02569,ProGear Nigeria,Equipment Rental,26184077,12/04/2023,OVERDUE,
INV08345,PRJ00374,ProGear Nigeria,Equipment Rental,18125322,26 Jun 2023,Paid,
INV01302,PRJ00851,Chop Life Catering,Catering,7550651,19 Apr 2023,pending,
INV06211,PRJ03664,ProGear Nigeria,Equipment Rental,20292334,13-08-2022,paid,
INV09199,PRJ01708,OnDeck Production Staffing,Crew,1225974,16 Jan 2024,Pending,
INV07347,PRJ02314,STAGEHAND TALENT AGENCY,Talent,9911188,20/01/2023,Overdue,
INV01397,PRJ00228,Reel Edit Studios,Post-Production,13860559,28/11/2023,PAID,
INV07954,PRJ00575,Reel Edit Studios,Post-Production,26130916,2024-10-12,Pd,
INV07558,PRJ01081,colourgrade lagos,Post-Production,13702278,08-02-2023,disputed,
INV04398,PRJ03030,ProGear Nigeria,Equipment Rental,47434111,14 Sep 2025,disputed,
INV09066,PRJ03332,MAMA BISI KITCHEN SERVICES,Catering,44759479,02-01-2022,PAID,
INV06982,PRJ03275,CREW CONNECT NG,Crew,15982551,28 Nov 2022,Disputed,
INV09510,PRJ02316,naija faces casting,Talent,63860313,07/08/2024,Disputed,
INV02405,PRJ00481,LAGOS GRIP & LIGHTING CO,Equipment Rental,33847585,11/06/2025,disputed,
INV08961,PRJ02387,SoundWave Post NG,Post-Production,25605107,28-06-2023,paid,
INV06084,PRJ00886,ondeck production staffing,Crew,4888359,2022-09-25,Paid,
INV00228,PRJ02887,ONSET MEALS NG,Catering,4277349,03/04/2025,pending,
INV08875,PRJ02157,Mama Bisi Kitchen Services,Catering,26035449,13/02/2024,disputed,
INV05373,PRJ00552,Mama Bisi Kitchen Services,Catering,18368926,13 Sep 2022,Pd,
INV01542,PRJ03889,OnSet Meals NG,Catering,932037,13-07-2025,pending,
INV07057,PRJ01413,crew connect ng,Crew,15514420,2021-01-22,PAID,
INV00977,PRJ01469,ProGear Nigeria,Equipment Rental,10465039,23-03-2025,disputed,
INV07009,PRJ01439,Coastline Property Services,Location,14173120,24 Feb 2021,OVERDUE,
INV09410,PRJ02061,coastline property services,Location,1283230,14/06/2021,pending,
INV09208,PRJ03103,Stagehand Talent Agency,Talent,21272168,19 Mar 2024,paid,
INV03493,PRJ02599,ProGear Nigeria,Equipment Rental,30997022,01-12-2025,Overdue,
INV08558,PRJ02395,Chop Life Catering,Catering,7969504,27/02/2025,Overdue,
INV05062,PRJ01470,Chop Life Catering,Catering,1634464,08/02/2025,OVERDUE,
INV06017,PRJ02479,Coastline Property Services,Location,12044459,2025-11-17,Disputed,
INV06844,PRJ03338,Stagehand Talent Agency,Talent,9173796,25-05-2022,pending,
INV07165,PRJ03483,Crew Connect NG,Crew,9045029,2025-12-20,disputed,
INV01993,PRJ01040,Lagos Grip & Lighting Co,Equipment Rental,10236419,09 Jan 2022,Pd,
INV05484,PRJ01808,lagos grip & lighting co,Equipment Rental,7268533,16/10/2021,pending,
INV02440,PRJ01328,chop life catering,Catering,25501377,2023-11-08,OVERDUE,
INV00001,PRJ03827,Lagos Grip & Lighting Co,Equipment Rental,18059447,08/04/2021,Paid,
INV01797,PRJ03139,URBAN SET SCOUTS,Location,33296152,18/09/2024,paid,
INV01617,PRJ00538,Naija Locations Ltd,Location,9588451,12/12/2023,Pending,
INV03555,PRJ00003,ProGear Nigeria,Equipment Rental,47401639,2021-12-05,paid,
INV03364,PRJ02587,Naija Faces Casting,Talent,12334503,21-09-2021,Pending,
INV08524,PRJ03751,Naija Faces Casting,Talent,23805893,25-04-2025,Pending,
INV09542,PRJ02999,Chop Life Catering,Catering,2328759,16/01/2021,disputed,
INV07931,PRJ00264,CREW CONNECT NG,Crew,1461705,17-02-2022,Paid,
INV06942,PRJ03551,Chop Life Catering,Catering,7032663,2023-07-16,PAID,
INV01148,PRJ00648,COLOURGRADE LAGOS,Post-Production,18812759,01/12/2021,PAID,
INV00704,PRJ00490,Redline Camera Rentals,Equipment Rental,54035758,2022-10-24,Pending,
INV07262,PRJ00010,Lagos Grip & Lighting Co,Equipment Rental,15944838,14-07-2025,paid,
INV03943,PRJ02177,Naija Locations Ltd,Location,17272586,19 Sep 2025,Pending,
INV04138,PRJ02414,Reel Edit Studios,Post-Production,2407137,02/11/2024,OVERDUE,
INV07697,PRJ01849,mama bisi kitchen services,Catering,15497183,22-05-2022,OVERDUE,
INV05528,PRJ00002,Coastline Property Services,Location,31813253,25/01/2024,Pd,
INV03001,PRJ01873,ColourGrade Lagos,Post-Production,11521064,14/03/2025,Overdue,
INV04656,PRJ01480,SoundWave Post,Post-Production,17843464,05-11-2021,Paid,
INV07941,PRJ00809,OnSet Meals NG,Catering,24875255,24-12-2021,Paid,
INV03923,PRJ02748,MAMA BISI KITCHEN SERVICES,Catering,11975606,2021-07-07,Pending,
INV03309,PRJ02328,Reel Edit Studios,Post-Production,11128105,2024-10-25,OVERDUE,
INV00792,PRJ00993,Stagehand Talent Agency,Talent,11581382,09/09/2024,Pd,
INV05119,PRJ02206,Coastline Property Services,Location,30407907,2021-11-14,Disputed,
INV03824,PRJ02409,Mama Bisi Kitchen Services,Catering,2394075,2022-06-06,Paid,
INV01856,PRJ01800,NAIJA FACES CASTING,Talent,10870751,04 Nov 2025,paid,
INV00149,PRJ03065,Chop Life Catering,Catering,8411016,21 Sep 2022,Pending,
INV09145,PRJ02538,chop life catering,Catering,17907265,24-07-2025,Overdue,
INV01198,PRJ01160,Redline Camera Rentals,Equipment Rental,28425472,2024-01-25,Paid,
INV09181,PRJ00746,Stagehand Talent Agency,Talent,25673233,06-10-2021,PAID,
INV07981,PRJ02117,Stagehand Talent Agency,Talent,13475519,2025-11-26,Overdue,
INV06137,PRJ00691,crew connect ng,Crew,24321371,2024-03-22,OVERDUE,
INV08408,PRJ02439,colourgrade lagos,Post-Production,6835490,2021-01-14,PAID,
INV02751,PRJ02472,Mama Bisi Kitchen Services,Catering,3413337,26 Jun 2023,paid,
INV08006,PRJ03117,Mama Bisi Kitchen Services,Catering,29117529,2021-11-18,OVERDUE,
INV07419,PRJ03610,Naija Faces Casting,Talent,10224910,01/09/2021,Overdue,
INV09590,PRJ03170,OnDeck Production Staffing,Crew,3749964,17 Jul 2021,OVERDUE,
INV03424,PRJ02149,ProGear Nigeria,Equipment Rental,3935457,25 Aug 2022,disputed,
INV04880,PRJ00373,COASTLINE PROPERTY SERVICES,Location,4979454,19-06-2024,Paid,
INV07680,PRJ03670,OnDeck Production Staffing,Crew,1298452,22 Apr 2025,Disputed,
INV00708,PRJ02879,mama bisi kitchen services,Catering,35791535,16/03/2023,pending,
INV02186,PRJ01581,Chop Life Catering,Catering,29008127,14 Feb 2022,Paid,
INV01083,PRJ01143,Stagehand Talent Agency,Talent,55292622,17/04/2023,pending,
INV05630,PRJ03736,Mama Bisi Kitchen Services,Catering,3581445,20-02-2022,Pending,
INV03239,PRJ02841,Coastline Property Services,Location,38181152,28-02-2022,Pending,
INV08132,PRJ00658,Mama Bisi Kitchen Services,Catering,2351985,27-01-2023,pending,
INV05341,PRJ02437,Urban Set Scouts,Location,26002,2025-07-12,disputed,
INV00193,PRJ00690,Mama Bisi Kitchen Services,Catering,48756768,16-09-2024,Paid,
INV03789,PRJ03452,SoundWave Post NG,Post-Production,19600349,14-09-2025,paid,
INV04888,PRJ01317,REDLINE CAMERA RENTALS,Equipment Rental,83545,22 Sep 2021,disputed,
INV00889,PRJ00434,Redline Camera Rentals,Equipment Rental,15141994,20/10/2024,pending,
INV00870,PRJ02990,Frame & Focus Equipment,Equipment Rental,1648694,21-07-2021,paid,
INV00578,PRJ03496,Urban Set Scouts,Location,17530762,19-08-2022,pending,
INV05819,PRJ00704,OnDeck Production Staffing,Crew,11215095,10-02-2023,Paid,
INV05242,PRJ00379,ColourGrade Lagos,Post-Production,53877216,2023-04-08,Disputed,
INV06653,PRJ01000,Frame & Focus Equipment,Equipment Rental,8414757,13 Aug 2024,OVERDUE,
INV08973,PRJ00113,OnSet Meals NG,Catering,38165663,2025-06-10,Pending,
INV09249,PRJ04000,Chop Life Catering,Catering,25819282,2023-11-01,pending,
INV08788,PRJ03280,crew connect ng,Crew,15469736,2023-09-05,Disputed,
INV06693,PRJ03747,SoundWave Post NG,Post-Production,4919536,15/07/2021,PAID,
INV08688,PRJ01247,Naija Faces Casting,Talent,45125256,10 Aug 2023,OVERDUE,
INV04689,PRJ01851,Chop Life Catering,Catering,13752431,2023-06-06,Paid,
INV02374,PRJ02175,Crewnnect,Crew,4144567,2021-01-18,Paid,
INV04351,PRJ01749,Redline Camera Rentals,Equipment Rental,16306761,27/03/2021,disputed,
INV03054,PRJ03308,ColourGrade Lagos,Post-Production,7834048,24 Mar 2025,Pending,
INV07656,PRJ02926,naija faces casting,Talent,5894205,17-04-2022,pending,
INV05018,PRJ01442,OnDeck Production Staffing,Crew,18930237,12 Dec 2024,Disputed,
INV05561,PRJ00461,Coastline Property Services,Location,21231544,05 Dec 2023,Paid,
INV05015,PRJ03373,Mama Bisi Kitchen Services,Catering,41504149,12 Jul 2023,PAID,
INV00639,PRJ02966,Crew Connect NG,Crew,9629705,26/01/2021,paid,
INV00111,PRJ02416,URBAN SET SCOUTS,Location,42101704,10/05/2025,OVERDUE,
INV03375,PRJ02996,OnDeck Production Staffing,Crew,14174105,2021-04-12,disputed,
INV08741,PRJ02265,Urban Set Scouts,Location,12788512,17/11/2025,paid,
INV05820,PRJ00704,OnDeck Production Staffing,Crew,29856729,2023-03-15,Pd,
INV06742,PRJ02305,Lagos Grip & Lighting Co,Equipment Rental,25009748,04 Sep 2021,disputed,
INV00818,PRJ00085,OnSet Meals NG,Catering,9216634,2021-05-13,PAID,
INV01497,PRJ02953,stagehand talent agency,Talent,13337500,2023-08-22,Pending,
INV03868,PRJ02115,SoundWave Post NG,Post-Production,9136776,2022-03-16,paid,
INV08325,PRJ00873,Naija Faces Casting,Talent,13818186,21-07-2024,Overdue,
INV06944,PRJ01420,Coastline Property Services,Location,11366271,2023-12-08,Pd,
INV00822,PRJ01334,Urban Set Scouts,Location,26233563,26 Sep 2023,Overdue,
INV04060,PRJ00013,Chop Life Catering,Catering,9691575,05 May 2025,OVERDUE,
INV01679,PRJ03177,Stagehand Talent Agency,Talent,2882711,23/01/2021,Pd,
INV07657,PRJ02926,OnSet Meals NG,Catering,15274430,09/11/2021,paid,
INV05043,PRJ01145,Naija Faces Casting,Talent,12306334,18/03/2025,pending,
INV04993,PRJ00916,CHOP LIFE CATERING,Catering,14136938,05-06-2025,OVERDUE,
INV02842,PRJ01919,REEL EDIT STUDIOS,Post-Production,"NGN 37,416,866",27-05-2025,Pending,
INV00771,PRJ03750,Crew Connect NG,Crew,10026066,12/03/2022,paid,
INV01172,PRJ03111,SOUNDWAVE POST NG,Post-Production,17840156,27/07/2023,Pending,
INV04669,PRJ01740,colourgrade lagos,Post-Production,16555359,2025-01-06,Pending,
INV07798,PRJ01692,ColourGrade Lagos,Post-Production,"NGN 16,956,564",12 Feb 2025,Paid,
INV08640,PRJ00088,naija faces casting,Talent,30600615,08 Jul 2023,Disputed,
INV08837,PRJ03995,Stagehand Talent Agency,Talent,46129063,2022-12-15,PAID,
INV09106,PRJ02012,Reel Edit Studios,Post-Production,"NGN 19,652,772",15-08-2021,OVERDUE,
INV06969,PRJ03025,CREW CONNECT NG,Crew,10365141,04-12-2021,OVERDUE,
INV09387,PRJ00663,NAIJA FACES CASTING,Talent,20051251,19 Aug 2024,paid,
INV01343,PRJ00720,Mama Bisi Kitchen Services,Catering,46630330,10-01-2022,pending,
INV04100,PRJ02017,Chop Life Catering,Catering,13455717,23-04-2023,pending,
INV03981,PRJ00192,PROGEAR NIGERIA,Equipment Rental,37057619,27-12-2023,paid,
INV04579,PRJ02762,Naija Faces Casting,Talent,2587065,2025-08-25,OVERDUE,
INV02454,PRJ00386,Naija Locations Ltd,Location,18970028,16-01-2023,OVERDUE,
INV05903,PRJ00876,OnSet Meals NG,Catering,25587652,2021-09-05,disputed,
INV08704,PRJ01652,crew connect ng,Crew,23582776,11-03-2025,disputed,
INV02980,PRJ01978,ColourGrade Lagos,Post-Production,42021340,24 Jun 2025,disputed,
INV00419,PRJ00769,OnDeck Production Staffing,Crew,3544780,2021-04-15,pending,
INV00275,PRJ03225,ColourGrade Lagos,Post-Production,37569175,2024-05-02,PAID,
INV07496,PRJ01429,OnDeck Production Staffing,Crew,6410762,2021-06-21,Disputed,
INV02344,PRJ01245,ColourGrade Lagos,Post-Production,16487532,08/01/2023,disputed,
INV01414,PRJ03875,Redline Camera Rentals,Equipment Rental,28519412,2025-03-27,paid,
INV07313,PRJ03911,ProGear Nigeria,Equipment Rental,31370325,16/04/2021,paid,
INV05758,PRJ03621,stagehand talent agency,Talent,15122741,11 Jul 2023,disputed,
INV02419,PRJ01534,ProGear Nigeria,Equipment Rental,32118975,17-09-2022,pending,
INV05474,PRJ02251,Stagehand Talent Agency,Talent,33986406,05 May 2025,Pending,
INV01082,PRJ01143,ColourGrade Lagos,Post-Production,8922141,14 Apr 2022,disputed,
INV07580,PRJ00858,reel edit studios,Post-Production,10861714,2025-05-13,pending,
INV01248,PRJ00382,Frame & Focus Equipment,Equipment Rental,46046318,11 Apr 2025,paid,
INV02665,PRJ01527,Reel Edit Studios,Post-Production,2518004,2023-01-26,Overdue,
INV05321,PRJ00866,Naija Locations Ltd,Location,7862658,24 May 2025,paid,
INV06541,PRJ00166,ColourGrade Lagos,Post-Production,7854671,17/11/2023,PAID,
INV05429,PRJ03931,Chop Life Catering,Catering,45145172,2021-07-23,OVERDUE,
INV01671,PRJ01618,reel edit studios,Post-Production,17171131,12 Dec 2021,paid,
INV09342,PRJ02123,SoundWave Post NG,Post-Production,21986126,19-08-2022,Pd,
INV07395,PRJ00062,Mama Bisi Kitchen Services,Catering,1410155,07 Mar 2024,disputed,
INV09285,PRJ00581,NAIJA FACES CASTING,Talent,8883793,2021-11-22,disputed,
INV05395,PRJ02056,Naija Locations Ltd,Location,5244908,04/10/2025,paid,
INV06297,PRJ01615,ONDECK PRODUCTION STAFFING,Crew,33931453,02 Apr 2021,disputed,
INV07694,PRJ01520,Reel Edit Studios,Post-Production,4200365,11/08/2021,Pending,
INV04160,PRJ00785,OnDeck Production Staffing,Crew,137840,2021-03-27,Disputed,
INV02282,PRJ02338,Reel Edit Studios,Post-Production,40221707,12 Dec 2024,Pending,
INV01967,PRJ00082,coastline property services,Location,38578711,2022-06-22,Pending,
INV08820,PRJ03457,Chop Life Catering,Catering,4092476,27 Aug 2025,Paid,
INV02721,PRJ01755,Chop Life Catering,Catering,"NGN 4,696,981",15 May 2023,Disputed,
INV06900,PRJ02500,urban set scouts,Location,7189719,2024-02-25,Pd,
INV07495,PRJ01429,Naija Locations Ltd,Location,13995638,21-09-2023,Pending,
INV00403,PRJ03488,Naija Faces Casting,Talent,55307006,22-02-2024,OVERDUE,
INV04080,PRJ02074,Naija Faces Casting,Talent,15293007,17 Dec 2025,OVERDUE,
INV04059,PRJ00013,Frame & Focus Equipment,Equipment Rental,"NGN 42,610,694",2022-05-22,Paid,
INV07857,PRJ01661,Lagos Grip & Lighting Co,Equipment Rental,17858255,10 Jan 2022,OVERDUE,
INV00864,PRJ03974,OnSet Meals NG,Catering,40891229,07-08-2023,Overdue,
INV07688,PRJ01094,Frame & Focus Equipment,Equipment Rental,1186965,27 Aug 2025,Disputed,
INV04278,PRJ03251,Coastline Property Services,Location,11302356,14/08/2025,OVERDUE,
INV09754,PRJ07777,SoundWave Post NG,Post-Production,39911500,2023-12-22,disputed,
INV09782,PRJ09999,Mama Bisi Kitchen Services,Catering,39018549,19/03/2021,paid,
INV02882,PRJ01759,Mama Bisi Kitchen Services,Catering,35043050,12/11/2021,Paid,
INV02746,PRJ01141,Naija Locations Ltd,Location,18411334,2022-08-17,Pd,
INV00974,PRJ00535,Coastline Property Services,Location,1683040,12/06/2021,pending,
INV00780,PRJ00017,MAMA BISI KITCHEN SERVICES,Catering,891636,07-07-2024,Disputed,
INV01008,PRJ03846,Frame & Focus Equipment,Equipment Rental,9080540,14 Jun 2025,Disputed,
INV03550,PRJ02378,SoundWave Post NG,Post-Production,12056055,06 Jan 2025,pending,
INV08187,PRJ02145,Frame & Focus Equipment,Equipment Rental,32685201,06/04/2022,Overdue,
INV02914,PRJ01302,Naija Faces Casting,Talent,2237446,25-10-2024,OVERDUE,
INV05863,PRJ02656,REEL EDIT STUDIOS,Post-Production,29484374,25/01/2021,Pending,
INV09620,PRJ01254,ONSET MEALS NG,Catering,25716446,17 Nov 2022,Overdue,
INV02621,PRJ03439,OnDeck Production Staffing,Crew,13959503,23 Jul 2024,Paid,
INV04440,PRJ03944,CHOP LIFE CATERING,Catering,56204095,03 Feb 2023,paid,
INV08520,PRJ00371,Mama Bisi Kitchen Services,Catering,68042290,16-03-2022,paid,
INV04029,PRJ03467,Naija Faces Casting,Talent,16297624,2022-02-12,PAID,
INV03513,PRJ00818,SoundWave Post NG,Post-Production,24584196,16-05-2021,Paid,
INV06700,PRJ03961,Stagehand Talent Agency,Talent,25010490,2022-12-27,Pd,
INV04105,PRJ00884,ColourGrade Lagos,Post-Production,39975289,2025-04-25,Pd,
INV00959,PRJ00177,reel edit studios,Post-Production,26245661,2021-01-02,OVERDUE,
INV04510,PRJ00396,CREW CONNECT NG,Crew,14823036,17 Apr 2022,pending,
INV08596,PRJ01625,naija locations ltd,Location,36669860,2023-12-27,Pd,
INV04288,PRJ00477,chop life catering,Catering,13892330,03-10-2023,PAID,
INV00755,PRJ00958,Mama Bisi Kitchen Services,Catering,20889521,06/07/2022,Disputed,
INV05752,PRJ00384,Reel Edit Studios,Post-Production,10632802,09-06-2025,pending,
INV03701,PRJ01049,Frame & Focus Equipment,Equipment Rental,7502220,19/04/2025,OVERDUE,
INV04704,PRJ02705,Naija Faces Casting,Talent,25289978,20/12/2021,OVERDUE,
INV01411,PRJ01164,Naija Faces Casting,Talent,10115267,2023-03-21,pending,
INV06535,PRJ02000,Reel Edit Studios,Post-Production,6394072,2024-08-21,Disputed,
INV02913,PRJ01302,urban set scouts,Location,839191,11 Jun 2025,pending,
INV02301,PRJ01222,mama bisi kitchen services,Catering,41995952,14 Nov 2025,PAID,
INV00297,PRJ03609,OnDeck Production Staffing,Crew,2394809,15/07/2021,disputed,
INV07399,PRJ00686,Reel Edit Studios,Post-Production,8129543,2022-05-01,pending,
INV01201,PRJ00243,OnDeck Production Staffing,Crew,44005395,20 Mar 2024,Pending,
INV04859,PRJ01293,Redline Camera Rentals,Equipment Rental,26757863,15 Oct 2024,Disputed,
INV03863,PRJ02385,Crewnnect,Crew,51933845,2023-03-20,paid,
INV06234,PRJ02644,Naija Locations,Location,6503638,05 Aug 2021,PAID,
INV05517,PRJ01875,Reel Edit Studios,Post-Production,2683723,01/02/2025,pending,
INV04150,PRJ03268,progear nigeria,Equipment Rental,14063303,2024-04-28,OVERDUE,
INV03503,PRJ00806,chop life catering,Catering,16501977,2025-11-13,Paid,
INV01961,PRJ02335,Frame & Focus Equipment,Equipment Rental,30478974,28-02-2021,Paid,
INV08237,PRJ02160,ColourGrade Lagos,Post-Production,31884061,07 Sep 2023,Disputed,
INV00985,PRJ01751,OnDeck Production Staffing,Crew,55542049,2022-12-22,Disputed,
INV09105,PRJ01306,OnDeck Production Staffing,Crew,37176021,21 Jul 2025,pending,
INV02325,PRJ00657,CREW CONNECT NG,Crew,35265693,12-03-2025,disputed,
INV04909,PRJ02812,LAGOS GRIP & LIGHTING CO,Equipment Rental,20263217,2023-02-04,OVERDUE,
INV08185,PRJ02145,OnDeck Production Staffing,Crew,13548755,20-06-2024,Disputed,
INV04402,PRJ00305,Lagos Grip & Lighting Co,Equipment Rental,5715585,24 Aug 2022,paid,
INV00160,PRJ01487,OnDeck Production Staffing,Crew,"NGN 4,703,389",20 Feb 2025,OVERDUE,
INV09039,PRJ03758,OnDeck Production Staffing,Crew,26480482,18-04-2022,OVERDUE,
INV04755,PRJ00424,Naija Faces Casting,Talent,21481274,06-06-2025,Disputed,
INV09681,PRJ02616,naija faces casting,Talent,21625809,22-04-2024,PAID,
INV07436,,OnDeck Production Staffing,Crew,137152692,13 Jan 2022,disputed,
INV00582,PRJ00931,Coastline Property Services,Location,19546691,10-01-2022,Overdue,
INV03709,PRJ02480,OnSet Meals NG,Catering,7398466,09 May 2023,pending,
INV08842,PRJ02523,Crewnnect,Crew,2066234,15-06-2023,Pd,
INV08472,PRJ02075,lagos grip & lighting co,Equipment Rental,3244904,2021-01-11,disputed,
INV09261,PRJ01288,ProGear Nigeria,Equipment Rental,5056834,24/05/2021,disputed,
INV04641,PRJ02876,Stagehand Talent Agency,Talent,70966108,10 Aug 2024,pending,
INV04426,PRJ00589,ONSET MEALS NG,Catering,28092994,20-02-2022,Paid,
INV06145,PRJ00022,progear nigeria,Equipment Rental,"NGN 19,181,715",28/02/2022,paid,
INV02248,PRJ00097,ProGear Nigeria,Equipment Rental,27558204,15-09-2022,Paid,
INV01571,PRJ01771,Crew Connect NG,Crew,8863089,10/12/2023,Overdue,
INV05009,PRJ01276,OnDeck Production Staffing,Crew,17263645,2025-06-22,Pending,
INV01509,PRJ01184,crew connect ng,Crew,2544875,25/02/2024,Pd,
INV01385,PRJ03668,Redline Camera Rentals,Equipment Rental,67510971,06/08/2022,PAID,
INV02156,PRJ02106,Reel Edit Studios,Post-Production,8114585,17/08/2024,PAID,
INV00872,PRJ01982,ColourGrade Lagos,Post-Production,91000850,16/03/2021,Disputed,
INV05748,PRJ00333,Urban Set Scouts,Location,26154441,03 Feb 2025,Paid,
INV01807,PRJ00324,ColourGrade Lagos,Post-Production,38332614,20 Mar 2024,disputed,
INV08000,PRJ02136,ONSET MEALS NG,Catering,100557431,2023-04-15,PAID,
INV04960,PRJ00696,OnSet Meals NG,Catering,30661675,28-03-2022,Disputed,
INV03147,PRJ03957,ONDECK PRODUCTION STAFFING,Crew,18326022,2022-12-11,OVERDUE,
INV06980,PRJ03275,Coastline Property Services,Location,37328604,03 Nov 2024,PAID,
INV04488,PRJ01547,OnSet Meals NG,Catering,48811448,17 Mar 2025,Paid,
INV05824,PRJ02215,SoundWave Post NG,Post-Production,4550154,25 Feb 2024,Overdue,
INV01480,PRJ01379,Stagehand Talent Agency,Talent,2591122,08 May 2021,paid,
INV00809,PRJ01768,Coastline Property Services,Location,1408435,04/07/2022,Pending,
INV00380,PRJ03964,Chop Life Catering,Catering,4951951,2021-06-03,Pending,
INV06261,PRJ03422,ColourGrade Lagos,Post-Production,56708226,2023-03-18,Paid,
INV06055,PRJ00646,NAIJA LOCATIONS LTD,Location,28576266,04-07-2022,Pd,
INV03582,PRJ02184,Lagos Grip & Lighting Co,Equipment Rental,10291260,01/12/2024,paid,
INV03557,PRJ00822,Reel Edit Studios,Post-Production,16213336,03-03-2024,Overdue,
INV01587,PRJ02731,Frame & Focus Equipment,Equipment Rental,14097689,07 Nov 2021,OVERDUE,
INV08644,PRJ00919,Redline Camera Rentals,Equipment Rental,41433580,2025-10-12,Disputed,
INV03123,PRJ01895,OnSet Meals NG,Catering,85893853,10-11-2025,Pd,
INV01904,PRJ01914,Reel Edit Studios,Post-Production,5620671,2021-12-19,disputed,
INV04811,PRJ03349,Naija Faces Casting,Talent,53037776,16 Apr 2022,Pending,
INV05312,PRJ02652,crew connect ng,Crew,2027873,2025-07-07,disputed,
INV00535,PRJ02510,Frame & Focus Equipment,Equipment Rental,17352073,2022-01-16,Disputed,
INV04916,PRJ03948,onset meals ng,Catering,39157368,24/01/2021,Overdue,
INV01391,PRJ03988,crew connect ng,Crew,6947169,07/10/2023,OVERDUE,
INV05704,PRJ00326,COASTLINE PROPERTY SERVICES,Location,17983824,18/02/2022,Pd,
INV08864,PRJ00526,OnDeck Production Staffing,Crew,7682046,08-12-2024,Disputed,
INV00967,PRJ02063,OnDeck Production Staffing,Crew,14124214,02/01/2022,Disputed,
INV00417,PRJ00769,Naija Faces Casting,Talent,4370880,11 Oct 2025,Paid,
INV04528,PRJ01635,ColourGrade Lagos,Post-Production,685018,26 Apr 2021,Paid,
INV04252,PRJ02707,reel edit studios,Post-Production,13340798,24-01-2024,pending,
INV04554,PRJ02307,OnDeck Production Staffing,Crew,21307937,07/05/2022,PAID,
INV09729,PRJ02664,Chop Life Catering,Catering,170466,19 Aug 2023,pending,
INV03707,PRJ02480,soundwave post ng,Post-Production,1969073,07-09-2023,OVERDUE,
INV08848,PRJ03918,Lagos Grip & Lighting Co,Equipment Rental,7350717,08-09-2025,Pending,
INV09395,PRJ00245,Urban Set Scouts,Location,16381903,13/11/2025,Pending,
INV08112,PRJ00061,Stagehand Talent Agency,Talent,12923853,21-01-2024,PAID,
INV08964,PRJ02387,Urban Set Scouts,Location,5104394,09 Aug 2025,paid,
INV07170,PRJ01435,Coastline Property Services,Location,32139269,05 Mar 2023,Pending,
INV09256,PRJ02778,Crew Connect NG,Crew,8618795,02/03/2022,Pending,
INV00510,PRJ02752,Crew Connect NG,Crew,21778352,2022-07-17,pending,
INV04201,PRJ01374,Naija Locations Ltd,Location,33674990,2024-10-05,Overdue,
INV00195,PRJ00690,OnSet Meals NG,Catering,2886698,19-01-2023,disputed,
INV07909,PRJ01567,ColourGrade Lagos,Post-Production,"NGN 29,629,129",09/03/2023,paid,
INV00908,PRJ00937,progear nigeria,Equipment Rental,9581097,13-02-2025,OVERDUE,
INV05029,PRJ03076,Crew Connect NG,Crew,51071783,21-12-2021,pending,
INV00791,PRJ03499,OnSet Meals NG,Catering,1290919,15-06-2024,Pending,
INV07807,PRJ03865,NAIJA LOCATIONS LTD,Location,10459596,03-02-2021,Overdue,
INV00799,PRJ00236,Frame & Focus Equipment,Equipment Rental,17835689,26/11/2024,Disputed,
INV01597,PRJ03464,SoundWave Post NG,Post-Production,9500413,03/05/2022,Pending,
INV08660,PRJ03563,REDLINE CAMERA RENTALS,Equipment Rental,19054290,02 Oct 2023,OVERDUE,
INV02129,PRJ00611,Lagos Grip & Lighting Co,Equipment Rental,912194,25 Sep 2025,Pd,
INV05346,PRJ01756,Urban Set Scouts,Location,13125396,20-09-2024,Pd,
INV07972,PRJ02983,COASTLINE PROPERTY SERVICES,Location,36475031,16-09-2021,PAID,
INV08658,PRJ03586,Redline Camera Rentals,Equipment Rental,33786042,24 Aug 2024,OVERDUE,
INV07151,PRJ01190,Reel Edit Studios,Post-Production,8216201,22 May 2022,pending,
INV06720,PRJ02005,SOUNDWAVE POST NG,Post-Production,12369768,15/11/2023,disputed,
INV09400,PRJ03571,OnDeck Production Staffing,Crew,22101033,2022-06-26,Overdue,
INV06214,PRJ03981,REDLINE CAMERA RENTALS,Equipment Rental,"NGN 7,454,072",2025-06-02,paid,
INV04408,PRJ00557,Reel Edit Studios,Post-Production,3305809,27-11-2024,pending,
INV03795,PRJ00957,Lagos Grip & Lighting Co,Equipment Rental,"NGN 49,645,280",17/04/2022,Disputed,
INV09351,PRJ01993,Crew Connect NG,Crew,7241777,2023-10-17,Pd,
INV08878,PRJ02157,URBAN SET SCOUTS,Location,17215480,01/02/2024,Disputed,
INV01491,PRJ03885,crew connect ng,Crew,3251892,19-05-2022,Disputed,
INV07946,PRJ03817,Stagehand Talent Agency,Talent,"NGN 11,214,238",15-08-2024,Paid,
INV08327,PRJ01148,Redline Camera Rentals,Equipment Rental,6371775,27/01/2022,Pd,
INV08552,PRJ03261,naija faces casting,Talent,"NGN 13,908,703",2024-09-11,OVERDUE,
INV07488,PRJ01300,ONSET MEALS NG,Catering,54806806,19/03/2021,paid,
INV08059,PRJ02811,Chop Life Catering,Catering,3649806,01-05-2025,Disputed,
INV03787,PRJ03452,ProGear Nigeria,Equipment Rental,1256679,21/11/2024,Pending,
INV03694,PRJ03478,Crew Connect NG,Crew,"NGN 19,217,927",15 Mar 2025,paid,
INV06424,PRJ00152,SoundWave Post NG,Post-Production,7186820,2023-02-19,paid,
INV05476,PRJ02197,Crew Connect NG,Crew,55085196,26/05/2022,OVERDUE,
INV05473,PRJ02251,OnDeck Production Staffing,Crew,30510780,23-07-2024,Pending,
INV01501,PRJ01672,Crew Connect NG,Crew,8206238,21/04/2024,Pending,
INV02164,PRJ03935,Redline Camera Rentals,Equipment Rental,4175968,24-01-2024,Overdue,
INV08890,PRJ03615,OnSet Meals NG,Catering,19085711,12/04/2021,Overdue,
INV07664,PRJ02911,Chop Life Catering,Catering,3096254,20/10/2021,Disputed,
INV07791,PRJ02692,COLOURGRADE LAGOS,Post-Production,2217686,24-12-2023,PAID,
INV08568,PRJ01215,Naija Faces Casting,Talent,10640062,2024-05-26,OVERDUE,
INV05598,PRJ02236,OnDeck Production Staffing,Crew,6755862,11 Jun 2023,Paid,
INV09309,PRJ02666,Lagos Grip & Lighting Co,Equipment Rental,23117270,10-02-2024,Pending,
INV03975,PRJ03812,Chop Life Catering,Catering,18030097,03 May 2022,paid,
INV08122,PRJ02068,NAIJA LOCATIONS LTD,Location,1321707,2021-07-16,PAID,
INV08245,PRJ03766,Stagehand Talent Agency,Talent,7403512,04 Jan 2021,Disputed,
INV07036,PRJ01627,Coastline Property Services,Location,20115760,14 Dec 2025,Pd,
INV03230,PRJ02575,Chop Life Catering,Catering,25928108,25 Apr 2024,Disputed,
INV08215,PRJ03364,OnDeck Production Staffing,Crew,1805772,26-02-2024,OVERDUE,
INV03336,PRJ01400,Urban Set Scouts,Location,7933949,08/03/2025,Pending,
INV08256,PRJ01733,OnSet Meals NG,Catering,31127564,27/03/2024,paid,
INV00423,PRJ01231,Naija Faces Casting,Talent,11458531,21-06-2023,disputed,
INV08887,PRJ03615,Lagos Grip & Lighting Co,Equipment Rental,1691191,22 Oct 2022,OVERDUE,
INV07735,PRJ01066,Naija Locations Ltd,Location,3509763,13-12-2021,paid,
INV09385,PRJ01192,Naija Faces Casting,Talent,3034080,13-06-2021,Paid,
INV08075,PRJ01957,OnDeck Production Staffing,Crew,34236879,05-03-2025,Paid,
INV07200,PRJ00149,Redline Camera Rentals,Equipment Rental,17245295,2024-08-18,paid,
INV04472,PRJ01724,Crewnnect,Crew,11517352,19-10-2023,disputed,
INV04662,PRJ01502,NAIJA FACES CASTING,Talent,41218514,17/08/2023,pending,
INV07218,PRJ01722,ColourGrade Lagos,Post-Production,1730948,16/06/2021,OVERDUE,
INV02446,PRJ03945,colourgrade lagos,Post-Production,1183158,19/12/2023,Overdue,
INV01975,PRJ02200,Reel Edit Studios,Post-Production,12931882,2023-04-09,Pd,
INV01603,PRJ00922,Urban Set Scouts,Location,10191329,27-03-2024,Pd,
INV05267,PRJ02185,Naija Faces Casting,Talent,21440883,06 Apr 2021,PAID,
INV04153,PRJ00200,OnDeck Production Staffing,Crew,563991,2021-11-16,Disputed,
INV00725,PRJ01647,COLOURGRADE LAGOS,Post-Production,9896031,22/10/2023,paid,
INV04827,PRJ03241,Coastline Property Services,Location,3882183,2023-11-25,Pending,
INV06356,PRJ01694,SoundWave Post NG,Post-Production,32850851,28 Jan 2021,paid,
INV05059,PRJ01470,redline camera rentals,Equipment Rental,20201360,12/03/2024,disputed,
INV06630,PRJ02772,Naija Faces Casting,Talent,18238696,24-09-2025,paid,
INV09072,PRJ00741,lagos grip & lighting co,Equipment Rental,11418457,20-11-2025,Pending,
INV05041,PRJ03879,MAMA BISI KITCHEN SERVICES,Catering,3171832,05-06-2022,Paid,
INV08378,PRJ03384,Naija Locations Ltd,Location,25630989,2022-12-16,OVERDUE,
INV01804,PRJ02276,NAIJA LOCATIONS LTD,Location,60671228,2022-04-03,Pd,
INV04762,PRJ01292,Crew Connect NG,Crew,1266115,21 Apr 2022,OVERDUE,
INV00209,PRJ02211,Naija Faces Casting,Talent,3645808,14-02-2024,paid,
INV08337,PRJ02330,REEL EDIT STUDIOS,Post-Production,47610950,09-01-2022,Pd,
INV07944,PRJ02958,Redline Camera Rentals,Equipment Rental,23359273,14-08-2024,Pd,
INV02279,PRJ03120,Frame & Focus Equipment,Equipment Rental,96393011,22 Jan 2023,Disputed,
INV04631,PRJ00587,Lagos Grip & Lighting Co,Equipment Rental,14268718,28-10-2025,Paid,
INV04263,PRJ00639,Stagehand Talent Agency,Talent,12166397,14 Feb 2025,PAID,
INV02040,PRJ03612,SoundWave Post NG,Post-Production,1123851,22-03-2022,Pending,
INV04481,PRJ00637,CREW CONNECT NG,Crew,"NGN 12,371,907",2025-12-02,Pending,
INV01347,PRJ01611,Coastline Property Services,Location,31201294,09-07-2022,Disputed,
INV01958,PRJ03365,Frame & Focus Equipment,Equipment Rental,48073829,18-02-2023,pending,
INV07055,PRJ01413,Reel Edit Studios,Post-Production,89043836,12 Aug 2023,Paid,
INV07976,PRJ03568,OnDeck Production Staffing,Crew,15727280,25-08-2023,disputed,
INV04299,PRJ02942,Naija Locations Ltd,Location,15220079,2025-01-24,Pending,
INV03825,PRJ02409,SoundWave Post NG,Post-Production,21130160,04 May 2024,PAID,
INV05787,PRJ03417,Redline Camera Rentals,Equipment Rental,43645084,05 Jul 2025,Pending,
INV01355,PRJ01210,ONSET MEALS NG,Catering,24200149,13-12-2021,PAID,
INV06995,PRJ02945,Coastline Property Services,Location,3264817,11/01/2022,Paid,
INV08358,PRJ00617,SoundWave Post NG,Post-Production,11226681,19 Jul 2023,OVERDUE,
INV02668,PRJ01796,ProGear,Equipment Rental,11914195,2021-10-03,Paid,
INV01195,PRJ01160,Crewnnect,Crew,6960932,2024-09-05,Overdue,
INV07061,PRJ03594,ONDECK PRODUCTION STAFFING,Crew,2690801,09 Nov 2024,Paid,
INV06470,PRJ03459,SoundWave Post NG,Post-Production,66651394,08-02-2022,paid,
INV04679,PRJ02865,SoundWave Post NG,Post-Production,24346676,28/01/2025,OVERDUE,
INV05718,PRJ03043,Naija Faces Casting,Talent,3909526,03 Aug 2025,Overdue,
INV01830,PRJ03352,Crew Connect NG,Crew,205045,15/09/2024,OVERDUE,
INV02834,PRJ00279,Stagehand Talent Agency,Talent,55477888,12-08-2023,paid,
INV07236,PRJ03273,Chop Life Catering,Catering,51714134,2022-01-05,paid,
INV07468,PRJ03424,Mama Bisi Kitchen Services,Catering,15447077,05-01-2023,pending,
INV07045,PRJ03801,naija locations ltd,Location,25776971,06/03/2022,PAID,
INV08246,PRJ03766,Lagos Grip & Lighting Co,Equipment Rental,5238756,14-06-2022,Paid,
INV05672,PRJ03073,ColourGrade Lagos,Post-Production,6812880,2021-06-09,Pending,
INV04341,PRJ00568,NAIJA LOCATIONS LTD,Location,1029432,22-03-2025,Pending,
INV04418,PRJ01989,Mama Bisi Kitchen Services,Catering,38406434,27-10-2025,paid,
INV07630,PRJ00773,Urban Set Scouts,Location,28212593,11/02/2021,Pd,
INV08739,PRJ01686,ondeck production staffing,Crew,7074129,16/11/2022,disputed,
INV03121,PRJ03486,Naija Locations Ltd,Location,16771459,10/12/2021,disputed,
INV09431,PRJ00368,SoundWave Post NG,Post-Production,1974522,04/10/2024,paid,
INV00952,PRJ02636,SOUNDWAVE POST NG,Post-Production,20103429,2022-09-23,pending,
INV01256,PRJ00355,Frame & Focus Equipment,Equipment Rental,12280343,2024-05-03,OVERDUE,
INV09238,PRJ00151,Lagos Grip & Lighting Co,Equipment Rental,8317731,26 Oct 2023,Pending,
INV06772,PRJ01764,NAIJA LOCATIONS LTD,Location,12124784,20 May 2024,Pd,
INV05779,PRJ02275,Lagos Grip & Lighting Co,Equipment Rental,13081299,28/06/2022,paid,
INV07272,PRJ00437,Urban Set Scouts,Location,7551495,2025-06-26,Disputed,
INV03835,PRJ00945,Lagos Grip & Lighting Co,Equipment Rental,11070067,2024-04-04,Disputed,
INV06200,PRJ00577,Lagos Grip & Lighting Co,Equipment Rental,10188277,20 Feb 2024,paid,
INV06567,PRJ00332,Naija Locations Ltd,Location,"NGN 24,452,623",11 Jan 2024,Paid,
INV00433,PRJ03858,Naija Locations Ltd,Location,14159173,23-10-2024,paid,
INV01167,PRJ00290,Naija Faces Casting,Talent,2182909,09 Oct 2022,Pd,
INV08780,PRJ01881,SoundWave Post,Post-Production,335170,2025-09-09,Paid,
INV00165,PRJ01223,OnSet Meals NG,Catering,10740259,20/10/2023,paid,
INV02238,PRJ00854,mama bisi kitchen services,Catering,23749628,2022-12-03,OVERDUE,
INV02692,PRJ01447,Reel Edit Studios,Post-Production,22820756,09/08/2024,pending,
INV02504,PRJ03100,Coastline Property Services,Location,24494687,13/03/2025,Disputed,
INV02433,PRJ02094,SoundWave Post NG,Post-Production,5555684,10 Feb 2025,Pending,
INV01977,PRJ00840,SoundWave Post NG,Post-Production,36166908,01/12/2022,OVERDUE,
INV07509,PRJ01058,Stagehand Talent Agency,Talent,9199368,2025-05-01,Pd,
INV09288,PRJ01105,Naija Faces Casting,Talent,39034631,02-11-2021,Pending,
INV00573,PRJ00315,Redline Camera Rentals,Equipment Rental,11578463,23 May 2024,Overdue,
INV02602,PRJ02227,OnSet Meals NG,Catering,21067397,18 Apr 2023,disputed,
INV06010,PRJ02569,COLOURGRADE LAGOS,Post-Production,36398660,2022-02-12,PAID,
INV03944,PRJ02177,Frame & Focus Equipment,Equipment Rental,8998226,21-07-2023,OVERDUE,
INV00982,PRJ03699,Naija Locations Ltd,Location,53863437,26 Jul 2022,pending,
INV00452,PRJ01748,Crew Connect NG,Crew,25318769,01/08/2022,Paid,
INV08399,PRJ01702,Frame & Focus Equipment,Equipment Rental,2474268,24 Nov 2022,Overdue,
INV01568,PRJ02817,OnDeck Production Staffing,Crew,3225682,12 Apr 2021,PAID,
INV00252,PRJ03824,Urban Set Scouts,Location,9298233,22-05-2023,paid,
INV09344,PRJ02520,Mama Bisi Kitchen Services,Catering,1154937,18/03/2024,Overdue,
INV07565,PRJ03956,Frame & Focus Equipment,Equipment Rental,20082261,11/05/2022,Pending,
INV03593,PRJ02783,OnSet Meals NG,Catering,1418689,23 Apr 2024,Paid,
INV05317,PRJ03654,ProGear,Equipment Rental,31859927,14 Mar 2024,Paid,
INV06877,PRJ03765,Lagos Grip & Lighting Co,Equipment Rental,3870463,2025-04-03,Paid,
INV07274,PRJ03118,Mama Bisi Kitchen Services,Catering,28920552,06 Jun 2024,disputed,
INV04425,PRJ00589,ondeck production staffing,Crew,9261468,25-02-2022,Overdue,
INV09702,PRJ01078,Chop Life Catering,Catering,200845,2023-09-04,Pd,
INV08484,PRJ03833,coastline property services,Location,33424352,27 Jun 2023,OVERDUE,
INV06987,PRJ01350,ProGear Nigeria,Equipment Rental,5182293,17/05/2025,Pd,
INV08066,PRJ00597,Urban Set Scouts,Location,7020203,02 Sep 2024,OVERDUE,
INV03541,PRJ02248,Chop Life Catering,Catering,9704319,21 Feb 2022,paid,
INV01087,PRJ03717,SoundWave Post NG,Post-Production,8165741,07-01-2024,OVERDUE,
INV05448,PRJ00502,Redline Camera Rentals,Equipment Rental,29240263,04 Oct 2025,pending,
INV03256,PRJ03175,Reel Edit Studios,Post-Production,6994211,11-03-2025,Pd,
INV03326,PRJ02323,ColourGrade Lagos,Post-Production,32610207,12/10/2025,Disputed,
INV08844,PRJ02231,REEL EDIT STUDIOS,Post-Production,10879776,22-12-2024,disputed,
INV09243,PRJ00039,onset meals ng,Catering,63360891,2024-05-05,paid,
INV02708,PRJ00643,Redline Camera Rentals,Equipment Rental,"NGN 18,866,376",2024-01-12,Pd,
INV06495,PRJ00968,urban set scouts,Location,13335520,06-01-2024,disputed,
INV03972,PRJ01186,MAMA BISI KITCHEN SERVICES,Catering,18631416,16-08-2021,Paid,
INV02380,PRJ00935,Crew Connect NG,Crew,17713157,2023-07-24,Pending,
INV05228,PRJ03231,Chop Life Catering,Catering,1389752,16-01-2021,Pending,
INV06899,PRJ02500,Stagehand Talent Agency,Talent,18915747,17/09/2021,OVERDUE,
INV04619,PRJ02788,ColourGrade Lagos,Post-Production,24604036,25 Apr 2024,disputed,
INV08519,PRJ00371,ProGear Nigeria,Equipment Rental,3445782,23/03/2023,PAID,
INV00416,PRJ00769,ColourGrade Lagos,Post-Production,22827047,17 Jun 2024,OVERDUE,
INV06024,PRJ03745,Mama Bisi Kitchen Services,Catering,51604306,2023-03-06,Overdue,
INV02805,PRJ02982,OnDeck Production Staffing,Crew,11197406,27/01/2025,PAID,
INV09140,PRJ02164,Chop Life Catering,Catering,21373981,22 Aug 2021,disputed,
INV07663,PRJ02911,Chop Life Catering,Catering,44213784,09 Dec 2023,Pending,
INV08691,PRJ02192,urban set scouts,Location,3150623,08/06/2025,disputed,
INV02045,PRJ02851,Naija Faces Casting,Talent,26850143,03 Sep 2024,disputed,
INV05642,PRJ01990,colourgrade lagos,Post-Production,3320396,02 Dec 2022,OVERDUE,
INV02473,PRJ03901,SoundWave Post NG,Post-Production,10403163,20-03-2022,OVERDUE,
INV01084,PRJ03717,ProGear Nigeria,Equipment Rental,3863157,09 May 2024,Paid,
INV05816,PRJ03167,ondeck production staffing,Crew,33633815,06 Dec 2025,Pd,
INV05986,PRJ00438,Redline Camera Rentals,Equipment Rental,24076770,07/11/2025,disputed,
INV03826,PRJ02409,Coastline Property Services,Location,43915745,04 Mar 2022,PAID,
INV01272,PRJ02619,Stagehand Talent Agency,Talent,32482021,2023-04-04,PAID,
INV02856,PRJ00898,Naija Faces Casting,Talent,35904537,23 Mar 2025,OVERDUE,
INV01402,PRJ01230,Reel Edit Studios,Post-Production,4660536,25-09-2022,Pd,
INV09190,PRJ01682,OnDeck Production Staffing,Crew,1510282,2025-06-07,Paid,
INV01341,PRJ03230,Coastline Property Services,Location,3159525,06 Oct 2025,Overdue,
INV07564,PRJ03956,COASTLINE PROPERTY SERVICES,Location,728369,2024-01-15,Overdue,
INV06263,PRJ02445,SoundWave Post NG,Post-Production,16552106,20/10/2025,Pending,
INV07369,PRJ03281,ONDECK PRODUCTION STAFFING,Crew,36284162,20-02-2021,Pd,
INV02379,PRJ00935,SoundWave Post,Post-Production,35943090,14-08-2021,Disputed,
INV08277,PRJ01893,Mama Bisi Kitchen Services,Catering,3911134,21-10-2024,pending,
INV09630,PRJ02346,Reel Edit Studios,Post-Production,"NGN 8,435,328",2025-09-18,PAID,
INV07099,PRJ00241,Crew Connect NG,Crew,38561435,13 Aug 2021,PAID,
INV05550,PRJ01357,Mama Bisi Kitchen Services,Catering,4943688,11-04-2023,disputed,
INV08194,PRJ02280,Stagehand Talent Agency,Talent,31165416,20/05/2024,PAID,
INV03716,PRJ00595,Lagos Grip & Lighting Co,Equipment Rental,654324,03/05/2023,disputed,
INV00202,PRJ00901,Mama Bisi Kitchen Services,Catering,37251183,2024-07-09,pending,
INV03846,PRJ01736,crew connect ng,Crew,53698233,2023-10-05,PAID,
INV02983,PRJ02405,ONDECK PRODUCTION STAFFING,Crew,1687121,2021-02-23,OVERDUE,
INV07267,PRJ01516,Naija Faces Casting,Talent,904668,2024-12-19,pending,
INV07775,PRJ02518,onset meals ng,Catering,10345374,23/09/2024,Pending,
INV04763,PRJ01292,SoundWave Post NG,Post-Production,11415863,17/06/2023,disputed,
INV06509,PRJ02158,redline camera rentals,Equipment Rental,1072922,2022-10-26,Paid,
INV09340,PRJ02123,Naija Locations,Location,37360104,10 Jun 2024,PAID,
INV05223,PRJ01666,REDLINE CAMERA RENTALS,Equipment Rental,30618343,2023-05-01,Overdue,
INV02890,PRJ03516,Naija Locations Ltd,Location,9790225,17/03/2024,Pd,
INV09255,PRJ02778,SoundWave Post NG,Post-Production,32159920,13/08/2021,paid,
INV00268,PRJ03788,COLOURGRADE LAGOS,Post-Production,19070418,12-06-2022,pending,
INV08424,PRJ00904,ProGear Nigeria,Equipment Rental,41424604,2021-10-22,Pd,
INV01060,PRJ02035,OnDeck Production Staffing,Crew,37562377,11 Nov 2025,Pending,
INV02230,PRJ01110,SoundWave Post NG,Post-Production,32736667,04 May 2023,Overdue,
INV02951,PRJ02054,Lagos Grip & Lighting,Equipment Rental,28530353,06/10/2023,paid,
INV04396,PRJ03070,PROGEAR NIGERIA,Equipment Rental,22001209,2021-11-08,paid,
INV03027,PRJ00788,Coastline Property Services,Location,20251628,11-06-2021,Pending,
INV06785,PRJ01670,SoundWave Post NG,Post-Production,42859952,11 Nov 2022,Paid,
INV06590,PRJ02418,ColourGrade Lagos,Post-Production,35944818,19-11-2023,Paid,
INV01122,PRJ03792,Crew Connect NG,Crew,24477459,12/06/2022,PAID,
INV08569,PRJ01215,Mama Bisi Kitchen Services,Catering,12210795,2023-06-23,disputed,
INV00549,PRJ01886,SoundWave Post NG,Post-Production,2643770,25 Jun 2022,Paid,
INV04958,PRJ01459,Coastline Property Services,Location,14397008,2022-10-05,OVERDUE,
INV05047,PRJ01721,NAIJA LOCATIONS LTD,Location,28804909,2022-11-02,OVERDUE,
INV03286,PRJ02438,chop life catering,Catering,23770729,02-09-2024,Pd,
INV03949,PRJ01038,Lagos Grip & Lighting Co,Equipment Rental,"NGN 43,697,911",05 Mar 2021,OVERDUE,
INV00102,PRJ00585,OnSet Meals NG,Catering,23421127,2023-02-22,PAID,
INV09278,PRJ03343,Crew Connect NG,Crew,22004,23 Nov 2024,disputed,
INV04290,PRJ01583,Crew Connect NG,Crew,65937910,2023-02-08,PAID,
INV05996,PRJ03381,Crew Connect NG,Crew,11045189,2024-02-14,pending,
INV08897,PRJ01187,OnSet Meals NG,Catering,1175842,2023-10-03,PAID,
INV09366,PRJ02615,LAGOS GRIP & LIGHTING CO,Equipment Rental,31222472,2022-01-18,paid,
INV09517,PRJ01321,reel edit studios,Post-Production,18331563,2024-06-24,PAID,
INV00104,PRJ00585,SOUNDWAVE POST NG,Post-Production,10883957,02 Apr 2023,Paid,
INV02826,PRJ03806,Crew Connect NG,Crew,23776276,02/10/2024,OVERDUE,
INV01540,PRJ00512,Frame & Focus Equipment,Equipment Rental,8849457,17-07-2023,Disputed,
INV01666,PRJ01591,ColourGrade Lagos,Post-Production,"NGN 4,458,235",2025-11-21,OVERDUE,
INV05992,PRJ02902,Lagos Grip & Lighting Co,Equipment Rental,28950466,2022-01-05,Disputed,
INV07470,PRJ03424,Crew Connect NG,Crew,17183862,02-06-2022,paid,
INV04516,PRJ00962,MAMA BISI KITCHEN SERVICES,Catering,2842644,2025-11-03,pending,
INV00584,PRJ00931,redline camera rentals,Equipment Rental,5280240,15-12-2025,paid,
INV00911,PRJ00937,PROGEAR NIGERIA,Equipment Rental,25240324,28-09-2025,Pd,
INV06799,PRJ01417,Naija Faces Casting,Talent,10962129,2025-09-24,PAID,
INV00026,PRJ01312,OnSet Meals NG,Catering,25218847,20/05/2021,OVERDUE,
INV04270,PRJ00618,OnSet Meals NG,Catering,9769376,04-07-2023,disputed,
INV00393,PRJ03915,Naija Locations,Location,1087636,17 Aug 2025,disputed,
INV06795,PRJ02751,OnSet Meals NG,Catering,10204904,09 Jan 2021,Pd,
INV05199,PRJ03021,Lagos Grip & Lighting Co,Equipment Rental,10941225,26-11-2025,Paid,
INV04266,PRJ00639,OnDeck Production Staffing,Crew,19884020,07-02-2024,Overdue,
INV02532,PRJ03083,OnDeck Production Staffing,Crew,16052329,2023-11-21,Paid,
INV01510,PRJ01184,Chop Life Catering,Catering,7309169,12/08/2022,PAID,
INV01517,PRJ03832,REDLINE CAMERA RENTALS,Equipment Rental,48377422,09-01-2022,Paid,
INV04462,PRJ03840,Stagehand Talent Agency,Talent,8662411,07/09/2021,paid,
INV01911,PRJ01445,OnSet Meals,Catering,11180567,2022-09-14,Pd,
INV03197,PRJ00256,OnDeck Production Staffing,Crew,4279788,11-04-2025,disputed,
INV08613,PRJ02549,ColourGrade Lagos,Post-Production,3914495,11-12-2025,Pd,
INV04107,PRJ00163,SoundWave Post NG,Post-Production,6467825,01-11-2024,paid,
INV09187,PRJ02463,Lagos Grip & Lighting,Equipment Rental,36689702,07/10/2021,pending,
INV07300,PRJ01629,Naija Locations Ltd,Location,102772,27 Feb 2021,Pending,
INV08784,PRJ03205,mama bisi kitchen services,Catering,765042,13-09-2022,PAID,
INV05850,PRJ03184,Crew Connect NG,Crew,2386190,05 Aug 2021,disputed,
INV08905,PRJ03032,onset meals ng,Catering,1726967,04-10-2024,Overdue,
INV02956,PRJ00970,Naija Locations Ltd,Location,"NGN 18,519,931",16-11-2024,OVERDUE,
INV02031,PRJ03272,Redline Camera Rentals,Equipment Rental,44714274,09/12/2022,OVERDUE,
INV01467,PRJ03206,Naija Locations Ltd,Location,499367,22-01-2025,Overdue,
INV03561,PRJ00864,Reel Edit Studios,Post-Production,7401759,17-04-2021,paid,
INV08115,PRJ03209,OnDeck Production Staffing,Crew,19344078,02 Apr 2023,paid,
INV08647,PRJ01814,Chop Life Catering,Catering,5081074,2024-02-04,Disputed,
INV00109,PRJ01843,COLOURGRADE LAGOS,Post-Production,"NGN 35,005,149",17 Oct 2024,Pending,
INV07499,PRJ01429,ONDECK PRODUCTION STAFFING,Crew,7494468,17/06/2025,paid,
INV09654,PRJ03001,Naija Faces Casting,Talent,18143666,27-03-2021,paid,
INV00159,PRJ01487,OnDeck Production Staffing,Crew,22462643,25-10-2025,Pd,
INV00830,PRJ02163,CREW CONNECT NG,Crew,15833735,16-07-2024,Pd,
INV06501,PRJ00802,Coastline Property Services,Location,3860851,27-10-2023,Paid,
INV02215,PRJ03712,Stagehand Talent Agency,Talent,43117842,18-11-2025,Overdue,
INV05362,PRJ02288,Lagos Grip & Lighting Co,Equipment Rental,17993262,13/03/2023,Paid,
INV05298,PRJ01233,ProGear Nigeria,Equipment Rental,22739381,12 May 2024,pending,
INV03960,PRJ00494,Redline Camera Rentals,Equipment Rental,17162072,14 Jul 2022,paid,
INV03628,PRJ03208,Reel Edit Studios,Post-Production,4918584,2022-06-15,Disputed,
INV00383,PRJ03964,OnDeck Production Staffing,Crew,3200708,2025-06-16,Pending,
INV00815,PRJ02019,colourgrade lagos,Post-Production,12876452,2023-06-11,paid,
INV06080,PRJ01701,LAGOS GRIP & LIGHTING CO,Equipment Rental,32534294,01/08/2022,Paid,
INV07231,PRJ03353,NAIJA FACES CASTING,Talent,3203719,2021-12-03,Paid,
INV07851,PRJ03193,Reel Edit Studios,Post-Production,6861008,12-01-2024,paid,
INV00144,PRJ01885,Redline Camera Rentals,Equipment Rental,12222955,2025-08-01,PAID,
INV03504,PRJ00806,REDLINE CAMERA RENTALS,Equipment Rental,36476263,20/11/2021,Pd,
INV00968,PRJ02063,soundwave post ng,Post-Production,11696170,17/02/2023,Overdue,
INV00835,PRJ00381,Chop Life Catering,Catering,3210308,02-06-2022,PAID,
INV06966,PRJ03025,Mama Bisi Kitchen Services,Catering,4753427,23 Nov 2021,PAID,
INV05215,PRJ01342,SOUNDWAVE POST NG,Post-Production,19106242,22 Nov 2024,paid,
INV00076,PRJ00449,naija locations ltd,Location,5047707,19/12/2025,pending,
INV06952,PRJ03690,SOUNDWAVE POST NG,Post-Production,9993199,19 Feb 2024,Disputed,
INV09323,PRJ00676,Chop Life Catering,Catering,2820727,02-02-2025,Overdue,
INV07712,PRJ02884,Crew Connect NG,Crew,21101945,02 Jul 2023,PAID,
INV05394,PRJ02056,CHOP LIFE CATERING,Catering,23039932,04/11/2025,disputed,
INV03355,PRJ03096,SoundWave Post,Post-Production,31085601,02-10-2022,Pd,
INV02589,PRJ01034,Chop Life Catering,Catering,14840928,06 Jul 2024,Paid,
INV02613,PRJ02176,Naija Locations Ltd,Location,39909374,08 May 2025,Paid,
INV05158,PRJ02448,Crew Connect NG,Crew,1206970,2025-10-02,OVERDUE,
INV05761,PRJ03621,ONSET MEALS NG,Catering,19025346,15-05-2022,Paid,
INV01639,PRJ01101,redline camera rentals,Equipment Rental,9040408,2023-01-06,Paid,
INV07903,PRJ00594,ColourGrade Lagos,Post-Production,7470151,02/09/2022,Pending,
INV02064,PRJ00118,ondeck production staffing,Crew,16288224,08/07/2024,OVERDUE,
INV03855,PRJ03163,OnDeck Production Staffing,Crew,6200587,12-03-2023,pending,
INV05053,PRJ01713,Naija Locations Ltd,Location,1937268,13 Dec 2022,Pending,
INV00810,PRJ01768,PROGEAR NIGERIA,Equipment Rental,"NGN 8,269,602",04/03/2021,pending,
INV02830,PRJ02665,Crew Connect NG,Crew,51999866,28/04/2021,disputed,
INV01795,PRJ00387,STAGEHAND TALENT AGENCY,Talent,16319077,06-11-2023,pending,
INV04221,PRJ02805,urban set scouts,Location,56461593,13/08/2024,paid,
INV04344,PRJ00568,OnDeck Production Staffing,Crew,23791381,23-12-2025,Overdue,
INV06326,PRJ03676,Lagos Grip & Lighting Co,Equipment Rental,27737212,2022-02-06,Paid,
INV01354,PRJ01210,Crew Connect NG,Crew,6721142,05-02-2025,Paid,
INV06181,PRJ03368,Crew Connect NG,Crew,324896,2021-03-03,pending,
INV09242,PRJ00039,OnDeck Production Staffing,Crew,12166507,24-08-2023,Paid,
INV03007,PRJ02386,stagehand talent agency,Talent,9760075,13 Oct 2025,PAID,
INV01636,PRJ01569,Urban Set Scouts,Location,31066446,24-08-2024,Pd,
INV03031,PRJ01676,Reel Edit Studios,Post-Production,18835992,21 Feb 2021,Overdue,
INV01635,PRJ01569,Naija Locations Ltd,Location,"NGN 4,424,893",2024-05-05,paid,
INV07372,PRJ03681,Redline Camera Rentals,Equipment Rental,29117325,21 Nov 2021,disputed,
INV06883,PRJ00534,Stagehand Talent Agency,Talent,16179633,16 Nov 2021,paid,
INV02497,PRJ02348,Lagos Grip & Lighting Co,Equipment Rental,46366801,2022-09-02,pending,
INV02120,PRJ00425,Stagehand Talent Agency,Talent,9721923,21 Aug 2022,Overdue,
INV03733,PRJ01298,LAGOS GRIP & LIGHTING CO,Equipment Rental,62582646,2022-09-16,Overdue,
INV03415,PRJ01860,ColourGrade Lagos,Post-Production,32721770,23 Jan 2025,OVERDUE,
INV04155,PRJ00200,ProGear Nigeria,Equipment Rental,3041871,22 Aug 2024,disputed,
INV07229,PRJ01088,Redline Camera Rentals,Equipment Rental,30325765,10-12-2024,disputed,
INV04063,PRJ03316,Naija Locations Ltd,Location,53476803,13/07/2023,Overdue,
INV09096,PRJ02426,ONDECK PRODUCTION STAFFING,Crew,11552275,09/12/2021,pending,
INV04677,PRJ02865,Coastline Property Services,Location,"NGN 24,207,783",22-09-2023,disputed,
INV01275,PRJ02619,Redline Camera Rentals,Equipment Rental,24552819,09-10-2025,Disputed,
INV09618,PRJ00179,OnDeck Production Staffing,Crew,5746067,17 May 2022,OVERDUE,
INV03475,PRJ02212,Naija Faces Casting,Talent,3268155,02/09/2025,disputed,
INV05849,PRJ00096,soundwave post ng,Post-Production,9126723,2022-07-27,Pd,
INV09006,PRJ02217,reel edit studios,Post-Production,20221346,2025-02-07,Disputed,
INV08790,PRJ00722,crew connect ng,Crew,31565644,19 Jun 2025,Paid,
INV07139,PRJ01935,Crew Connect NG,Crew,"NGN 87,230,818",2023-08-22,Pd,
INV00405,PRJ03488,ProGear Nigeria,Equipment Rental,45272547,13-06-2025,disputed,
INV02693,PRJ01447,Naija Locations Ltd,Location,753044,2021-01-15,Overdue,
INV07597,PRJ03283,naija faces casting,Talent,3381319,13 May 2024,Paid,
INV02133,PRJ00611,Stagehand Talent Agency,Talent,19529589,15-05-2021,Overdue,
INV01628,PRJ03528,OnDeck Production Staffing,Crew,11542586,22 Oct 2025,Overdue,
INV09699,PRJ01078,ONDECK PRODUCTION STAFFING,Crew,11293428,10/01/2023,disputed,
INV06106,PRJ02077,Urban Set Scouts,Location,34182677,07-02-2021,pending,
INV06380,PRJ01688,Reel Edit Studios,Post-Production,13777849,22/03/2022,paid,
INV03389,PRJ02828,Naija Faces Casting,Talent,4727227,24 Jun 2022,paid,
INV05188,PRJ01358,naija locations ltd,Location,38478729,24/08/2021,Paid,
INV03811,PRJ01165,Mama Bisi Kitchen Services,Catering,26030061,12/06/2025,disputed,
INV05243,PRJ03869,ProGear Nigeria,Equipment Rental,29605909,2023-12-20,Disputed,
INV03179,PRJ00041,Frame & Focus Equipment,Equipment Rental,999561,24/04/2022,Pending,
INV07774,PRJ02518,Urban Set Scouts,Location,1988898,24-05-2024,OVERDUE,
INV07813,PRJ01690,OnDeck Production Staffing,Crew,13147178,16 Jun 2022,Overdue,
INV05384,PRJ03460,Urban Set Scouts,Location,35754593,2025-04-20,paid,
INV00675,PRJ01531,ColourGrade Lagos,Post-Production,5575093,2024-08-03,Pd,
INV08650,PRJ01814,SOUNDWAVE POST NG,Post-Production,12290205,2024-09-14,PAID,
INV00685,PRJ01913,Reel Edit Studios,Post-Production,20407989,17-11-2024,Pd,
INV06933,PRJ02377,Lagos Grip & Lighting Co,Equipment Rental,10434212,09/11/2024,PAID,
INV06136,PRJ00691,ColourGrade Lagos,Post-Production,7768637,21 Jan 2024,pending,
INV02661,PRJ01161,SoundWave Post NG,Post-Production,10208953,22/07/2021,Overdue,
INV05579,PRJ02596,Urban Set Scouts,Location,39467271,2021-06-18,Pd,
INV04324,PRJ02855,Reel Edit Studios,Post-Production,16216097,07/09/2022,Pd,
INV03630,PRJ01488,Coastline Property Services,Location,36537639,2022-09-17,disputed,
INV01966,PRJ00082,Mama Bisi Kitchen Services,Catering,23150968,23/12/2021,PAID,
INV07869,PRJ01956,OnSet Meals NG,Catering,8280745,08-03-2021,Disputed,
INV00036,PRJ00664,Reel Edit Studios,Post-Production,3329262,12 Feb 2023,Pd,
INV08628,PRJ02853,NAIJA LOCATIONS LTD,Location,5075978,2024-02-07,Overdue,
INV06654,PRJ01835,REEL EDIT STUDIOS,Post-Production,8728252,2025-04-09,OVERDUE,
INV05906,PRJ03623,Coastline Property Services,Location,3305641,07-02-2023,Pd,
INV01349,PRJ01611,OnSet Meals NG,Catering,15077230,12-12-2023,Paid,
INV09640,PRJ03005,ProGear,Equipment Rental,38503521,07 Mar 2022,OVERDUE,
INV07859,PRJ01661,PROGEAR NIGERIA,Equipment Rental,12480105,22-04-2022,Overdue,
INV05229,PRJ03231,SoundWave Post,Post-Production,50272696,01 Mar 2024,Disputed,
INV00142,PRJ01885,Naija Faces Casting,Talent,3804255,15-05-2022,Paid,
INV04046,PRJ03259,Reel Edit Studios,Post-Production,5021814,14/07/2025,Paid,
INV05027,PRJ00488,COASTLINE PROPERTY SERVICES,Location,2144775,25 Jan 2023,Pending,
INV01110,PRJ01183,Urban Set Scouts,Location,8545368,07 Aug 2023,pending,
INV08152,PRJ01813,Naija Faces Casting,Talent,1047124,17-04-2023,paid,
INV07866,PRJ03905,Redline Camera Rentals,Equipment Rental,24465677,2024-07-18,PAID,
INV01453,PRJ02306,FRAME & FOCUS EQUIPMENT,Equipment Rental,12911427,21-11-2025,Disputed,
INV03970,PRJ03630,Urban Set Scouts,Location,8109814,18 Feb 2021,disputed,
INV05347,PRJ01756,Naija Locations Ltd,Location,11281982,20-07-2023,Overdue,
INV01978,PRJ01091,ColourGrade Lagos,Post-Production,13593694,02/08/2025,Paid,
INV03968,PRJ02452,Lagos Grip & Lighting Co,Equipment Rental,4205735,2025-07-17,OVERDUE,
INV01970,PRJ02714,Mama Bisi Kitchen Services,Catering,841947,2024-06-14,pending,
INV00727,PRJ00736,ColourGrade Lagos,Post-Production,7176543,07 Dec 2021,paid,
INV02886,PRJ00308,Urban Set Scouts,Location,36625962,2024-12-15,paid,
INV06439,PRJ01867,Reel Edit Studios,Post-Production,5552943,09 May 2023,Disputed,
INV08004,PRJ03147,Naija Locations Ltd,Location,24695656,01-08-2022,PAID,
INV00875,PRJ02398,Crew Connect NG,Crew,"NGN 18,894,897",23 Jul 2025,Overdue,
INV07197,PRJ02800,ProGear Nigeria,Equipment Rental,6804665,2022-02-11,pending,
INV02124,PRJ01610,Coastline Property Services,Location,9049644,21 Feb 2021,Pending,
INV04946,PRJ01408,Redline Camera Rentals,Equipment Rental,"NGN 1,212,545",16/09/2022,pending,
INV06604,PRJ01373,PROGEAR NIGERIA,Equipment Rental,44142534,2024-05-03,disputed,
INV01973,PRJ02200,Lagos Grip & Lighting Co,Equipment Rental,1137972,09/10/2022,OVERDUE,
INV01088,PRJ00647,Stagehand Talent Agency,Talent,62649888,15 Aug 2025,Pd,
INV05901,PRJ02618,Lagos Grip & Lighting,Equipment Rental,14630219,2025-06-15,Pending,
INV00570,PRJ00209,MAMA BISI KITCHEN SERVICES,Catering,7103131,01/05/2025,pending,
INV01223,PRJ02687,redline camera rentals,Equipment Rental,1828506,2023-08-08,Pending,
INV00107,PRJ01843,FRAME & FOCUS EQUIPMENT,Equipment Rental,5726463,09/10/2023,paid,
INV06301,PRJ00181,NAIJA FACES CASTING,Talent,28527460,05-02-2024,paid,
INV04464,PRJ03840,Crew Connect NG,Crew,2606414,19/05/2025,Paid,
INV01500,PRJ01672,Chop Life Catering,Catering,22161195,03 Jan 2024,Overdue,
INV05266,PRJ02185,Naija Faces Casting,Talent,40880802,02-01-2021,Pending,
INV03908,PRJ02258,NAIJA FACES CASTING,Talent,27866927,19-02-2024,disputed,
INV08561,PRJ02395,Mama Bisi Kitchen Services,Catering,14731047,26 May 2021,Paid,
INV05163,PRJ00918,SoundWave Post NG,Post-Production,17662373,20-09-2021,Disputed,
INV04323,PRJ03641,Crew Connect NG,Crew,32925033,2022-01-20,Pd,
INV02547,PRJ01370,Frame & Focus Equipment,Equipment Rental,5174594,25 Sep 2021,Pending,
INV05882,PRJ03907,SoundWave Post,Post-Production,1630516,2021-05-14,paid,
INV04611,PRJ00794,Crew Connect NG,Crew,18133519,09-10-2025,Pd,
INV06309,PRJ03124,COASTLINE PROPERTY SERVICES,Location,12540993,2022-01-07,PAID,
INV07442,PRJ01255,Naija Faces Casting,Talent,"NGN 11,675,731",2024-10-14,disputed,
INV04085,PRJ02816,Redline Camera Rentals,Equipment Rental,3983323,09 Jul 2021,paid,
INV02555,PRJ00275,LAGOS GRIP & LIGHTING CO,Equipment Rental,24125522,25-08-2024,paid,
INV05503,PRJ02790,OnSet Meals,Catering,7035099,12 Dec 2021,Disputed,
INV09138,PRJ01839,Reel Edit Studios,Post-Production,21929378,19-03-2025,paid,
INV06146,PRJ00022,Reel Edit Studios,Post-Production,29511252,02/11/2021,PAID,
INV02521,PRJ03655,Urban Set Scouts,Location,2793044,2021-08-17,PAID,
INV01704,PRJ02509,Redline Camera Rentals,Equipment Rental,55384957,20-06-2025,Pending,
INV06319,PRJ02366,Chop Life Catering,Catering,52348859,10-10-2024,Pd,
INV06897,PRJ02840,Stagehand Talent Agency,Talent,"NGN 18,611,400",15/10/2023,Disputed,
INV00662,PRJ03295,ProGear Nigeria,Equipment Rental,629957,12 Jul 2022,paid,
INV04139,PRJ02414,Frame & Focus Equipment,Equipment Rental,60943083,02-12-2021,Pending,
INV07411,PRJ00867,CHOP LIFE CATERING,Catering,43348352,24-02-2023,Pending,
INV08664,PRJ03563,Naija Locations Ltd,Location,21802317,18-02-2023,Pending,
INV01081,PRJ01566,Stagehand Talent Agency,Talent,9321900,25/08/2023,PAID,
INV03430,PRJ01846,Stagehand Talent Agency,Talent,4353835,2025-08-27,Pd,
INV03697,PRJ03710,OnDeck Production Staffing,Crew,7302797,28-05-2024,PAID,
INV03512,PRJ00818,Crew Connect NG,Crew,30974433,05-08-2025,disputed,
INV03458,PRJ01422,Urban Set Scouts,Location,7468909,20-09-2022,paid,
INV01325,PRJ01828,ColourGrade Lagos,Post-Production,1560745,2021-10-21,Pd,
INV03321,PRJ00697,ONSET MEALS NG,Catering,19431687,17-12-2024,Disputed,
INV09258,PRJ01288,Stagehand Talent Agency,Talent,2723529,23-04-2024,Pd,
INV08088,PRJ02909,Crew Connect NG,Crew,2153011,2024-12-13,Paid,
INV08262,PRJ00001,ColourGrade Lagos,Post-Production,19863837,24-12-2022,PAID,
INV07480,PRJ03501,NAIJA LOCATIONS LTD,Location,9230568,24-08-2025,paid,
INV05391,PRJ01697,ProGear Nigeria,Equipment Rental,13228999,24/05/2021,OVERDUE,
INV09390,PRJ00663,SoundWave Post NG,Post-Production,1280449,22/03/2021,Disputed,
INV06885,PRJ02704,Naija Faces Casting,Talent,16594385,05/07/2024,OVERDUE,
INV01053,PRJ02269,FRAME & FOCUS EQUIPMENT,Equipment Rental,"NGN 415,675",22/09/2024,disputed,
INV09647,PRJ01055,Frame & Focus Equipment,Equipment Rental,29593405,2025-03-14,pending,
INV00709,PRJ03794,ProGear Nigeria,Equipment Rental,"NGN 29,057,077",25-06-2022,disputed,
INV03860,PRJ03163,Reel Edit Studios,Post-Production,13918323,14 Jul 2022,pending,
INV01457,PRJ01396,COLOURGRADE LAGOS,Post-Production,29792866,13-09-2023,Paid,
INV03948,PRJ02177,Crew Connect NG,Crew,10232740,2025-10-13,Pending,
INV06176,PRJ02488,Urban Set Scouts,Location,16945522,24/08/2023,Disputed,
INV06790,PRJ03434,Stagehand Talent Agency,Talent,10336599,2022-02-11,PAID,
INV06408,PRJ00448,SoundWave Post NG,Post-Production,10710872,04 Apr 2022,Disputed,
INV07587,PRJ00147,OnDeck Production Staffing,Crew,4277732,19/09/2024,paid,
INV08760,PRJ00844,OnDeck Production Staffing,Crew,5758956,16 Feb 2024,PAID,
INV08515,PRJ03982,Mama Bisi Kitchen Services,Catering,30513992,2021-12-24,OVERDUE,
INV08138,PRJ01855,Crew Connect NG,Crew,20356688,2025-06-01,disputed,
INV07686,PRJ01094,NAIJA LOCATIONS LTD,Location,7539524,12-10-2023,Overdue,
INV03208,PRJ00825,Crew Connect NG,Crew,10688121,2023-12-26,Paid,
INV06923,PRJ01348,COASTLINE PROPERTY SERVICES,Location,1430404,03 Feb 2021,Pending,
INV05249,PRJ03554,Naija Locations Ltd,Location,1866549,14 Jun 2025,paid,
INV00214,PRJ01882,Lagos Grip & Lighting Co,Equipment Rental,"NGN 18,510,357",27/02/2021,disputed,
INV06890,PRJ01224,OnSet Meals NG,Catering,1290499,21-01-2021,Disputed,
INV06640,PRJ02393,OnDeck Production Staffing,Crew,16552019,2025-09-28,Paid,
INV07817,PRJ00724,Chop Life Catering,Catering,24958839,16 Jan 2022,Paid,
INV08303,PRJ02641,COASTLINE PROPERTY SERVICES,Location,3671088,17/04/2025,paid,
INV08008,PRJ00558,Crewnnect,Crew,25428755,13-04-2022,Pd,
INV00108,PRJ01843,MAMA BISI KITCHEN SERVICES,Catering,3294748,2022-10-18,OVERDUE,
INV08264,PRJ03722,OnDeck Production Staffing,Crew,3609554,2022-06-01,paid,
INV07577,PRJ01343,COLOURGRADE LAGOS,Post-Production,12367890,02 Jan 2023,Overdue,
INV09000,PRJ03677,PROGEAR NIGERIA,Equipment Rental,14311066,07 Mar 2025,paid,
INV03073,PRJ03309,Redline Camera Rentals,Equipment Rental,20644237,12/12/2023,disputed,
INV05665,PRJ01745,Stagehand Talent Agency,Talent,6704107,18 Nov 2023,Paid,
INV08275,PRJ02753,Frame & Focus Equipment,Equipment Rental,5078625,2021-07-15,disputed,
INV03194,PRJ00256,CREW CONNECT NG,Crew,20229220,10/10/2023,Pd,
INV01335,PRJ00692,Naija Locations Ltd,Location,9361371,25-09-2022,Pd,
INV08718,PRJ02577,mama bisi kitchen services,Catering,29105217,15-02-2022,Overdue,
INV02832,PRJ02268,Stagehand Talent Agency,Talent,18492856,2025-02-23,PAID,
INV07623,PRJ01499,COLOURGRADE LAGOS,Post-Production,1012936,12 May 2023,OVERDUE,
INV02872,PRJ00339,Naija Locations Ltd,Location,1488582,01-07-2025,paid,
INV06428,PRJ00152,Chop Life Catering,Catering,13496876,2023-09-17,Overdue,
INV02706,PRJ00643,Crew Connect NG,Crew,20404994,17/03/2024,Paid,
INV03515,PRJ01262,Stagehand Talent Agency,Talent,12374116,02/02/2025,disputed,
INV01751,PRJ02962,ProGear Nigeria,Equipment Rental,3779170,13/04/2021,Pd,
INV05881,PRJ03907,Naija Faces Casting,Talent,22796112,2022-04-28,Paid,
INV05314,PRJ02652,ColourGrade Lagos,Post-Production,39993767,24-09-2024,Overdue,
INV06365,PRJ02166,Naija Locations Ltd,Location,25998312,2025-09-28,disputed,
INV03900,PRJ00348,ONDECK PRODUCTION STAFFING,Crew,18160891,07 Feb 2021,OVERDUE,
INV08586,PRJ01594,Mama Bisi Kitchen Services,Catering,21816440,25/05/2025,paid,
INV04740,PRJ01992,Mama Bisi Kitchen Services,Catering,22738375,27 Jul 2024,Pending,
INV02048,PRJ02389,LAGOS GRIP & LIGHTING CO,Equipment Rental,55466053,05-08-2023,Pd,
INV09080,PRJ00068,ONSET MEALS NG,Catering,732185,2025-07-11,pending,
INV01268,PRJ02228,Coastline Property Services,Location,7424122,18-10-2023,Overdue,
INV02653,PRJ01136,Redline Camera Rentals,Equipment Rental,61602124,05-06-2022,paid,
INV07340,PRJ00633,Coastline Property Services,Location,31338820,09/12/2025,Pd,
INV06683,PRJ01980,Mama Bisi Kitchen Services,Catering,24233943,26-06-2024,Paid,
INV08322,PRJ00873,frame & focus equipment,Equipment Rental,10048486,2023-11-25,disputed,
INV07607,PRJ01818,Naija Faces Casting,Talent,13274958,09/11/2021,PAID,
INV03127,PRJ02240,NAIJA LOCATIONS LTD,Location,13992231,21 Apr 2021,PAID,
INV02570,PRJ00486,COASTLINE PROPERTY SERVICES,Location,6174586,2025-12-06,Disputed,
INV02927,PRJ00683,OnSet Meals NG,Catering,11674987,03-07-2021,Overdue,
INV00287,PRJ02209,OnSet Meals NG,Catering,38849917,2024-01-15,OVERDUE,
INV03088,PRJ01723,STAGEHAND TALENT AGENCY,Talent,9645640,2021-09-01,Paid,
INV09396,PRJ00245,onset meals ng,Catering,12289661,2021-10-22,Pd,
INV01472,PRJ03081,Naija Faces Casting,Talent,652322,27 Aug 2022,Pending,
INV09531,PRJ00378,Naija Faces Casting,Talent,21843147,14 Apr 2021,Paid,
INV00426,PRJ03932,Stagehand Talent Agency,Talent,31734767,18 Jan 2022,Paid,
INV04796,PRJ00703,SoundWave Post NG,Post-Production,14579456,28-09-2021,Pending,
INV01462,PRJ02875,OnSet Meals NG,Catering,50192182,2023-08-28,Paid,
INV03145,PRJ01219,naija faces casting,Talent,20319748,05-08-2025,Overdue,
INV06050,PRJ00138,Redline Camera Rentals,Equipment Rental,41370187,09 Apr 2025,PAID,
INV00116,PRJ00743,Lagos Grip & Lighting Co,Equipment Rental,174100,11-04-2023,OVERDUE,
INV04484,PRJ00637,ondeck production staffing,Crew,26918676,26 Jun 2024,OVERDUE,
INV00095,PRJ03787,OnDeck Production Staffing,Crew,5362903,09/11/2024,OVERDUE,
INV08304,PRJ02641,Naija Faces Casting,Talent,4974455,2022-12-11,Pending,
INV08927,PRJ02046,Stagehand Talent Agency,Talent,17820431,20/08/2025,pending,
INV05751,PRJ01944,Naija Faces Casting,Talent,16616879,26 May 2024,Paid,
INV04927,PRJ03200,Naija Faces Casting,Talent,32663566,12/11/2022,Overdue,
INV01009,PRJ03846,Redline Camera Rentals,Equipment Rental,1039977,25/12/2022,PAID,
INV03560,PRJ00822,ProGear Nigeria,Equipment Rental,5395589,27 May 2025,Pending,
INV01676,PRJ03177,OnDeck Production Staffing,Crew,8271183,2024-05-17,disputed,
INV01905,PRJ01914,ColourGrade Lagos,Post-Production,2624943,20/03/2023,Overdue,
INV02313,PRJ02299,Mama Bisi Kitchen Services,Catering,3711214,12-02-2024,Pending,
INV06375,PRJ01865,SOUNDWAVE POST NG,Post-Production,13414369,11/05/2025,paid,
INV05985,PRJ00438,Naija Faces Casting,Talent,25666494,09/09/2023,PAID,
INV05376,PRJ00991,ONSET MEALS NG,Catering,60048061,10/02/2024,Pending,
INV02385,PRJ00578,Chop Life Catering,Catering,15000,06 Feb 2024,disputed,
INV04808,PRJ01412,NAIJA LOCATIONS LTD,Location,31295574,26 Oct 2022,PAID,
INV05708,PRJ00326,Stagehand Talent Agency,Talent,7718644,23-07-2023,OVERDUE,
INV04773,PRJ02774,OnDeck Production Staffing,Crew,21735726,2024-02-03,Paid,
INV02831,PRJ02268,Chop Life Catering,Catering,67533219,25-08-2022,disputed,
INV09330,PRJ02806,Coastline Property Services,Location,12569232,03-05-2022,Overdue,
INV08692,PRJ02192,SoundWave Post,Post-Production,15723638,09-12-2021,OVERDUE,
INV02804,PRJ01938,Coastline Property Services,Location,6537440,12/07/2021,PAID,
INV08874,PRJ02827,ColourGrade Lagos,Post-Production,2240436,2025-12-22,disputed,
INV05658,PRJ02301,ProGear Nigeria,Equipment Rental,4291565,2021-05-20,disputed,
INV02926,PRJ00683,Frame & Focus Equipment,Equipment Rental,21210131,13/01/2025,OVERDUE,
INV05061,PRJ01470,Naija Locations Ltd,Location,14736823,2023-06-14,Disputed,
INV04651,PRJ00376,Stagehand Talent Agency,Talent,1134842,09-09-2022,Pending,
INV01095,PRJ00708,REEL EDIT STUDIOS,Post-Production,400449,25 Apr 2021,Disputed,
INV05084,PRJ02219,Stagehand Talent Agency,Talent,2732230,04/07/2022,disputed,
INV00794,PRJ00993,REDLINE CAMERA RENTALS,Equipment Rental,1322408,05/08/2024,Overdue,
INV03719,PRJ03990,soundwave post ng,Post-Production,59627250,2023-10-22,Paid,
INV06228,PRJ01574,Reel Edit Studios,Post-Production,15462326,2023-09-20,PAID,
INV03236,PRJ03535,PROGEAR NIGERIA,Equipment Rental,21492122,10-06-2022,Pending,
INV08543,PRJ03943,SoundWave Post,Post-Production,3456458,08/02/2022,Overdue,
INV00821,PRJ01334,Mama Bisi Kitchen Services,Catering,9779110,19-11-2023,PAID,
INV08011,PRJ00356,Redline Camera Rentals,Equipment Rental,22651172,03 Oct 2021,pending,
INV03912,PRJ03577,Naija Faces Casting,Talent,16760678,2024-05-03,paid,
INV04666,PRJ00812,Urban Set Scouts,Location,3092921,24-09-2023,PAID,
INV03354,PRJ03096,stagehand talent agency,Talent,1730399,07 Feb 2023,Paid,
INV04856,PRJ01542,Mama Bisi Kitchen Services,Catering,11432224,2023-07-23,OVERDUE,
INV09662,PRJ02511,chop life catering,Catering,5916565,2023-12-14,Disputed,
INV02009,PRJ03431,OnDeck Production Staffing,Crew,31264352,21 Oct 2025,Disputed,
INV07069,PRJ00117,Naija Locations Ltd,Location,33174023,23 Sep 2025,Pd,
INV04745,PRJ03845,OnSet Meals NG,Catering,5360780,24 Aug 2024,PAID,
INV00430,PRJ03858,Redline Camera Rentals,Equipment Rental,2940311,12-03-2022,Overdue,
INV07923,PRJ00780,OnSet Meals NG,Catering,14568972,17-08-2025,PAID,
INV03525,PRJ01287,Mama Bisi Kitchen Services,Catering,124121,02/11/2022,paid,
INV06282,PRJ03016,Naija Locations Ltd,Location,1954110,04/08/2021,Paid,
INV03440,PRJ02128,OnSet Meals NG,Catering,1949946,28-01-2024,pending,
INV05469,PRJ03346,chop life catering,Catering,30625461,17/08/2021,Paid,
INV09234,PRJ02525,NAIJA FACES CASTING,Talent,33686536,02/09/2025,pending,
INV05869,PRJ01633,Naija Faces Casting,Talent,442845,01-07-2021,Disputed,
INV09333,PRJ02806,Crewnnect,Crew,13120708,13-04-2023,PAID,
INV02822,PRJ01961,Frame & Focus Equipment,Equipment Rental,17029943,12-08-2024,OVERDUE,
INV06165,PRJ03709,onset meals ng,Catering,12849855,26/12/2023,pending,
INV02181,PRJ01149,NAIJA FACES CASTING,Talent,2706963,2024-05-18,Disputed,
INV00125,PRJ00073,Naija Locations Ltd,Location,30719938,2023-05-26,Overdue,
INV00340,PRJ02121,Naija Faces Casting,Talent,67335388,2022-10-21,Pd,
INV08271,PRJ02753,Crewnnect,Crew,12361746,24-09-2022,disputed,
INV02929,PRJ02290,OnDeck Production Staffing,Crew,7500500,03-10-2022,OVERDUE,
INV02389,PRJ00578,Stagehand Talent Agency,Talent,5933536,2024-06-01,OVERDUE,
INV02637,PRJ02324,Chop Life Catering,Catering,9442980,14 Oct 2024,paid,
INV01282,PRJ03898,ColourGrade Lagos,Post-Production,32466155,22/11/2023,PAID,
INV01103,PRJ01946,OnSet Meals NG,Catering,23133172,20-04-2024,Pd,
INV02439,PRJ01328,OnDeck Production Staffing,Crew,3001204,15 Oct 2021,Overdue,
INV04855,PRJ01542,Redline Camera Rentals,Equipment Rental,5665482,17-02-2025,disputed,
INV05318,PRJ03654,SoundWave Post NG,Post-Production,10578989,16 Feb 2021,OVERDUE,
INV00492,PRJ01606,Redline Camera Rentals,Equipment Rental,38779420,24-07-2021,paid,
INV07604,PRJ01781,Mama Bisi Kitchen Services,Catering,17528139,16-11-2022,disputed,
INV08669,PRJ03204,Urban Set Scouts,Location,"NGN 2,194,925",08/05/2025,Overdue,
INV09690,PRJ01181,Crew Connect NG,Crew,49102631,2025-04-07,Disputed,
INV00064,PRJ01497,OnDeck Production Staffing,Crew,12652743,25-08-2021,PAID,
INV09304,PRJ02083,COLOURGRADE LAGOS,Post-Production,10992882,12-08-2025,paid,
INV02737,PRJ02388,OnDeck Production Staffing,Crew,2445725,12/11/2023,Paid,
INV07838,PRJ01196,SoundWave Post NG,Post-Production,29459640,2025-09-03,PAID,
INV05723,PRJ02904,MAMA BISI KITCHEN SERVICES,Catering,5635099,28/06/2022,paid,
INV02502,PRJ00213,SoundWave Post NG,Post-Production,19385300,24-01-2024,Pending,
INV05161,PRJ02448,reel edit studios,Post-Production,11822790,14/09/2021,paid,
INV06025,PRJ02604,Crew Connect NG,Crew,10790358,07 Mar 2022,disputed,
INV00400,PRJ00038,Stagehand Talent Agency,Talent,10725291,03/08/2024,Pending,
INV06277,PRJ03726,OnDeck Production Staffing,Crew,"NGN 1,671,795",08/01/2024,Pending,
INV04017,PRJ00737,Naija Locations Ltd,Location,24449850,02-11-2021,OVERDUE,
INV01255,PRJ00355,Chop Life Catering,Catering,26747882,26 Jan 2021,Paid,
INV07085,PRJ01069,progear nigeria,Equipment Rental,17067862,2024-06-24,OVERDUE,
INV07644,PRJ00861,Stagehand Talent Agency,Talent,5040845,01 Jan 2024,Pd,
INV08254,PRJ01513,Stagehand Talent Agency,Talent,2771019,02 Feb 2024,disputed,
INV08726,PRJ02140,Coastline Property Services,Location,56657033,11/03/2022,Pending,
INV06472,PRJ03459,Mama Bisi Kitchen Services,Catering,4196263,2021-04-23,Pending,
INV06288,PRJ03056,ColourGrade Lagos,Post-Production,6645948,2021-05-28,disputed,
INV04867,PRJ00678,COLOURGRADE LAGOS,Post-Production,14747089,2023-01-15,pending,
INV01174,PRJ03111,Lagos Grip & Lighting Co,Equipment Rental,6099939,2022-08-28,PAID,
INV09348,PRJ00666,Mama Bisi Kitchen Services,Catering,26356568,05 Dec 2025,pending,
INV09146,PRJ02538,Stagehand Talent Agency,Talent,65040459,2025-06-27,Pd,
INV05972,PRJ00607,Lagos Grip & Lighting,Equipment Rental,38353522,08/07/2025,PAID,
INV06997,PRJ02945,Chop Life Catering,Catering,25438681,2024-08-19,Paid,
INV07821,PRJ03294,SoundWave Post NG,Post-Production,19710096,24-03-2022,pending,
INV08976,PRJ01955,naija locations ltd,Location,24670512,2024-06-10,Disputed,
INV07540,PRJ01464,SoundWave Post NG,Post-Production,2919389,2022-08-17,Disputed,
INV00262,PRJ02152,Naija Faces Casting,Talent,"NGN 7,143,669",2021-11-10,Pd,
INV05944,PRJ01128,CREW CONNECT NG,Crew,3618018,2022-03-13,Overdue,
INV09571,PRJ00727,Stagehand Talent Agency,Talent,269434,11/01/2021,Disputed,
INV04564,PRJ02461,Naija Faces Casting,Talent,17786026,2024-07-09,OVERDUE,
INV06081,PRJ01701,naija faces casting,Talent,3020140,28/02/2021,disputed,
INV06804,PRJ02648,SoundWave Post NG,Post-Production,23803774,10 Jul 2025,OVERDUE,
INV07855,PRJ01526,Coastline Property Services,Location,30328121,08-10-2022,pending,
INV06620,PRJ03795,Stagehand Talent Agency,Talent,901842,19/11/2024,Pd,
INV01570,PRJ02817,naija faces casting,Talent,17443,12-08-2021,Pd,
INV08813,PRJ00906,Mama Bisi Kitchen Services,Catering,38044145,18-11-2025,Disputed,
INV05146,PRJ01854,Urban Set Scouts,Location,10508299,11/03/2023,OVERDUE,
INV08031,PRJ00980,ColourGrade Lagos,Post-Production,21401757,02/09/2021,Pd,
INV05821,PRJ00704,Urban Set Scouts,Location,7429428,2024-11-15,PAID,
INV06011,PRJ02569,Frame & Focus Equipment,Equipment Rental,34989193,2021-05-19,PAID,
INV01427,PRJ00913,ProGear,Equipment Rental,3212154,2025-05-17,OVERDUE,
INV02549,PRJ00533,CHOP LIFE CATERING,Catering,3256191,13 May 2021,Paid,
INV05389,PRJ01697,ColourGrade Lagos,Post-Production,20929118,23-11-2024,Disputed,
INV01717,PRJ02597,Stagehand Talent Agency,Talent,82707,11 Sep 2023,Pd,
INV01481,PRJ01379,Crew Connect NG,Crew,13955092,05/10/2025,Disputed,
INV03543,PRJ02248,LAGOS GRIP & LIGHTING CO,Equipment Rental,12642807,12/11/2022,Pending,
INV06706,PRJ00385,OnSet Meals NG,Catering,32313393,19 Jan 2024,disputed,
INV05109,PRJ03074,Coastline Property Services,Location,14528729,27-08-2023,Pending,
INV02365,PRJ00786,onset meals ng,Catering,6761328,11-08-2023,paid,
INV07949,PRJ03817,Urban Set Scouts,Location,"NGN 26,165,136",16 Jul 2021,OVERDUE,
INV07019,PRJ02041,Stagehand Talent Agency,Talent,5253756,10-08-2025,OVERDUE,
INV02098,PRJ02281,naija faces casting,Talent,10124402,11/12/2022,disputed,
INV02510,PRJ02663,COASTLINE PROPERTY SERVICES,Location,34398794,15 Mar 2025,Paid,
INV01877,PRJ03428,ColourGrade Lagos,Post-Production,40140525,17 Dec 2022,Pd,
INV07211,PRJ01954,CHOP LIFE CATERING,Catering,13114394,23 Feb 2022,Overdue,
INV09172,PRJ03161,Naija Locations Ltd,Location,4670931,12-09-2022,PAID,
INV02753,PRJ02472,ColourGrade Lagos,Post-Production,10875715,20/07/2021,Disputed,
INV04938,PRJ01601,Chop Life Catering,Catering,5681513,20-08-2023,Overdue,
INV00448,PRJ01748,Crew Connect NG,Crew,9758589,22-12-2023,Disputed,
INV02717,PRJ01172,MAMA BISI KITCHEN SERVICES,Catering,2622528,20-06-2023,disputed,
INV02789,PRJ00856,Mama Bisi Kitchen Services,Catering,11544188,05-02-2023,OVERDUE,
INV03396,PRJ01137,Urban Set Scouts,Location,30569235,10/08/2021,pending,
INV00235,PRJ02813,onset meals ng,Catering,43020923,01-01-2022,Pd,
INV05153,PRJ03556,ColourGrade Lagos,Post-Production,2049665,2024-06-14,paid,
INV08762,PRJ00914,Crew Connect NG,Crew,48316328,09 Jun 2025,disputed,
INV00146,PRJ01885,Crew Connect NG,Crew,1956663,03 Nov 2021,Overdue,
INV00099,PRJ03727,frame & focus equipment,Equipment Rental,24437168,2022-12-21,OVERDUE,
INV01955,PRJ03252,mama bisi kitchen services,Catering,8435142,02 Sep 2025,pending,
INV02695,PRJ03768,OnDeck Production Staffing,Crew,18835953,25 Jun 2024,Disputed,
INV03220,PRJ03371,Naija Locations Ltd,Location,35738719,16-11-2021,Overdue,
INV02078,PRJ01405,ColourGrade Lagos,Post-Production,23888293,20-11-2022,Disputed,
INV02060,PRJ00127,MAMA BISI KITCHEN SERVICES,Catering,70094097,13 Mar 2022,pending,
INV06179,PRJ00960,ColourGrade Lagos,Post-Production,35686966,02-09-2024,Pending,
INV07756,PRJ02773,Stagehand Talent Agency,Talent,26322453,04/01/2023,paid,
INV07007,PRJ02302,frame & focus equipment,Equipment Rental,572020,15 Dec 2024,disputed,
INV03502,PRJ03777,OnSet Meals NG,Catering,4311654,07-10-2024,pending,
INV01237,PRJ00630,Urban Set Scouts,Location,169703,22-02-2023,Pd,
INV07049,PRJ01668,Stagehand Talent Agency,Talent,2752023,08 Jul 2025,disputed,
INV06199,PRJ00577,Redline Camera Rentals,Equipment Rental,9469859,2021-12-03,Paid,
INV09675,PRJ03775,Naija Locations Ltd,Location,29521846,2023-11-01,Pd,
INV05265,PRJ02185,Lagos Grip & Lighting,Equipment Rental,7317513,27-11-2023,Paid,
INV01816,PRJ00698,Reel Edit Studios,Post-Production,21669081,04-02-2022,pending,
INV05960,PRJ00021,REEL EDIT STUDIOS,Post-Production,34150205,09 Jul 2025,Disputed,
INV08339,PRJ02330,Crew Connect NG,Crew,14462377,17/12/2023,paid,
INV05019,PRJ01442,Crewnnect,Crew,10497075,2025-06-08,Disputed,
INV05669,PRJ01602,OnSet Meals NG,Catering,"NGN 18,534,949",14 Nov 2021,PAID,
INV09674,PRJ03775,Crew Connect NG,Crew,7443214,25 Jul 2025,disputed,
INV05743,PRJ02350,Coastline Property Services,Location,"NGN 664,296",19/01/2022,Overdue,
INV03483,PRJ00834,chop life catering,Catering,2085801,03-03-2024,Pending,
INV00738,PRJ00927,OnSet Meals NG,Catering,10363741,22-08-2024,Overdue,
INV07833,PRJ01840,ProGear Nigeria,Equipment Rental,2699701,09 Oct 2021,paid,
INV01619,PRJ00538,stagehand talent agency,Talent,991731,03-08-2022,disputed,
INV01382,PRJ02100,CREW CONNECT NG,Crew,"NGN 5,981,023",2021-05-23,Disputed,
INV07570,PRJ02539,Coastline Property Services,Location,"NGN 20,840,656",22-05-2025,paid,
INV08367,PRJ02739,Stagehand Talent Agency,Talent,42411815,01-12-2023,Disputed,
INV07669,PRJ03407,Mama Bisi Kitchen Services,Catering,6059354,18 Aug 2022,Pending,
INV06085,PRJ00886,Crew Connect NG,Crew,1972784,28-01-2024,Disputed,
INV05269,PRJ03482,Redline Camera Rentals,Equipment Rental,42804713,10-12-2025,Paid,
INV08523,PRJ03751,Mama Bisi Kitchen Services,Catering,6598079,24-10-2022,pending,
INV09073,PRJ00741,STAGEHAND TALENT AGENCY,Talent,18134988,19/09/2024,pending,
INV06275,PRJ03726,Naija Locations Ltd,Location,11436155,2023-02-17,OVERDUE,
INV00766,PRJ02040,crew connect ng,Crew,14855394,2024-06-18,Overdue,
INV02019,PRJ02915,Naija Locations,Location,48015426,2022-11-22,Paid,
INV04877,PRJ02327,reel edit studios,Post-Production,28991585,2021-01-26,Disputed,
INV03038,PRJ01595,ColourGrade Lagos,Post-Production,539034,04-02-2025,Pd,
INV08758,PRJ00844,SoundWave Post NG,Post-Production,12143272,09/06/2023,Overdue,
INV00256,PRJ01180,Urban Set Scouts,Location,6701884,26-11-2024,Paid,
INV04937,PRJ01601,SoundWave Post NG,Post-Production,28902183,12/07/2024,PAID,
INV04968,PRJ00094,onset meals ng,Catering,47282256,26-04-2024,PAID,
INV03014,PRJ02834,OnSet Meals,Catering,44225508,22/01/2025,Pd,
INV07157,PRJ02067,Urban Set Scouts,Location,27067140,07-08-2022,Overdue,
INV08685,PRJ01247,naija faces casting,Talent,6120611,07-10-2021,OVERDUE,
INV06935,PRJ02377,REDLINE CAMERA RENTALS,Equipment Rental,6010918,2025-06-02,Pd,
INV09182,PRJ00746,Stagehand Talent Agency,Talent,34540129,14 Aug 2024,pending,
INV09206,PRJ03103,Reel Edit Studios,Post-Production,6464582,26 Nov 2025,OVERDUE,
INV08594,PRJ01625,naija locations ltd,Location,21018065,2024-08-17,disputed,
INV06490,PRJ03732,naija locations ltd,Location,2957410,03-07-2022,OVERDUE,
INV08396,PRJ01702,ONDECK PRODUCTION STAFFING,Crew,5478778,20/04/2021,PAID,
INV08351,PRJ01221,OnDeck Production Staffing,Crew,9325925,2024-06-08,OVERDUE,
INV00730,PRJ00736,Chop Life Catering,Catering,19096916,2023-02-05,disputed,
INV07571,PRJ02539,OnSet Meals NG,Catering,10042175,14/09/2023,Pending,
INV03985,PRJ02586,Crewnnect,Crew,3332917,07-05-2023,pending,
INV00466,PRJ02943,ONDECK PRODUCTION STAFFING,Crew,32091547,18 Aug 2024,paid,
INV00101,PRJ00585,frame & focus equipment,Equipment Rental,8082983,24 Feb 2025,Pending,
INV05629,PRJ03736,SoundWave Post,Post-Production,15576926,23 May 2025,OVERDUE,
INV08932,PRJ03650,URBAN SET SCOUTS,Location,21727436,21/02/2022,Disputed,
INV03854,PRJ03305,ProGear Nigeria,Equipment Rental,22825068,08 May 2025,Paid,
INV06550,PRJ01399,ProGear Nigeria,Equipment Rental,12185533,22/02/2022,Pd,
INV05136,PRJ01377,Naija Faces Casting,Talent,65832023,2021-03-27,Paid,
INV05496,PRJ00276,OnSet Meals NG,Catering,12071688,17 Apr 2022,Disputed,
INV00089,PRJ03547,Naija Faces Casting,Talent,49550805,2023-09-16,Paid,
INV04339,PRJ03079,Naija Faces Casting,Talent,8357168,2022-05-17,disputed,
INV01200,PRJ00243,Mama Bisi Kitchen Services,Catering,3846877,24 Apr 2022,Disputed,
INV00631,PRJ03558,ProGear Nigeria,Equipment Rental,22576415,14-10-2021,PAID,
INV08229,PRJ03374,OnDeck Production Staffing,Crew,831649,2022-05-08,Pd,
INV02948,PRJ02147,Naija Faces Casting,Talent,187023,10-11-2023,Disputed,
INV03130,PRJ00106,Reel Edit Studios,Post-Production,14797397,21/10/2024,OVERDUE,
INV00769,PRJ03750,SoundWave Post NG,Post-Production,127171,2025-02-21,pending,
INV01766,PRJ00716,Naija Faces Casting,Talent,10845270,2022-09-04,Disputed,
INV07258,PRJ03916,MAMA BISI KITCHEN SERVICES,Catering,9261847,11/02/2022,Overdue,
INV01399,PRJ00228,Stagehand Talent Agency,Talent,20372423,09/08/2022,pending,
INV04871,PRJ00767,Coastline Property Services,Location,24481314,21 Oct 2025,PAID,
INV02709,PRJ00739,stagehand talent agency,Talent,1478476,2023-03-10,PAID,
INV07919,PRJ01585,Chop Life Catering,Catering,29455589,12 Jan 2022,pending,
INV05302,PRJ03286,Chop Life Catering,Catering,13335583,2022-06-03,Pd,
INV08404,PRJ02526,COLOURGRADE LAGOS,Post-Production,72093747,2022-06-28,disputed,
INV06487,PRJ01731,ColourGrade Lagos,Post-Production,58376047,18 Jul 2024,Overdue,
INV06533,PRJ02331,Urban Set Scouts,Location,32812069,16 Dec 2022,Pd,
INV09546,PRJ03247,Naija Faces Casting,Talent,290455,2024-04-19,Pending,
INV05132,PRJ00836,crew connect ng,Crew,16459031,23/02/2025,Pending,
INV02179,PRJ01149,Mama Bisi Kitchen Services,Catering,5164768,2024-11-27,OVERDUE,
INV09520,PRJ01465,ProGear Nigeria,Equipment Rental,11530675,25-03-2022,disputed,
INV03085,PRJ00632,OnSet Meals NG,Catering,29992733,2024-12-06,Overdue,
INV08110,PRJ00061,Naija Faces Casting,Talent,22625639,12-02-2025,paid,
INV09009,PRJ02217,NAIJA FACES CASTING,Talent,11561588,09/04/2025,Pending,
INV07725,PRJ01619,Crew Connect NG,Crew,20030443,22 Dec 2021,Paid,
INV08348,PRJ02486,OnDeck Production Staffing,Crew,9932154,20/12/2021,Paid,
INV04286,PRJ00477,chop life catering,Catering,20330270,15 Mar 2025,PAID,
INV04753,PRJ01337,MAMA BISI KITCHEN SERVICES,Catering,4058164,20/07/2021,disputed,
INV04474,PRJ01724,Urban Set Scouts,Location,3390162,28/09/2025,paid,
INV01733,PRJ01395,naija faces casting,Talent,19499684,18 Feb 2021,PAID,
INV06381,PRJ01688,crew connect ng,Crew,14910392,05 Jun 2024,Overdue,
INV00139,PRJ03863,ONSET MEALS NG,Catering,643985,26 Mar 2022,Overdue,
INV03564,PRJ00864,Stagehand Talent Agency,Talent,23035843,23/11/2022,pending,
INV02960,PRJ03138,Crew Connect NG,Crew,28803588,2022-09-03,PAID,
INV02422,PRJ02801,stagehand talent agency,Talent,36709718,19 Aug 2025,pending,
INV00077,PRJ00449,Redline Camera Rentals,Equipment Rental,239247,2021-04-18,Paid,
INV03509,PRJ00430,SoundWave Post,Post-Production,4402110,02/01/2021,Disputed,
INV01511,PRJ02765,naija faces casting,Talent,1594711,2024-01-10,disputed,
INV09696,PRJ00416,SoundWave Post NG,Post-Production,281151,2021-04-05,PAID,
INV08609,PRJ00299,Crew Connect NG,Crew,40258556,03/07/2023,PAID,
INV04519,PRJ00962,Chop Life Catering,Catering,7148887,2021-02-11,PAID,
INV01392,PRJ03020,Stagehand Talent Agency,Talent,18896809,18-10-2021,paid,
INV04223,PRJ03779,Lagos Grip & Lighting Co,Equipment Rental,5595975,28/02/2023,pending,
INV02432,PRJ02094,Redline Camera Rentals,Equipment Rental,"NGN 49,150,842",2023-01-15,Paid,
INV08170,PRJ03942,REEL EDIT STUDIOS,Post-Production,2906986,19/09/2023,paid,
INV00037,PRJ01289,OnSet Meals NG,Catering,30764903,2022-03-08,paid,
INV05782,PRJ00892,Naija Locations Ltd,Location,21570834,2023-02-27,pending,
INV08456,PRJ00346,Crew Connect NG,Crew,4878147,2023-09-17,paid,
INV07338,PRJ00120,Stagehand Talent Agency,Talent,7212712,10-02-2022,Pd,
INV01849,PRJ00156,SoundWave Post,Post-Production,3191954,2024-04-08,Paid,
INV00844,PRJ03716,stagehand talent agency,Talent,1965549,2021-05-14,paid,
INV08261,PRJ00001,urban set scouts,Location,31926782,2022-07-13,paid,
INV07575,PRJ01343,Chop Life Catering,Catering,5738137,25/01/2022,Paid,
INV07460,PRJ00925,Lagos Grip & Lighting Co,Equipment Rental,24796531,03 Dec 2023,disputed,
INV01192,PRJ00076,Reel Edit Studios,Post-Production,11697970,2021-05-03,PAID,
INV03209,PRJ00825,Reel Edit Studios,Post-Production,10017422,02-12-2024,Pd,
INV05408,PRJ00511,SoundWave Post NG,Post-Production,5183945,02 Apr 2024,Pd,
INV09033,PRJ01364,ColourGrade Lagos,Post-Production,32085160,09-08-2022,pending,
INV03505,PRJ00806,onset meals ng,Catering,6066393,03 Mar 2024,Paid,
INV05442,PRJ00847,mama bisi kitchen services,Catering,13280088,15-03-2023,Disputed,
INV02978,PRJ01978,Redline Camera Rentals,Equipment Rental,33260606,26 Dec 2023,disputed,
INV02892,PRJ03516,LAGOS GRIP & LIGHTING CO,Equipment Rental,8920999,11/02/2024,Pd,
INV07406,PRJ00237,CHOP LIFE CATERING,Catering,21077825,21-11-2021,Pd,
INV06753,PRJ01227,ColourGrade Lagos,Post-Production,16285566,09-03-2021,pending,
INV00861,PRJ01239,Stagehand Talent Agency,Talent,11129376,2025-11-27,PAID,
INV05791,PRJ02204,ProGear Nigeria,Equipment Rental,16555050,20-04-2021,Disputed,
INV03319,PRJ00697,SoundWave Post NG,Post-Production,1292977,18/12/2022,PAID,
INV06770,PRJ01764,Lagos Grip & Lighting Co,Equipment Rental,7235056,04 Aug 2023,Paid,
INV05360,PRJ00391,Urban Set Scouts,Location,33741551,2021-03-13,Disputed,
INV05020,PRJ01442,Crew Connect NG,Crew,54662750,13 Oct 2021,PAID,
INV00689,PRJ01226,Mama Bisi Kitchen Services,Catering,41772422,21/02/2021,disputed,
INV04618,PRJ01026,SoundWave Post NG,Post-Production,46106349,19-12-2023,paid,
INV00558,PRJ00462,Mama Bisi Kitchen Services,Catering,"NGN 5,981,337",24 Aug 2022,disputed,
INV03489,PRJ03476,Crew Connect NG,Crew,34797589,22 Feb 2021,Disputed,
INV00520,PRJ00253,OnSet Meals,Catering,"NGN 20,305,337",2022-02-08,Disputed,
INV02190,PRJ03723,Naija Locations Ltd,Location,37684334,2024-10-15,Pending,
INV06519,PRJ00277,OnDeck Production Staffing,Crew,22491235,27 Jun 2021,Pd,
INV08308,PRJ03188,Crew Connect NG,Crew,10759225,02-11-2024,pending,
INV01151,PRJ00204,NAIJA FACES CASTING,Talent,337495,13/04/2023,paid,
INV00938,PRJ03125,SoundWave Post NG,Post-Production,4445155,04 Jul 2022,paid,
INV09124,PRJ01431,STAGEHAND TALENT AGENCY,Talent,920265,01 Jul 2023,Disputed,
INV07639,PRJ00101,redline camera rentals,Equipment Rental,13358640,18/11/2024,Pending,
INV03773,PRJ03729,ProGear Nigeria,Equipment Rental,20722432,06-01-2025,Pending,
INV06871,PRJ02950,Naija Locations Ltd,Location,21309366,2025-02-23,Disputed,
INV01312,PRJ01485,ProGear Nigeria,Equipment Rental,13764930,22-02-2021,Disputed,
INV05500,PRJ03072,OnDeck Production Staffing,Crew,39699858,21-01-2021,Overdue,
INV04681,PRJ01448,Chop Life Catering,Catering,33616011,03/02/2023,disputed,
INV09406,PRJ03498,Lagos Grip & Lighting Co,Equipment Rental,5260376,22-02-2025,Overdue,
INV06725,PRJ03182,Coastline Property Services,Location,40455430,28 Aug 2022,OVERDUE,
INV00231,PRJ02743,Coastline Property Services,Location,6590840,18-07-2021,Disputed,
INV00768,PRJ03750,Naija Faces Casting,Talent,11440793,17/11/2021,Disputed,
INV06694,PRJ03747,Coastline Property Services,Location,4066981,03 Mar 2024,PAID,
INV05875,PRJ00080,Frame & Focus Equipment,Equipment Rental,33228193,12-07-2021,pending,
INV01113,PRJ01183,Frame & Focus Equipment,Equipment Rental,25827240,16-08-2021,disputed,
INV06226,PRJ00459,Stagehand Talent Agency,Talent,124252,2022-03-04,OVERDUE,
INV04094,PRJ01349,Reel Edit Studios,Post-Production,"NGN 40,977,303",24-04-2024,Pending,
INV06991,PRJ00670,Naija Locations Ltd,Location,4894965,27 Apr 2024,OVERDUE,
INV03982,PRJ00192,Stagehand Talent Agency,Talent,41002138,09/12/2025,PAID,
INV01959,PRJ02335,Stagehand Talent Agency,Talent,25213956,14-09-2023,Paid,
INV00281,PRJ01381,ProGear Nigeria,Equipment Rental,5123442,22-04-2021,Paid,
INV07522,PRJ00742,COLOURGRADE LAGOS,Post-Production,29775037,2022-08-17,Disputed,
INV07888,PRJ03541,Crew Connect NG,Crew,19423229,09/05/2021,Overdue,
INV04730,PRJ03018,Naija Locations Ltd,Location,786838,05 Jun 2021,OVERDUE,
INV01407,PRJ01164,OnDeck Production Staffing,Crew,14527855,24/06/2022,pending,
INV07713,PRJ02396,Coastline Property Services,Location,7058562,2024-04-09,OVERDUE,
INV02988,PRJ02457,SoundWave Post NG,Post-Production,21842539,19/03/2025,Paid,
INV03333,PRJ01400,Frame & Focus Equipment,Equipment Rental,4272484,28-12-2025,Paid,
INV03330,PRJ02807,ColourGrade Lagos,Post-Production,29254365,27 Nov 2023,Paid,
INV09128,PRJ02637,Stagehand Talent Agency,Talent,3479296,24/11/2024,Pd,
INV02192,PRJ03723,Urban Set Scouts,Location,28263945,06 Dec 2023,paid,
INV02424,PRJ03888,SOUNDWAVE POST NG,Post-Production,10494700,10-12-2021,disputed,
INV02945,PRJ02147,frame & focus equipment,Equipment Rental,37171660,15/01/2021,Paid,
INV07543,PRJ01631,OnDeck Production Staffing,Crew,10565618,2024-01-15,Pd,
INV08394,PRJ00723,ONSET MEALS NG,Catering,6693602,16-01-2023,Overdue,
INV05307,PRJ00580,ProGear Nigeria,Equipment Rental,42863701,2024-02-21,Pd,
INV07384,PRJ01154,Stagehand Talent Agency,Talent,21630321,26-08-2021,Pending,
INV00007,PRJ01147,Urban Set Scouts,Location,45157584,2021-03-12,pending,
INV05931,PRJ02353,ProGear Nigeria,Equipment Rental,37503200,2024-12-09,Paid,
INV09665,PRJ00100,Stagehand Talent Agency,Talent,6280720,08-08-2024,Disputed,
INV08812,PRJ03099,naija faces casting,Talent,94351783,04-08-2024,Paid,
INV08806,PRJ03257,ColourGrade Lagos,Post-Production,8011212,2022-07-18,OVERDUE,
INV08740,PRJ02265,Mama Bisi Kitchen Services,Catering,5770616,20-05-2024,PAID,
INV04393,PRJ03070,REEL EDIT STUDIOS,Post-Production,5730862,14 Mar 2023,OVERDUE,
INV03225,PRJ00014,ProGear Nigeria,Equipment Rental,50127724,2024-03-13,paid,
INV01566,PRJ02817,Naija Faces Casting,Talent,10602305,06 Jun 2023,Pd,
INV06954,PRJ00160,ProGear Nigeria,Equipment Rental,5717405,12-06-2022,Paid,
INV03629,PRJ01488,Urban Set Scouts,Location,19461791,2023-10-23,Pd,
INV09346,PRJ02520,REDLINE CAMERA RENTALS,Equipment Rental,24985148,2025-06-11,disputed,
INV00327,PRJ01072,ProGear Nigeria,Equipment Rental,20502174,26-07-2023,Pending,
INV04000,PRJ00495,Mama Bisi Kitchen Services,Catering,15558332,14 Jul 2022,Paid,
INV03399,PRJ01620,Mama Bisi Kitchen Services,Catering,9369195,11 Dec 2025,pending,
INV06294,PRJ02682,Reel Edit Studios,Post-Production,12252917,15 Apr 2024,PAID,
INV02506,PRJ02663,SoundWave Post NG,Post-Production,4755775,12-11-2021,Paid,
INV00879,PRJ00205,STAGEHAND TALENT AGENCY,Talent,6974845,04 Mar 2024,paid,
INV03710,PRJ01116,Chop Life Catering,Catering,35394466,25/01/2025,Pd,
INV09415,PRJ02137,OnSet Meals,Catering,18103625,09-10-2024,disputed,
INV00587,PRJ01397,OnDeck Production Staffing,Crew,8649611,2023-08-16,PAID,
INV08539,PRJ03943,REEL EDIT STUDIOS,Post-Production,20087895,11-02-2025,paid,
INV02130,PRJ00611,colourgrade lagos,Post-Production,16310338,23/02/2023,Overdue,
INV03318,PRJ03546,ondeck production staffing,Crew,15304981,19/04/2024,pending,
INV02887,PRJ00308,ONSET MEALS NG,Catering,"NGN 8,382,619",2023-03-23,PAID,
INV02144,PRJ03035,Stagehand Talent Agency,Talent,277103,04-04-2022,paid,
INV01513,PRJ02765,Crew Connect NG,Crew,4698740,01-12-2021,disputed,
INV06807,PRJ02648,Coastline Property Services,Location,17873602,21 Aug 2023,Disputed,
INV05847,PRJ03078,Frame & Focus Equipment,Equipment Rental,17983452,11/11/2024,OVERDUE,
INV01315,PRJ00044,FRAME & FOCUS EQUIPMENT,Equipment Rental,412375,17 May 2022,Pd,
INV06435,PRJ03825,stagehand talent agency,Talent,8307118,28 May 2024,pending,
INV01656,PRJ00195,ProGear Nigeria,Equipment Rental,10242783,18-02-2023,PAID,
INV07353,PRJ02129,soundwave post ng,Post-Production,33099643,18 Jun 2024,Pending,
INV06592,PRJ02030,ColourGrade Lagos,Post-Production,8359184,2023-12-05,paid,
INV05291,PRJ03489,SoundWave Post NG,Post-Production,2287941,18 Mar 2024,Overdue,
INV03851,PRJ03734,Stagehand Talent Agency,Talent,479901,25-02-2021,OVERDUE,
INV01917,PRJ00184,ondeck production staffing,Crew,5432953,05-08-2025,disputed,
INV01380,PRJ02100,CHOP LIFE CATERING,Catering,33799425,11-05-2024,pending,
INV01353,PRJ02491,Redline Camera Rentals,Equipment Rental,22685213,22/12/2023,OVERDUE,
INV08971,PRJ00113,CHOP LIFE CATERING,Catering,3456651,01/10/2022,OVERDUE,
INV07443,PRJ02165,SoundWave Post NG,Post-Production,7602102,26 May 2023,Overdue,
INV07651,PRJ02927,REEL EDIT STUDIOS,Post-Production,10042755,2025-06-19,Pd,
INV07717,PRJ03418,ColourGrade Lagos,Post-Production,20085625,2022-06-19,paid,
INV05460,PRJ00979,stagehand talent agency,Talent,26036049,26 Dec 2021,OVERDUE,
INV09460,PRJ03906,PROGEAR NIGERIA,Equipment Rental,29022058,13 Nov 2023,OVERDUE,
INV02401,PRJ00761,ProGear Nigeria,Equipment Rental,41419961,27 Nov 2023,Disputed,
INV07534,PRJ00717,Chop Life Catering,Catering,24271111,2024-06-08,paid,
INV01900,PRJ01914,Mama Bisi Kitchen Services,Catering,10787201,10-10-2025,OVERDUE,
INV00971,PRJ02063,colourgrade lagos,Post-Production,2730527,05/12/2022,Pending,
INV03102,PRJ03508,coastline property services,Location,10328386,25-12-2022,Paid,
INV04412,PRJ00235,Naija Locations Ltd,Location,54705230,21 Nov 2023,Pd,
INV07870,PRJ01956,OnDeck Production Staffing,Crew,38733714,21-03-2021,Pd,
INV07799,PRJ01692,ondeck production staffing,Crew,1441712,2022-11-20,Paid,
INV03177,PRJ01937,Naija Locations Ltd,Location,7004465,15-07-2025,disputed,
INV00473,PRJ03796,Crew Connect NG,Crew,19734640,2021-02-26,Pd,
INV06633,PRJ03973,SoundWave Post NG,Post-Production,16899533,12/11/2021,Disputed,
INV06315,PRJ02026,Crew Connect NG,Crew,23879203,01/06/2025,Paid,
INV09056,PRJ01131,Stagehand Talent Agency,Talent,27577195,03/10/2022,Paid,
INV00778,PRJ00017,Redline Camera Rentals,Equipment Rental,2119378,25 Dec 2025,PAID,
INV04911,PRJ02812,SoundWave Post NG,Post-Production,44999661,27/12/2023,pending,
INV08300,PRJ02082,Naija Faces Casting,Talent,40709263,20-04-2023,Overdue,
INV07134,PRJ00210,Stagehand Talent Agency,Talent,4263928,12/06/2022,Overdue,
INV05681,PRJ00766,Coastline Property Services,Location,20333811,05/07/2023,Pending,
INV01219,PRJ01144,OnDeck Production Staffing,Crew,41093506,28-06-2023,OVERDUE,
INV04933,PRJ00393,ondeck production staffing,Crew,21985292,17-10-2023,Pd,
INV04486,PRJ01547,OnDeck Production Staffing,Crew,369557,13/04/2024,paid,
INV00843,PRJ03716,ProGear Nigeria,Equipment Rental,3099645,09-05-2022,PAID,
INV06680,PRJ01980,SoundWave Post NG,Post-Production,24441739,04 Feb 2024,Pending,
INV08744,PRJ03031,naija locations ltd,Location,31905084,03/08/2022,Paid,
INV00767,PRJ02040,Chop Life Catering,Catering,49481057,2023-07-10,Overdue,
INV07066,PRJ02467,Crew Connect NG,Crew,13477277,25/12/2021,paid,
INV00396,PRJ03983,Crew Connect NG,Crew,26304306,17 Mar 2024,paid,
INV03654,PRJ01698,Crew Connect NG,Crew,45508373,2025-01-16,Disputed,
INV02675,PRJ00705,Lagos Grip & Lighting Co,Equipment Rental,6928703,12-04-2023,OVERDUE,
INV01448,PRJ03077,Stagehand Talent Agency,Talent,13438852,14-03-2024,Disputed,
INV05977,PRJ02787,Naija Locations Ltd,Location,23545166,2024-12-01,paid,
INV02513,PRJ02419,Mama Bisi Kitchen Services,Catering,30436707,26-10-2023,pending,
INV00274,PRJ03225,Chop Life Catering,Catering,19562009,08/05/2022,pending,
INV03124,PRJ01895,Naija Locations Ltd,Location,2698134,2025-05-16,Paid,
INV05688,PRJ01127,Naija Faces Casting,Talent,346678,15 Jun 2025,Pd,
INV01409,PRJ01164,ColourGrade Lagos,Post-Production,973901,2023-09-27,Overdue,
INV01045,PRJ03270,Reel Edit Studios,Post-Production,13680249,01 Dec 2021,paid,
INV03638,PRJ03786,OnSet Meals NG,Catering,36614282,22/11/2022,Pending,
INV03553,PRJ03892,Redline Camera Rentals,Equipment Rental,26130957,2024-12-13,Pending,
INV04990,PRJ03097,Naija Locations Ltd,Location,19186923,2024-08-23,Disputed,
INV03466,PRJ01921,OnDeck Production Staffing,Crew,4165079,16/06/2021,pending,
INV07095,PRJ02977,Stagehand Talent Agency,Talent,2620565,18 Mar 2021,pending,
INV07346,PRJ02314,Lagos Grip & Lighting Co,Equipment Rental,41813566,2023-07-02,PAID,
INV01976,PRJ00840,Crew Connect NG,Crew,3400935,14 Jan 2022,Disputed,
INV07768,PRJ01036,Coastline Property Services,Location,5755007,19-11-2025,pending,
INV03047,PRJ03688,Mama Bisi Kitchen Services,Catering,13671458,26-05-2022,Pending,
INV08697,PRJ02874,Lagos Grip & Lighting Co,Equipment Rental,6611198,01-08-2024,Pending,
INV06981,PRJ03275,FRAME & FOCUS EQUIPMENT,Equipment Rental,26590516,2021-12-25,Disputed,
INV09093,PRJ02742,OnSet Meals NG,Catering,20943184,15/04/2021,PAID,
INV02742,PRJ01141,NAIJA LOCATIONS LTD,Location,30186683,23-05-2024,OVERDUE,
INV05414,PRJ00345,Crew Connect NG,Crew,20917186,26-08-2025,paid,
INV08917,PRJ01376,crew connect ng,Crew,19645391,23/07/2023,PAID,
INV01447,PRJ03077,Urban Set Scouts,Location,19533646,27 Aug 2024,pending,
INV01193,PRJ00076,Urban Set Scouts,Location,2842658,18/06/2022,Disputed,
INV00458,PRJ00990,Urban Set Scouts,Location,45892347,16 Sep 2021,OVERDUE,
INV07937,PRJ01863,SoundWave Post NG,Post-Production,22984763,28 May 2022,OVERDUE,
INV02803,PRJ01938,Redline Camera Rentals,Equipment Rental,10142840,06-12-2022,Disputed,
INV03534,PRJ03761,Chop Life Catering,Catering,16863838,07 Apr 2025,paid,
INV03175,PRJ01937,URBAN SET SCOUTS,Location,953184,2023-03-28,pending,
INV01583,PRJ01707,ProGear Nigeria,Equipment Rental,6318467,2023-12-08,Pending,
INV00240,PRJ00880,PROGEAR NIGERIA,Equipment Rental,3763867,2025-10-09,Pd,
INV06661,PRJ00064,Redline Camera Rentals,Equipment Rental,35347268,2024-09-21,OVERDUE,
INV09023,PRJ01018,ColourGrade Lagos,Post-Production,32399457,14 Nov 2025,disputed,
INV00489,PRJ01368,lagos grip & lighting co,Equipment Rental,12468127,17/09/2024,paid,
INV06637,PRJ02036,Naija Locations Ltd,Location,2598984,08/07/2023,Pending,
INV02434,PRJ02094,Urban Set Scouts,Location,27226752,2025-01-16,OVERDUE,
INV06264,PRJ02445,REDLINE CAMERA RENTALS,Equipment Rental,7560112,26/03/2025,Disputed,
INV01419,PRJ03602,Mama Bisi Kitchen Services,Catering,5507062,21 Sep 2022,PAID,
INV09165,PRJ01043,OnDeck Production Staffing,Crew,1835595,03 Apr 2022,Pd,
INV09226,PRJ03110,Mama Bisi Kitchen Services,Catering,22478135,02/07/2022,OVERDUE,
INV08597,PRJ01625,FRAME & FOCUS EQUIPMENT,Equipment Rental,"NGN 1,915,897",2025-06-26,Paid,
INV08687,PRJ01247,Coastline Property Services,Location,"NGN 6,120,979",2021-06-08,Overdue,
INV01541,PRJ00512,Coastline Property Services,Location,4292978,13 Dec 2023,disputed,
INV07000,PRJ02945,Naija Faces Casting,Talent,14920170,01/02/2022,Paid,
INV07840,PRJ00065,NAIJA LOCATIONS LTD,Location,36767104,28-08-2025,Disputed,
INV02027,PRJ03272,MAMA BISI KITCHEN SERVICES,Catering,1423052,13-07-2022,Disputed,
INV09376,PRJ03972,Mama Bisi Kitchen Services,Catering,2514481,10-06-2024,Disputed,
INV09604,PRJ03493,ColourGrade Lagos,Post-Production,4444295,09/09/2023,Paid,
INV07738,PRJ01066,Stagehand Talent Agency,Talent,"NGN 16,017,643",11 Aug 2022,pending,
INV04086,PRJ02816,ProGear Nigeria,Equipment Rental,4992822,14 Sep 2024,Pending,
INV07628,PRJ00773,Chop Life Catering,Catering,60376,13 Apr 2022,disputed,
INV05746,PRJ00333,Coastline Property Services,Location,521613,20/11/2023,Paid,
INV02254,PRJ03567,OnSet Meals NG,Catering,10323441,15-03-2025,pending,
INV03476,PRJ02212,Reel Edit Studios,Post-Production,31966755,2022-12-07,Disputed,
INV06251,PRJ02325,Redline Camera Rentals,Equipment Rental,45435881,2025-09-22,Pending,
INV03244,PRJ01752,Coastline Property Services,Location,9270358,11 Dec 2022,PAID,
INV05213,PRJ01342,ColourGrade Lagos,Post-Production,20524782,2021-11-22,pending,
INV05641,PRJ01990,Redline Camera Rentals,Equipment Rental,545707,23/09/2021,OVERDUE,
INV06433,PRJ03825,Crew Connect NG,Crew,"NGN 668,259",28-12-2024,PAID,
INV03616,PRJ01074,ColourGrade Lagos,Post-Production,13589857,2023-12-20,Pending,
INV06466,PRJ00389,SoundWave Post NG,Post-Production,32089096,23-09-2023,Pending,
INV05026,PRJ00488,SoundWave Post NG,Post-Production,2962899,27 Jan 2022,pending,
INV02880,PRJ01031,Crew Connect NG,Crew,28108187,15 Jan 2023,disputed,
INV01097,PRJ00708,REDLINE CAMERA RENTALS,Equipment Rental,29634382,17-11-2024,Overdue,
INV03163,PRJ02135,Urban Set Scouts,Location,"NGN 213,594",04/12/2021,OVERDUE,
INV05112,PRJ02760,SoundWave Post NG,Post-Production,5111914,2025-12-11,pending,
INV02726,PRJ00415,Chop Life Catering,Catering,13173685,03/06/2022,Pd,
INV07491,PRJ00528,OnSet Meals NG,Catering,18775036,21 Jul 2023,PAID,
INV05530,PRJ00002,Stagehand Talent Agency,Talent,18591888,25/11/2025,disputed,
INV04391,PRJ03601,Stagehand Talent Agency,Talent,"NGN 4,903,355",03-03-2025,Overdue,
INV09178,PRJ03703,Stagehand Talent Agency,Talent,10087954,24-01-2022,pending,
INV02889,PRJ02880,Reel Edit Studios,Post-Production,12948629,23-08-2021,PAID,
INV09266,PRJ01450,Chop Life Catering,Catering,410029,05-06-2025,disputed,
INV06094,PRJ01637,ProGear Nigeria,Equipment Rental,5179347,17-10-2021,Pd,
INV03519,PRJ01182,Coastline Property Services,Location,22241537,2021-01-17,Pd,
INV00464,PRJ01388,FRAME & FOCUS EQUIPMENT,Equipment Rental,17992336,2023-05-23,Pending,
INV09354,PRJ03728,Crew Connect NG,Crew,28816591,02/04/2022,OVERDUE,
INV08983,PRJ03250,OnDeck Production Staffing,Crew,23655885,23-08-2025,Pending,
INV02194,PRJ01438,ProGear Nigeria,Equipment Rental,3825903,05 Apr 2021,Overdue,
INV06253,PRJ02262,Crew Connect NG,Crew,16219756,21-08-2021,Paid,
INV01188,PRJ02922,Coastline Property Services,Location,4252448,2023-09-07,Pending,
INV03350,PRJ03362,COLOURGRADE LAGOS,Post-Production,2658979,24-12-2024,paid,
INV09062,PRJ02675,Crew Connect NG,Crew,54333520,2025-05-14,Paid,
INV02158,PRJ00843,Crew Connect NG,Crew,25020582,09 Aug 2024,OVERDUE,
INV02236,PRJ00854,SoundWave Post NG,Post-Production,10484239,2025-07-25,Overdue,
INV07222,PRJ02329,Naija Faces Casting,Talent,15854066,27/06/2025,Paid,
INV05754,PRJ00384,REDLINE CAMERA RENTALS,Equipment Rental,26960207,04-11-2021,Pending,
INV07806,PRJ03865,Chop Life Catering,Catering,24814263,22/05/2025,Disputed,
INV01429,PRJ00913,Stagehand Talent Agency,Talent,9507099,16 Sep 2023,Paid,
INV09121,PRJ01431,SoundWave Post NG,Post-Production,51175,16/01/2024,disputed,
INV04884,PRJ01317,redline camera rentals,Equipment Rental,11531845,2025-02-27,Pd,
INV00082,PRJ00571,Reel Edit Studios,Post-Production,2757637,17 Dec 2023,OVERDUE,
INV09081,PRJ00068,CHOP LIFE CATERING,Catering,39791063,07 Apr 2024,Paid,
INV06847,PRJ01775,OnDeck Production Staffing,Crew,1174241,05-06-2025,disputed,
INV08366,PRJ02739,Crew Connect NG,Crew,16651046,26 Aug 2021,Pending,
INV06880,PRJ00534,Naija Faces Casting,Talent,25248398,2021-01-15,pending,
INV02993,PRJ03062,Redline Camera Rentals,Equipment Rental,27872329,10/03/2024,disputed,
INV09703,PRJ01078,SoundWave Post NG,Post-Production,482704,25/09/2025,paid,
INV05283,PRJ03351,Lagos Grip & Lighting,Equipment Rental,9539453,24/01/2021,disputed,
INV04828,PRJ03241,Mama Bisi Kitchen Services,Catering,10849850,26 Dec 2023,Pending,
INV00124,PRJ00073,OnSet Meals NG,Catering,44266016,11-05-2021,Pd,
INV04700,PRJ02815,ColourGrade Lagos,Post-Production,11049866,15/09/2023,paid,
INV01524,PRJ02451,Frame & Focus Equipment,Equipment Rental,21753839,22/07/2024,Paid,
INV02970,PRJ03685,OnDeck Production Staffing,Crew,17087909,25 Jan 2022,paid,
INV06769,PRJ01764,Stagehand Talent Agency,Talent,6820941,17/12/2021,Disputed,
INV07244,PRJ00842,Lagos Grip & Lighting Co,Equipment Rental,74149175,27 Sep 2025,OVERDUE,
INV00763,PRJ01777,Naija Faces Casting,Talent,8611741,06/03/2023,Pd,
INV05939,PRJ03874,Chop Life Catering,Catering,16216113,09-12-2025,Overdue,
INV01618,PRJ00538,FRAME & FOCUS EQUIPMENT,Equipment Rental,27875156,04/12/2021,OVERDUE,
INV08860,PRJ02071,reel edit studios,Post-Production,18856499,12 Jan 2023,Overdue,
INV07415,PRJ00081,coastline property services,Location,43392171,2024-11-24,Disputed,
INV07374,PRJ01769,CREW CONNECT NG,Crew,41596924,24-10-2023,PAID,
INV01882,PRJ01151,Crew Connect NG,Crew,303551,01 Mar 2022,OVERDUE,
INV00130,PRJ03539,LAGOS GRIP & LIGHTING CO,Equipment Rental,21206147,04/09/2024,Overdue,
INV00715,PRJ03725,Reel Edit Studios,Post-Production,2415720,18 Feb 2021,paid,
INV04707,PRJ03194,ProGear Nigeria,Equipment Rental,16770226,2023-06-16,paid,
INV05868,PRJ02715,ONSET MEALS NG,Catering,25050449,10/01/2021,disputed,
INV03769,PRJ00879,Naija Locations Ltd,Location,3154285,03-04-2025,Pd,
INV08862,PRJ00526,OnSet Meals NG,Catering,39325519,05/10/2022,OVERDUE,
INV01125,PRJ02050,OnDeck Production Staffing,Crew,26215195,07/06/2025,disputed,
INV00969,PRJ02063,OnDeck Production Staffing,Crew,8172483,04-08-2022,Overdue,
INV01154,PRJ00204,Coastline Property Services,Location,2429056,22/12/2021,Pd,
INV06328,PRJ03676,naija locations ltd,Location,9482269,01 Jun 2022,Disputed,
INV06684,PRJ01980,naija faces casting,Talent,2663304,03/07/2022,PAID,
INV00003,PRJ03827,Lagos Grip & Lighting Co,Equipment Rental,37148983,14 Jun 2024,Overdue,
INV01378,PRJ00662,Frame & Focus Equipment,Equipment Rental,2346772,10 Apr 2025,disputed,
INV01588,PRJ02731,Frame & Focus Equipment,Equipment Rental,19009932,2021-10-12,Paid,
INV08098,PRJ02466,Chop Life Catering,Catering,346993,24/09/2022,Pending,
INV05739,PRJ01458,MAMA BISI KITCHEN SERVICES,Catering,59322405,26/08/2022,Paid,
INV09013,PRJ02183,ColourGrade Lagos,Post-Production,"NGN 14,502,399",2022-11-21,OVERDUE,
INV07203,PRJ03051,Naija Locations Ltd,Location,5704368,20/02/2021,disputed,
INV03378,PRJ00352,MAMA BISI KITCHEN SERVICES,Catering,12662080,15/03/2023,PAID,
INV07207,PRJ03239,Crew Connect NG,Crew,6247001,2025-10-20,paid,
INV04970,PRJ03853,Naija Faces Casting,Talent,59630274,03 Oct 2021,Overdue,
INV07306,PRJ03345,OnDeck Production Staffing,Crew,24914862,2023-05-04,Disputed,
INV04727,PRJ00099,Redline Camera Rentals,Equipment Rental,37642458,11 Sep 2022,PAID,
INV00097,PRJ03727,soundwave post ng,Post-Production,7632039,01/03/2025,paid,
INV09260,PRJ01288,OnDeck Production Staffing,Crew,957547,2023-04-17,Pending,
INV06415,PRJ00604,Lagos Grip & Lighting Co,Equipment Rental,2799395,01/07/2023,Pending,
INV03757,PRJ03555,NAIJA FACES CASTING,Talent,7763540,06 Jul 2023,Overdue,
INV00883,PRJ03064,NAIJA LOCATIONS LTD,Location,11529069,2022-09-20,paid,
INV06189,PRJ00799,NAIJA LOCATIONS LTD,Location,7306274,19/07/2022,Pd,
INV03636,PRJ00628,OnDeck Production Staffing,Crew,52968912,01-09-2025,PAID,
INV03020,PRJ00956,COASTLINE PROPERTY SERVICES,Location,15675585,2021-10-17,paid,
INV06973,PRJ03312,Redline Camera Rentals,Equipment Rental,31299611,18/04/2022,PAID,
INV03632,PRJ01729,Urban Set Scouts,Location,25184302,2024-09-16,Pending,
INV04847,PRJ02854,Chop Life Catering,Catering,20355901,11 Apr 2022,OVERDUE,
INV06227,PRJ01574,redline camera rentals,Equipment Rental,1316966,19-08-2023,OVERDUE,
INV06614,PRJ03530,STAGEHAND TALENT AGENCY,Talent,1727188,2023-08-23,Pd,
INV05355,PRJ03714,Lagos Grip & Lighting Co,Equipment Rental,34108549,24/10/2022,pending,
INV04576,PRJ02960,naija locations ltd,Location,71325914,26 Jan 2022,disputed,
INV02041,PRJ01598,Redline Camera Rentals,Equipment Rental,42762887,07-03-2025,Overdue,
INV06565,PRJ00332,Crew Connect NG,Crew,249871,2022-07-28,Disputed,
INV05022,PRJ02740,Crew Connect NG,Crew,36665372,2021-04-15,Disputed,
INV06366,PRJ02166,Naija Locations Ltd,Location,2630236,04/09/2023,Pending,
INV08108,PRJ00700,OnSet Meals NG,Catering,16988368,26 Jul 2023,paid,
INV01624,PRJ03969,Reel Edit Studios,Post-Production,30111345,05-04-2023,Paid,
INV08808,PRJ03468,redline camera rentals,Equipment Rental,8807799,2025-12-02,paid,
INV08044,PRJ03784,Urban Set Scouts,Location,530318,2021-06-20,OVERDUE,
INV03263,PRJ00447,Crew Connect NG,Crew,5928549,08-03-2023,Overdue,
INV07360,PRJ01782,OnDeck Production Staffing,Crew,6620001,08-06-2022,disputed,
INV07159,PRJ02546,Frame & Focus Equipment,Equipment Rental,56346307,2021-08-20,PAID,
INV05245,PRJ03869,SoundWave Post NG,Post-Production,1705263,22-01-2025,Paid,
INV03392,PRJ02828,ColourGrade Lagos,Post-Production,11776419,06-10-2025,Pd,
INV04092,PRJ00281,naija locations ltd,Location,1062543,16 Nov 2022,Disputed,
INV09710,PRJ01862,OnSet Meals NG,Catering,7337959,03-06-2025,OVERDUE,
INV02334,PRJ00487,NAIJA LOCATIONS LTD,Location,40327413,2024-04-26,disputed,
INV00471,PRJ01372,ONDECK PRODUCTION STAFFING,Crew,29683857,2022-11-05,Pending,
INV01286,PRJ00855,NAIJA LOCATIONS LTD,Location,16345205,22 Jan 2025,pending,
INV08089,PRJ01940,Mama Bisi Kitchen Services,Catering,9206361,2024-08-16,Pending,
INV01554,PRJ01415,Stagehand Talent Agency,Talent,4126905,16-12-2022,Pd,
INV05273,PRJ02277,Mama Bisi Kitchen Services,Catering,16264292,04 Jul 2021,Overdue,
INV04309,PRJ02011,Mama Bisi Kitchen Services,Catering,53393013,20 Apr 2022,PAID,
INV09189,PRJ02463,Naija Faces Casting,Talent,15049004,07-01-2021,disputed,
INV06052,PRJ00138,ProGear,Equipment Rental,7186278,2021-09-02,Pd,
INV09325,PRJ00676,ONSET MEALS NG,Catering,18349881,2024-09-03,OVERDUE,
INV03290,PRJ00006,Stagehand Talent Agency,Talent,35704658,16 Jan 2021,Pending,
INV00213,PRJ01882,STAGEHAND TALENT AGENCY,Talent,15329951,2025-11-23,Disputed,
INV00392,PRJ03915,Naija Locations Ltd,Location,6419827,03/11/2023,Pd,
INV00551,PRJ00433,onset meals ng,Catering,28268235,20/03/2022,disputed,
INV06946,PRJ01829,SoundWave Post NG,Post-Production,75999824,10-01-2024,OVERDUE,
INV04294,PRJ02230,Stagehand Talent Agency,Talent,22627788,05 Apr 2022,paid,
INV09697,PRJ00416,ColourGrade Lagos,Post-Production,603739,05/09/2022,paid,
INV09002,PRJ03677,OnDeck Production Staffing,Crew,7982591,23-10-2023,PAID,
INV02940,PRJ00169,Naija Locations Ltd,Location,7137944,2023-12-28,paid,
INV07988,PRJ02635,ColourGrade Lagos,Post-Production,14047247,16/04/2025,Disputed,
INV01887,PRJ00623,OnDeck Production Staffing,Crew,35476710,09 Mar 2024,disputed,
INV08029,PRJ01277,Lagos Grip & Lighting Co,Equipment Rental,1207820,17/03/2022,Paid,
INV08234,PRJ01902,OnSet Meals NG,Catering,1441287,2023-02-08,paid,
INV06994,PRJ00670,Coastline Property Services,Location,961358,23 Dec 2025,pending,
INV06173,PRJ02488,soundwave post ng,Post-Production,10604927,28-04-2023,disputed,
INV04975,PRJ00539,Coastline Property Services,Location,6363785,22/01/2025,disputed,
INV00532,PRJ03738,OnSet Meals NG,Catering,25701970,16 Jan 2025,Disputed,
INV06882,PRJ00534,Naija Faces Casting,Talent,11262443,09-12-2023,Pd,
INV07046,PRJ03178,Naija Faces Casting,Talent,"NGN 19,375,768",04-05-2021,Overdue,
INV02150,PRJ03680,Reel Edit Studios,Post-Production,20256438,03 May 2025,Paid,
INV06351,PRJ03549,SoundWave Post NG,Post-Production,17171403,13/02/2023,Overdue,
INV06827,PRJ01011,Urban Set Scouts,Location,30235057,08-10-2023,pending,
INV08248,PRJ01346,Crew Connect NG,Crew,32080804,16 Jul 2021,OVERDUE,
INV08937,PRJ01330,CHOP LIFE CATERING,Catering,20950407,2023-02-25,disputed,
INV01446,PRJ03077,Urban Set Scouts,Location,30932321,04 Apr 2024,paid,
INV04615,PRJ01986,NAIJA FACES CASTING,Talent,5297628,14-02-2024,disputed,
INV04713,PRJ02894,STAGEHAND TALENT AGENCY,Talent,25518267,23-08-2023,PAID,
INV04692,PRJ01851,Frame & Focus Equipment,Equipment Rental,46573364,07-03-2023,Paid,
INV02606,PRJ02227,Mama Bisi Kitchen Services,Catering,4091724,2024-09-23,pending,
INV03767,PRJ00107,Naija Locations Ltd,Location,58225731,03-01-2025,PAID,
INV02271,PRJ00123,Stagehand Talent Agency,Talent,25654604,05/09/2025,paid,
INV06281,PRJ03058,OnSet Meals NG,Catering,544790,05-02-2022,PAID,
INV08865,PRJ00260,Naija Faces Casting,Talent,5975136,2025-09-13,Paid,
INV02323,PRJ02141,ProGear Nigeria,Equipment Rental,17638500,26/01/2022,Paid,
INV06998,PRJ02945,Naija Faces Casting,Talent,12787405,24-02-2022,OVERDUE,
INV03495,PRJ02599,Chop Life Catering,Catering,21409568,08-01-2023,PAID,
INV03862,PRJ02385,Coastline Property Services,Location,3938408,14/01/2022,paid,
INV01854,PRJ03235,OnSet Meals NG,Catering,12039595,28-07-2024,pending,
INV00723,PRJ01647,OnSet Meals NG,Catering,23376668,01/12/2021,disputed,
INV01754,PRJ02962,ProGear Nigeria,Equipment Rental,13718492,27-10-2024,Pd,
INV02007,PRJ03431,SOUNDWAVE POST NG,Post-Production,36992428,14-09-2025,Pending,
INV03345,PRJ03842,SoundWave Post NG,Post-Production,35540886,04-01-2022,Pending,
INV04869,PRJ00678,NAIJA LOCATIONS LTD,Location,4117570,16-08-2022,Pd,
INV07366,PRJ03993,Stagehand Talent Agency,Talent,713789,08/11/2022,disputed,
INV01837,PRJ01830,Chop Life Catering,Catering,78130,28-11-2021,pending,
INV09586,PRJ00972,coastline property services,Location,19644458,10/04/2025,Pending,
INV01824,PRJ03236,Reel Edit Studios,Post-Production,3218487,06-11-2023,Paid,
INV04635,PRJ02598,Urban Set Scouts,Location,23386652,2024-10-17,Pending,
INV09043,PRJ03758,Lagos Grip & Lighting Co,Equipment Rental,13681913,03 Feb 2024,Paid,
INV00428,PRJ03618,OnDeck Production Staffing,Crew,17023745,03 Jul 2022,paid,
INV07348,PRJ02339,ColourGrade Lagos,Post-Production,35878025,01 Dec 2021,pending,
INV04247,PRJ00969,Naija Locations Ltd,Location,37155857,23-12-2023,PAID,
INV04315,PRJ02914,Crew Connect NG,Crew,"NGN 8,166,744",2023-10-24,disputed,
INV01848,PRJ00156,FRAME & FOCUS EQUIPMENT,Equipment Rental,"NGN 3,726,659",11-10-2025,Pending,
INV04169,PRJ03700,OnSet Meals NG,Catering,7790830,22-07-2022,Disputed,
INV04287,PRJ00477,Crew Connect NG,Crew,"NGN 1,393,856",2023-04-14,Disputed,
INV02201,PRJ01057,Urban Set Scouts,Location,15647786,03/06/2025,pending,
INV03878,PRJ03919,Naija Locations Ltd,Location,4210468,28 Jun 2022,PAID,
INV04802,PRJ03574,Crew Connect NG,Crew,27475831,16 Jun 2021,Overdue,
INV09532,PRJ02994,Crew Connect NG,Crew,37893942,08-10-2024,disputed,
INV00593,PRJ00492,Crew Connect NG,Crew,8505430,10/11/2022,Pending,
INV05284,PRJ03351,REDLINE CAMERA RENTALS,Equipment Rental,13700780,2025-07-13,Overdue,
INV00348,PRJ01023,OnSet Meals NG,Catering,4621206,28 Jun 2024,PAID,
INV09246,PRJ01353,STAGEHAND TALENT AGENCY,Talent,41285140,07-07-2024,Pending,
INV01584,PRJ01707,Stagehand Talent Agency,Talent,38299018,24/04/2025,OVERDUE,
INV03615,PRJ01074,Coastline Property Services,Location,89202,2024-04-11,paid,
INV03361,PRJ03598,Urban Set Scouts,Location,911646,16-04-2021,Pending,
INV01794,PRJ00387,Stagehand Talent Agency,Talent,32807974,21 Dec 2025,PAID,
INV04724,PRJ03477,NAIJA FACES CASTING,Talent,347935,06 Jan 2021,disputed,
INV07116,PRJ03319,Redline Camera Rentals,Equipment Rental,39578483,08/06/2023,paid,
INV00096,PRJ03727,Frame & Focus Equipment,Equipment Rental,3248706,20-09-2025,Disputed,
INV05125,PRJ00412,Naija Faces Casting,Talent,17985374,18-10-2024,Disputed,
INV05401,PRJ03890,Stagehand Talent Agency,Talent,31508594,2022-04-27,pending,
INV02490,PRJ03619,Stagehand Talent Agency,Talent,3606452,09-04-2025,disputed,
INV07226,PRJ02304,Urban Set Scouts,Location,11066839,02-12-2021,Pending,
INV01590,PRJ00469,Coastline Property Services,Location,5894080,02/04/2023,Disputed,
INV04439,PRJ02560,Redline Camera Rentals,Equipment Rental,46212569,2022-01-17,paid,
INV07028,PRJ01371,crew connect ng,Crew,33862191,2024-06-17,OVERDUE,
INV07655,PRJ02926,SoundWave Post NG,Post-Production,7698137,2024-04-18,Overdue,
INV05664,PRJ01745,SoundWave Post NG,Post-Production,"NGN 16,832,612",03 Oct 2025,OVERDUE,
INV06221,PRJ03720,Crew Connect NG,Crew,13097065,12-10-2022,Disputed,
INV01692,PRJ01345,Chop Life Catering,Catering,2181444,03/05/2022,pending,
INV08205,PRJ00020,OnSet Meals,Catering,17546191,07-04-2024,pending,
INV05315,PRJ03654,OnDeck Production Staffing,Crew,2956775,20 Jan 2025,PAID,
INV04210,PRJ00652,Frame & Focus Equipment,Equipment Rental,56357628,24-08-2025,paid,
INV01039,PRJ02697,Reel Edit Studios,Post-Production,7646882,02-07-2025,Pd,
INV08930,PRJ02046,Stagehand Talent Agency,Talent,24104726,2023-12-15,Paid,
INV06856,PRJ02733,ONSET MEALS NG,Catering,45992161,15-06-2025,PAID,
INV02093,PRJ00137,Mama Bisi Kitchen Services,Catering,5855491,10-09-2024,Overdue,
INV03193,PRJ02541,Chop Life Catering,Catering,18147820,15/01/2024,Overdue,
INV05956,PRJ02392,Crew Connect NG,Crew,140192,16 Jul 2025,Paid,
INV00120,PRJ02411,NAIJA FACES CASTING,Talent,7697966,13-06-2024,disputed,
INV01373,PRJ03297,Urban Set Scouts,Location,12588578,08 Mar 2022,Disputed,
INV06876,PRJ03765,ProGear Nigeria,Equipment Rental,46569922,19-05-2025,Pd,
INV08731,PRJ02034,Stagehand Talent Agency,Talent,5545365,17 Jul 2025,Paid,
INV05891,PRJ02971,Crew Connect NG,Crew,10321098,26/01/2022,disputed,
INV08222,PRJ01582,Reel Edit Studios,Post-Production,8126665,17/07/2022,Disputed,
INV04853,PRJ01542,Stagehand Talent Agency,Talent,9566954,2021-10-10,Overdue,
INV06868,PRJ00328,OnDeck Production Staffing,Crew,256278,14/01/2024,PAID,
INV09559,PRJ00409,Crew Connect NG,Crew,7044711,2021-06-26,pending,
INV00363,PRJ03245,ProGear Nigeria,Equipment Rental,18939868,2022-12-09,Overdue,
INV07070,PRJ00117,SoundWave Post NG,Post-Production,55914619,2023-03-15,PAID,
INV04919,PRJ03948,Urban Set Scouts,Location,14150391,2021-09-08,Overdue,
INV00615,PRJ00649,ProGear Nigeria,Equipment Rental,6697633,08-01-2021,disputed,
INV03545,PRJ00878,Naija Faces Casting,Talent,14354560,15/01/2024,OVERDUE,
INV08531,PRJ00199,Redline Camera Rentals,Equipment Rental,2496719,09/06/2025,Pending,
INV00505,PRJ02877,OnDeck Production Staffing,Crew,16460808,2024-07-02,OVERDUE,
INV04308,PRJ00153,Crew Connect NG,Crew,28924079,16 May 2022,Disputed,
INV04039,PRJ02051,Reel Edit Studios,Post-Production,16754835,2022-05-14,Disputed,
INV06041,PRJ01963,OnDeck Production Staffing,Crew,19696838,2024-07-23,paid,
INV05454,PRJ02358,Naija Faces Casting,Talent,4657375,11/02/2024,pending,
INV02936,PRJ00361,Mama Bisi Kitchen Services,Catering,6774296,24 Feb 2022,Disputed,
INV04452,PRJ02584,SoundWave Post NG,Post-Production,23976556,2023-02-17,paid,
INV07829,PRJ01840,SoundWave Post NG,Post-Production,1298896,03/06/2025,disputed,
INV00848,PRJ01204,Frame & Focus Equipment,Equipment Rental,8608603,24/01/2024,PAID,
INV03113,PRJ02499,Reel Edit Studios,Post-Production,10833848,2025-09-06,Pd,
INV05342,PRJ03249,Redline Camera Rentals,Equipment Rental,19434808,08/03/2023,pending,
INV06848,PRJ01775,stagehand talent agency,Talent,57186197,10-11-2021,disputed,
INV08131,PRJ00658,stagehand talent agency,Talent,47202789,2021-07-05,Pd,
INV02659,PRJ01161,Coastline Property Services,Location,15822937,04 Jul 2021,Pd,
INV02720,PRJ01193,ColourGrade Lagos,Post-Production,21350596,15/03/2024,Paid,
INV06679,PRJ01980,SoundWave Post NG,Post-Production,6899952,07 Oct 2022,Disputed,
INV03569,PRJ02785,Stagehand Talent Agency,Talent,23701346,2021-02-20,pending,
INV03713,PRJ01116,Crew Connect NG,Crew,17520662,17/09/2023,Disputed,
INV02314,PRJ00248,Crew Connect NG,Crew,2384798,12 Jan 2022,pending,
INV09551,PRJ00397,MAMA BISI KITCHEN SERVICES,Catering,19101732,24-03-2023,paid,
INV05584,PRJ01592,Crew Connect NG,Crew,14364764,04 Dec 2025,Pd,
INV08562,PRJ02797,Reel Edit Studios,Post-Production,28448293,22/01/2022,PAID,
INV03479,PRJ01912,Stagehand Talent Agency,Talent,551671,2024-05-14,disputed,
INV07766,PRJ00320,Frame & Focus Equipment,Equipment Rental,11599890,02/04/2024,Paid,
INV02632,PRJ00443,Crew Connect NG,Crew,3246928,25 Jul 2023,Paid,
INV09561,PRJ00409,PROGEAR NIGERIA,Equipment Rental,2171053,2025-10-27,Disputed,
INV01454,PRJ02306,ProGear,Equipment Rental,6476875,26-04-2024,Pd,
INV01990,PRJ01926,OnSet Meals NG,Catering,21412823,10 Feb 2021,Disputed,
INV01835,PRJ01830,Naija Locations Ltd,Location,1823155,23/07/2022,Pd,
INV06744,PRJ00292,OnDeck Production Staffing,Crew,20052995,28-02-2024,paid,
INV02725,PRJ00415,Urban Set Scouts,Location,38314217,24/03/2021,pending,
INV01287,PRJ00855,Mama Bisi Kitchen Services,Catering,40891109,25 May 2023,Overdue,
INV03538,PRJ00239,redline camera rentals,Equipment Rental,19281974,20 Feb 2024,OVERDUE,
INV01575,PRJ00702,Naija Faces Casting,Talent,1380977,18-05-2023,disputed,
INV07795,PRJ02692,Naija Faces Casting,Talent,15287449,2023-10-05,Overdue,
INV05644,PRJ01634,OnSet Meals NG,Catering,2198758,03 Apr 2025,Pd,
INV09389,PRJ00663,Redline Camera Rentals,Equipment Rental,20888932,2025-11-01,PAID,
INV06755,PRJ01411,Reel Edit Studios,Post-Production,"NGN 20,677,163",03/05/2023,Paid,
INV07476,PRJ03423,ColourGrade Lagos,Post-Production,18233103,09 Feb 2024,Pending,
INV03490,PRJ03476,Coastline Property Services,Location,"NGN 3,404,417",11/01/2025,disputed,
INV00936,PRJ03125,ProGear Nigeria,Equipment Rental,2121688,16-01-2023,OVERDUE,
INV03032,PRJ01676,Urban Set Scouts,Location,5515101,19-07-2025,Disputed,
INV04683,PRJ01448,Crew Connect NG,Crew,11493178,22/08/2023,Paid,
INV05281,PRJ03351,Naija Faces Casting,Talent,14597736,2024-01-14,PAID,
INV04422,PRJ02896,Coastline Property Services,Location,35254102,2021-10-15,Paid,
INV07508,PRJ01058,Naija Locations Ltd,Location,19275234,25/05/2021,Pd,
INV00650,PRJ03300,Crew Connect NG,Crew,4818989,07 Jun 2024,Pd,
INV04346,PRJ02201,Crew Connect NG,Crew,17386252,16-09-2022,disputed,
INV03816,PRJ02940,Redline Camera Rentals,Equipment Rental,20336168,06/01/2025,Paid,
INV06475,PRJ01975,Stagehand Talent Agency,Talent,14073846,12/01/2025,Disputed,
INV02014,PRJ03807,Chop Life Catering,Catering,18918045,04-03-2025,pending,
INV01528,PRJ01788,Naija Locations Ltd,Location,33220516,03-01-2025,Pending,
INV04460,PRJ00372,Reel Edit Studios,Post-Production,55930554,10/03/2023,pending,
INV00217,PRJ02683,ColourGrade Lagos,Post-Production,24467348,2021-11-27,Pending,
INV05485,PRJ01808,Redline Camera Rentals,Equipment Rental,5205960,07-01-2023,Pd,
INV05286,PRJ00051,OnSet Meals NG,Catering,19298601,02-08-2023,OVERDUE,
INV06389,PRJ01089,SoundWave Post,Post-Production,16392348,2021-03-11,Pd,
INV07074,PRJ01866,Chop Life Catering,Catering,12882782,22/06/2025,Overdue,
INV05631,PRJ03736,Urban Set Scouts,Location,21330912,2022-08-20,pending,
INV02377,PRJ02090,stagehand talent agency,Talent,30333583,2022-04-24,Pending,
INV08590,PRJ01761,Naija Faces Casting,Talent,3910485,2024-04-12,PAID,
INV01252,PRJ00355,COASTLINE PROPERTY SERVICES,Location,685203,16/05/2025,Disputed,
INV05345,PRJ01756,Crew Connect NG,Crew,18943679,12/07/2023,pending,
INV07465,PRJ02016,lagos grip & lighting co,Equipment Rental,"NGN 9,162,357",11 Jun 2022,pending,
INV05817,PRJ00704,STAGEHAND TALENT AGENCY,Talent,4702725,2022-11-07,pending,
INV06279,PRJ03726,SOUNDWAVE POST NG,Post-Production,18341098,09 Jun 2022,Overdue,
INV03955,PRJ01280,MAMA BISI KITCHEN SERVICES,Catering,40677541,16/01/2025,pending,
INV02627,PRJ00930,OnSet Meals NG,Catering,23143844,2024-05-28,disputed,
INV07744,PRJ02436,ColourGrade Lagos,Post-Production,3256668,07/03/2024,Disputed,
INV02038,PRJ03612,OnDeck Production Staffing,Crew,15401200,03/05/2023,PAID,
INV00827,PRJ00048,ONSET MEALS NG,Catering,6008931,14/12/2021,Pending,
INV00141,PRJ03863,Naija Faces Casting,Talent,20566779,2022-08-23,OVERDUE,
INV09213,PRJ02429,Frame & Focus Equipment,Equipment Rental,4916945,2021-11-15,disputed,
INV07993,PRJ03397,Crew Connect NG,Crew,8850292,04 Jul 2021,Paid,
INV02657,PRJ01518,LAGOS GRIP & LIGHTING CO,Equipment Rental,3170379,2023-12-27,Disputed,
INV08686,PRJ01247,Stagehand Talent Agency,Talent,6224740,19 Aug 2021,Paid,
INV00137,PRJ03811,FRAME & FOCUS EQUIPMENT,Equipment Rental,12361846,05/12/2022,Disputed,
INV09774,PRJ08888,Crew Connect NG,Crew,1286540,04-02-2022,PAID,
INV07619,PRJ00939,Chop Life Catering,Catering,4472668,14-03-2024,Paid,
INV05251,PRJ03554,Chop Life Catering,Catering,6292361,19/12/2024,OVERDUE,
INV07023,PRJ02041,OnSet Meals NG,Catering,21979370,04 Aug 2021,Pending,
INV06265,PRJ02445,mama bisi kitchen services,Catering,32463922,2023-02-26,PAID,
INV05048,PRJ01721,Chop Life Catering,Catering,27475893,02-07-2021,pending,
INV08160,PRJ01696,Lagos Grip & Lighting Co,Equipment Rental,1139042,2025-01-01,PAID,
INV08602,PRJ01501,OnSet Meals NG,Catering,9098668,25-11-2022,paid,
INV01222,PRJ01144,Stagehand Talent Agency,Talent,12580222,07-04-2024,Pending,
INV03029,PRJ01084,Coastline Property Services,Location,16391865,2021-01-03,Paid,
INV09555,PRJ03770,Urban Set Scouts,Location,633026,18 Sep 2023,disputed,
INV00585,PRJ00931,ColourGrade Lagos,Post-Production,21030584,02-07-2025,Disputed,
INV02198,PRJ01057,Urban Set Scouts,Location,"NGN 18,047,132",2024-11-06,Pending,
INV09436,PRJ00964,stagehand talent agency,Talent,2803148,26 Jan 2025,Pd,
INV08816,PRJ01744,Mama Bisi Kitchen Services,Catering,40361492,28/07/2024,Pending,
INV01532,PRJ02563,Naija Faces Casting,Talent,11467220,15 Jan 2023,Disputed,
INV08103,PRJ00917,Crew Connect NG,Crew,3845123,07/01/2025,Paid,
INV01184,PRJ00036,stagehand talent agency,Talent,362804,22/11/2021,Overdue,
INV04200,PRJ01374,REEL EDIT STUDIOS,Post-Production,19023239,2021-07-23,Pd,
INV02864,PRJ00831,Stagehand Talent Agency,Talent,9686748,25-10-2024,pending,
INV04710,PRJ03194,Crew Connect NG,Crew,21854313,10 Sep 2023,Disputed,
INV03169,PRJ02223,STAGEHAND TALENT AGENCY,Talent,4769467,16/08/2022,pending,
INV01873,PRJ00226,Crew Connect NG,Crew,3317033,01-03-2023,disputed,
INV04517,PRJ00962,URBAN SET SCOUTS,Location,31163631,17-03-2024,OVERDUE,
INV05204,PRJ03580,Stagehand Talent Agency,Talent,3529629,2024-03-18,Overdue,
INV03167,PRJ02223,Stagehand Talent Agency,Talent,2842110,24-11-2021,paid,
INV05800,PRJ02014,OnSet Meals NG,Catering,6107135,25 Jun 2021,Pd,
INV07684,PRJ01094,ProGear Nigeria,Equipment Rental,54255620,27/01/2023,Overdue,
INV06430,PRJ02717,Urban Set Scouts,Location,36824976,11-11-2023,paid,
INV09441,PRJ03534,Mama Bisi Kitchen Services,Catering,18740986,2023-08-28,pending,
INV02316,PRJ00248,Naija Faces Casting,Talent,28162466,01 Apr 2024,Pd,
INV00807,PRJ01768,ONDECK PRODUCTION STAFFING,Crew,4709407,26 May 2025,Overdue,
INV07281,PRJ03306,Naija Faces Casting,Talent,7207921,05/02/2022,Overdue,
INV09505,PRJ03470,Naija Faces Casting,Talent,56288840,2022-01-16,Paid,
INV09407,PRJ03498,OnDeck Production Staffing,Crew,6175161,02 Apr 2023,Paid,
INV08894,PRJ00521,URBAN SET SCOUTS,Location,11590824,25 Jun 2024,Disputed,
INV07606,PRJ01818,Crew Connect NG,Crew,"NGN 6,945,110",17 Jun 2021,paid,
INV04854,PRJ01542,Stagehand Talent Agency,Talent,9995974,03-01-2024,Overdue,
INV02950,PRJ02054,urban set scouts,Location,20181715,12 Aug 2024,OVERDUE,
INV07572,PRJ02539,Coastline Property Services,Location,9808922,08 Mar 2024,Pd,
INV00812,PRJ02019,Lagos Grip & Lighting Co,Equipment Rental,22859239,19 Mar 2025,PAID,
INV04974,PRJ00539,chop life catering,Catering,32379811,08/10/2022,pending,
INV07614,PRJ02685,OnSet Meals NG,Catering,34354385,10-12-2024,disputed,
INV02895,PRJ02196,Redline Camera Rentals,Equipment Rental,2297869,06/05/2024,Overdue,
INV05095,PRJ01900,Coastline Property Services,Location,17921178,20 May 2022,disputed,
INV08001,PRJ02136,SoundWave Post NG,Post-Production,9065578,16/07/2023,Pd,
INV01885,PRJ00623,STAGEHAND TALENT AGENCY,Talent,10454081,25 Mar 2023,Pd,
INV02268,PRJ03548,crew connect ng,Crew,35445816,12-05-2023,Paid,
INV00425,PRJ03932,Mama Bisi Kitchen Services,Catering,21383716,13-06-2023,Disputed,
INV01293,PRJ00688,coastline property services,Location,7509187,2025-10-10,disputed,
INV09069,PRJ00176,NAIJA FACES CASTING,Talent,8265170,10 Jan 2024,pending,
INV01686,PRJ03427,Frame & Focus Equipment,Equipment Rental,13936198,04/01/2022,paid,
INV04152,PRJ03268,URBAN SET SCOUTS,Location,2669519,2025-08-14,OVERDUE,
INV04360,PRJ01003,ONDECK PRODUCTION STAFFING,Crew,7083874,2021-12-20,OVERDUE,
INV08083,PRJ03569,Coastline Property Services,Location,9233868,10-06-2025,Disputed,
INV03934,PRJ01010,Stagehand Talent Agency,Talent,6487711,16 May 2024,Pending,
INV06481,PRJ02580,Naija Locations Ltd,Location,"NGN 7,381,941",26/05/2024,Paid,
INV08047,PRJ01461,SOUNDWAVE POST NG,Post-Production,15295343,11-03-2022,Overdue,
INV06803,PRJ02555,SoundWave Post,Post-Production,24318848,08 Nov 2024,Pd,
INV08551,PRJ03261,Urban Set Scouts,Location,5906697,28/09/2023,Pending,
INV02210,PRJ01897,Reel Edit Studios,Post-Production,31143792,2023-08-19,paid,
INV00418,PRJ00769,OnDeck Production Staffing,Crew,4192836,01-08-2021,Pd,
INV06525,PRJ03694,Naija Locations Ltd,Location,36262662,18-05-2025,Disputed,
INV04672,PRJ01994,Stagehand Talent Agency,Talent,20290022,2023-07-11,OVERDUE,
INV03631,PRJ01729,Urban Set Scouts,Location,7012920,10-06-2022,Paid,
INV02444,PRJ03945,Urban Set Scouts,Location,12534551,26/05/2024,OVERDUE,
INV00034,PRJ00664,Coastline Property Services,Location,691666,01-07-2021,Overdue,
INV09292,PRJ01105,Lagos Grip & Lighting Co,Equipment Rental,19530978,2025-10-14,disputed,
INV04421,PRJ02896,MAMA BISI KITCHEN SERVICES,Catering,31877092,03-11-2022,Paid,
INV04979,PRJ02706,CHOP LIFE CATERING,Catering,4823194,02 Aug 2022,pending,
INV04600,PRJ03331,Chop Life Catering,Catering,38661127,2024-04-09,Overdue,
INV07989,PRJ02635,Coastline Property Services,Location,23195954,2022-12-12,disputed,
INV07260,PRJ00010,CHOP LIFE CATERING,Catering,12001757,01 May 2021,PAID,
INV06159,PRJ01065,Coastline Property Services,Location,18499927,27/05/2021,paid,
INV06849,PRJ01775,Crew Connect NG,Crew,20415691,26 Nov 2025,Pending,
INV04719,PRJ03724,SoundWave Post,Post-Production,20975144,2023-11-28,Disputed,
INV04866,PRJ00678,Lagos Grip & Lighting Co,Equipment Rental,49622004,02 Oct 2021,Disputed,
INV07997,PRJ00527,Stagehand Talent Agency,Talent,20714027,28/01/2023,PAID,
INV06789,PRJ03276,OnSet Meals NG,Catering,23815347,23 May 2025,Paid,
INV02525,PRJ02242,Reel Edit Studios,Post-Production,46436579,26-08-2021,disputed,
INV03402,PRJ01620,Reel Edit Studios,Post-Production,13767346,2025-05-02,Overdue,
INV03212,PRJ00825,Reel Edit Studios,Post-Production,17170387,2023-07-08,paid,
INV01677,PRJ03177,Stagehand Talent Agency,Talent,16534594,11 Nov 2022,OVERDUE,
INV08841,PRJ02523,CREW CONNECT NG,Crew,15005694,18 Jul 2025,disputed,
INV02231,PRJ02696,OnSet Meals NG,Catering,3178326,22-09-2024,Overdue,
INV00320,PRJ02317,Reel Edit Studios,Post-Production,16590677,2023-09-28,Overdue,
INV04447,PRJ00126,Coastline Property Services,Location,21837872,05-12-2022,paid,
INV01108,PRJ02838,colourgrade lagos,Post-Production,4676928,2022-04-14,paid,
INV03474,PRJ02212,ColourGrade Lagos,Post-Production,27606747,19-03-2025,Overdue,
INV01101,PRJ01946,Crew Connect NG,Crew,"NGN 4,434,441",28 Oct 2024,Pd,
INV01808,PRJ02720,Stagehand Talent Agency,Talent,6450202,18/03/2021,Pd,
INV09635,PRJ03133,ColourGrade Lagos,Post-Production,27621925,2022-05-25,pending,
INV04409,PRJ00557,OnDeck Production Staffing,Crew,"NGN 3,579,185",28-10-2023,Disputed,
INV06462,PRJ01664,Stagehand Talent Agency,Talent,1056322,19 Aug 2024,disputed,
INV08350,PRJ01221,Naija Locations,Location,42564142,16/08/2024,disputed,
INV05336,PRJ01122,Coastline Property Services,Location,8754398,27/05/2024,Disputed,
INV00796,PRJ00999,Urban Set Scouts,Location,2236780,22/07/2021,Pd,
INV01444,PRJ02612,colourgrade lagos,Post-Production,13283149,05-03-2025,Paid,
INV03964,PRJ02452,Naija Locations Ltd,Location,5302825,04-11-2021,paid,
INV04077,PRJ03151,OnDeck Production Staffing,Crew,7365940,2021-02-04,pending,
INV01044,PRJ03270,Reel Edit Studios,Post-Production,768089,23/03/2023,Disputed,
INV06038,PRJ02334,coastline property services,Location,8529648,2022-11-17,Overdue,
INV06131,PRJ03953,redline camera rentals,Equipment Rental,1860316,08 Dec 2022,PAID,
INV00834,PRJ00381,Stagehand Talent Agency,Talent,7452122,20/02/2021,pending,
INV02690,PRJ01447,ColourGrade Lagos,Post-Production,18038092,07/04/2025,PAID,
INV07896,PRJ02244,Stagehand Talent Agency,Talent,6332347,2025-10-07,Pd,
INV01903,PRJ01914,chop life catering,Catering,10170858,17 Mar 2021,Pd,
INV05452,PRJ00668,Urban Set Scouts,Location,14369006,28 Nov 2024,Pd,
INV03004,PRJ01124,OnDeck Production Staffing,Crew,512808,15/12/2023,OVERDUE,
INV00352,PRJ01023,Coastline Property Services,Location,"NGN 13,551,434",2021-09-16,paid,
INV04058,PRJ00013,Chop Life Catering,Catering,10531041,24-12-2023,Pending,
INV02030,PRJ03272,OnDeck Production Staffing,Crew,2629566,01-03-2025,Paid,
INV09508,PRJ02316,Stagehand Talent Agency,Talent,14018562,25-09-2023,paid,
INV01871,PRJ03370,Urban Set Scouts,Location,14116650,16/09/2024,Overdue,
INV03045,PRJ03688,Chop Life Catering,Catering,8186919,11 Oct 2024,Disputed,
INV07233,PRJ03353,OnSet Meals NG,Catering,5358745,23/05/2024,paid,
INV04445,PRJ00653,soundwave post ng,Post-Production,4835286,09/05/2025,Pending,
INV03292,PRJ00006,Urban Set Scouts,Location,6257078,03 Apr 2021,PAID,
INV05826,PRJ01603,Lagos Grip & Lighting Co,Equipment Rental,68891123,15-01-2021,pending,
INV00538,PRJ02510,Coastline Property Services,Location,13717773,16/10/2024,pending,
INV06014,PRJ02479,OnDeck Production Staffing,Crew,7532946,04 Jun 2025,Disputed,
INV01430,PRJ02674,soundwave post ng,Post-Production,17018112,18-12-2021,Pending,
INV08105,PRJ00917,Naija Faces Casting,Talent,21449868,16-11-2024,PAID,
INV04886,PRJ01317,chop life catering,Catering,16831486,15/02/2023,PAID,
INV09519,PRJ01465,OnDeck Production Staffing,Crew,53246923,13-10-2023,disputed,
INV02705,PRJ03068,SoundWave Post NG,Post-Production,56817944,2025-12-27,Paid,
INV02558,PRJ01726,OnSet Meals NG,Catering,52280743,23 Apr 2025,Paid,
INV09052,PRJ00007,Reel Edit Studios,Post-Production,37631609,03 Apr 2022,PAID,
INV05156,PRJ03556,FRAME & FOCUS EQUIPMENT,Equipment Rental,17967670,11/08/2024,pending,
INV02512,PRJ02419,CREW CONNECT NG,Crew,10787039,2025-02-13,paid,
INV08247,PRJ03766,Naija Faces Casting,Talent,51849086,23-08-2021,disputed,
INV00668,PRJ02207,Crew Connect NG,Crew,29389452,2021-03-04,Pd,
INV08061,PRJ02811,crew connect ng,Crew,6673501,25/11/2021,Overdue,
INV09686,PRJ03450,Naija Faces Casting,Talent,13307192,2021-05-15,PAID,
INV08201,PRJ00168,CREW CONNECT NG,Crew,32331712,09/07/2025,Paid,
INV09392,PRJ03514,Crew Connect NG,Crew,10938595,13-07-2025,OVERDUE,
INV03973,PRJ01186,Urban Set Scouts,Location,9035653,2023-03-10,Overdue,
INV04338,PRJ03079,Frame & Focus Equipment,Equipment Rental,69487006,05 Aug 2022,Disputed,
INV04923,PRJ00982,Chop Life Catering,Catering,18928305,09/05/2024,pending,
INV04052,PRJ02364,NAIJA FACES CASTING,Talent,3715509,08-01-2025,disputed,
INV08038,PRJ00112,NAIJA FACES CASTING,Talent,154171,2022-06-04,disputed,
INV05709,PRJ00196,redline camera rentals,Equipment Rental,37883556,03/08/2024,Disputed,
INV07524,PRJ00012,Lagos Grip & Lighting Co,Equipment Rental,27823289,02-01-2025,PAID,
INV00841,PRJ03716,Lagos Grip & Lighting Co,Equipment Rental,31151565,2024-05-28,Overdue,
INV07598,PRJ03283,Redline Camera Rentals,Equipment Rental,621962,2022-01-12,OVERDUE,
INV08209,PRJ01654,Crew Connect NG,Crew,9304646,2022-04-12,disputed,
INV04754,PRJ00424,Crew Connect NG,Crew,14521486,05-01-2024,PAID,
INV08301,PRJ02082,Lagos Grip & Lighting,Equipment Rental,17361603,16 Feb 2022,Pending,
INV01370,PRJ03297,Reel Edit Studios,Post-Production,7171274,13 May 2024,pending,
INV06478,PRJ03326,stagehand talent agency,Talent,7809411,25 Jun 2022,Paid,
INV05509,PRJ00420,NAIJA FACES CASTING,Talent,4443524,2023-11-06,pending,
INV04208,PRJ02134,OnDeck Production Staffing,Crew,6723430,2024-04-19,Pd,
INV06138,PRJ00691,COLOURGRADE LAGOS,Post-Production,6165686,2023-11-06,Pd,
INV00953,PRJ02636,naija faces casting,Talent,35002598,2025-10-20,pending,
INV02089,PRJ00137,Frame & Focus Equipment,Equipment Rental,25041655,2022-09-12,Overdue,
INV07659,PRJ03279,Naija Locations Ltd,Location,7560589,07/05/2022,PAID,
INV06205,PRJ02899,OnDeck Production Staffing,Crew,58451722,03-12-2022,Pending,
INV04734,PRJ00838,Stagehand Talent Agency,Talent,27089429,21 Dec 2024,PAID,
INV06895,PRJ02840,ProGear Nigeria,Equipment Rental,9054025,09/09/2024,Overdue,
INV06378,PRJ01688,STAGEHAND TALENT AGENCY,Talent,7321747,18 Feb 2022,Pending,
INV08347,PRJ02486,OnDeck Production Staffing,Crew,65780056,13 Jun 2022,Disputed,
INV09511,PRJ00830,Reel Edit Studios,Post-Production,42242491,11 Jun 2024,PAID,
INV03820,PRJ02940,Naija Faces Casting,Talent,5928358,23/05/2023,Pd,
INV09076,PRJ00741,Reel Edit Studios,Post-Production,11936734,07/08/2023,PAID,
INV04556,PRJ02307,OnSet Meals NG,Catering,19643138,2022-09-10,pending,
INV03315,PRJ01462,SoundWave Post NG,Post-Production,12333815,14 Feb 2023,PAID,
INV07373,PRJ03681,Chop Life Catering,Catering,54455855,21/01/2021,Paid,
INV01294,PRJ00688,ColourGrade Lagos,Post-Production,6556238,22/06/2022,Pd,
INV01696,PRJ03939,OnDeck Production Staffing,Crew,17655793,19/09/2025,disputed,
INV07867,PRJ03905,Stagehand Talent Agency,Talent,27500986,09 Feb 2021,pending,
INV05405,PRJ00511,Crew Connect NG,Crew,17069070,24/06/2024,OVERDUE,
INV09326,PRJ00676,Urban Set Scouts,Location,20307241,23-04-2021,Paid,
INV06460,PRJ03679,Stagehand Talent Agency,Talent,6738354,02-09-2023,paid,
INV08641,PRJ01424,OnDeck Production Staffing,Crew,34207710,25/05/2022,OVERDUE,
INV02530,PRJ03083,ProGear Nigeria,Equipment Rental,1794392,04 Jul 2025,disputed,
INV09250,PRJ04000,OnSet Meals NG,Catering,7537786,2024-03-03,Pd,
INV02684,PRJ02432,Reel Edit Studios,Post-Production,66039130,11/01/2023,Pending,
INV09174,PRJ03161,SoundWave Post NG,Post-Production,17551292,08-08-2025,OVERDUE,
INV01070,PRJ00030,OnSet Meals NG,Catering,27221050,22-02-2022,disputed,
INV00976,PRJ01469,Coastline Property Services,Location,15484987,04/11/2025,disputed,
INV07893,PRJ02905,lagos grip & lighting co,Equipment Rental,16279905,2024-04-07,Pending,
INV00461,PRJ00990,Lagos Grip & Lighting Co,Equipment Rental,13779514,07/02/2023,Disputed,
INV03441,PRJ02171,Urban Set Scouts,Location,19635514,07/03/2021,paid,
INV00878,PRJ02398,Chop Life Catering,Catering,18114341,24-04-2023,OVERDUE,
INV04562,PRJ02461,ondeck production staffing,Crew,25842389,09 Jan 2021,PAID,
INV01943,PRJ03887,STAGEHAND TALENT AGENCY,Talent,"NGN 23,499,547",15/12/2021,disputed,
INV02226,PRJ03485,Crew Connect NG,Crew,83530272,2025-06-15,Paid,
INV01285,PRJ00072,lagos grip & lighting co,Equipment Rental,30376936,23/10/2023,Pending,
INV02626,PRJ00930,Crew Connect NG,Crew,27637629,2022-11-05,disputed,
INV08601,PRJ01501,Redline Camera Rentals,Equipment Rental,31786915,10/07/2024,Overdue,
INV01206,PRJ01389,OnDeck Production Staffing,Crew,19609479,06 Apr 2024,Pd,
INV05252,PRJ03554,Stagehand Talent Agency,Talent,15040764,10 Aug 2021,PAID,
INV07963,PRJ01274,Coastline Property Services,Location,23123584,2025-09-23,Pd,
INV04731,PRJ03018,Chop Life Catering,Catering,12639526,01/10/2025,Overdue,
INV06945,PRJ01420,Crew Connect NG,Crew,29089013,19/10/2021,PAID,
INV01146,PRJ03638,Urban Set Scouts,Location,8719295,2022-01-27,Pending,
INV01460,PRJ02875,ProGear Nigeria,Equipment Rental,11004933,14 Apr 2021,disputed,
INV01653,PRJ00837,mama bisi kitchen services,Catering,"NGN 14,322,462",26/11/2021,Overdue,
INV07782,PRJ00353,LAGOS GRIP & LIGHTING CO,Equipment Rental,9231497,27 Jan 2021,Paid,
INV07899,PRJ02244,Stagehand Talent Agency,Talent,18119947,2024-01-12,Paid,
INV08024,PRJ03461,coastline property services,Location,1800539,21-03-2023,Overdue,
INV04539,PRJ03063,Stagehand Talent Agency,Talent,42547091,10 Feb 2021,OVERDUE,
INV08139,PRJ01855,Crew Connect NG,Crew,8351098,22 Aug 2025,disputed,
INV07645,PRJ00861,Naija Locations Ltd,Location,53510,23-10-2024,PAID,
INV00996,PRJ03521,NAIJA LOCATIONS LTD,Location,1632448,01-10-2025,PAID,
INV00940,PRJ03125,coastline property services,Location,25672440,20 Apr 2021,Paid,
INV08023,PRJ03461,NAIJA FACES CASTING,Talent,"NGN 48,106,373",15-02-2023,Pd,
INV08309,PRJ01076,Mama Bisi Kitchen Services,Catering,63035729,01-06-2021,disputed,
INV04936,PRJ01601,Redline Camera Rentals,Equipment Rental,1224901,06/09/2021,Pending,
INV00303,PRJ01730,Mama Bisi Kitchen Services,Catering,28171897,05 Jan 2021,Pending,
INV07887,PRJ03541,Chop Life Catering,Catering,55747663,20-03-2025,disputed,
INV08414,PRJ01803,LAGOS GRIP & LIGHTING CO,Equipment Rental,14463551,02 Dec 2021,Paid,
INV00531,PRJ03738,Crewnnect,Crew,25153095,04-09-2023,PAID,
INV01005,PRJ00816,ColourGrade Lagos,Post-Production,26157251,12-09-2021,Pending,
INV06198,PRJ00577,Redline Camera Rentals,Equipment Rental,19885566,02 Jan 2025,Pending,
INV07312,PRJ03911,Chop Life Catering,Catering,6308287,23/11/2022,pending,
INV02435,PRJ02013,coastline property services,Location,27063472,2021-11-03,disputed,
INV04652,PRJ00376,Redline Camera Rentals,Equipment Rental,"NGN 22,714,135",05-06-2023,Disputed,
INV06752,PRJ01227,Reel Edit Studios,Post-Production,23185184,2023-07-26,Paid,
INV00957,PRJ02032,Lagos Grip & Lighting Co,Equipment Rental,5981780,09/05/2023,pending,
INV00776,PRJ01387,chop life catering,Catering,7790015,16 May 2024,Pd,
INV04861,PRJ01293,Chop Life Catering,Catering,11045207,12-04-2021,Pending,
INV01668,PRJ01591,OnSet Meals NG,Catering,3280041,26-06-2025,Disputed,
INV07210,PRJ01954,ColourGrade Lagos,Post-Production,45188573,07 Sep 2022,pending,
INV01930,PRJ02326,Crewnnect,Crew,23524744,10 Jan 2021,pending,
INV01066,PRJ03877,Urban Set Scouts,Location,25376213,05 May 2022,Disputed,
INV09484,PRJ02250,Redline Camera Rentals,Equipment Rental,44150260,24-07-2023,PAID,
INV01765,PRJ00716,OnDeck Production Staffing,Crew,16116897,2025-09-08,Paid,
INV00732,PRJ01100,Coastline Property Services,Location,15741144,27-11-2024,OVERDUE,
INV07789,PRJ02955,Naija Faces Casting,Talent,27018653,23 Feb 2021,paid,
INV03386,PRJ01750,ColourGrade Lagos,Post-Production,7700140,09-09-2025,PAID,
INV06116,PRJ01436,Naija Locations Ltd,Location,32887414,2021-11-06,paid,
INV03684,PRJ03675,Reel Edit Studios,Post-Production,1904203,07-12-2024,OVERDUE,
INV02844,PRJ01539,Stagehand Talent Agency,Talent,19918801,02 Nov 2021,OVERDUE,
INV07169,PRJ01435,SoundWave Post NG,Post-Production,37689703,16-06-2024,disputed,
INV09677,PRJ02616,OnDeck Production Staffing,Crew,4013274,2022-06-11,disputed,
INV08184,PRJ01565,Redline Camera Rentals,Equipment Rental,8381891,2025-05-14,Pending,
INV04671,PRJ01740,Mama Bisi Kitchen Services,Catering,6148193,2022-02-15,Pd,
INV09053,PRJ00300,FRAME & FOCUS EQUIPMENT,Equipment Rental,4110318,09 May 2025,disputed,
INV07342,PRJ00633,Naija Faces Casting,Talent,19341061,2024-12-03,Paid,
INV07956,PRJ02626,Crew Connect NG,Crew,52528944,08/07/2022,Paid,
INV05017,PRJ01442,Chop Life Catering,Catering,6541799,25/07/2021,PAID,
INV04135,PRJ03826,FRAME & FOCUS EQUIPMENT,Equipment Rental,31487773,2022-07-11,Overdue,
INV07234,PRJ03353,NAIJA FACES CASTING,Talent,18149491,13 Jun 2024,paid,
INV03592,PRJ02783,Crew Connect NG,Crew,40532591,25-12-2023,Pending,
INV07090,PRJ00946,Mama Bisi Kitchen Services,Catering,"NGN 11,174,710",2022-04-03,Pending,
INV00399,PRJ00038,Urban Set Scouts,Location,69898859,11 May 2021,Paid,
INV01949,PRJ03186,OnSet Meals NG,Catering,"NGN 33,786,763",27 Nov 2022,pending,
INV01049,PRJ00463,PROGEAR NIGERIA,Equipment Rental,21014000,13-11-2024,PAID,
INV08009,PRJ00558,Reel Edit Studios,Post-Production,27221201,2023-06-05,pending,
INV07263,PRJ00011,ProGear,Equipment Rental,86862080,10-09-2022,pending,
INV04630,PRJ00587,SoundWave Post NG,Post-Production,49358663,24 Jun 2022,Disputed,
INV03600,PRJ01500,OnDeck Production Staffing,Crew,6185989,2022-10-12,Pd,
INV09632,PRJ00478,Urban Set Scouts,Location,47738570,04-05-2022,Disputed,
INV00308,PRJ01560,naija locations ltd,Location,6898542,14/10/2021,pending,
INV08799,PRJ02168,Naija Locations,Location,4591629,11/07/2023,Paid,
INV09212,PRJ02429,Coastline Property Services,Location,7846113,09/10/2024,Pd,
INV06395,PRJ00985,ColourGrade Lagos,Post-Production,12541158,09 Apr 2024,PAID,
INV03609,PRJ02961,Chop Life Catering,Catering,11520665,28 Sep 2025,Pending,
INV00050,PRJ01905,Crew Connect NG,Crew,12071524,18/07/2024,Pending,
INV05370,PRJ02920,ColourGrade Lagos,Post-Production,31705270,16/09/2023,OVERDUE,
INV09131,PRJ01046,MAMA BISI KITCHEN SERVICES,Catering,69170066,2025-03-22,Paid,
INV00408,PRJ02401,OnSet Meals NG,Catering,14177176,10/06/2022,Pending,
INV08060,PRJ02811,ProGear Nigeria,Equipment Rental,241430,06/10/2024,Pd,
INV02985,PRJ00869,Stagehand Talent Agency,Talent,40015821,04/07/2023,Disputed,
INV02306,PRJ00641,Mama Bisi Kitchen Services,Catering,931708,07 Mar 2024,paid,
INV09692,PRJ01181,ColourGrade Lagos,Post-Production,3797520,13/06/2024,Pending,
INV06289,PRJ03056,Frame & Focus Equipment,Equipment Rental,57595729,17-03-2025,Pd,
INV09331,PRJ02806,OnDeck Production Staffing,Crew,33489400,01 Jun 2021,Overdue,
INV08817,PRJ01744,ONDECK PRODUCTION STAFFING,Crew,9221706,09-04-2025,disputed,
INV01155,PRJ00419,Mama Bisi Kitchen Services,Catering,54974367,19 Mar 2023,disputed,
INV03888,PRJ01536,naija locations ltd,Location,16204159,06/04/2021,OVERDUE,
INV01050,PRJ00463,ColourGrade Lagos,Post-Production,31403764,2021-09-28,paid,
INV08574,PRJ03968,Naija Locations Ltd,Location,2491527,23 Dec 2025,paid,
INV09502,PRJ03937,Naija Faces Casting,Talent,8655736,08 Oct 2021,Paid,
INV09784,PRJ08888,ColourGrade Lagos,Post-Production,21418269,2025-05-03,Pending,
INV00497,PRJ01430,stagehand talent agency,Talent,33007200,11-11-2025,paid,
INV02492,PRJ00047,OnDeck Production Staffing,Crew,68057413,2022-07-14,OVERDUE,
INV08437,PRJ00441,SoundWave Post,Post-Production,6660261,06 Aug 2025,pending,
INV00005,PRJ03827,OnDeck Production Staffing,Crew,7976476,02/12/2022,Pd,
INV02400,PRJ02823,OnSet Meals NG,Catering,3909212,25 Dec 2023,Pending,
INV00062,PRJ01428,SOUNDWAVE POST NG,Post-Production,26677324,02 Aug 2022,Paid,
INV05324,PRJ01467,Naija Locations Ltd,Location,24464475,15 Apr 2025,PAID,
INV09427,PRJ02210,NAIJA LOCATIONS LTD,Location,3873227,2021-03-27,disputed,
INV08852,PRJ03918,Urban Set Scouts,Location,8618968,2023-07-11,pending,
INV08682,PRJ00158,SoundWave Post NG,Post-Production,28132034,2021-02-12,disputed,
INV01862,PRJ02359,Naija Faces Casting,Talent,11040648,28/04/2021,paid,
INV04260,PRJ01972,naija faces casting,Talent,23677061,08-05-2024,OVERDUE,
INV06339,PRJ02948,Chop Life Catering,Catering,40133750,2021-06-17,OVERDUE,
INV08802,PRJ00216,Lagos Grip & Lighting Co,Equipment Rental,58372627,09-01-2023,Overdue,
INV06073,PRJ02572,SOUNDWAVE POST NG,Post-Production,29435680,08 Jan 2021,disputed,
INV08639,PRJ00088,ProGear Nigeria,Equipment Rental,4948018,22-02-2024,paid,
INV05955,PRJ02392,Mama Bisi Kitchen Services,Catering,8607731,14-05-2021,pending,
INV05796,PRJ02369,Mama Bisi Kitchen Services,Catering,12318263,11/03/2024,PAID,
INV08360,PRJ01271,SOUNDWAVE POST NG,Post-Production,7592603,21-10-2021,PAID,
INV08951,PRJ03080,Coastline Property Services,Location,"NGN 10,175,665",04-05-2023,paid,
INV01475,PRJ01086,OnDeck Production Staffing,Crew,4863543,02/02/2024,Paid,
INV07030,PRJ00350,ColourGrade Lagos,Post-Production,37679954,19-07-2021,Paid,
INV00514,PRJ01008,ProGear Nigeria,Equipment Rental,5659877,24 Feb 2024,paid,
INV03393,PRJ02828,Coastline Property Services,Location,1928029,28/09/2021,OVERDUE,
INV06191,PRJ01899,Frame & Focus Equipment,Equipment Rental,1417084,04 Jun 2025,PAID,
INV05179,PRJ02235,ondeck production staffing,Crew,4888677,2022-05-19,PAID,
INV05563,PRJ03649,Mama Bisi Kitchen Services,Catering,5585823,20 Nov 2021,PAID,
INV08314,PRJ03925,crew connect ng,Crew,14063287,07-07-2022,Overdue,
INV08455,PRJ02782,Stagehand Talent Agency,Talent,7132053,06-06-2022,pending,
INV07726,PRJ01619,Frame & Focus Equipment,Equipment Rental,4609855,2021-12-07,OVERDUE,
INV06782,PRJ01077,Urban Set Scouts,Location,14664774,11/07/2021,Paid,
INV01736,PRJ02522,OnDeck Production Staffing,Crew,73206192,28-05-2021,Overdue,
INV00357,PRJ00530,colourgrade lagos,Post-Production,23212646,2025-10-01,Paid,
INV08334,PRJ02858,Crew Connect NG,Crew,34291435,2022-10-04,pending,
INV00168,PRJ03503,Redline Camera Rentals,Equipment Rental,9683891,2023-05-10,Overdue,
INV00434,PRJ03858,stagehand talent agency,Talent,18867393,04/08/2022,PAID,
INV07438,,Naija Locations Ltd,Location,120222574,22-10-2025,PAID,
INV03266,PRJ00447,REEL EDIT STUDIOS,Post-Production,8642908,17-04-2025,Disputed,
INV02847,PRJ01273,crew connect ng,Crew,25102567,07/02/2024,Pd,
INV00198,PRJ02642,Reel Edit Studios,Post-Production,20237378,2025-11-18,Pd,
INV05023,PRJ02740,OnDeck Production Staffing,Crew,7872529,18 Jun 2024,paid,
INV01383,PRJ03668,Naija Faces Casting,Talent,14050352,13-02-2023,OVERDUE,
INV09167,PRJ02146,CREW CONNECT NG,Crew,1771250,2023-12-13,disputed,
INV04685,PRJ02303,Coastline Property Services,Location,13606866,25-06-2022,paid,
INV01190,PRJ02922,Frame & Focus Equipment,Equipment Rental,25569458,23/04/2025,Disputed,
INV03783,PRJ01614,ColourGrade Lagos,Post-Production,15507347,02-05-2021,PAID,
INV03853,PRJ03305,Redline Camera Rentals,Equipment Rental,40480856,26 Jan 2023,Pd,
INV00965,PRJ03933,STAGEHAND TALENT AGENCY,Talent,3326483,19 Nov 2024,pending,
INV08873,PRJ02827,ColourGrade Lagos,Post-Production,25729885,2023-10-09,Overdue,
INV00680,PRJ00141,Redline Camera Rentals,Equipment Rental,14482492,04-06-2024,Pd,
INV05621,PRJ00128,Chop Life Catering,Catering,14386704,26 Oct 2025,Disputed,
INV07792,PRJ02692,Naija Locations Ltd,Location,26478681,20/08/2023,Pending,
INV02821,PRJ01961,ColourGrade Lagos,Post-Production,43531779,10-01-2022,Pd,
INV02287,PRJ03480,Coastline Property Services,Location,5876927,2023-01-16,Pd,
INV03547,PRJ00878,Mama Bisi Kitchen Services,Catering,"NGN 26,089,011",01 Mar 2025,Pd,
INV01443,PRJ02612,Naija Locations Ltd,Location,29075014,07/07/2023,Disputed,
INV04117,PRJ00791,Redline Camera Rentals,Equipment Rental,9178943,23-07-2022,pending,
INV08349,PRJ02486,Frame & Focus Equipment,Equipment Rental,12439534,2025-12-12,disputed,
INV01979,PRJ01091,Naija Faces Casting,Talent,41832082,17/07/2023,Disputed,
INV07914,PRJ01567,CREW CONNECT NG,Crew,5147531,15-02-2023,OVERDUE,
INV04381,PRJ03363,coastline property services,Location,29837633,2023-09-18,Pd,
INV02349,PRJ02186,Redline Camera Rentals,Equipment Rental,5685939,21/10/2025,paid,
INV06385,PRJ02318,Naija Locations Ltd,Location,53327,11/04/2022,Pd,
INV03332,PRJ02807,Lagos Grip & Lighting Co,Equipment Rental,2034846,03-02-2023,PAID,
INV00147,PRJ03065,Coastline Property Services,Location,44766441,02/11/2021,Pending,
INV06212,PRJ03664,Naija Locations Ltd,Location,16636370,16-07-2021,Disputed,
INV04174,PRJ03217,Crew Connect NG,Crew,"NGN 18,054,169",23 Dec 2021,Pd,
INV00113,PRJ02416,Lagos Grip & Lighting Co,Equipment Rental,5191720,05 Sep 2023,PAID,
INV09581,PRJ01850,Stagehand Talent Agency,Talent,863228,03 Oct 2023,disputed,
INV01747,PRJ03648,ColourGrade Lagos,Post-Production,17059664,2023-05-09,Overdue,
INV00353,PRJ00530,Crew Connect NG,Crew,2568077,10-08-2022,Pending,
INV03063,PRJ01009,Urban Set Scouts,Location,14217894,08 Oct 2023,Paid,
INV00533,PRJ02510,OnSet Meals NG,Catering,13381862,17/11/2021,Overdue,
INV07473,PRJ03564,OnDeck Production Staffing,Crew,20924323,07/07/2025,pending,
INV09016,PRJ03442,Crew Connect NG,Crew,8774046,2025-06-03,PAID,
INV01658,PRJ01290,Naija Faces Casting,Talent,14557997,04-11-2024,PAID,
INV02625,PRJ00930,Frame & Focus Equipment,Equipment Rental,3337599,10-07-2024,Disputed,
INV05071,PRJ00116,Mama Bisi Kitchen Services,Catering,54947599,23 Nov 2024,PAID,
INV02766,PRJ01194,Reel Edit Studios,Post-Production,12383289,08-03-2022,pending,
INV01157,PRJ00419,ColourGrade Lagos,Post-Production,28763502,06 Aug 2025,Paid,
INV08030,PRJ00980,Redline Camera Rentals,Equipment Rental,121410,2025-02-12,OVERDUE,
INV01072,PRJ00030,Urban Set Scouts,Location,15308361,21-10-2022,Paid,
INV07015,PRJ00301,Chop Life Catering,Catering,11259867,06/04/2024,Pending,
INV00016,PRJ02617,Redline Camera Rentals,Equipment Rental,1985610,28-02-2021,Overdue,
INV01787,PRJ02454,Mama Bisi Kitchen Services,Catering,6249504,2024-07-23,OVERDUE,
INV01120,PRJ03792,Stagehand Talent Agency,Talent,1194268,28/06/2021,paid,
INV05532,PRJ02719,Coastline Property Services,Location,1096266,21/06/2022,paid,
INV01714,PRJ01322,frame & focus equipment,Equipment Rental,42723257,20-08-2021,pending,
INV08501,PRJ02571,Lagos Grip & Lighting Co,Equipment Rental,29331812,22/12/2025,pending,
INV08605,PRJ00669,SOUNDWAVE POST NG,Post-Production,6696444,2025-06-15,Paid,
INV04636,PRJ02598,Mama Bisi Kitchen Services,Catering,1350002,02 Dec 2023,paid,
INV09079,PRJ01202,SoundWave Post NG,Post-Production,37446940,16-08-2024,Overdue,
INV04401,PRJ00305,OnDeck Production Staffing,Crew,6040330,2023-08-20,PAID,
INV04006,PRJ03098,NAIJA LOCATIONS LTD,Location,7876646,2022-08-15,OVERDUE,
INV05222,PRJ03666,SoundWave Post,Post-Production,491250,2023-09-13,Paid,
INV09743,PRJ03014,naija faces casting,Talent,12477953,2023-03-26,paid,
INV02923,PRJ02956,Reel Edit Studios,Post-Production,13907208,2025-08-19,paid,
INV01826,PRJ03236,Naija Locations Ltd,Location,1459477,18/09/2021,Pending,
INV08598,PRJ01501,REEL EDIT STUDIOS,Post-Production,8752005,2024-11-11,Paid,
INV02968,PRJ03685,LAGOS GRIP & LIGHTING CO,Equipment Rental,26028669,23 Jun 2025,OVERDUE,
INV06376,PRJ01865,ONDECK PRODUCTION STAFFING,Crew,15298243,10/08/2021,Pd,
INV02537,PRJ01999,SoundWave Post NG,Post-Production,81676875,2024-05-06,disputed,
INV02785,PRJ01931,CHOP LIFE CATERING,Catering,45090069,05-08-2022,Overdue,
INV05617,PRJ03958,Stagehand Talent Agency,Talent,5257179,2022-04-04,disputed,
INV02475,PRJ03274,Mama Bisi Kitchen Services,Catering,28095434,16/02/2021,Disputed,
INV01098,PRJ00708,Crew Connect NG,Crew,"NGN 8,418,887",04/03/2024,Pd,
INV05115,PRJ02760,Frame & Focus Equipment,Equipment Rental,8273020,10 Oct 2021,disputed,
INV05416,PRJ00345,Urban Set Scouts,Location,10161556,03-07-2022,pending,
INV04387,PRJ02680,SoundWave Post NG,Post-Production,40246918,2021-10-08,Overdue,
INV05627,PRJ03736,OnDeck Production Staffing,Crew,6690276,26-12-2024,Overdue,
INV06846,PRJ03338,OnDeck Production Staffing,Crew,8886480,03/11/2021,Disputed,
INV06046,PRJ03987,Urban Set Scouts,Location,3880205,2022-09-13,Pd,
INV00162,PRJ01223,Reel Edit Studios,Post-Production,15495440,2022-11-11,pending,
INV08434,PRJ00441,Stagehand Talent Agency,Talent,18351277,2025-10-15,paid,
INV06345,PRJ03873,Urban Set Scouts,Location,5364005,08-10-2022,PAID,
INV01459,PRJ01396,Reel Edit Studios,Post-Production,27108196,28/06/2023,Overdue,
INV09334,PRJ01041,Reel Edit Studios,Post-Production,8283744,14/07/2021,OVERDUE,
INV08749,PRJ00418,NAIJA FACES CASTING,Talent,24586646,14 Sep 2025,OVERDUE,
INV00961,PRJ02554,NAIJA FACES CASTING,Talent,7899001,12/01/2022,pending,
INV06765,PRJ01624,ONSET MEALS NG,Catering,3050924,07 Jan 2024,PAID,
INV09107,PRJ02012,Crewnnect,Crew,11230405,2023-06-27,Pending,
INV05455,PRJ02358,Naija Faces Casting,Talent,47212401,07 Dec 2025,Paid,
INV06934,PRJ02377,Coastline Property Services,Location,8833711,10 Aug 2022,PAID,
INV06142,PRJ03604,Chop Life Catering,Catering,57288645,17/08/2022,Overdue,
INV01266,PRJ00804,SoundWave Post,Post-Production,51017368,2024-08-05,paid,
INV04893,PRJ01623,OnDeck Production Staffing,Crew,1894105,16-10-2022,Paid,
INV06754,PRJ01227,Crew Connect NG,Crew,4875953,20-04-2023,paid,
INV00622,PRJ03240,naija faces casting,Talent,3341159,2021-04-26,Pending,
INV02561,PRJ03026,ondeck production staffing,Crew,14615053,25-09-2023,Disputed,
INV02903,PRJ03922,Coastline Property Services,Location,31559944,2024-08-05,disputed,
INV01464,PRJ03206,NAIJA FACES CASTING,Talent,30207827,25 Sep 2022,Overdue,
INV02486,PRJ03619,progear nigeria,Equipment Rental,17906351,10-06-2022,Overdue,
INV03437,PRJ02128,coastline property services,Location,"NGN 17,025,487",22-03-2025,OVERDUE,
INV06382,PRJ01688,COASTLINE PROPERTY SERVICES,Location,10154092,04 Mar 2025,pending,
INV09633,PRJ00478,SOUNDWAVE POST NG,Post-Production,24742852,09/06/2022,Overdue,
INV00197,PRJ02642,SoundWave Post NG,Post-Production,9165556,20/04/2024,OVERDUE,
INV02635,PRJ00443,Mama Bisi Kitchen Services,Catering,28141373,2024-02-27,OVERDUE,
INV01504,PRJ01672,NAIJA FACES CASTING,Talent,3277974,2022-07-28,Pd,
INV02122,PRJ00425,Redline Camera Rentals,Equipment Rental,"NGN 5,496,893",05/05/2023,Overdue,
INV06513,PRJ03243,Crew Connect NG,Crew,109496,05/10/2024,Overdue,
INV07432,PRJ01446,CHOP LIFE CATERING,Catering,21401429,09 Jun 2021,OVERDUE,
INV03459,PRJ02122,Reel Edit Studios,Post-Production,38083370,20 May 2024,Disputed,
INV03544,PRJ02248,Naija Locations Ltd,Location,18935135,17/09/2025,Paid,
INV00760,PRJ01777,Stagehand Talent Agency,Talent,9014778,24 Feb 2022,PAID,
INV09739,PRJ00063,ONDECK PRODUCTION STAFFING,Crew,5663566,24/07/2023,disputed,
INV06695,PRJ03747,Redline Camera Rentals,Equipment Rental,13241860,14 Jul 2022,Pending,
INV07582,PRJ00858,Naija Faces Casting,Talent,10403362,26-07-2022,Pd,
INV03579,PRJ00337,ondeck production staffing,Crew,59432164,15/09/2021,paid,
INV04529,PRJ01635,Redline Camera Rentals,Equipment Rental,3543828,2021-04-25,paid,
INV07370,PRJ03281,MAMA BISI KITCHEN SERVICES,Catering,6556695,08-11-2021,pending,
INV04771,PRJ03517,Crewnnect,Crew,10849852,07/11/2022,PAID,
INV01316,PRJ01410,Naija Locations Ltd,Location,12457379,04-01-2024,disputed,
INV00513,PRJ01008,ColourGrade Lagos,Post-Production,6412462,21/09/2023,pending,
INV07485,PRJ00497,Stagehand Talent Agency,Talent,4294187,2024-05-16,Pd,
INV06906,PRJ00086,OnDeck Production Staffing,Crew,10037578,16 Apr 2023,Paid,
INV06547,PRJ02662,Naija Faces Casting,Talent,3861683,26-05-2024,pending,
INV03761,PRJ03555,OnSet Meals,Catering,12936138,06 Mar 2021,Pending,
INV05368,PRJ02920,Urban Set Scouts,Location,30279536,19 Oct 2022,pending,
INV02324,PRJ00657,ProGear Nigeria,Equipment Rental,7763916,17 Aug 2021,OVERDUE,
INV06026,PRJ02604,ONDECK PRODUCTION STAFFING,Crew,6244823,23/02/2024,Disputed,
INV08223,PRJ01582,Reel Edit Studios,Post-Production,22722135,16-02-2023,Paid,
INV06707,PRJ00385,SOUNDWAVE POST NG,Post-Production,2665552,2025-11-15,PAID,
INV01910,PRJ01445,Frame & Focus Equipment,Equipment Rental,18347648,21 Oct 2025,Paid,
INV09040,PRJ03758,Lagos Grip & Lighting Co,Equipment Rental,9044187,2025-08-24,pending,
INV03724,PRJ00783,COASTLINE PROPERTY SERVICES,Location,4682914,18/07/2023,Paid,
INV00008,PRJ01147,Redline Camera Rentals,Equipment Rental,1502367,09-02-2024,PAID,
INV06601,PRJ00402,ONDECK PRODUCTION STAFFING,Crew,24284680,01/12/2021,pending,
INV09204,PRJ03803,Crewnnect,Crew,1234576,04 May 2024,Disputed,
INV08507,PRJ03998,Mama Bisi Kitchen Services,Catering,725242,18 Mar 2021,PAID,
INV08850,PRJ03918,SoundWave Post NG,Post-Production,13243115,19/11/2025,disputed,
INV02489,PRJ03619,Crew Connect NG,Crew,13461979,02-05-2021,Disputed,
INV06628,PRJ00395,Frame & Focus Equipment,Equipment Rental,18203348,25 Sep 2025,OVERDUE,
INV04048,PRJ03259,Frame & Focus Equipment,Equipment Rental,38865621,13 Jun 2023,Overdue,
INV07477,PRJ03423,Naija Locations Ltd,Location,54706806,22/07/2022,Paid,
INV06285,PRJ03016,Stagehand Talent Agency,Talent,27048003,13 May 2025,PAID,
INV00495,PRJ01430,Urban Set Scouts,Location,14690524,14/10/2023,Overdue,
INV05130,PRJ00836,Naija Faces Casting,Talent,39697947,20-10-2024,pending,
INV00028,PRJ03145,Coastline Property Services,Location,18889960,2021-03-08,disputed,
INV08556,PRJ02918,SoundWave Post NG,Post-Production,53203491,23/12/2024,Paid,
INV03050,PRJ01659,Redline Camera Rentals,Equipment Rental,22950549,07/02/2025,PAID,
INV01490,PRJ03885,ONDECK PRODUCTION STAFFING,Crew,44033506,04/06/2021,Paid,
INV09377,PRJ03972,frame & focus equipment,Equipment Rental,30153956,13-05-2022,Pd,
INV06215,PRJ03981,Naija Locations Ltd,Location,10880347,25 May 2024,Overdue,
INV06511,PRJ03243,ColourGrade Lagos,Post-Production,35683699,18 Nov 2021,Pd,
INV08285,PRJ02187,OnDeck Production Staffing,Crew,16679901,2023-10-13,Pending,
INV05655,PRJ03585,Naija Locations Ltd,Location,5820155,2022-09-27,paid,
INV09405,PRJ03498,Redline Camera Rentals,Equipment Rental,10579135,25-01-2022,OVERDUE,
INV09038,PRJ02261,Chop Life Catering,Catering,33833738,03-10-2024,pending,
INV01300,PRJ02052,Chop Life Catering,Catering,15485036,21-04-2021,Pd,
INV02849,PRJ01273,CREW CONNECT NG,Crew,12096784,16 Oct 2024,Pd,
INV03056,PRJ03308,Crewnnect,Crew,7747788,2024-01-06,pending,
INV00289,PRJ02209,ondeck production staffing,Crew,17026232,11-04-2025,Pd,
INV09602,PRJ00824,SoundWave Post NG,Post-Production,21410711,07-10-2023,Pd,
INV09134,PRJ01270,OnSet Meals NG,Catering,5615672,2025-03-27,OVERDUE,
INV09207,PRJ03103,ProGear Nigeria,Equipment Rental,10559681,21/04/2021,Overdue,
INV02398,PRJ02266,SoundWave Post NG,Post-Production,14422454,25-02-2023,Paid,
INV07107,PRJ01175,Reel Edit Studios,Post-Production,8837349,22-10-2022,Overdue,
INV07728,PRJ01619,Crew Connect NG,Crew,"NGN 2,253,301",2021-03-23,Disputed,
INV08196,PRJ02280,Naija Faces Casting,Talent,44488394,27 Nov 2025,Overdue,
INV06583,PRJ01876,Crew Connect NG,Crew,39358642,08-08-2022,PAID,
INV06932,PRJ02377,Mama Bisi Kitchen Services,Catering,6220576,21-10-2023,pending,
INV05934,PRJ00422,Redline Camera Rentals,Equipment Rental,39057223,10 Jan 2021,Disputed,
INV06760,PRJ02843,Coastline Property Services,Location,12622826,2022-06-15,paid,
INV03223,PRJ03371,OnSet Meals NG,Catering,733019,02-05-2021,Disputed,
INV06075,PRJ02572,Frame & Focus Equipment,Equipment Rental,24216959,2023-01-26,Disputed,
INV00978,PRJ01469,Stagehand Talent Agency,Talent,22310103,2022-09-26,OVERDUE,
INV03947,PRJ02177,Chop Life Catering,Catering,"NGN 38,776,696",2025-10-27,disputed,
INV03882,PRJ02229,CREW CONNECT NG,Crew,11380051,25/03/2024,PAID,
INV08092,PRJ01940,Mama Bisi Kitchen Services,Catering,8109229,11-11-2022,pending,
INV05492,PRJ03463,OnDeck Production Staffing,Crew,30982553,21 Sep 2024,OVERDUE,
INV02394,PRJ00394,mama bisi kitchen services,Catering,5379876,10-10-2021,pending,
INV04363,PRJ01052,SoundWave Post NG,Post-Production,823966,11-05-2022,Disputed,
INV07994,PRJ03397,Redline Camera Rentals,Equipment Rental,26726778,13 Jun 2023,Pd,
INV01031,PRJ02482,ColourGrade Lagos,Post-Production,6509496,11/05/2022,OVERDUE,
INV06826,PRJ01011,Lagos Grip & Lighting Co,Equipment Rental,21743313,21/12/2025,paid,
INV06203,PRJ02205,Urban Set Scouts,Location,"NGN 23,170,469",25 Sep 2022,pending,
INV03246,PRJ01706,Mama Bisi Kitchen Services,Catering,41658472,26-12-2021,Paid,
INV02372,PRJ02175,Urban Set Scouts,Location,17573963,01-05-2024,OVERDUE,
INV02293,PRJ03659,Naija Faces Casting,Talent,11247065,01 Jul 2023,PAID,
INV04629,PRJ00587,NAIJA LOCATIONS LTD,Location,17819627,05 Oct 2021,Pd,
INV08385,PRJ03132,ColourGrade Lagos,Post-Production,24708128,14-05-2021,Disputed,
INV03989,PRJ00874,Mama Bisi Kitchen Services,Catering,18139470,05-10-2024,OVERDUE,
INV07112,PRJ00550,SOUNDWAVE POST NG,Post-Production,48586184,2021-04-13,Overdue,
INV07533,PRJ00717,Crew Connect NG,Crew,42267,08-10-2023,PAID,
INV00153,PRJ03523,SoundWave Post NG,Post-Production,499623,17-08-2022,disputed,
INV07004,PRJ02302,ColourGrade Lagos,Post-Production,11730140,2023-08-12,Disputed,
INV00424,PRJ03932,Crew Connect NG,Crew,26476503,2021-11-06,Pd,
INV06911,PRJ01452,Redline Camera Rentals,Equipment Rental,1373729,21 Jan 2021,paid,
INV02277,PRJ02768,Crew Connect NG,Crew,31235879,18/06/2025,Pd,
INV02942,PRJ03864,Naija Faces Casting,Talent,"NGN 26,466,302",18 Jun 2024,pending,
INV00632,PRJ03354,REEL EDIT STUDIOS,Post-Production,36918502,20-11-2024,Pd,
INV00349,PRJ01023,Stagehand Talent Agency,Talent,13726452,19-06-2023,PAID,
INV02809,PRJ03107,ProGear Nigeria,Equipment Rental,13502393,05 Nov 2024,disputed,
INV06938,PRJ03551,COLOURGRADE LAGOS,Post-Production,3601490,16 Jan 2023,pending,
INV05577,PRJ02596,Naija Faces Casting,Talent,4530074,25-01-2023,Pd,
INV07864,PRJ03441,Stagehand Talent Agency,Talent,18113492,28-01-2021,paid,
INV08666,PRJ03204,Stagehand Talent Agency,Talent,2496733,21 May 2022,Paid,
INV05214,PRJ01342,SoundWave Post,Post-Production,26028251,07 Sep 2024,paid,
INV03718,PRJ03990,PROGEAR NIGERIA,Equipment Rental,538141,2022-11-26,Overdue,
INV04162,PRJ00785,NAIJA LOCATIONS LTD,Location,25440723,02/06/2021,Paid,
INV08239,PRJ02160,Lagos Grip & Lighting Co,Equipment Rental,13723751,13/07/2023,Pd,
INV04482,PRJ00637,Reel Edit Studios,Post-Production,32951141,2022-09-21,paid,
INV02106,PRJ01207,Naija Faces Casting,Talent,5792103,06/12/2021,PAID,
INV03196,PRJ00256,ondeck production staffing,Crew,11127829,2022-01-16,Pd,
INV07566,PRJ00388,crew connect ng,Crew,34758694,15 Jan 2025,PAID,
INV00172,PRJ02545,OnDeck Production Staffing,Crew,80486409,2022-02-01,OVERDUE,
INV04378,PRJ02367,Lagos Grip & Lighting Co,Equipment Rental,12506001,2023-06-15,OVERDUE,
INV03843,PRJ01554,Naija Faces Casting,Talent,26299086,2024-10-23,pending,
INV00918,PRJ01794,Urban Set Scouts,Location,17359208,07 Jan 2022,Paid,
INV08221,PRJ01582,Naija Faces Casting,Talent,18846529,22/01/2022,Pending,
INV04962,PRJ00696,Crewnnect,Crew,856294,18-08-2022,Pd,
INV09391,PRJ00663,Mama Bisi Kitchen Services,Catering,11010190,02-04-2025,paid,
INV08383,PRJ02361,Frame & Focus Equipment,Equipment Rental,16431260,2024-01-20,OVERDUE,
INV06815,PRJ03590,OnSet Meals NG,Catering,16922378,17 Apr 2024,disputed,
INV05058,PRJ01470,Naija Faces Casting,Talent,736440,16/01/2021,Disputed,
INV06266,PRJ01478,OnDeck Production Staffing,Crew,31033829,22 Feb 2021,Pending,
INV01196,PRJ01160,OnDeck Production Staffing,Crew,1568142,16-10-2022,Disputed,
INV06859,PRJ01667,Redline Camera Rentals,Equipment Rental,28623222,18/10/2025,Disputed,
INV03781,PRJ01614,Lagos Grip & Lighting Co,Equipment Rental,26100338,2022-12-26,Overdue,
INV00764,PRJ01777,Naija Locations Ltd,Location,4727183,10 Apr 2022,disputed,
INV06639,PRJ02393,Coastline Property Services,Location,24016134,02 May 2022,PAID,
INV03094,PRJ01704,Mama Bisi Kitchen Services,Catering,12646807,01-11-2023,Disputed,
INV06364,PRJ02166,Reel Edit Studios,Post-Production,36296031,19 Dec 2021,pending,
INV03077,PRJ00302,Mama Bisi Kitchen Services,Catering,47006930,17/10/2024,Disputed,
INV04765,PRJ03708,stagehand talent agency,Talent,11297134,27 Feb 2023,Disputed,
INV05331,PRJ02757,OnSet Meals NG,Catering,18602991,27-02-2023,OVERDUE,
INV03988,PRJ00874,Naija Faces Casting,Talent,600009,2024-12-06,Pd,
INV05715,PRJ03043,Crew Connect NG,Crew,1699659,10 Mar 2023,Overdue,
INV01493,PRJ02953,Crew Connect NG,Crew,7215317,05/03/2021,disputed,
INV02522,PRJ03655,Mama Bisi Kitchen Services,Catering,10645432,22/11/2024,OVERDUE,
INV06528,PRJ03694,Stagehand Talent Agency,Talent,1309593,12-12-2024,Pd,
INV03705,PRJ02480,CREW CONNECT NG,Crew,1141791,06 Feb 2023,Paid,
INV01699,PRJ03561,Urban Set Scouts,Location,38653319,11-05-2024,Disputed,
INV09158,PRJ03481,Stagehand Talent Agency,Talent,14851993,24-05-2023,Disputed,
INV07001,PRJ02551,redline camera rentals,Equipment Rental,17054912,2021-06-20,Pending,
INV06671,PRJ02582,Chop Life Catering,Catering,22234877,04/02/2025,Overdue,
INV04904,PRJ01976,Stagehand Talent Agency,Talent,49527087,25 Jul 2022,Paid,
INV08987,PRJ03010,COASTLINE PROPERTY SERVICES,Location,10369746,18 Aug 2022,Pd,
INV05034,PRJ00364,Reel Edit Studios,Post-Production,9874572,2022-09-24,disputed,
INV07897,PRJ02244,Reel Edit Studios,Post-Production,4516939,13 Mar 2023,OVERDUE,
INV01853,PRJ03235,ColourGrade Lagos,Post-Production,50691859,26-05-2025,pending,
INV01985,PRJ00366,Stagehand Talent Agency,Talent,4098320,2022-06-04,paid,
INV00245,PRJ03075,Lagos Grip & Lighting,Equipment Rental,"NGN 16,921,752",2022-10-20,Pd,
INV00397,PRJ03983,naija faces casting,Talent,"NGN 1,788,381",2023-04-05,Pending,
INV04810,PRJ00626,OnSet Meals,Catering,74947644,09-08-2023,pending,
INV09490,PRJ03066,Redline Camera Rentals,Equipment Rental,13383997,22-08-2025,paid,
INV02426,PRJ03888,Crew Connect NG,Crew,6608751,25 Sep 2023,paid,
INV02583,PRJ00435,Frame & Focus Equipment,Equipment Rental,1563353,19-03-2022,Disputed,
INV00484,PRJ03227,Stagehand Talent Agency,Talent,29519223,02/10/2021,paid,
INV00161,PRJ01487,Crew Connect NG,Crew,16980165,23-04-2021,paid,
INV02437,PRJ01328,Chop Life Catering,Catering,2358364,03/05/2024,Pd,
INV02539,PRJ01809,OnSet Meals NG,Catering,14459269,2022-01-19,Overdue,
INV02481,PRJ03403,naija faces casting,Talent,538415,01-01-2023,Pd,
INV08106,PRJ00700,naija faces casting,Talent,"NGN 38,034,347",2024-02-24,paid,
INV06996,PRJ02945,Naija Faces Casting,Talent,4285818,01/06/2025,OVERDUE,
INV04014,PRJ00730,OnDeck Production Staffing,Crew,2614260,04-03-2024,Pd,
INV05964,PRJ02038,Crew Connect NG,Crew,2243005,2023-03-02,Paid,
INV02494,PRJ00047,Naija Locations Ltd,Location,4309248,18-07-2025,Disputed,
INV03786,PRJ03452,Naija Faces Casting,Talent,28607429,14 Jan 2024,PAID,
INV00564,PRJ01511,Reel Edit Studios,Post-Production,4760846,20 Dec 2022,OVERDUE,
INV05628,PRJ03736,SoundWave Post NG,Post-Production,33473805,02/01/2025,Pd,
INV04577,PRJ02762,SoundWave Post NG,Post-Production,1149118,05-12-2023,Pd,
INV00361,PRJ03190,Stagehand Talent Agency,Talent,9218009,27 Oct 2022,Pd,
INV07822,PRJ03294,Crew Connect NG,Crew,3915835,2025-04-17,Paid,
INV01433,PRJ01613,Lagos Grip & Lighting Co,Equipment Rental,24273604,16/11/2025,Overdue,
INV09476,PRJ03629,Chop Life Catering,Catering,3622552,28/09/2021,paid,
INV01737,PRJ02522,Stagehand Talent Agency,Talent,994117,2023-06-22,disputed,
INV05380,PRJ03267,Crewnnect,Crew,21225580,18 Apr 2024,Disputed,
INV02859,PRJ00231,stagehand talent agency,Talent,45040242,12/09/2022,Paid,
INV01111,PRJ01183,OnSet Meals NG,Catering,6417616,09 May 2021,Pending,
INV01552,PRJ02173,ONDECK PRODUCTION STAFFING,Crew,4892453,17/08/2025,Pd,
INV04613,PRJ00794,Mama Bisi Kitchen Services,Catering,39282477,20 Jul 2025,Pd,
INV07532,PRJ00717,Urban Set Scouts,Location,10131075,2025-04-08,Overdue,
INV06692,PRJ03747,ONSET MEALS NG,Catering,28127069,13-09-2025,Disputed,
INV09295,PRJ00995,Naija Faces Casting,Talent,3555807,24/12/2022,Disputed,
INV01918,PRJ00184,Lagos Grip & Lighting Co,Equipment Rental,11585612,21/04/2022,Paid,
INV04986,PRJ00814,Reel Edit Studios,Post-Production,23165473,22 Dec 2021,pending,
INV08091,PRJ01940,SoundWave Post,Post-Production,3969406,11-04-2025,disputed,
INV03143,PRJ02848,urban set scouts,Location,15251723,03-12-2022,paid,
INV07492,PRJ00528,Lagos Grip & Lighting Co,Equipment Rental,5287191,07/12/2021,pending,
INV05712,PRJ00196,Mama Bisi Kitchen Services,Catering,4583496,11-01-2024,Overdue,
INV02900,PRJ00309,ProGear Nigeria,Equipment Rental,16098586,24 Aug 2025,Overdue,
INV08861,PRJ00526,Naija Faces Casting,Talent,1196704,20/04/2022,paid,
INV07551,PRJ02027,URBAN SET SCOUTS,Location,27205685,17-07-2022,paid,
INV05424,PRJ00215,Frame & Focus Equipment,Equipment Rental,2898310,28 Dec 2023,Pd,
INV08857,PRJ02071,Stagehand Talent Agency,Talent,3613830,2023-02-17,Pending,
INV05481,PRJ01808,Mama Bisi Kitchen Services,Catering,266423,13 Jan 2022,Paid,
INV00258,PRJ01180,ColourGrade Lagos,Post-Production,6201850,01 Feb 2024,PAID,
INV07113,PRJ03687,Frame & Focus Equipment,Equipment Rental,14993939,2024-03-02,Pending,
INV01605,PRJ00922,Lagos Grip & Lighting Co,Equipment Rental,6848108,03 Dec 2025,paid,
INV05556,PRJ00257,MAMA BISI KITCHEN SERVICES,Catering,7482499,2025-06-10,Pd,
INV08392,PRJ02727,OnDeck Production Staffing,Crew,10669773,12 Dec 2023,paid,
INV02548,PRJ00533,Crew Connect NG,Crew,24616227,2024-11-14,PAID,
INV06667,PRJ00298,SOUNDWAVE POST NG,Post-Production,17777416,2022-04-13,Pending,
INV07270,PRJ00437,NAIJA FACES CASTING,Talent,16697831,14 Feb 2024,PAID,
INV02918,PRJ01427,Crew Connect NG,Crew,13714698,02/06/2022,OVERDUE,
INV05471,PRJ03346,COASTLINE PROPERTY SERVICES,Location,7247601,15-08-2023,OVERDUE,
INV07167,PRJ03483,Stagehand Talent Agency,Talent,28592487,17 Mar 2022,Overdue,
INV00740,PRJ00927,Lagos Grip & Lighting Co,Equipment Rental,18475109,2023-02-09,Pending,
INV00206,PRJ00229,Urban Set Scouts,Location,8264020,05-04-2021,Overdue,
INV04300,PRJ02942,STAGEHAND TALENT AGENCY,Talent,39163805,16/01/2025,Pending,
INV04405,PRJ00923,Urban Set Scouts,Location,11444111,12 Sep 2021,OVERDUE,
INV03152,PRJ03705,ColourGrade Lagos,Post-Production,7218606,2024-08-28,Overdue,
INV08121,PRJ02068,URBAN SET SCOUTS,Location,37212560,11/05/2022,disputed,
INV05254,PRJ02862,Crew Connect NG,Crew,46111119,25-10-2022,PAID,
INV05686,PRJ01127,Urban Set Scouts,Location,8319827,2024-09-15,pending,
INV06726,PRJ00932,PROGEAR NIGERIA,Equipment Rental,8232866,2023-10-05,Overdue,
INV03766,PRJ00107,Urban Set Scouts,Location,22236416,04-04-2025,disputed,
INV04471,PRJ01724,CREW CONNECT NG,Crew,14849282,12 Jun 2025,OVERDUE,
INV03205,PRJ01179,NAIJA LOCATIONS LTD,Location,21874970,01/02/2023,Paid,
INV09251,PRJ04000,Urban Set Scouts,Location,6545482,16/05/2021,Paid,
INV05626,PRJ02131,OnDeck Production Staffing,Crew,53940925,15 Apr 2024,Pd,
INV09269,PRJ01390,OnDeck Production Staffing,Crew,11924784,05-11-2024,Pd,
INV01014,PRJ01490,REDLINE CAMERA RENTALS,Equipment Rental,52199901,21 Jul 2023,Disputed,
INV03351,PRJ03362,MAMA BISI KITCHEN SERVICES,Catering,2212818,15/06/2023,pending,
INV03612,PRJ01628,crew connect ng,Crew,14813187,2024-02-22,Paid,
INV01598,PRJ03464,Stagehand Talent Agency,Talent,22218721,08/05/2022,Paid,
INV05774,PRJ02275,Crew Connect NG,Crew,13944580,2024-10-19,Pd,
INV00607,PRJ02654,Chop Life Catering,Catering,63273394,05 Aug 2022,PAID,
INV09569,PRJ01266,Chop Life Catering,Catering,26068049,26-07-2022,Disputed,
INV00087,PRJ01432,Urban Set Scouts,Location,14437431,04/01/2025,Pending,
INV09673,PRJ03799,reel edit studios,Post-Production,2013682,21/09/2025,Overdue,
INV03996,PRJ01991,Reel Edit Studios,Post-Production,30825030,27-10-2025,disputed,
INV08253,PRJ01513,Stagehand Talent Agency,Talent,3312852,2024-01-17,paid,
INV07482,PRJ03501,SoundWave Post NG,Post-Production,57022572,14 May 2024,disputed,
INV03819,PRJ02940,Redline Camera Rentals,Equipment Rental,18423118,10 May 2025,Pd,
INV08511,PRJ02481,CREW CONNECT NG,Crew,24180774,22 May 2023,Pd,
INV04534,PRJ01001,Stagehand Talent Agency,Talent,5402946,12/07/2025,OVERDUE,
INV06054,PRJ00646,Naija Faces Casting,Talent,14782446,12 May 2024,disputed,
INV07537,PRJ01725,OnSet Meals NG,Catering,21683109,09-04-2022,Disputed,
INV04860,PRJ01293,Mama Bisi Kitchen Services,Catering,8472276,28-05-2024,OVERDUE,
INV06427,PRJ00152,OnDeck Production Staffing,Crew,527001,28 May 2021,Overdue,
INV06180,PRJ00960,Urban Set Scouts,Location,16371066,2021-03-23,pending,
INV00801,PRJ00236,Naija Faces Casting,Talent,26866604,27 Nov 2024,Disputed,
INV01466,PRJ03206,Redline Camera Rentals,Equipment Rental,19232975,28-04-2025,Pd,
INV06300,PRJ00181,Frame & Focus Equipment,Equipment Rental,15158058,24/12/2025,PAID,
INV01512,PRJ02765,Naija Locations Ltd,Location,52524824,2021-09-14,paid,
INV08538,PRJ02716,SOUNDWAVE POST NG,Post-Production,4570490,2023-01-23,Pd,
INV01649,PRJ02684,ONSET MEALS NG,Catering,12649174,27/05/2021,pending,
INV06362,PRJ03914,Naija Faces Casting,Talent,3596374,28/10/2023,Paid,
INV00150,PRJ03523,Naija Locations Ltd,Location,7035791,2025-09-26,Disputed,
INV01390,PRJ03988,ColourGrade Lagos,Post-Production,816154,21/06/2021,Pending,
INV02235,PRJ00854,Reel Edit Studios,Post-Production,2409542,05 Nov 2025,PAID,
INV08903,PRJ01496,Coastline Property Services,Location,20220455,22/10/2021,Disputed,
INV01421,PRJ02544,NAIJA LOCATIONS LTD,Location,2088937,23 May 2024,Pd,
INV00106,PRJ01843,Mama Bisi Kitchen Services,Catering,660131,20 Jan 2025,Pd,
INV09747,PRJ03053,Stagehand Talent Agency,Talent,16043514,2024-10-27,Overdue,
INV06332,PRJ02872,Naija Faces Casting,Talent,16256988,19/05/2025,disputed,
INV04913,PRJ01103,reel edit studios,Post-Production,30345367,2021-02-20,PAID,
INV01622,PRJ03992,Stagehand Talent Agency,Talent,7886927,2021-07-07,Pd,
INV01729,PRJ01395,STAGEHAND TALENT AGENCY,Talent,3364844,2023-01-21,disputed,
INV00459,PRJ00990,Naija Locations Ltd,Location,3219514,05-02-2022,paid,
INV05160,PRJ02448,ColourGrade Lagos,Post-Production,32051889,25/03/2021,Pd,
INV07052,PRJ03047,COASTLINE PROPERTY SERVICES,Location,29357626,2021-04-11,Pd,
INV07915,PRJ01656,Mama Bisi Kitchen Services,Catering,2617747,15 Jun 2023,Disputed,
INV08573,PRJ03968,ProGear Nigeria,Equipment Rental,5650760,03/09/2025,pending,
INV00042,PRJ00131,stagehand talent agency,Talent,17099223,2025-05-07,Pd,
INV00151,PRJ03523,NAIJA LOCATIONS LTD,Location,7803049,2025-01-25,Disputed,
INV04818,PRJ00758,Lagos Grip & Lighting Co,Equipment Rental,8816547,18/01/2024,pending,
INV08966,PRJ00267,OnSet Meals NG,Catering,28719343,08 Oct 2024,Disputed,
INV04390,PRJ03601,Mama Bisi Kitchen Services,Catering,"NGN 43,870,874",2025-01-21,Pd,
INV00177,PRJ03674,LAGOS GRIP & LIGHTING CO,Equipment Rental,50314985,15 Nov 2021,Overdue,
INV08457,PRJ00346,Redline Camera Rentals,Equipment Rental,49789756,2025-10-24,Pending,
INV02484,PRJ03809,Mama Bisi Kitchen Services,Catering,53946881,2022-06-17,Paid,
INV08630,PRJ02853,SoundWave Post NG,Post-Production,20988546,2025-10-05,OVERDUE,
INV02987,PRJ02457,Naija Locations Ltd,Location,10622139,21 Oct 2025,disputed,
INV01495,PRJ02953,COASTLINE PROPERTY SERVICES,Location,18401334,2022-03-18,pending,
INV02505,PRJ03100,OnDeck Production Staffing,Crew,28518618,2023-03-24,Pd,
INV08668,PRJ03204,Crew Connect NG,Crew,6394834,20 Nov 2025,paid,
INV07328,PRJ00570,Chop Life Catering,Catering,15000,22/08/2025,Paid,
INV07456,PRJ03328,soundwave post ng,Post-Production,10207931,08 Jan 2024,pending,
INV05311,PRJ00580,OnDeck Production Staffing,Crew,8168783,18 Jun 2024,disputed,
INV09691,PRJ01181,onset meals ng,Catering,1445183,15-03-2023,PAID,
INV07681,PRJ03670,Stagehand Talent Agency,Talent,8314716,2022-10-27,Disputed,
INV01945,PRJ03771,Coastline Property Services,Location,5041353,27-02-2025,PAID,
INV02153,PRJ02106,SoundWave Post NG,Post-Production,2319908,13/04/2021,Pd,
INV02132,PRJ00611,ONSET MEALS NG,Catering,2466068,16 Mar 2022,disputed,
INV07145,PRJ01966,Frame & Focus Equipment,Equipment Rental,2534423,13/11/2023,PAID,
INV00375,PRJ02796,ColourGrade Lagos,Post-Production,43672969,24-01-2025,Pending,
INV05701,PRJ00872,Naija Faces Casting,Talent,26906229,01/07/2024,disputed,
INV04874,PRJ02327,ProGear Nigeria,Equipment Rental,2140754,21-08-2023,paid,
INV04380,PRJ03363,SOUNDWAVE POST NG,Post-Production,8489821,07/09/2023,OVERDUE,
INV04303,PRJ01735,Reel Edit Studios,Post-Production,18446226,2022-05-21,OVERDUE,
INV08483,PRJ03833,Reel Edit Studios,Post-Production,4766411,20 Oct 2025,OVERDUE,
INV00745,PRJ02900,STAGEHAND TALENT AGENCY,Talent,38988628,03-06-2025,Overdue,
INV09657,PRJ01997,SoundWave Post NG,Post-Production,5667694,26/04/2025,Pd,
INV02600,PRJ01638,URBAN SET SCOUTS,Location,3781932,06-08-2024,paid,
INV04504,PRJ03830,Redline Camera Rentals,Equipment Rental,24827555,17/04/2021,Paid,
INV08923,PRJ02589,COASTLINE PROPERTY SERVICES,Location,10767992,2023-03-27,Overdue,
INV09025,PRJ01018,Redline Camera Rentals,Equipment Rental,10060742,22 Mar 2023,Pd,
INV02339,PRJ02620,naija faces casting,Talent,4160568,15/08/2021,Pd,
INV00850,PRJ01204,Naija Faces Casting,Talent,16530803,05/11/2022,OVERDUE,
INV02846,PRJ01273,Naija Faces Casting,Talent,"NGN 8,764,462",28/05/2023,OVERDUE,
INV00594,PRJ00492,OnDeck Production Staffing,Crew,45404308,21-08-2023,Pd,
INV02208,PRJ01897,ProGear Nigeria,Equipment Rental,10572567,08/12/2024,disputed,
INV07177,PRJ02677,NAIJA LOCATIONS LTD,Location,387018,08/06/2023,pending,
INV09363,PRJ01673,ONDECK PRODUCTION STAFFING,Crew,4427762,15/04/2022,Pending,
INV03253,PRJ03175,SoundWave Post NG,Post-Production,2745119,02/03/2021,OVERDUE,
INV06056,PRJ00646,Crew Connect NG,Crew,23458139,06 Oct 2023,paid,
INV03911,PRJ03577,Coastline Property Services,Location,8210697,25/02/2024,disputed,
INV03377,PRJ02996,OnDeck Production Staffing,Crew,26964651,2021-09-24,pending,
INV05525,PRJ01906,Coastline Property Services,Location,10291151,25-11-2021,OVERDUE,
INV09475,PRJ03629,Lagos Grip & Lighting Co,Equipment Rental,31613630,17/11/2025,OVERDUE,
INV05797,PRJ02369,OnDeck Production Staffing,Crew,15784891,17/12/2022,Pending,
INV02034,PRJ01113,Stagehand Talent Agency,Talent,17129294,08-06-2021,Overdue,
INV02811,PRJ03107,Chop Life Catering,Catering,15666016,2021-10-12,Disputed,
INV08193,PRJ02280,Mama Bisi Kitchen Services,Catering,4418103,27 Aug 2022,Pending,
INV04170,PRJ03700,Stagehand Talent Agency,Talent,24359992,22/08/2022,Overdue,
INV08244,PRJ03766,OnDeck Production Staffing,Crew,7858604,27-12-2021,Disputed,
INV03759,PRJ03555,ONDECK PRODUCTION STAFFING,Crew,11036221,16-06-2023,Pending,
INV03740,PRJ02881,Urban Set Scouts,Location,37512374,20 Apr 2025,OVERDUE,
INV03653,PRJ01698,Crew Connect NG,Crew,1312667,13 Jul 2021,Paid,
INV08338,PRJ02330,OnDeck Production Staffing,Crew,1501695,2021-05-03,Paid,
INV08128,PRJ00561,ColourGrade Lagos,Post-Production,33852315,20 Mar 2022,Pending,
INV01655,PRJ00195,Stagehand Talent Agency,Talent,30779350,10 Feb 2021,Overdue,
INV02917,PRJ01427,Naija Locations Ltd,Location,11230094,24-09-2022,Disputed,
INV05738,PRJ01458,coastline property services,Location,25751479,16 Jan 2023,Disputed,
INV09544,PRJ02999,lagos grip & lighting co,Equipment Rental,6954059,04-11-2021,OVERDUE,
INV01492,PRJ03885,Chop Life Catering,Catering,327359,2021-05-14,Paid,
INV04702,PRJ02059,Crew Connect NG,Crew,5988079,20-03-2025,PAID,
INV00051,PRJ01807,NAIJA FACES CASTING,Talent,2799034,14 Oct 2023,OVERDUE,
INV08435,PRJ00441,Naija Locations Ltd,Location,48718033,26 Feb 2023,Overdue,
INV08172,PRJ01260,Stagehand Talent Agency,Talent,19529986,06/11/2024,pending,
INV08548,PRJ00444,mama bisi kitchen services,Catering,13045715,25-10-2022,disputed,
INV00180,PRJ02296,Crew Connect NG,Crew,42031572,09/01/2025,Pd,
INV03902,PRJ01964,Mama Bisi Kitchen Services,Catering,27883448,22/04/2022,PAID,
INV01886,PRJ00623,OnDeck Production Staffing,Crew,22202757,10 Mar 2022,Pending,
INV01907,PRJ01170,SoundWave Post NG,Post-Production,40015410,16-04-2025,paid,
INV09585,PRJ00972,Redline Camera Rentals,Equipment Rental,5000151,04 Jan 2025,pending,
INV03652,PRJ03643,Chop Life Catering,Catering,27386329,2022-07-02,Disputed,
INV09169,PRJ02146,Redline Camera Rentals,Equipment Rental,2800643,18 Jul 2023,disputed,
INV05381,PRJ03267,OnDeck Production Staffing,Crew,7535269,18/04/2024,PAID,
INV09606,PRJ03493,Naija Faces Casting,Talent,27650664,24-06-2021,disputed,
INV09779,PRJ09999,SoundWave Post NG,Post-Production,734573,18/07/2023,pending,
INV03540,PRJ00239,Stagehand Talent Agency,Talent,25473477,08 Jan 2023,OVERDUE,
INV03366,PRJ02587,naija faces casting,Talent,38903856,14 Nov 2025,OVERDUE,
INV08907,PRJ03032,Frame & Focus Equipment,Equipment Rental,13573714,15/08/2021,disputed,
INV01936,PRJ03094,REDLINE CAMERA RENTALS,Equipment Rental,4754419,06-07-2024,disputed,
INV05526,PRJ01906,SoundWave Post NG,Post-Production,70288237,2022-07-21,disputed,
INV04187,PRJ01157,Naija Locations Ltd,Location,9185813,06 Jul 2023,Pd,
INV01939,PRJ02609,naija faces casting,Talent,58541423,22-05-2022,Disputed,
INV02107,PRJ01207,ProGear Nigeria,Equipment Rental,4806098,04/09/2021,paid,
INV08062,PRJ02811,OnDeck Production Staffing,Crew,24646927,22/07/2023,Pd,
INV03499,PRJ03777,Lagos Grip & Lighting Co,Equipment Rental,10351864,21/02/2024,paid,
INV07635,PRJ00266,Stagehand Talent Agency,Talent,24599581,23 Jun 2024,disputed,
INV00179,PRJ02296,Stagehand Talent Agency,Talent,10972787,07-10-2021,Pending,
INV00038,PRJ01289,Naija Faces Casting,Talent,63073479,2022-08-10,Pd,
INV06036,PRJ02334,Frame & Focus Equipment,Equipment Rental,32895039,18-08-2021,Paid,
INV04125,PRJ01805,Reel Edit Studios,Post-Production,4906950,2025-11-27,paid,
INV00517,PRJ00377,COLOURGRADE LAGOS,Post-Production,12728438,2024-04-03,pending,
INV03390,PRJ02828,Crew Connect NG,Crew,3247351,12-12-2022,Overdue,
INV01023,PRJ02603,Urban Set Scouts,Location,14343810,23-06-2021,Paid,
INV02845,PRJ01273,Lagos Grip & Lighting Co,Equipment Rental,14034615,16 Nov 2024,OVERDUE,
INV06322,PRJ03046,naija faces casting,Talent,31634101,07/01/2025,disputed,
INV04437,PRJ02560,ProGear Nigeria,Equipment Rental,10209078,27-09-2021,Pd,
INV06943,PRJ01420,Stagehand Talent Agency,Talent,48407230,27 Sep 2024,Pending,
INV04419,PRJ01989,Urban Set Scouts,Location,22801943,16-05-2024,Pending,
INV06413,PRJ00604,Lagos Grip & Lighting Co,Equipment Rental,8667346,28/09/2021,disputed,
INV02382,PRJ00935,Crew Connect NG,Crew,7492034,11-06-2024,Paid,
INV05663,PRJ02301,COASTLINE PROPERTY SERVICES,Location,2283842,2025-06-17,disputed,
INV08563,PRJ02797,MAMA BISI KITCHEN SERVICES,Catering,8721151,01 Oct 2025,PAID,
INV02458,PRJ01188,crew connect ng,Crew,1676237,18 Nov 2022,PAID,
INV09318,PRJ01457,ColourGrade Lagos,Post-Production,8333382,17 Mar 2021,Overdue,
INV05538,PRJ03214,Chop Life Catering,Catering,"NGN 46,859,491",2024-12-08,PAID,
INV08158,PRJ01696,OnSet Meals NG,Catering,4807966,21-02-2024,OVERDUE,
INV03836,PRJ00945,ColourGrade Lagos,Post-Production,12249493,08 May 2022,pending,
INV01359,PRJ03017,Mama Bisi Kitchen Services,Catering,20768090,17 Nov 2025,Overdue,
INV00577,PRJ00315,OnDeck Production Staffing,Crew,489276,23-06-2021,Pending,
INV05569,PRJ02124,Mama Bisi Kitchen Services,Catering,11444947,07 Oct 2025,pending,
INV08600,PRJ01501,Mama Bisi Kitchen Services,Catering,36159237,04/07/2023,OVERDUE,
INV03501,PRJ03777,reel edit studios,Post-Production,26906138,17 Oct 2025,OVERDUE,
INV08736,PRJ01686,stagehand talent agency,Talent,13123985,2024-05-09,Overdue,
INV03803,PRJ00342,Reel Edit Studios,Post-Production,"NGN 37,331,627",28-02-2022,OVERDUE,
INV08547,PRJ00444,CREW CONNECT NG,Crew,36793168,28 Mar 2023,pending,
INV01166,PRJ00290,Coastline Property Services,Location,23963523,08 May 2022,Pending,
INV02770,PRJ00765,Naija Faces Casting,Talent,33199864,14 Oct 2025,Overdue,
INV00837,PRJ00381,ColourGrade Lagos,Post-Production,16452596,23 Feb 2023,Pd,
INV02932,PRJ02290,Mama Bisi Kitchen Services,Catering,12214548,2022-10-10,PAID,
INV02376,PRJ02090,Crew Connect NG,Crew,50185342,06 Jan 2022,OVERDUE,
INV07437,,ProGear Nigeria,Equipment Rental,1684623562,16/04/2022,disputed,
INV04251,PRJ02707,chop life catering,Catering,14748348,10/03/2023,pending,
INV05990,PRJ02627,Crew Connect NG,Crew,17596455,22-04-2021,PAID,
INV07703,PRJ00887,CHOP LIFE CATERING,Catering,43621062,2024-03-14,pending,
INV04184,PRJ02020,Crewnnect,Crew,8620841,17 Feb 2021,Paid,
INV04407,PRJ00923,OnSet Meals NG,Catering,16631554,01/08/2025,PAID,
INV05116,PRJ02760,mama bisi kitchen services,Catering,38108241,2021-10-18,paid,
INV04146,PRJ00929,SoundWave Post NG,Post-Production,26017549,03-04-2022,Pending,
INV07146,PRJ03181,OnSet Meals NG,Catering,13574089,22 May 2023,Pending,
INV09314,PRJ00755,Coastline Property Services,Location,9291659,13/08/2025,Disputed,
INV00832,PRJ02163,Chop Life Catering,Catering,14064103,2021-03-06,pending,
INV09438,PRJ03534,LAGOS GRIP & LIGHTING CO,Equipment Rental,17043913,2024-04-19,Paid,
INV07182,PRJ03752,Naija Faces Casting,Talent,38258472,09 Aug 2022,PAID,
INV03573,PRJ03211,Reel Edit Studios,Post-Production,33099991,2022-05-12,Pd,
INV03676,PRJ02908,stagehand talent agency,Talent,32273119,03-11-2021,pending,
INV04493,PRJ00614,stagehand talent agency,Talent,28462437,04-12-2025,Disputed,
INV03683,PRJ03639,OnDeck Production Staffing,Crew,34576453,27 May 2024,disputed,
INV03800,PRJ00342,OnSet Meals,Catering,14645119,07 May 2023,OVERDUE,
INV06532,PRJ02331,Stagehand Talent Agency,Talent,5974319,23-04-2024,Pd,
INV00450,PRJ01748,Coastline Property Services,Location,6442001,2023-06-27,PAID,
INV01016,PRJ01490,NAIJA FACES CASTING,Talent,924295,16/03/2025,Overdue,
INV04296,PRJ02230,Reel Edit Studios,Post-Production,20491571,20-05-2025,Disputed,
INV02275,PRJ02768,Reel Edit Studios,Post-Production,4755547,09 Dec 2021,PAID,
INV02949,PRJ02054,soundwave post ng,Post-Production,3888361,20-10-2021,Overdue,
INV09001,PRJ03677,ONDECK PRODUCTION STAFFING,Crew,"NGN 1,952,904",21/02/2022,disputed,
INV06713,PRJ02670,Naija Locations,Location,2894080,01-07-2024,Pending,
INV07230,PRJ03353,Urban Set Scouts,Location,55924063,15 Sep 2021,disputed,
INV09498,PRJ03937,Coastline Property Services,Location,3458935,12 Feb 2023,Pending,
INV01262,PRJ01630,crew connect ng,Crew,17355461,2025-11-23,disputed,
INV08398,PRJ01702,ONSET MEALS NG,Catering,17305079,01/10/2023,Pd,
INV06746,PRJ00292,OnDeck Production Staffing,Crew,11970103,06/01/2023,Pending,
INV00344,PRJ02194,Mama Bisi Kitchen Services,Catering,10639544,2023-10-23,PAID,
INV09509,PRJ02316,NAIJA FACES CASTING,Talent,7712860,09/07/2022,disputed,
INV03752,PRJ03414,SoundWave Post NG,Post-Production,6568469,2022-11-13,Pending,
INV00247,PRJ02484,CREW CONNECT NG,Crew,13753405,08-06-2024,Pd,
INV08935,PRJ02199,Frame & Focus Equipment,Equipment Rental,28596342,12-07-2021,Pd,
INV04441,PRJ03944,Reel Edit Studios,Post-Production,24819681,28/02/2021,Overdue,
INV06972,PRJ03312,SoundWave Post,Post-Production,12256802,04-08-2022,PAID,
INV08571,PRJ01215,ColourGrade Lagos,Post-Production,7754313,2024-07-15,Overdue,
INV08525,PRJ03751,Reel Edit Studios,Post-Production,"NGN 38,326,513",27-07-2024,PAID,
INV01580,PRJ01622,Crew Connect NG,Crew,9692942,23/03/2023,PAID,
INV01281,PRJ03898,SoundWave Post NG,Post-Production,4732676,12-12-2024,Overdue,
INV02776,PRJ01234,OnDeck Production Staffing,Crew,24197860,25/12/2024,Overdue,
INV01149,PRJ00648,Stagehand Talent Agency,Talent,24470367,08-06-2024,Overdue,
INV04757,PRJ00424,REDLINE CAMERA RENTALS,Equipment Rental,5627477,2023-02-01,disputed,
INV03129,PRJ00106,ColourGrade Lagos,Post-Production,3264005,09-12-2023,OVERDUE,
INV00678,PRJ00141,OnDeck Production Staffing,Crew,2514710,11-11-2024,Pending,
INV00912,PRJ03484,Chop Life Catering,Catering,"NGN 12,302,896",17 Nov 2024,Pending,
INV03492,PRJ02599,ondeck production staffing,Crew,11223561,19/11/2022,OVERDUE,
INV07846,PRJ02162,Crew Connect NG,Crew,24009991,11 Aug 2021,paid,
INV08243,PRJ02263,Stagehand Talent Agency,Talent,15121185,27 Jun 2025,PAID,
INV03570,PRJ03199,naija faces casting,Talent,"NGN 24,158,062",2024-03-18,Pending,
INV06730,PRJ03908,Crew Connect NG,Crew,91267,04 Dec 2022,Paid,
INV07006,PRJ02302,OnDeck Production Staffing,Crew,13208723,04-10-2021,Paid,
INV03871,PRJ02115,Naija Locations Ltd,Location,15772764,16-05-2025,Paid,
INV04522,PRJ00868,Crewnnect,Crew,17880867,01 Feb 2022,pending,
INV08742,PRJ02265,COLOURGRADE LAGOS,Post-Production,12367161,10 Apr 2022,Pending,
INV05618,PRJ03958,ProGear Nigeria,Equipment Rental,49235473,11/02/2023,Disputed,
