customer_id,full_name,phone,email,registered_city_id,signup_date
1,Chinedu Eze,2347563950888,chinedu713@outlook.com,4,2025-07-16
2,Nonso Balogun,2348709910914,nonso610@yahoo.com,17,2024-11-23
3,Lawal Fashola,07408963715,lawal770@gmail.com,17,2023-12-20
4,Mary Okoro,07195793722,,5,2025-06-11
5,Obi Ojo,+2348804589533,,2,2025-06-16
6,Aisha Sani,08971327691,aisha784@outlook.com,10,2022-06-13
7,Hassan Sani,+2348884700025,hassan280@yahoo.com,22,2024-08-05
8,Ijeoma Nwosu,2347329961107,,3,2025-07-30
9,Lawal Balogun,2347461843636,,13,2024-12-18
10,Nneka Sani,07208890439,,3,2024-05-17
11,Ibrahim Okafor, 07511341919 ,ibrahim245@gmail.com,7,2023-01-21
12,Nonso Bassey,2347422921542,nonso168@yahoo.com,19,2022-07-23
13,Hassan Ojo, 07502275009 ,hassan851@outlook.com,20,2024-02-08
14,,2347889937982,chioma380@gmail.com,14,2024-04-29
15,Mary Eze,07928713146,mary446@gmail.com,18,2023-12-06
16,John Umeh,08875502929,,15,2022-11-25
17,Kemi Umeh,+2348717358385,,7,2024-03-27
18,Femi Bassey,08525635017,femi530@gmail.com,8,2024-09-10
19,John Yakubu,07042561176,,19,2023-10-12
20,Grace Yakubu,+2347888138769,grace564@yahoo.com,9,2024-12-16
21,Obi Eze,+2347803005795,obi974@outlook.com,9,2023-08-18
22,,+2347254256752,,18,2024-02-10
23,Yusuf Bassey,07135901239,yusuf130@outlook.com,1,2025-03-02
24,Samuel Ogunleye,08126716097,,3,2025-02-03
25,Ijeoma Yakubu,08611899411,,8,2024-02-13
26,Chioma Fashola,2348554786401,chioma390@yahoo.com,14,2024-01-30
27,Zainab Chukwu,+2348562664863,zainab213@outlook.com,6,2022-11-14
28,BLESSING ADEYEMI,08048558197,blessing482@yahoo.com,15,2024-01-12
29,Tunde Okoro, 09014318855 ,tunde558@gmail.com,3,2023-11-27
30,Ngozi Nwosu,2348525842082,ngozi480@outlook.com,17,2024-09-02
31,David Yakubu,08531668752,david753@yahoo.com,22,2022-07-23
32,Samuel Chukwu, 08955521644 ,samuel782@gmail.com,6,2024-11-22
33,Faith Sani,+2348252530793,faith419@yahoo.com,11,2023-01-01
34,Kelechi Yakubu,08021615675,kelechi323@yahoo.com,1,2024-09-05
35,David Umeh,07489697969,david775@yahoo.com,18,2022-09-14
36,Yusuf Ogunleye,08789132114,,6,2025-10-29
37,Zainab Fashola,08042563790,,4,2023-01-19
38,Emeka Yakubu, 07749537455 ,emeka426@yahoo.com,5,2023-10-13
39,Hassan Abubakar, 08303290229 ,hassan283@yahoo.com,1,2025-04-05
40,Wale Ogunleye,2348489214801,wale458@outlook.com,18,2024-04-11
41,HASSAN UMEH, 07485006492 ,hassan240@yahoo.com,13,2025-01-24
42,Hassan Balogun,07093118060,hassan605@yahoo.com,15,2024-11-18
43,Chinedu Balogun,08673589751,,13,2023-11-25
44,Amaka Danjuma,2348367375499,amaka642@outlook.com,2,2025-02-24
45,Precious Adeyemi,08755821419,precious765@gmail.com,4,2022-12-19
46,Maryam Nwosu,+2347071771600,,5,2024-06-04
47,Kemi Igwe,08744020853,,8,2024-07-23
48,Mary Chukwu,08185261032,mary683@gmail.com,22,2025-01-08
49,David Nwosu,07886018975,david435@outlook.com,13,2024-02-09
50,JOHN EZE,08467022335,john717@yahoo.com,19,2024-08-19
51,Ngozi Aliyu,+2347734860745,ngozi361@gmail.com,22,2025-11-23
52,Yusuf Eze, 08651661401 ,,5,2025-08-30
53,Amaka Ogunleye,08063946751,,9,2024-06-19
54,Fatima Bassey, 08235951651 ,fatima347@gmail.com,8,2022-11-02
55,Ijeoma Fashola,09027619862,,22,2024-12-18
56,Musa Chukwu,08637232293,,18,2022-07-22
57,Chuka Aliyu,07168789116,chuka310@outlook.com,2,2023-03-14
58,Zainab Yakubu,07603276065,zainab380@outlook.com,5,2025-06-11
59,Kelechi Eze,2348577847048,kelechi287@gmail.com,8,2023-08-19
60,Grace Eze, 07947017548 ,,15,2023-02-06
61,Amaka Abubakar,+2348521358318,,7,2023-02-13
62,,07554909069,,5,2025-10-03
63,YUSUF FASHOLA,07442844258,yusuf27@gmail.com,1,2023-10-01
64,Segun Bassey,08898062546,segun764@gmail.com,4,2024-06-11
65,Maryam Igwe,08571727544,maryam931@outlook.com,1,2024-12-25
66,Ngozi Yakubu,2348092811298,ngozi932@yahoo.com,5,2022-11-13
67,Tunde Balogun,08626455706,tunde612@outlook.com,4,2025-04-01
68,Chioma Fashola,+2347558215376,chioma234@yahoo.com,4,2024-12-15
69,Chuka Sani,07657279729,chuka704@yahoo.com,4,2022-11-22
70,Grace Balogun,+2348506530541,grace421@yahoo.com,2,2024-10-14
71,Wale Aliyu,07269512969,,12,2023-09-03
72,Blessing Mba,07714794319,blessing866@outlook.com,21,2025-11-25
73,Blessing Okafor,+2348685487028,,12,2024-02-23
74,Chinedu Nwosu,2348447724045,,17,2022-08-02
75,Aisha Ojo,07873640889,aisha739@yahoo.com,2,2025-08-06
76,Emeka Nwosu,2347122368710,,14,2025-02-19
77,Nneka Abubakar,2347296791039,nneka291@outlook.com,10,2025-02-21
78,Ibrahim Okoro,08531919088,,9,2023-08-07
79,Wale Danjuma,08278225192,,22,2023-09-15
80,Femi Adeyemi,08891709714,femi471@gmail.com,13,2025-08-23
81,Kelechi Ogunleye,07056448705,,12,2024-12-29
82,Amaka Sani,2347628309439,amaka537@gmail.com,8,2024-02-26
83,Bisi Nwosu,08622913049,bisi199@yahoo.com,5,2023-03-30
84,Musa Abubakar,07392264218,,19,2025-03-08
85,Faith Umeh,+2348446422534,faith643@yahoo.com,21,2022-10-18
86,Zainab Bassey,+2347909511700,,10,2022-08-17
87,Tunde Adeyemi,+2348297450545,tunde568@outlook.com,19,2024-12-08
88,Uche Danjuma,+2348283531028,uche462@gmail.com,3,2024-05-04
89,Peter Nwosu,08818344365,peter537@outlook.com,10,2024-06-15
90,Hassan Sani,2348731878547,hassan663@yahoo.com,13,2022-12-11
91,Wale Bassey,+2348683522845,,10,2023-03-17
92,Ijeoma Balogun,+2347216193922,ijeoma659@yahoo.com,22,2025-05-14
93,Lawal Igwe,07926181912,,5,2025-02-20
94,Emeka Adeyemi,09012696860,emeka553@outlook.com,20,2022-08-17
95,Yusuf Aliyu,07414034091,yusuf790@outlook.com,2,2023-05-06
96,Kelechi Mba,+2347608452417,kelechi771@outlook.com,10,2023-09-23
97,John Abubakar,08468391997,john289@yahoo.com,7,2024-10-05
98,Daniel Balogun,2347139062973,daniel568@gmail.com,10,2025-04-22
99,Amaka Nwosu,08313472100,amaka94@gmail.com,14,2024-05-16
100,NGOZI OJO,+2347607478792,ngozi384@gmail.com,21,2022-12-20
101,,07738926478,bisi143@outlook.com,3,2025-11-12
102,Efe Bassey,07389854536,efe795@yahoo.com,14,2023-02-05
103,Precious Umeh,08279993490,,10,2023-10-09
104,Lawal Okafor,+2347617988844,,3,2025-05-08
105,Grace Fashola,+2348291341153,grace482@gmail.com,1,2024-07-04
106,Femi Adeyemi,08872739191,femi753@yahoo.com,21,2024-05-22
107,Segun Umeh, 08224058117 ,segun65@outlook.com,7,2024-12-24
108,Ibrahim Abubakar,2347806202210,ibrahim835@outlook.com,7,2022-08-14
109,Wale Mba,2347126568772,,15,2024-11-11
110,Hassan Danjuma, 08279347057 ,hassan817@outlook.com,3,2022-11-17
111,Lawal Aliyu, 07465928582 ,,20,2024-01-27
112,Lawal Nwosu,+2347898501590,,14,2024-05-23
113,Nneka Suleiman,08637815076,nneka821@outlook.com,20,2022-08-03
114,MARYAM SULEIMAN,07607145971,maryam973@outlook.com,12,2023-04-11
115,Grace Umeh,2348463310140,grace408@yahoo.com,1,2023-10-25
116,Segun Yakubu,+2348432975701,,20,2024-11-30
117,Wale Yakubu,07342242387,wale921@outlook.com,11,2022-11-27
118,Femi Adeyemi,+2347746032437,femi729@outlook.com,17,2023-05-23
119,Obi Eze, 09023329967 ,,12,2024-06-09
120,Nonso Fashola,07222103070,,14,2025-02-05
121,Samuel Adeyemi,07812244282,samuel697@outlook.com,6,2025-07-04
122,Yusuf Sani,+2347143083077,yusuf312@gmail.com,17,2023-09-05
123,Wale Adeyemi,08625604524,,21,2025-05-28
124,Fatima Chukwu, 07393872269 ,fatima738@outlook.com,1,2025-07-29
125,Amaka Suleiman, 08975440189 ,amaka786@outlook.com,21,2022-08-02
126,David Ogunleye,+2347779102469,,3,2024-09-09
127,Ngozi Nwosu,08238792046,,11,2024-03-02
128,Femi Ojo,07949639932,femi327@gmail.com,5,2023-11-30
129,Bello Suleiman,07988015136,,19,2023-04-24
130,Chuka Abubakar,2348279635649,chuka901@yahoo.com,17,2022-12-02
131,Nonso Okoro,07901816348,,1,2025-01-19
132,Bello Sani,07677136730,bello375@gmail.com,12,2025-08-11
133,Blessing Ogunleye,08298555692,blessing287@outlook.com,4,2023-01-30
134,Ijeoma Mba,2347867133857,ijeoma204@outlook.com,2,2025-03-21
135,Yusuf Danjuma,2348328666995,,20,2023-03-14
136,Chuka Nwosu,08576020319,chuka520@outlook.com,1,2025-07-27
137,Grace Danjuma,+2348066161977,grace743@outlook.com,21,2025-10-05
138,Faith Chukwu,07139060593,,13,2025-11-21
139,Emeka Okoro,08792843740,,7,2024-10-05
140,Kelechi Igwe,2348202044906,kelechi532@gmail.com,11,2025-02-04
141,Segun Umeh, 07876943949 ,segun889@outlook.com,7,2023-11-24
142,Kemi Bassey,+2347575993143,kemi722@gmail.com,12,2025-02-26
143,Blessing Bassey,08467370211,blessing405@yahoo.com,10,2023-03-27
144,Amaka Mba, 08675302415 ,amaka220@gmail.com,9,2023-12-08
145,Yusuf Eze,+2348505014486,,8,2025-05-23
146,Ngozi Eze,08838925622,,6,2022-06-11
147,Kelechi Yakubu,07515819172,,8,2022-12-01
148,David Suleiman, 07448010946 ,david181@gmail.com,6,2024-08-22
149,Wale Suleiman,08452800206,wale344@yahoo.com,5,2025-06-17
150,Peter Umeh,09072889899,,1,2023-11-09
151,Bisi Ogunleye,+2348934240708,,17,2024-09-08
152,Chuka Adeyemi,07244100114,chuka489@yahoo.com,8,2022-06-14
153,Maryam Bassey, 07771191859 ,,4,2023-09-27
154,Nonso Ogunleye,08759430894,nonso910@outlook.com,10,2023-01-27
155,Grace Aliyu,07349022561,,18,2025-10-23
156,John Fashola,2347555151780,john611@gmail.com,3,2025-05-17
157,Samuel Eze,08409480665,,17,2023-05-03
158,Maryam Eze,+2348839201172,,17,2022-09-22
159,KELECHI UMEH,+2348438757420,kelechi316@outlook.com,7,2023-11-04
160,Faith Adeyemi,07882069713,faith62@gmail.com,14,2025-01-22
161,Segun Balogun,2348868052503,segun913@yahoo.com,22,2024-07-13
162,David Balogun,+2347892990334,,8,2025-05-19
163,Chinedu Okafor, 08188115687 ,chinedu844@gmail.com,7,2024-05-09
164,Chioma Suleiman,2348071262492,,20,2025-09-29
165,Ngozi Okoro,+2348028364573,,10,2022-09-24
166,Obi Chukwu,08536379867,,10,2025-05-03
167,Nneka Suleiman,+2348513938247,nneka438@outlook.com,22,2024-05-06
168,Hassan Igwe,08067849452,,8,2025-06-06
169,Zainab Balogun,2347147923579,zainab571@outlook.com,11,2023-10-11
170,Amaka Umeh,2347239986473,amaka196@gmail.com,3,2025-10-21
171,Uche Chukwu,+2348434640933,uche891@yahoo.com,7,2022-07-02
172,Chioma Yakubu, 08784431161 ,chioma246@outlook.com,18,2024-01-01
173,Femi Ogunleye,08319342928,femi823@outlook.com,12,2024-03-17
174,Chuka Sani,07563448176,,14,2025-09-09
175,Wale Balogun,07587372653,wale252@yahoo.com,16,2024-04-22
176,Mary Umeh,09036908535,,18,2025-02-25
177,Ngozi Igwe,07191813936,ngozi423@gmail.com,5,2023-09-17
178,,+2347952014184,chinedu683@outlook.com,18,2025-02-24
179,Blessing Sani,08355609384,blessing294@gmail.com,6,2024-10-29
180,Bello Eze,+2347614220085,bello259@yahoo.com,13,2024-08-21
181,Nonso Chukwu,08784789255,,21,2022-11-13
182,IBRAHIM ADEYEMI,07968986040,,14,2023-05-17
183,Bisi Chukwu, 07249861040 ,bisi236@gmail.com,2,2025-08-04
184,Tunde Bassey,2348441552000,,19,2022-07-03
185,Emeka Ojo, 07763725462 ,emeka581@yahoo.com,5,2025-06-12
186,Amaka Igwe,+2347881900876,,20,2022-11-03
187,Daniel Ojo, 07831497036 ,daniel803@yahoo.com,13,2024-05-29
188,Lawal Nwosu,+2348697376562,,3,2023-10-18
189,Nneka Balogun,09003588336,nneka325@yahoo.com,15,2022-06-11
190,,07224143912,grace571@outlook.com,12,2022-12-29
191,Blessing Adeyemi,+2349006443037,blessing13@yahoo.com,18,2022-11-21
192,Kemi Chukwu,+2348757387623,,3,2023-12-02
193,Fatima Sani,07769124053,fatima370@yahoo.com,20,2025-12-02
194,Uche Umeh,07771113537,uche341@outlook.com,14,2024-04-05
195,Daniel Balogun,08544369728,daniel182@yahoo.com,21,2024-01-18
196,Mary Chukwu,2347837309161,,19,2024-06-17
197,Uche Chukwu, 07461451577 ,uche473@outlook.com,3,2024-01-18
198,Kelechi Yakubu,07775060441,,3,2024-10-14
199,Maryam Aliyu,08029965197,maryam943@outlook.com,12,2022-08-15
200,David Aliyu,+2347212834914,david674@outlook.com,21,2025-11-06
201,Ijeoma Danjuma, 08102777454 ,,18,2025-04-11
202,Faith Chukwu,07957562142,faith696@outlook.com,1,2023-04-05
203,John Eze,07212947320,john748@gmail.com,7,2024-05-03
204,Grace Yakubu,07248351204,grace464@yahoo.com,4,2022-08-31
205,Efe Danjuma,+2348733757404,efe759@gmail.com,18,2025-07-05
206,,08034094587,,20,2024-08-19
207,Uche Umeh,+2347991074659,uche211@yahoo.com,18,2022-10-07
208,Segun Mba,08172911847,,11,2025-05-16
209,Daniel Ojo,+2348502916496,,22,2025-11-16
210,Zainab Aliyu,+2348723247270,,5,2023-01-26
211,Peter Ojo,07357437584,peter499@outlook.com,16,2023-05-21
212,Wale Balogun,08151899447,wale975@gmail.com,18,2023-07-05
213,Peter Yakubu,08257973121,peter455@yahoo.com,8,2025-08-01
214,Wale Suleiman,08375843084,,4,2025-03-11
215,Samuel Eze,08397154919,samuel775@gmail.com,14,2024-11-20
216,Bello Okoro,07088545256,,4,2022-11-26
217,Kemi Abubakar,2348506882609,kemi625@outlook.com,7,2025-11-13
218,Aisha Suleiman,+2348365715824,aisha173@yahoo.com,9,2024-01-21
219,Peter Eze,08927905438,peter284@outlook.com,11,2023-02-27
220,Kemi Ojo,08475508325,kemi385@yahoo.com,9,2022-12-08
221,Grace Umeh, 07831041491 ,grace868@outlook.com,12,2024-12-25
222,Tunde Fashola,08094554277,tunde331@yahoo.com,16,2025-08-27
223,Bisi Suleiman,08608710502,,1,2023-04-20
224,Lawal Abubakar, 07336064462 ,,12,2023-12-14
225,Musa Adeyemi,08663777050,,3,2023-09-23
226,Bello Okafor,07193226333,bello532@outlook.com,4,2022-06-17
227,Lawal Balogun,07587426846,,10,2022-12-29
228,,2348923233823,yusuf694@gmail.com,21,2025-07-28
229,Fatima Umeh,07543539636,fatima631@outlook.com,4,2023-08-19
230,Yusuf Eze,+2347986897789,yusuf323@gmail.com,20,2022-11-20
231,Daniel Aliyu,08761450038,daniel675@yahoo.com,13,2025-10-25
232,Wale Suleiman,2349035015476,wale116@gmail.com,1,2025-09-29
233,,08458060918,grace700@gmail.com,3,2022-10-28
234,Chinedu Bassey,07157676912,chinedu644@outlook.com,13,2024-09-28
235,Amaka Fashola,+2347395655136,,5,2023-07-22
236,David Danjuma,08622109227,,3,2023-10-02
237,Lawal Eze,08551923227,,5,2023-05-26
238,Chinedu Nwosu,07889774573,chinedu843@outlook.com,9,2024-07-01
239,Chioma Okafor,08095563077,chioma270@outlook.com,15,2025-12-07
240,Peter Mba,08453799805,peter262@gmail.com,17,2023-01-23
241,Chinedu Suleiman,2347035102892,,2,2023-04-04
242,Blessing Sani,07637983626,blessing328@yahoo.com,17,2025-08-14
243,Ngozi Nwosu,08321770553,ngozi71@yahoo.com,18,2024-02-27
244,Nonso Okafor,07746098752,nonso249@yahoo.com,7,2025-03-07
245,David Okoro,08041401147,,1,2022-06-20
246,Hassan Ogunleye,08354995789,hassan985@gmail.com,3,2023-03-19
247,Ibrahim Okoro,2348337929943,ibrahim382@yahoo.com,17,2022-11-21
248,Yusuf Ojo,08452044933,yusuf988@gmail.com,13,2023-11-17
249,Chuka Danjuma,07592253047,chuka140@outlook.com,15,2023-01-03
250,Chuka Sani,07914483557,chuka475@yahoo.com,22,2022-12-03
251,Zainab Aliyu,07833488460,,2,2024-05-29
252,Zainab Bassey,2347441521470,zainab876@yahoo.com,15,2025-07-01
253,Bello Balogun,07154729376,,21,2024-07-02
254,Amaka Chukwu,+2349082258076,,3,2024-11-25
255,Bisi Eze,08181849559,,13,2024-08-17
256,Lawal Nwosu,07475613428,,20,2022-08-10
257,Kemi Ogunleye,08409036805,,21,2023-03-09
258,Grace Okoro,+2349051327658,grace801@outlook.com,12,2025-06-20
259,Samuel Igwe,07694016809,,9,2022-07-31
260,Ngozi Yakubu,+2348964905100,ngozi103@gmail.com,2,2023-11-28
261,Obi Chukwu,2349047516648,obi860@gmail.com,12,2025-09-26
262,Faith Okafor,+2347903384080,faith193@yahoo.com,3,2023-05-26
263,Ngozi Okoro,+2347059832340,ngozi340@outlook.com,6,2023-02-23
264,Chuka Suleiman,08503376537,chuka867@outlook.com,22,2022-10-27
265,Ijeoma Chukwu,07776412383,,16,2024-11-11
266,Chuka Nwosu,+2348436986539,,10,2023-05-26
267,YUSUF NWOSU,+2348797569981,yusuf790@outlook.com,20,2025-10-16
268,Obi Chukwu,08273359604,,6,2024-05-11
269,Amaka Danjuma,07674517918,,1,2023-11-08
270,Ngozi Ojo,08073790695,ngozi505@yahoo.com,16,2024-07-08
271,Samuel Okoro,07181560573,,6,2023-01-01
272,Hassan Nwosu,+2348402562037,,14,2025-02-13
273,Fatima Aliyu,2347401898516,,18,2023-06-25
274,David Bassey,+2347764985398,,5,2025-06-30
275,,07225941719,ngozi641@outlook.com,6,2022-12-16
276,Wale Adeyemi,07296173311,wale483@yahoo.com,18,2023-11-25
277,HASSAN NWOSU,07977197531,,8,2024-11-17
278,Nneka Chukwu,08922622400,,19,2025-06-13
279,Obi Fashola,07999767475,obi549@outlook.com,8,2025-01-28
280,John Ogunleye,08821582647,john923@outlook.com,15,2025-11-22
281,Segun Nwosu, 09064233407 ,,21,2024-11-08
282,Emeka Aliyu,08862124274,,9,2025-07-05
283,Grace Umeh, 07039767135 ,grace116@yahoo.com,4,2025-08-04
284,Bello Chukwu,2349015799841,bello902@yahoo.com,16,2023-11-23
285,Samuel Aliyu,07445620682,samuel634@outlook.com,11,2024-08-31
286,Kemi Suleiman,+2347687248518,,16,2024-02-11
287,Bello Okoro,08908434162,bello329@yahoo.com,7,2025-10-21
288,Maryam Abubakar, 08049127895 ,maryam889@yahoo.com,3,2025-04-21
289,Zainab Igwe,08999796063,zainab30@gmail.com,8,2023-07-17
290,Ibrahim Umeh,07924340507,,4,2025-03-31
291,Efe Okoro,08528484373,,12,2025-09-14
292,Fatima Bassey,+2348762516524,,7,2023-04-30
293,OBI OKORO,+2347687870390,obi886@outlook.com,20,2023-02-26
294,Chinedu Okoro,09066124763,chinedu727@outlook.com,15,2024-07-11
295,Musa Abubakar,08739734854,musa407@outlook.com,12,2025-04-13
296,Blessing Aliyu,+2347762813693,blessing345@yahoo.com,21,2023-12-20
297,Zainab Abubakar,08955031599,zainab825@outlook.com,1,2024-03-16
298,Mary Ogunleye,08077788043,mary37@outlook.com,11,2025-08-15
299,Obi Fashola,+2348217014583,obi866@gmail.com,4,2025-07-18
300,John Balogun,+2348854071377,john922@yahoo.com,10,2023-08-30
301,Kelechi Danjuma,08495933359,kelechi121@yahoo.com,20,2025-12-21
302,Tunde Yakubu,2348283010177,tunde391@outlook.com,5,2022-09-19
303,Yusuf Abubakar,08458676774,,16,2023-06-05
304,Bisi Nwosu,07141079079,bisi215@gmail.com,3,2023-04-21
305,YUSUF ALIYU,08097767819,yusuf489@yahoo.com,12,2025-05-29
306,CHINEDU DANJUMA,2348354197346,,12,2023-10-23
307,Zainab Balogun,08286135759,,15,2024-02-01
308,Grace Aliyu,+2348113244614,,6,2024-06-05
309,IJEOMA OKAFOR,08863201267,,12,2025-03-30
310,Ibrahim Ojo,2347659971338,ibrahim609@gmail.com,4,2022-07-11
311,,08405240244,kelechi157@gmail.com,14,2025-12-12
312,Bello Igwe,08553301222,bello921@gmail.com,4,2025-11-17
313,Bello Yakubu,07515412305,bello997@gmail.com,2,2024-09-17
314,BLESSING YAKUBU, 08769064202 ,,19,2022-11-30
315,Mary Balogun, 08999584991 ,,15,2023-11-07
316,Wale Bassey,07253931009,wale873@yahoo.com,4,2024-03-02
317,Bello Suleiman,07353860721,,3,2025-11-25
318,Grace Danjuma,08027715084,grace279@yahoo.com,21,2025-02-04
319,Fatima Eze,08851983923,fatima865@gmail.com,19,2025-09-22
320,Maryam Nwosu,+2348997016291,maryam884@outlook.com,16,2023-02-23
321,Chioma Sani,07165389135,chioma13@outlook.com,19,2025-05-10
322,Samuel Okoro, 08716675742 ,samuel705@outlook.com,8,2024-11-03
323,John Mba,+2348647457158,,21,2025-11-07
324,Fatima Igwe,2348263775016,,9,2023-10-07
325,Ngozi Igwe,08647352484,ngozi241@gmail.com,16,2025-08-17
326,Maryam Danjuma,08271298116,,3,2025-07-16
327,Daniel Aliyu,+2348304470388,daniel468@yahoo.com,15,2022-09-20
328,Bisi Fashola,2348538937865,bisi373@outlook.com,8,2022-12-17
329,Chinedu Danjuma,08625898671,chinedu383@outlook.com,14,2023-05-03
330,Bello Bassey,+2347483025778,bello403@gmail.com,4,2023-06-26
331,Kelechi Suleiman, 08723067274 ,kelechi462@yahoo.com,16,2025-03-29
332,Chinedu Igwe,+2348418261353,chinedu495@outlook.com,6,2023-05-29
333,Yusuf Eze,08536399642,yusuf394@yahoo.com,11,2023-10-22
334,Wale Umeh,2347357924719,wale908@outlook.com,18,2025-06-26
335,Aisha Abubakar,08825875114,aisha944@outlook.com,21,2023-05-31
336,Chuka Eze,2348439059269,chuka966@outlook.com,14,2025-05-29
337,Chinedu Igwe,07973438177,,6,2023-11-29
338,Wale Bassey,07155951637,,4,2024-06-04
339,Precious Fashola,2348907524435,,2,2024-01-11
340,Hassan Ojo,09016245463,hassan56@gmail.com,15,2023-07-21
341,Obi Mba,2348394296204,obi988@gmail.com,3,2023-05-30
342,Segun Nwosu,+2347307328336,,19,2023-11-24
343,Musa Okafor,08813597208,,21,2025-10-05
344,Precious Ogunleye,08467007679,,6,2025-05-12
345,Grace Adeyemi,2347407978168,grace414@gmail.com,11,2023-08-11
346,GRACE OGUNLEYE,08929900294,grace575@outlook.com,21,2024-05-09
347,Precious Aliyu,07106384429,precious816@gmail.com,1,2025-06-11
348,Grace Mba,+2348308475204,grace304@outlook.com,4,2025-04-18
349,Fatima Fashola,+2348602098434,,14,2023-08-11
350,,+2348798302077,bello963@gmail.com,11,2023-04-11
351,Ibrahim Adeyemi,07455226314,ibrahim589@gmail.com,21,2024-09-12
352,Ijeoma Sani,07992984841,ijeoma657@outlook.com,3,2025-09-12
353,Femi Igwe,09016055825,femi289@yahoo.com,18,2022-08-03
354,Obi Balogun,+2349035948917,obi148@yahoo.com,1,2024-07-04
355,Blessing Fashola,07101084386,blessing404@outlook.com,12,2022-11-22
356,Aisha Sani, 08313390000 ,,6,2023-10-31
357,Samuel Suleiman,2348408738745,samuel75@yahoo.com,19,2023-10-27
358,Mary Danjuma,08714934808,,15,2023-07-02
359,,+2348773556763,bisi374@yahoo.com,8,2023-05-12
360,Obi Sani,07923253277,obi340@yahoo.com,16,2024-06-04
361,Blessing Eze,08552375290,blessing880@gmail.com,21,2023-07-08
362,Tunde Adeyemi,2348291523352,tunde593@yahoo.com,18,2023-08-10
363,Musa Fashola,2348388920589,musa153@yahoo.com,10,2025-09-20
364,Yusuf Umeh,+2347237656950,yusuf11@outlook.com,17,2025-11-09
365,YUSUF UMEH,08443452813,yusuf496@yahoo.com,9,2025-02-23
366,Grace Okoro,07529688672,grace370@yahoo.com,2,2024-12-18
367,Chuka Eze,+2348335588489,chuka270@outlook.com,13,2023-05-23
368,Grace Chukwu,+2347199668165,,12,2023-08-31
369,Femi Yakubu,2348541110690,femi143@yahoo.com,9,2022-11-05
370,Aisha Balogun,07922985251,aisha425@yahoo.com,16,2025-02-11
371,Aisha Chukwu,08051376582,,21,2025-09-26
372,Peter Suleiman,2347371938047,,20,2025-04-24
373,Samuel Okafor,2348865755579,samuel222@yahoo.com,6,2025-01-21
374,Obi Sani,+2349034051509,obi524@yahoo.com,20,2024-05-02
375,Faith Adeyemi,07983218169,,5,2025-03-29
376,Daniel Eze,08571654924,daniel545@outlook.com,5,2022-12-08
377,Daniel Fashola,2348988239315,daniel380@gmail.com,16,2024-10-26
378,Hassan Mba,+2348892639417,hassan261@yahoo.com,18,2022-11-19
379,KELECHI BASSEY,08811119354,kelechi121@outlook.com,11,2023-07-26
380,Kelechi Mba,08095255251,,9,2025-07-31
381,Ijeoma Abubakar,09009094465,,10,2025-02-15
382,Samuel Mba,2348013316405,samuel676@gmail.com,6,2024-12-01
383,Bello Abubakar,+2349016678044,bello629@outlook.com,21,2022-09-15
384,Chinedu Adeyemi,2348208304421,,2,2024-06-29
385,Hassan Ojo,+2348335806156,hassan612@gmail.com,15,2023-05-25
386,CHINEDU ABUBAKAR,2349059693169,,8,2025-10-10
387,Precious Nwosu,+2347925014060,precious162@gmail.com,13,2024-08-27
388,Ijeoma Chukwu,07032151205,ijeoma563@yahoo.com,12,2025-07-20
389,Femi Bassey,07498629590,femi589@gmail.com,18,2024-09-11
390,Tunde Igwe,07299611521,tunde898@outlook.com,15,2025-08-21
391,Hassan Chukwu,07626698561,hassan470@outlook.com,16,2025-09-14
392,Chioma Bassey,08624697401,chioma236@yahoo.com,1,2024-05-24
393,Musa Okoro,08026737688,,7,2025-01-31
394,Samuel Bassey,08914190481,samuel205@gmail.com,7,2023-11-26
395,Kemi Aliyu,08992789949,,18,2025-03-05
396,Ibrahim Yakubu,07809260100,ibrahim903@outlook.com,17,2025-03-02
397,Nneka Ojo,08473151610,,2,2025-02-04
398,Peter Mba,08753932663,peter124@outlook.com,1,2024-03-08
399,Aisha Ojo,+2347837066680,aisha266@gmail.com,20,2023-09-29
400,Bisi Mba,08084532148,bisi771@yahoo.com,6,2024-08-29
401,Samuel Balogun, 08754834713 ,samuel739@yahoo.com,13,2025-07-12
402,Uche Balogun,2348893509000,uche10@gmail.com,21,2023-03-03
403,Grace Fashola,+2349019164132,,4,2025-08-06
404,Fatima Suleiman,07658995004,fatima99@yahoo.com,18,2023-11-15
405,Blessing Bassey,08053034027,blessing696@outlook.com,18,2025-08-23
406,Segun Ogunleye,08729563838,segun755@yahoo.com,15,2024-07-20
407,Emeka Nwosu,+2347868076906,emeka586@yahoo.com,11,2022-10-25
408,Obi Danjuma,07745487442,obi405@yahoo.com,17,2024-06-13
409,Maryam Sani,07053097821,maryam678@yahoo.com,13,2022-11-11
410,Bello Eze,08211903041,,20,2022-11-18
411,Emeka Adeyemi,+2347996190378,,5,2024-11-24
412,Grace Nwosu,08696986802,grace334@yahoo.com,18,2025-06-12
413,Maryam Balogun, 08783970181 ,maryam468@outlook.com,21,2025-07-30
414,David Ogunleye, 08234810582 ,david453@yahoo.com,1,2023-11-15
415,Chinedu Igwe,2347346769431,,16,2025-03-04
416,Zainab Okafor,2349045914425,zainab816@gmail.com,18,2023-06-22
417,Lawal Ojo,08837538471,lawal226@yahoo.com,20,2025-12-02
418,Nneka Ogunleye,+2348365510085,nneka874@gmail.com,15,2024-01-15
419,PRECIOUS UMEH,08599254323,,1,2022-09-10
420,Segun Eze,07328355410,segun239@gmail.com,14,2025-03-07
421,Zainab Yakubu, 08181532460 ,,13,2023-03-27
422,Tunde Fashola,07495195637,tunde849@gmail.com,15,2023-10-23
423,Kemi Suleiman,08882576392,kemi214@yahoo.com,6,2024-03-01
424,Ibrahim Fashola,+2347649073692,ibrahim204@yahoo.com,8,2023-08-21
425,LAWAL DANJUMA,09035632190,lawal406@gmail.com,16,2022-08-26
426,Daniel Balogun,07225172867,,21,2025-11-18
427,Ngozi Suleiman,07399998515,ngozi129@yahoo.com,12,2025-07-18
428,Maryam Abubakar,07967009053,maryam257@gmail.com,18,2024-11-13
429,Mary Abubakar,+2348396832845,,18,2025-10-09
430,Fatima Adeyemi,+2348155960564,fatima555@yahoo.com,6,2025-04-02
431,Efe Aliyu,2348985006173,,7,2025-06-08
432,Grace Yakubu,2347395750117,,22,2023-01-13
433,Tunde Suleiman,2347333997061,tunde207@gmail.com,21,2022-12-20
434,,+2348795293936,,7,2022-10-24
435,Mary Adeyemi,08632018380,mary762@yahoo.com,9,2022-09-28
436,Grace Suleiman,+2347772307538,grace984@outlook.com,7,2023-09-17
437,Uche Igwe,+2348454001408,uche572@yahoo.com,15,2025-08-24
438,Lawal Eze,07467737011,lawal674@gmail.com,12,2025-10-11
439,Chuka Fashola, 07837236418 ,chuka649@yahoo.com,19,2024-03-24
440,David Abubakar,08405262908,david464@yahoo.com,10,2022-06-01
441,,+2347771110206,,9,2024-03-06
442,Blessing Igwe,+2348463595683,,12,2023-04-16
443,Faith Okoro,09076038238,,11,2023-08-20
444,John Nwosu,08762599943,john308@gmail.com,2,2025-08-24
445,Bisi Mba,2348117988074,bisi124@gmail.com,21,2025-10-16
446,Hassan Suleiman,07106357242,hassan154@yahoo.com,22,2023-08-27
447,Ijeoma Umeh,2348479467953,,11,2024-08-16
448,Amaka Yakubu,+2347127697318,,5,2024-11-06
449,Yusuf Yakubu,+2348247632348,yusuf201@outlook.com,3,2025-05-09
450,Nneka Sani,08472503148,,11,2024-06-18
451,Femi Aliyu,+2348976114011,,15,2024-11-22
452,Ibrahim Okoro,07953617098,ibrahim874@gmail.com,20,2022-09-20
453,Emeka Ogunleye,08772866934,,18,2024-04-10
454,Aisha Abubakar,+2348925339561,aisha638@outlook.com,22,2022-07-08
455,Grace Suleiman,07155764956,,21,2023-12-08
456,Chinedu Adeyemi,07697043474,chinedu20@yahoo.com,13,2024-07-31
457,Peter Eze, 08249918107 ,,1,2024-12-24
458,IBRAHIM OKORO, 07786596369 ,ibrahim763@gmail.com,10,2024-05-21
459,Kemi Igwe,07155323142,kemi912@gmail.com,11,2023-12-26
460,Ijeoma Balogun,07979736195,ijeoma628@outlook.com,5,2024-10-02
461,Lawal Ogunleye, 07848535808 ,lawal212@outlook.com,7,2025-06-13
462,Yusuf Ogunleye,+2348343269160,yusuf931@gmail.com,11,2025-07-31
463,Tunde Fashola,+2348842986209,,11,2023-03-26
464,Kelechi Sani,08905593537,,20,2023-02-25
465,PRECIOUS BASSEY,+2348564874049,precious237@outlook.com,16,2022-11-10
466,Yusuf Igwe,2348207273997,,7,2025-01-26
467,Obi Suleiman,07035527477,obi228@outlook.com,3,2023-07-21
468,Segun Umeh,2348256450844,segun909@gmail.com,13,2022-08-25
469,Chuka Ojo,+2348909995261,chuka897@outlook.com,15,2025-05-02
470,Ibrahim Okoro,+2348011658532,ibrahim529@outlook.com,13,2023-06-24
471,Zainab Ogunleye,08085939543,zainab56@outlook.com,21,2023-03-19
472,Maryam Adeyemi,+2347284016063,maryam961@outlook.com,15,2024-08-14
473,Efe Nwosu,08824387856,efe93@yahoo.com,4,2023-05-02
474,Amaka Eze,+2348627089179,,6,2025-04-13
475,Hassan Fashola,08963866974,hassan580@outlook.com,6,2023-04-29
476,Ngozi Sani,08868486970,,1,2023-02-25
477,Precious Bassey,08279365828,precious6@outlook.com,22,2023-10-01
478,John Umeh,07201110277,,7,2025-11-21
479,Ngozi Nwosu,08676855581,,10,2025-08-27
480,Bisi Adeyemi,08063990511,,18,2025-10-01
481,Segun Umeh,+2347921601296,,3,2024-06-24
482,Lawal Fashola,08203257303,,17,2024-04-05
483,Aisha Abubakar,+2347279874251,aisha496@outlook.com,11,2024-01-10
484,Musa Igwe,+2348596936673,musa630@outlook.com,6,2025-12-16
485,Precious Okoro,+2347491026523,,7,2023-01-28
486,PRECIOUS SANI,07856866154,precious653@gmail.com,9,2023-07-18
487,Tunde Ogunleye,08406434540,tunde117@outlook.com,20,2024-08-20
488,Efe Nwosu,07869038102,efe817@gmail.com,15,2025-02-11
489,David Danjuma,09087944979,david58@outlook.com,1,2024-03-08
490,Aisha Chukwu,+2349046932348,,13,2022-08-03
491,David Nwosu,+2347994143696,david886@yahoo.com,9,2024-03-06
492,Kelechi Adeyemi,07607234137,kelechi974@yahoo.com,12,2024-02-10
493,Ibrahim Abubakar, 08139489182 ,,11,2025-03-21
494,John Igwe,07833404091,john101@outlook.com,2,2023-02-27
495,Nonso Ojo,+2348332943405,,11,2025-09-30
496,Nonso Suleiman,08966242557,,7,2023-08-04
497,,+2348978400692,wale280@gmail.com,20,2023-01-21
498,Blessing Igwe,08386877363,blessing278@gmail.com,6,2024-01-02
499,TUNDE OGUNLEYE,+2347868443172,,2,2022-09-12
500,Amaka Sani,08808479891,amaka320@yahoo.com,15,2025-05-28
501,Samuel Balogun,09058856366,,8,2025-01-09
502,Emeka Aliyu,07937577959,,11,2024-04-07
503,Nonso Yakubu,08212893930,nonso473@gmail.com,5,2024-05-14
504,Peter Eze,08822794848,,13,2024-02-09
505,Faith Sani,07623667917,faith394@gmail.com,14,2025-09-23
506,Samuel Danjuma,+2347603903892,samuel80@outlook.com,4,2025-08-19
507,Faith Aliyu,08422638360,faith181@yahoo.com,22,2022-10-21
508,Daniel Ojo,08652031500,,21,2025-09-02
509,Chinedu Balogun,+2348159912993,,22,2024-12-02
510,Chuka Ogunleye,+2348736109503,chuka960@yahoo.com,19,2024-05-06
511,, 08033140029 ,chinedu64@yahoo.com,18,2022-09-17
512,Femi Eze,2347074946691,femi605@yahoo.com,14,2024-07-23
513,David Abubakar,+2348213333188,,5,2024-06-07
514,Wale Balogun,07181263533,,5,2024-11-11
515,Amaka Balogun,+2348068650891,amaka713@outlook.com,17,2025-11-28
516,Lawal Fashola,2347986961066,,8,2022-06-16
517,PETER BASSEY,08397156735,,4,2025-02-14
518,Faith Yakubu, 07203383832 ,faith540@yahoo.com,20,2022-11-08
519,Amaka Okoro,08892309997,amaka553@outlook.com,18,2022-09-17
520,Chinedu Yakubu,08206561881,chinedu984@yahoo.com,20,2022-08-12
521,Zainab Chukwu,08618938316,zainab587@gmail.com,20,2024-01-19
522,Efe Ogunleye,07329482495,,9,2023-10-30
523,Nneka Bassey,07283929534,nneka757@gmail.com,9,2024-06-27
524,Kemi Yakubu,08351555166,,5,2023-03-25
525,Mary Sani,2347608385078,mary172@gmail.com,9,2024-05-07
526,Chioma Suleiman,08028989846,,22,2025-05-26
527,Hassan Yakubu,08358293631,,11,2024-12-06
528,Grace Suleiman,08366936250,grace443@outlook.com,9,2023-12-11
529,Bello Bassey,+2348008736118,bello768@gmail.com,17,2025-09-18
530,Bisi Nwosu,07021142206,bisi13@yahoo.com,12,2022-12-30
531,Obi Ogunleye,07081397627,obi59@outlook.com,21,2023-08-19
532,Chioma Eze,08543179482,chioma783@outlook.com,6,2023-06-14
533,Musa Ogunleye,07198607523,musa284@yahoo.com,3,2024-03-24
534,Nneka Suleiman,07852007616,,16,2023-05-31
535,Uche Aliyu,08659255351,,21,2024-10-31
536,Bello Umeh,+2347261584868,,1,2023-10-27
537,Mary Balogun,+2347001634776,mary273@gmail.com,17,2024-08-10
538,Mary Yakubu,08862176077,mary4@yahoo.com,18,2025-02-12
539,Femi Danjuma,+2348021926012,femi982@outlook.com,11,2025-05-30
540,AMAKA UMEH,2347744407796,,10,2024-07-26
541,Hassan Eze,+2347919162175,,7,2023-06-24
542,Efe Chukwu,07992056840,efe659@yahoo.com,1,2024-12-07
543,Ibrahim Danjuma,09011718308,ibrahim217@outlook.com,18,2024-12-25
544,EMEKA CHUKWU,07181618704,emeka501@outlook.com,21,2025-11-18
545,Yusuf Okafor,07126156264,yusuf100@yahoo.com,4,2025-09-23
546,Chioma Yakubu,+2348574700592,,22,2024-04-21
547,Ijeoma Danjuma,08753304005,,19,2023-08-11
548,Segun Danjuma,07703369560,segun173@outlook.com,19,2023-05-04
549,Ibrahim Balogun,08617310431,ibrahim17@yahoo.com,3,2022-06-15
550,Faith Ogunleye,09068986164,faith212@gmail.com,8,2025-05-07
551,Segun Aliyu,+2348524019906,segun627@gmail.com,1,2024-02-07
552,Blessing Okoro,08352605308,blessing884@outlook.com,22,2025-01-06
553,Aisha Bassey,07283503452,aisha992@yahoo.com,2,2023-04-24
554,Ngozi Mba,08115217486,,2,2024-12-15
555,David Nwosu,07079137979,david73@gmail.com,14,2025-09-26
556,Uche Danjuma,07286471590,,13,2024-09-22
557,Obi Adeyemi,08241911663,obi149@gmail.com,12,2024-12-18
558,Yusuf Umeh,+2348617016144,yusuf208@yahoo.com,5,2025-08-08
559,Chioma Umeh,07436764248,,21,2023-04-18
560,Precious Nwosu,+2348414853765,,7,2025-02-26
561,Faith Yakubu,2347711243334,faith754@gmail.com,19,2024-11-06
562,Emeka Chukwu,2348061741958,,17,2025-03-29
563,Ijeoma Yakubu,2348782644153,ijeoma247@gmail.com,14,2022-06-26
564,Aisha Balogun,07612522188,,19,2023-04-28
565,Faith Okafor, 08183325723 ,faith416@gmail.com,21,2024-06-28
566,Chinedu Adeyemi,08766585238,chinedu304@yahoo.com,7,2025-11-06
567,Amaka Aliyu,2348881919587,amaka932@outlook.com,12,2022-09-14
568,Nonso Aliyu,07933940499,nonso722@gmail.com,11,2023-07-25
569,Kemi Fashola,08224519758,kemi780@gmail.com,14,2023-11-30
570,Nneka Suleiman,07888590191,nneka540@gmail.com,18,2025-05-25
571,Wale Umeh,+2349042101048,,6,2022-11-26
572,Wale Adeyemi,07702879460,wale509@gmail.com,1,2025-05-02
573,Wale Sani, 08383215051 ,wale431@yahoo.com,3,2022-07-14
574,Efe Okoro,2348336635087,efe352@outlook.com,22,2024-03-30
575,Grace Fashola,07773213824,grace314@gmail.com,10,2023-09-08
576,Ngozi Balogun,08163791109,ngozi165@outlook.com,22,2023-06-09
577,Emeka Nwosu,07106312100,emeka452@yahoo.com,2,2023-07-26
578,Chuka Mba,08143727935,chuka125@gmail.com,15,2025-03-19
579,Chuka Balogun,08899512910,,19,2025-01-26
580,Emeka Chukwu,+2348136682181,emeka750@yahoo.com,4,2023-03-13
581,Zainab Okafor,07568482180,zainab335@gmail.com,8,2023-07-05
582,Nneka Abubakar,08378473546,nneka981@gmail.com,11,2024-08-16
583,,+2347147057663,daniel734@yahoo.com,12,2024-07-03
584,Femi Ogunleye, 08432469661 ,,10,2024-09-29
585,Fatima Sani,+2348063341557,fatima613@gmail.com,17,2024-02-12
586,Bisi Adeyemi, 08517304414 ,,18,2023-12-12
587,Nonso Chukwu,2347354342987,,10,2025-07-09
588,Faith Ogunleye,08898775431,,21,2023-04-12
589,,+2347737998729,,9,2023-10-15
590,Mary Adeyemi,+2347929061215,mary890@yahoo.com,4,2025-01-30
591,Grace Igwe,+2347045354311,,5,2024-03-16
592,FEMI NWOSU,07928038277,femi979@yahoo.com,3,2024-01-19
593,Peter Abubakar,2347462585592,peter172@outlook.com,22,2024-03-09
594,,+2348767082121,,17,2023-03-22
595,Wale Mba,2348056709506,wale167@gmail.com,7,2025-03-27
596,Blessing Aliyu,+2348349927083,blessing720@gmail.com,5,2022-11-04
597,Efe Yakubu,08767082891,,11,2025-10-06
598,Segun Ogunleye,09082989725,,10,2023-03-19
599,Yusuf Abubakar,07208127046,yusuf803@gmail.com,2,2025-02-16
600,Uche Eze,08689614751,uche481@gmail.com,22,2022-08-28
601,Chinedu Eze,2348544446060,chinedu205@gmail.com,9,2022-07-30
602,Faith Mba,08285057108,faith70@gmail.com,7,2022-06-29
603,Wale Nwosu, 08371072627 ,wale102@gmail.com,19,2025-01-28
604,Segun Umeh,+2347274034134,segun389@yahoo.com,11,2023-09-10
605,Chioma Umeh,07349318412,chioma722@yahoo.com,16,2022-08-23
606,Chioma Ojo,08536234607,chioma862@yahoo.com,14,2024-09-12
607,UCHE ADEYEMI,2349058980532,uche377@gmail.com,13,2025-03-03
608,Maryam Igwe,+2347213000143,,6,2025-09-22
609,Tunde Mba, 07864359863 ,tunde414@gmail.com,9,2024-10-17
610,Faith Chukwu,09027714837,faith683@outlook.com,5,2025-02-17
611,Nonso Eze,08259342869,,2,2022-07-31
612,Tunde Yakubu,+2347457419516,tunde335@gmail.com,3,2025-11-28
613,Grace Yakubu,2347515925168,grace503@outlook.com,18,2024-05-04
614,David Okafor, 07088221021 ,david122@yahoo.com,2,2024-07-10
615,Ibrahim Nwosu,+2348996084244,ibrahim169@yahoo.com,16,2024-03-01
616,Chioma Chukwu,+2348688882244,chioma875@gmail.com,19,2024-08-10
617,HASSAN ALIYU,+2348965772070,,12,2022-09-01
618,Femi Chukwu,08606725334,femi439@yahoo.com,22,2024-09-21
619,,07792425085,kemi68@yahoo.com,11,2023-05-14
620,,+2348089636236,ibrahim274@gmail.com,11,2025-09-17
621,Hassan Chukwu,08462639564,hassan103@outlook.com,22,2024-04-19
622,Bisi Nwosu,+2347938314717,,18,2022-11-02
623,Aisha Ogunleye,07767744899,aisha640@outlook.com,11,2025-08-28
624,Nneka Adeyemi,+2348358973680,nneka356@gmail.com,10,2024-02-09
625,Lawal Fashola,08067749490,,1,2025-06-26
626,Grace Nwosu,+2347548839914,,14,2025-11-10
627,Samuel Suleiman,+2347938759239,,14,2024-02-05
628,Chuka Adeyemi,+2348055478422,chuka662@gmail.com,8,2025-10-14
629,Chioma Balogun,07626210006,chioma574@yahoo.com,9,2022-08-15
630,Yusuf Okafor,09055660240,yusuf181@outlook.com,2,2025-02-20
631,Amaka Danjuma,+2347167828441,amaka688@outlook.com,5,2024-08-21
632,Kemi Eze,+2348283024047,kemi849@outlook.com,3,2025-05-11
633,Kemi Aliyu,09066258152,,8,2024-08-07
634,Lawal Abubakar,07444592146,lawal451@yahoo.com,18,2025-09-20
635,Grace Eze,08088966730,grace987@yahoo.com,12,2023-03-24
636,Zainab Okafor,+2348551584005,zainab679@gmail.com,13,2023-10-04
637,Zainab Mba, 08753047722 ,zainab243@yahoo.com,9,2024-08-13
638,Zainab Adeyemi, 08934950370 ,,21,2023-04-25
639,Chuka Sani,2347702343763,chuka964@yahoo.com,11,2024-09-23
640,Lawal Eze,2348785378351,lawal361@yahoo.com,15,2025-06-26
641,Efe Suleiman,+2347478439100,efe140@gmail.com,19,2025-12-08
642,Amaka Eze,08323182597,amaka703@yahoo.com,5,2024-03-16
643,Musa Nwosu,+2347835727774,,13,2023-06-08
644,Samuel Okoro,07054837070,samuel998@yahoo.com,20,2023-05-12
645,Lawal Aliyu,07227172675,,14,2022-06-29
646,Nonso Yakubu,08824408213,,16,2023-11-28
647,Hassan Balogun,07524616607,hassan290@outlook.com,5,2024-10-04
648,Efe Ogunleye, 07608566133 ,efe379@outlook.com,16,2024-12-25
649,Yusuf Danjuma, 08014560421 ,yusuf726@yahoo.com,18,2023-11-07
650,Ngozi Suleiman,07608900934,ngozi621@outlook.com,2,2025-10-08
651,Chinedu Bassey,+2347976075231,chinedu688@yahoo.com,6,2025-07-20
652,Musa Nwosu,+2347868853160,,9,2025-05-22
653,Chioma Danjuma,07329375364,chioma855@yahoo.com,9,2024-10-28
654,Precious Bassey,+2348113767969,,22,2023-04-06
655,Maryam Suleiman,07134856420,,14,2023-05-01
656,Chioma Yakubu,07919140297,chioma116@outlook.com,7,2023-02-09
657,Wale Nwosu,2348919535203,wale577@outlook.com,1,2025-09-08
658,Grace Chukwu,07195129836,grace694@gmail.com,22,2022-07-24
659,Chioma Ojo,07276428072,,9,2025-02-07
660,Daniel Okafor,07118601790,,2,2025-08-09
661,Wale Danjuma,2348902186553,wale617@yahoo.com,13,2023-11-05
662,Amaka Okafor,2347417517997,amaka292@outlook.com,16,2023-04-12
663,Lawal Ogunleye, 08543202624 ,lawal99@yahoo.com,13,2025-02-27
664,John Bassey,+2348082513679,john831@yahoo.com,3,2024-11-06
665,Ibrahim Igwe,08184761958,ibrahim731@gmail.com,17,2025-05-15
666,Amaka Ogunleye,07209012989,,17,2024-02-06
667,Lawal Ogunleye,+2348412284002,lawal526@gmail.com,22,2024-09-23
668,Samuel Bassey,08492371865,samuel17@gmail.com,6,2025-01-03
669,Ijeoma Suleiman,08805993696,,9,2024-12-08
670,Bisi Nwosu,07205350628,bisi109@yahoo.com,1,2022-06-12
671,Fatima Yakubu,08039165848,,22,2025-11-15
672,Ijeoma Ogunleye,07341232799,,7,2023-06-21
673,John Balogun,+2348114203013,,1,2023-03-31
674,Chioma Nwosu, 08898470322 ,chioma483@gmail.com,10,2025-09-11
675,Samuel Ojo,07022722408,samuel731@yahoo.com,20,2025-03-12
676,Blessing Ogunleye,08029155420,blessing743@outlook.com,2,2025-02-24
677,Grace Okafor,07802065530,,20,2025-01-25
678,Femi Umeh,+2347053706725,,17,2024-05-05
679,Obi Chukwu, 07868859576 ,,22,2024-08-08
680,Grace Yakubu,2347414476383,,7,2025-02-13
681,Fatima Aliyu,09037979059,fatima506@yahoo.com,1,2025-07-15
682,FEMI BASSEY,07403931227,femi916@outlook.com,4,2022-10-09
683,Precious Okoro,07579159855,,18,2024-05-28
684,Nneka Balogun,2348312747213,nneka949@yahoo.com,20,2023-01-14
685,Precious Eze,2347109511177,,6,2023-07-26
686,Wale Umeh,2348272665880,,7,2023-03-10
687,Maryam Sani,2347015115720,maryam486@yahoo.com,12,2023-05-17
688,Kelechi Mba,+2347623543614,kelechi543@yahoo.com,14,2023-03-10
689,Kelechi Umeh, 08327069566 ,kelechi454@gmail.com,3,2025-04-25
690,Bisi Danjuma,08973756910,bisi403@gmail.com,2,2023-04-06
691,GRACE OGUNLEYE,08746105693,grace322@yahoo.com,20,2023-12-25
692,Emeka Ojo,07528417942,emeka909@outlook.com,3,2023-07-10
693,Ibrahim Fashola,08853114023,ibrahim554@yahoo.com,17,2025-04-13
694,Bisi Nwosu,09035340101,,4,2024-10-13
695,Ngozi Mba,08296947075,,19,2023-02-11
696,Chinedu Umeh,07609947098,chinedu240@yahoo.com,13,2025-08-17
697,Grace Okoro,08324230541,grace370@yahoo.com,3,2024-10-19
698,Amaka Suleiman,07338990200,,18,2025-05-13
699,Grace Ojo,2348499368933,grace451@outlook.com,14,2025-02-27
700,Fatima Balogun,+2348248679146,,7,2025-05-19
701,Nonso Yakubu,07407196363,nonso122@outlook.com,19,2023-01-12
702,Wale Suleiman,+2347307232188,,5,2024-01-24
703,,07785756043,,18,2025-02-26
704,Femi Adeyemi,2348069072800,femi580@yahoo.com,20,2024-07-12
705,Yusuf Balogun,+2348178548562,yusuf153@outlook.com,14,2025-12-01
706,Hassan Okoro, 07861768727 ,hassan912@yahoo.com,1,2022-11-29
707,Samuel Ogunleye,+2347312428614,,19,2025-08-25
708,Grace Abubakar,2348281313131,,9,2023-06-04
709,Aisha Okoro,2348488452933,,2,2024-03-18
710,Mary Okafor,07467961478,,4,2024-07-22
711,Bello Fashola,07364064676,,22,2024-02-19
712,Fatima Suleiman,+2347834044357,,5,2024-08-07
713,Kelechi Danjuma,07301870370,,17,2025-09-13
714,Peter Ojo, 07682017235 ,,14,2022-10-13
715,Obi Okafor,08502703045,,14,2023-02-13
716,Maryam Adeyemi,2348284413440,maryam146@yahoo.com,18,2023-05-11
717,,07008795567,lawal636@yahoo.com,16,2023-05-09
718,Nneka Aliyu,08747377917,nneka863@outlook.com,6,2025-04-11
719,David Chukwu,07227632115,david851@gmail.com,7,2023-12-25
720,Precious Igwe, 07816748465 ,precious771@outlook.com,11,2023-10-17
721,Bisi Abubakar,08536510598,,1,2022-06-05
722,Chinedu Nwosu,08789203667,chinedu552@gmail.com,22,2022-11-06
723,Maryam Eze,09087314548,maryam367@yahoo.com,12,2022-06-18
724,Uche Umeh,08901331881,uche697@outlook.com,21,2022-12-02
725,Zainab Okoro,08267090115,,7,2025-10-24
726,Ijeoma Eze,2348459394071,ijeoma566@gmail.com,20,2025-08-02
727,Samuel Nwosu,07322091346,,9,2023-09-10
728,Uche Okafor, 08779941274 ,uche698@outlook.com,21,2022-06-05
729,Ngozi Danjuma,08045597554,,2,2025-03-11
730,Obi Suleiman,08079932362,obi6@yahoo.com,1,2022-11-15
731,Obi Sani, 07634303044 ,,1,2025-12-04
732,John Sani,2348516608665,john254@gmail.com,11,2024-04-28
733,Grace Okoro, 08988357303 ,grace641@yahoo.com,2,2022-11-23
734,Hassan Danjuma,2348772090992,hassan64@yahoo.com,3,2025-11-02
735,Bello Suleiman,+2347757399761,bello633@yahoo.com,20,2025-10-10
736,Chinedu Umeh,09038182422,chinedu635@gmail.com,11,2022-07-24
737,Faith Abubakar,07032133208,faith861@gmail.com,9,2023-02-14
738,Femi Sani,08588459558,,10,2022-08-30
739,Faith Sani,+2348667001942,,10,2023-03-26
740,Daniel Danjuma,07029685239,daniel695@gmail.com,18,2025-04-04
741,Ngozi Sani,07514376603,ngozi350@gmail.com,11,2025-01-13
742,Faith Chukwu, 08576026983 ,faith167@gmail.com,1,2022-08-26
743,Obi Okoro,07545010074,obi787@yahoo.com,6,2024-07-09
744,Chinedu Mba,07911503611,chinedu146@yahoo.com,12,2025-12-14
745,Ibrahim Okafor,07723921695,,18,2023-05-23
746,Kemi Nwosu,07455392083,kemi22@outlook.com,7,2023-01-14
747,Zainab Umeh,09077247000,zainab964@outlook.com,3,2025-11-28
748,Chioma Balogun,2347334181650,,14,2024-07-06
749,Kemi Suleiman,2348504172607,kemi302@gmail.com,9,2022-09-18
750,Yusuf Igwe, 08254510423 ,yusuf804@yahoo.com,17,2025-11-11
751,Hassan Igwe,08328789112,,16,2025-05-12
752,John Bassey,+2348631614121,,13,2024-12-12
753,Aisha Ogunleye,07963637534,aisha384@yahoo.com,10,2023-03-03
754,Maryam Igwe,08491690263,maryam637@yahoo.com,12,2025-01-13
755,Mary Danjuma,07064012613,mary272@outlook.com,17,2022-11-16
756,Peter Fashola,+2349015637641,peter101@gmail.com,11,2022-08-18
757,Uche Danjuma,08905604751,,18,2023-03-10
758,Musa Okafor,2347726815525,musa414@yahoo.com,17,2022-06-25
759,Emeka Ojo,08854521118,emeka529@outlook.com,15,2025-01-15
760,Bisi Adeyemi,07488193952,bisi715@yahoo.com,1,2024-12-08
761,Grace Balogun,+2347326126646,grace10@yahoo.com,14,2024-05-27
762,LAWAL OJO,2348766027078,,5,2022-08-05
763,Bisi Chukwu,+2348547557976,bisi210@yahoo.com,4,2024-07-31
764,Bisi Chukwu, 08636111102 ,,20,2025-07-07
765,Mary Okafor,07177474228,,2,2025-05-09
766,Grace Igwe,07837893107,grace114@gmail.com,13,2025-02-04
767,Aisha Balogun,2347798251124,aisha681@yahoo.com,19,2025-08-21
768,Uche Igwe,+2348175621132,,13,2024-11-29
769,Daniel Okoro,+2348459236918,daniel590@gmail.com,15,2024-01-11
770,Femi Ogunleye,09073938131,femi184@outlook.com,22,2024-12-24
771,Segun Chukwu,08781732568,,18,2023-12-13
772,Wale Adeyemi,+2348844644931,wale422@outlook.com,4,2024-06-25
773,PETER DANJUMA,07425240720,,22,2022-07-25
774,Nonso Ojo,08024261550,nonso11@yahoo.com,15,2023-03-07
775,Mary Umeh,08405065012,mary449@gmail.com,6,2023-12-24
776,Efe Aliyu,07753082914,efe401@gmail.com,5,2022-06-23
777,Maryam Mba,08821577888,maryam546@gmail.com,17,2022-09-06
778,Bello Ojo,+2348131879382,bello50@yahoo.com,8,2023-10-25
779,Uche Adeyemi,07071244275,,4,2022-10-08
780,Fatima Nwosu,08312806634,fatima331@outlook.com,18,2025-12-01
781,,07542776460,ijeoma178@gmail.com,7,2024-03-09
782,Nonso Okoro,09085671743,nonso378@gmail.com,20,2023-08-22
783,Mary Eze,+2349023876606,,13,2024-03-26
784,Yusuf Danjuma,08946334600,yusuf683@yahoo.com,19,2022-07-07
785,Maryam Ojo,+2348894899452,maryam722@gmail.com,4,2025-11-14
786,Zainab Okoro,+2348935086019,zainab62@gmail.com,13,2024-01-29
787,Aisha Suleiman,08858444490,aisha337@gmail.com,14,2022-08-21
788,Wale Okafor,08876557792,,22,2022-09-19
789,Kemi Okoro,+2347979748847,,16,2022-06-13
790,Tunde Abubakar,07364426243,,7,2025-06-29
791,Kemi Igwe,08858836205,,20,2023-10-15
792,Kemi Ogunleye,08144378948,,12,2022-11-11
793,,08128091683,ijeoma753@yahoo.com,13,2025-02-12
794,Lawal Adeyemi,2347763563536,lawal180@yahoo.com,13,2024-02-17
795,,07853292713,blessing201@gmail.com,17,2022-06-09
796,Grace Yakubu,08067621123,grace383@yahoo.com,2,2025-09-17
797,Chioma Ojo, 07414258608 ,chioma981@yahoo.com,16,2024-05-14
798,GRACE SULEIMAN,+2348085140479,,22,2024-06-10
799,,08163472414,,3,2023-04-27
800,Hassan Ojo,+2347209699607,hassan898@yahoo.com,10,2024-10-22
801,Peter Fashola,+2347976167027,peter771@outlook.com,12,2023-01-10
802,Emeka Bassey,+2348917676832,emeka7@gmail.com,14,2022-06-04
803,Grace Sani,+2348878230134,,6,2023-03-03
804,Peter Eze,09084566389,,7,2023-06-10
805,Musa Sani,08592831995,musa171@gmail.com,3,2024-07-13
806,Bisi Okafor,+2348229140210,bisi104@gmail.com,2,2022-06-15
807,Bello Abubakar,+2347017302626,bello986@yahoo.com,20,2025-01-25
808,Lawal Danjuma,07876288577,lawal964@yahoo.com,12,2024-07-15
809,BISI EZE,08787741225,bisi910@gmail.com,9,2023-02-07
810,,08758972523,kemi677@gmail.com,12,2024-03-21
811,Ibrahim Danjuma,+2347599129167,ibrahim628@gmail.com,4,2025-01-31
812,Hassan Ogunleye,+2348823401850,hassan898@outlook.com,16,2025-03-30
813,Amaka Ogunleye,2348408831655,,18,2023-01-23
814,Kemi Okoro,08922500416,,11,2022-07-30
815,Hassan Bassey,07658991026,hassan687@gmail.com,16,2025-05-30
816,Amaka Danjuma,2348472084932,amaka387@outlook.com,18,2024-07-21
817,Lawal Okoro,07295881775,,4,2025-09-25
818,Samuel Mba,07807378615,samuel2@yahoo.com,13,2025-06-01
819,,2349043119085,lawal617@outlook.com,15,2024-08-18
820,Chuka Balogun,2347754672603,chuka467@gmail.com,2,2023-03-26
821,Daniel Danjuma,08763071382,,7,2025-08-19
822,Mary Ogunleye,+2347961986711,mary342@gmail.com,8,2023-08-06
823,Ngozi Nwosu,2348867573445,,18,2023-04-23
824,Ijeoma Danjuma,08216843624,ijeoma401@gmail.com,7,2024-01-01
825,Blessing Ojo,07821908038,blessing727@yahoo.com,15,2023-05-02
826,John Ogunleye,2347534659722,john201@outlook.com,19,2024-06-11
827,Bello Balogun,08093822312,bello99@yahoo.com,4,2023-06-03
828,Peter Danjuma,+2347387777894,,20,2024-08-21
829,Segun Ojo,2349032503425,segun886@outlook.com,12,2025-12-17
830,Chinedu Eze,07319207723,chinedu931@outlook.com,19,2025-09-14
831,John Bassey,+2347244038296,john661@outlook.com,11,2025-08-14
832,Tunde Fashola,09081331289,tunde838@outlook.com,17,2025-05-21
833,Faith Fashola,+2349023081873,faith213@outlook.com,6,2023-06-06
834,Chinedu Fashola,07803064357,,9,2023-04-27
835,Ibrahim Adeyemi, 08296009306 ,ibrahim558@gmail.com,2,2022-06-01
836,Grace Ogunleye,+2348133346378,grace712@yahoo.com,17,2024-05-22
837,Aisha Eze,+2347114977883,,20,2023-08-15
838,Blessing Abubakar,+2347713155739,blessing433@gmail.com,6,2023-11-16
839,Ijeoma Umeh,07658136077,ijeoma147@outlook.com,21,2025-12-11
840,Uche Mba,+2348659580328,uche430@gmail.com,20,2024-11-05
841,Kemi Adeyemi,08362845328,kemi417@gmail.com,11,2022-11-30
842,Nneka Balogun,2347575591031,,4,2023-08-30
843,Chioma Nwosu,+2347789214437,,18,2025-08-15
844,Nneka Aliyu,07123864666,,22,2023-06-06
845,David Fashola,+2348039000414,david266@gmail.com,5,2023-04-15
846,Hassan Chukwu,+2347137210098,hassan256@outlook.com,12,2024-12-24
847,Nonso Igwe,08099734129,nonso903@gmail.com,14,2022-11-26
848,Chuka Adeyemi,+2347195027148,chuka170@outlook.com,16,2024-01-07
849,Chinedu Sani,+2348873288888,chinedu528@outlook.com,13,2025-05-26
850,Chinedu Aliyu,08901122310,chinedu720@outlook.com,22,2023-10-14
851,Grace Aliyu,08143827503,grace904@outlook.com,5,2023-05-25
852,Peter Mba, 08089313242 ,peter383@gmail.com,4,2023-10-25
853,Wale Ogunleye,07674574653,,10,2024-08-15
854,PETER SULEIMAN, 08589191751 ,,12,2024-12-29
855,Bello Okafor,08844123208,bello10@gmail.com,17,2023-07-10
856,Emeka Sani,08241115938,,12,2023-09-07
857,Zainab Mba,07469999758,zainab112@yahoo.com,12,2024-11-16
858,Lawal Okafor,08814329683,,11,2023-03-01
859,Ibrahim Nwosu,+2348225459377,,5,2025-03-11
860,Chuka Ojo,+2348897523795,,12,2022-07-14
861,Peter Okafor,2347601873083,peter351@yahoo.com,10,2022-06-17
862,Wale Yakubu,08095156509,wale747@outlook.com,9,2023-12-28
863,Kemi Sani,08802729141,kemi515@outlook.com,5,2025-09-23
864,Obi Eze,07095594635,obi952@gmail.com,2,2025-11-14
865,Hassan Sani,+2348794882711,,21,2022-10-04
866,Ngozi Ogunleye,07935706947,ngozi729@yahoo.com,1,2022-09-06
867,Ngozi Danjuma,08205700293,ngozi104@yahoo.com,10,2025-03-03
868,Chioma Eze,+2348743186206,,19,2024-06-10
869,Grace Aliyu,08665629621,,20,2023-01-04
870,Chioma Suleiman,+2348674194945,,18,2022-12-20
871,Precious Danjuma,08214388982,precious158@gmail.com,9,2024-10-04
872,Blessing Mba,2348142970130,blessing70@yahoo.com,6,2025-03-28
873,Daniel Bassey,+2347335859627,,13,2023-06-25
874,Mary Fashola,2347193776934,mary522@yahoo.com,9,2024-08-08
875,Aisha Nwosu,08464654207,aisha10@outlook.com,8,2025-05-11
876,Wale Bassey,+2347434756912,,9,2022-08-20
877,Yusuf Bassey,2347135177662,yusuf216@outlook.com,12,2024-05-12
878,Chuka Adeyemi, 08405429825 ,chuka419@outlook.com,1,2022-09-26
879,FEMI OKORO,+2347713965125,,13,2025-09-07
880,Musa Aliyu,+2349098418631,,13,2025-09-04
881,Emeka Umeh,08858279693,emeka924@yahoo.com,6,2023-06-07
882,Uche Chukwu,08864026721,uche22@yahoo.com,22,2023-05-30
883,Daniel Abubakar,07188153721,,17,2024-09-02
884,Yusuf Okafor,+2347967442292,,3,2022-08-29
885,Nneka Balogun, 08531226440 ,nneka10@gmail.com,3,2024-04-24
886,Uche Balogun,08448454556,uche315@yahoo.com,9,2023-10-13
887,David Eze,07112724954,david106@outlook.com,8,2024-09-28
888,Efe Okoro,07376927556,efe232@outlook.com,4,2023-01-17
889,Obi Eze, 07726994631 ,,3,2024-06-08
890,Ibrahim Aliyu,08099899988,,22,2024-10-18
891,Zainab Aliyu,2347892743531,,3,2024-06-25
892,Chinedu Balogun,2347376373004,,4,2025-02-04
893,Samuel Sani, 07713427123 ,,12,2023-06-08
894,Chuka Yakubu,08777944833,chuka652@yahoo.com,18,2023-10-17
895,Mary Fashola,+2348369996153,mary394@gmail.com,8,2024-10-11
896,Amaka Okoro,07521287807,amaka486@gmail.com,12,2022-10-01
897,Yusuf Ogunleye,08418064499,,4,2022-09-23
898,Emeka Ojo,+2348788125430,emeka719@gmail.com,20,2022-10-30
899,FATIMA OKAFOR,07362325287,,6,2024-09-30
900,John Balogun,+2348786024905,john740@yahoo.com,5,2022-06-28
901,Ngozi Suleiman,+2347449443896,,15,2024-10-15
902,Blessing Bassey, 08286134397 ,blessing434@gmail.com,5,2022-12-06
903,Aisha Ojo,+2347567581550,,3,2025-07-20
904,Nonso Yakubu,08647796448,nonso169@gmail.com,4,2024-10-16
905,Bello Adeyemi,08996628280,,7,2025-06-14
906,Daniel Okafor,2347794149818,daniel654@gmail.com,19,2022-11-22
907,, 08231766393 ,,12,2024-02-23
908,Wale Ojo,+2347807553873,wale998@gmail.com,17,2022-12-17
909,Bello Igwe,2347381397373,bello392@yahoo.com,5,2022-08-16
910,Nonso Adeyemi,2347234885101,nonso827@outlook.com,17,2023-04-26
911,Grace Aliyu,+2348966727998,grace135@yahoo.com,14,2025-11-28
912,Ibrahim Ojo,08562258262,ibrahim581@outlook.com,5,2022-12-17
913,Zainab Fashola,2349042462431,zainab466@yahoo.com,9,2024-01-27
914,Samuel Mba,07184006246,samuel472@yahoo.com,15,2023-11-07
915,Yusuf Eze, 08241664254 ,yusuf294@yahoo.com,5,2025-11-21
916,Maryam Mba,+2348596262096,maryam699@yahoo.com,22,2023-11-21
917,Ibrahim Aliyu, 07145107344 ,ibrahim575@gmail.com,6,2023-01-02
918,Samuel Ojo,2347577513301,samuel686@gmail.com,15,2025-01-15
919,Bello Adeyemi,07277659629,bello205@yahoo.com,20,2024-03-11
920,MARY ABUBAKAR,+2348212918079,,5,2023-04-15
921,Aisha Danjuma,+2348537380120,,7,2024-10-28
922,Ngozi Abubakar,2348948095426,,9,2022-11-19
923,Ijeoma Adeyemi,08828573586,ijeoma538@gmail.com,2,2023-11-14
924,Amaka Sani,08925981239,,18,2024-10-06
925,Fatima Sani,08777528651,fatima575@outlook.com,11,2025-08-28
926,Chuka Okafor,08173474414,chuka325@gmail.com,1,2024-09-10
927,Maryam Balogun,+2348632634873,,18,2023-06-20
928,Fatima Aliyu,07894519240,fatima996@outlook.com,12,2022-06-30
929,Efe Ogunleye,2348283092879,efe665@yahoo.com,18,2024-05-21
930,Lawal Igwe, 07852902200 ,lawal470@yahoo.com,18,2025-07-07
931,Lawal Ojo,08688339925,lawal719@outlook.com,4,2022-12-21
932,Amaka Okafor,+2348052739382,amaka770@outlook.com,17,2022-12-22
933,Faith Suleiman,+2348074554607,,16,2024-07-20
934,, 08187927895 ,chioma661@outlook.com,12,2024-08-19
935,Obi Igwe,08685437558,,1,2024-09-27
936,Kelechi Suleiman,07397281485,kelechi532@outlook.com,19,2024-04-17
937,Lawal Okoro,+2348004232305,lawal403@gmail.com,21,2025-08-27
938,Hassan Nwosu,07819678469,,21,2023-02-14
939,,2348605365936,samuel163@yahoo.com,1,2022-12-09
940,Faith Balogun,08812321583,faith26@outlook.com,12,2024-12-16
941,Segun Okoro,+2347565981533,,22,2024-07-14
942,Ngozi Bassey,07361388238,ngozi594@gmail.com,5,2025-10-03
943,Wale Bassey,2347232298244,wale371@gmail.com,14,2025-03-02
944,Tunde Yakubu, 07194528180 ,tunde385@yahoo.com,6,2024-12-10
945,Zainab Okafor, 08681527651 ,,20,2024-05-11
946,DANIEL FASHOLA,08335269818,daniel198@outlook.com,5,2022-07-18
947,Aisha Mba,07551494887,,16,2023-02-15
948,Uche Adeyemi,08415937884,uche829@yahoo.com,9,2024-08-28
949,Segun Abubakar,+2348835715786,segun106@outlook.com,7,2025-09-16
950,Mary Sani,2348085557932,mary638@gmail.com,12,2024-10-27
951,Grace Adeyemi,07089579143,,21,2025-10-19
952,Grace Mba,07294018292,grace440@gmail.com,12,2022-10-27
953,GRACE BALOGUN,2347311161614,,19,2024-04-04
954,Chuka Okoro,+2347985758257,chuka540@gmail.com,22,2023-12-22
955,Tunde Chukwu,2348078301537,,16,2023-07-09
956,Mary Suleiman, 08073000834 ,,8,2024-03-31
957,Samuel Okafor,08641077963,samuel292@gmail.com,18,2024-09-02
958,Grace Suleiman,07042165246,grace850@yahoo.com,12,2023-12-15
959,Ijeoma Adeyemi,+2347809284901,ijeoma403@yahoo.com,21,2024-12-17
960,Chioma Mba, 07261491374 ,,11,2023-03-12
961,Lawal Okoro,07487188771,lawal551@gmail.com,2,2022-09-16
962,Chioma Suleiman, 07195424607 ,,6,2024-07-17
963,Yusuf Chukwu,07326357513,yusuf772@outlook.com,22,2024-09-24
964,Chioma Igwe,+2348479018281,chioma288@yahoo.com,9,2025-02-13
965,Wale Adeyemi,07624454281,wale77@yahoo.com,15,2022-06-27
966,Hassan Abubakar,07874500758,hassan780@outlook.com,10,2024-03-03
967,Nonso Balogun,2347273182053,,17,2024-12-13
968,Uche Ojo,07718098339,,5,2025-08-26
969,NONSO EZE,+2347611278299,nonso192@yahoo.com,9,2025-05-23
970,Chioma Fashola,08104557877,,15,2025-04-06
971,Nneka Mba,08667417663,nneka433@gmail.com,9,2024-09-02
972,Grace Aliyu,08102831812,grace662@gmail.com,2,2023-08-24
973,Samuel Bassey,08362695035,,4,2024-09-06
974,Obi Bassey,07434415429,,1,2025-10-04
975,Bello Nwosu,+2348798998677,bello874@outlook.com,6,2024-03-07
976,SEGUN DANJUMA,2347361213654,segun439@yahoo.com,6,2023-11-23
977,Chinedu Aliyu,08211016885,chinedu254@yahoo.com,10,2022-07-06
978,Obi Igwe,+2348933459253,obi103@yahoo.com,12,2024-04-18
979,David Bassey,+2347647111760,david848@yahoo.com,22,2024-04-14
980,Daniel Yakubu,08759712557,daniel22@gmail.com,5,2023-08-26
981,Femi Yakubu,08478226291,femi763@gmail.com,9,2024-07-13
982,David Umeh, 08343935211 ,,14,2024-04-09
983,Nneka Ogunleye,08489725456,nneka855@outlook.com,12,2024-12-18
984,Wale Eze, 08273468450 ,wale154@outlook.com,6,2025-11-29
985,ZAINAB YAKUBU,09045944694,,4,2024-01-01
986,Ngozi Yakubu,08106909866,ngozi1@gmail.com,17,2024-05-18
987,Blessing Balogun, 08825541070 ,,3,2024-11-01
988,Wale Okoro,07905172971,wale653@yahoo.com,10,2022-12-18
989,Daniel Ogunleye,08116410314,daniel143@outlook.com,18,2023-10-26
990,Uche Ogunleye,07768736886,uche385@yahoo.com,11,2025-05-14
991,,08098827453,peter421@yahoo.com,14,2025-07-19
992,Amaka Balogun,+2347775070918,amaka383@gmail.com,2,2025-08-02
993,Ijeoma Balogun,07018764626,ijeoma896@outlook.com,9,2022-09-20
994,Bello Danjuma,+2347749077690,bello886@gmail.com,2,2025-09-10
995,Aisha Igwe,08899309833,,10,2023-04-13
996,Chinedu Yakubu,+2347512924495,,8,2023-02-03
997,Aisha Eze,08298445994,aisha949@gmail.com,8,2025-02-15
998,David Bassey,2348748367376,david632@gmail.com,22,2022-07-15
999,Kemi Nwosu,+2348794361332,kemi297@yahoo.com,22,2025-09-18
1000,Nneka Ojo,09042800796,nneka834@yahoo.com,19,2024-01-02
1001,Hassan Okafor,+2347088457126,,15,2023-03-13
1002,Nneka Okafor, 07919399318 ,nneka516@gmail.com,3,2025-05-11
1003,Segun Balogun,08846692359,segun880@gmail.com,3,2024-02-11
1004,John Ojo, 08554026182 ,john950@outlook.com,11,2025-05-12
1005,FAITH CHUKWU,08587774201,,22,2023-04-22
1006,Bello Yakubu, 08216430103 ,bello791@outlook.com,6,2023-01-02
1007,Hassan Sani, 07155202421 ,,12,2022-10-28
1008,Daniel Okafor, 07822806251 ,daniel387@gmail.com,7,2025-08-19
1009,Musa Yakubu,07734783204,,7,2025-05-18
1010,Amaka Chukwu,08712614070,,14,2022-06-11
1011,Samuel Fashola,2347874108891,samuel981@outlook.com,7,2025-03-13
1012,Samuel Yakubu,+2347913313134,samuel450@yahoo.com,5,2022-10-24
1013,Grace Ogunleye,08274868381,,10,2022-07-17
1014,Musa Ojo,+2347173648501,musa77@outlook.com,17,2025-04-26
1015,Zainab Ojo,+2348392860164,zainab960@yahoo.com,9,2022-08-06
1016,Uche Danjuma,2347153336875,,22,2024-04-06
1017,Ngozi Okoro,09061593277,,20,2024-09-30
1018,Amaka Fashola,07335538377,amaka107@gmail.com,14,2023-09-05
1019,John Ogunleye,2347581359758,john27@gmail.com,1,2024-07-16
1020,Blessing Yakubu,08967328832,blessing441@outlook.com,4,2023-03-10
1021,Precious Mba,07878323671,precious244@gmail.com,18,2022-06-21
1022,Samuel Suleiman, 07035193002 ,samuel79@gmail.com,11,2023-06-05
1023,Femi Aliyu,+2347625905871,,3,2023-02-06
1024,Musa Fashola,08806988766,musa880@gmail.com,18,2024-02-10
1025,Wale Okoro,+2347686349565,wale516@gmail.com,20,2024-09-19
1026,Mary Bassey,07359740844,,5,2023-08-06
1027,Ibrahim Okoro,+2348668612879,ibrahim22@yahoo.com,13,2023-12-06
1028,Zainab Adeyemi,08567441381,zainab884@yahoo.com,13,2022-08-30
1029,Segun Sani,+2348696119535,,11,2022-07-24
1030,Musa Chukwu,07076720097,musa637@yahoo.com,18,2022-09-25
1031,Hassan Ogunleye,2348368776282,hassan737@outlook.com,13,2023-11-15
1032,Nonso Okoro,07035709366,nonso974@yahoo.com,10,2023-10-25
1033,,08575601485,bisi676@yahoo.com,10,2025-10-28
1034,Samuel Danjuma,2347458445874,samuel451@gmail.com,18,2024-06-04
1035,Aisha Sani,07205637988,aisha565@yahoo.com,9,2024-11-19
1036,Musa Yakubu,08613927545,,21,2022-09-10
1037,Ibrahim Nwosu,+2348126323988,,9,2022-10-03
1038,Musa Okafor,+2347901750496,musa359@gmail.com,3,2024-11-25
1039,Kemi Abubakar,07957978813,,11,2024-01-01
1040,Daniel Mba,08047286684,daniel997@yahoo.com,10,2023-04-25
1041,Emeka Chukwu,08554548039,emeka524@outlook.com,12,2025-04-06
1042,Aisha Ojo,2347083517835,aisha665@gmail.com,19,2023-09-03
1043,Blessing Sani,+2347319854283,blessing622@yahoo.com,9,2025-05-01
1044,Uche Chukwu,07626514410,,11,2024-06-11
1045,Chioma Okoro,08047071358,,21,2022-11-04
1046,John Aliyu,09018027140,,8,2023-02-12
1047,Kelechi Chukwu,+2348555366756,kelechi350@yahoo.com,5,2024-09-14
1048,SAMUEL YAKUBU,+2348974323637,samuel898@yahoo.com,18,2023-02-03
1049,John Eze,07088238024,,17,2022-10-28
1050,Hassan Sani,08025050605,hassan122@yahoo.com,20,2024-04-20
1051,Bello Suleiman,07908531214,bello646@yahoo.com,16,2024-11-09
1052,Yusuf Nwosu,+2348509545877,,22,2025-09-28
1053,Nonso Ojo,07459534019,nonso287@gmail.com,19,2025-03-07
1054,Grace Igwe,+2348095785821,,2,2023-06-01
1055,Aisha Sani,+2348476274209,,16,2023-01-29
1056,Maryam Okoro,2347735352496,maryam772@gmail.com,7,2023-12-23
1057,Blessing Igwe,2347071666811,blessing553@outlook.com,1,2022-06-14
1058,Grace Abubakar,08468155525,grace534@gmail.com,4,2024-01-26
1059,Maryam Sani,07223295425,maryam750@outlook.com,8,2024-05-25
1060,Tunde Danjuma,07855632324,tunde754@outlook.com,11,2022-10-30
1061,Ibrahim Sani,08809745909,,21,2025-12-04
1062,Chinedu Okoro,07964694503,chinedu272@yahoo.com,10,2023-06-19
1063,YUSUF ABUBAKAR,+2347229662181,yusuf768@gmail.com,20,2022-10-16
1064,Aisha Nwosu,08765413646,aisha647@outlook.com,22,2024-05-15
1065,Segun Ogunleye,2347749137955,segun646@yahoo.com,4,2025-06-17
1066,Obi Eze, 08935819613 ,obi458@yahoo.com,15,2024-10-18
1067,,08013148454,chuka496@yahoo.com,9,2023-09-24
1068,Peter Abubakar,2349007861979,,14,2023-11-18
1069,Ijeoma Umeh,07661916595,,2,2024-04-26
1070,Zainab Umeh,08463793996,zainab799@outlook.com,5,2025-11-08
1071,Daniel Fashola,08841354296,daniel93@outlook.com,18,2024-05-23
1072,Tunde Suleiman,+2347929983740,,8,2025-06-02
1073,Wale Nwosu, 07847935621 ,,1,2022-06-28
1074,Grace Eze,+2349029135271,,8,2022-07-20
1075,Ibrahim Bassey,+2349087339384,ibrahim135@outlook.com,17,2022-11-21
1076,Kelechi Okafor,08383547579,,20,2024-08-10
1077,Zainab Danjuma,08901393122,,21,2022-12-22
1078,Samuel Yakubu,08092561327,,18,2023-12-23
1079,Peter Okoro,08277604270,peter782@outlook.com,1,2024-12-13
1080,Ijeoma Okoro,08222827851,ijeoma341@gmail.com,6,2022-11-19
1081,Aisha Yakubu,+2347213371133,aisha859@yahoo.com,2,2025-08-04
1082,Mary Bassey,08896668492,mary38@yahoo.com,1,2025-10-09
1083,Nneka Abubakar,2349039199476,nneka321@outlook.com,17,2024-12-31
1084,Blessing Adeyemi, 08082300308 ,blessing776@gmail.com,15,2023-02-04
1085,Chioma Suleiman,2348263864241,chioma538@yahoo.com,1,2025-06-25
1086,Wale Eze,07755548431,wale630@yahoo.com,17,2023-05-06
1087,Aisha Aliyu, 07959713746 ,aisha484@yahoo.com,5,2024-04-07
1088,Fatima Igwe,+2348211164772,,1,2025-01-19
1089,Zainab Abubakar,07248693923,,3,2025-01-15
1090,Femi Fashola,2347881237053,femi282@yahoo.com,10,2024-10-20
1091,Grace Aliyu,2347654398864,,9,2023-08-18
1092,Samuel Eze,08337424776,,20,2025-09-25
1093,John Abubakar,09004889479,john94@outlook.com,1,2023-05-04
1094,Chuka Adeyemi,2347133298057,chuka451@yahoo.com,4,2024-03-31
1095,Kemi Fashola,08987468117,kemi364@yahoo.com,20,2024-03-11
1096,Aisha Nwosu, 07713397195 ,aisha574@yahoo.com,18,2023-10-27
1097,Lawal Mba,07938819455,lawal355@outlook.com,7,2025-11-15
1098,,08911179053,,10,2023-07-05
1099,BISI EZE, 07649435472 ,bisi622@yahoo.com,13,2023-12-16
1100,Ibrahim Bassey,07141510471,ibrahim950@yahoo.com,6,2025-12-16
1101,John Fashola,2347097199749,,6,2023-04-10
1102,Yusuf Adeyemi,07301940329,yusuf728@gmail.com,7,2025-06-19
1103,Precious Okafor,08726309658,precious174@outlook.com,22,2024-06-20
1104,Ijeoma Sani,2348712031520,,9,2025-03-24
1105,Amaka Nwosu,07704333354,amaka420@gmail.com,18,2022-06-07
1106,Femi Eze,08452444438,femi475@gmail.com,3,2022-12-03
1107,Segun Danjuma,+2347053840983,segun223@outlook.com,8,2022-11-14
1108,Zainab Abubakar,+2348883226920,,5,2024-01-09
1109,Samuel Danjuma,07485576814,samuel182@yahoo.com,16,2024-11-17
1110,Femi Chukwu,08979775200,femi647@outlook.com,19,2022-08-15
1111,Hassan Balogun,+2347538278852,,17,2024-01-13
1112,Blessing Bassey,08974535328,,17,2022-08-04
1113,Segun Yakubu,08506418889,segun387@outlook.com,4,2022-08-09
1114,Femi Okafor,08216615543,,10,2023-06-19
1115,Fatima Umeh,+2348921364903,fatima632@yahoo.com,16,2024-11-07
1116,KEMI BASSEY,+2348536668656,kemi411@yahoo.com,17,2023-09-23
1117,Bello Sani,07687723471,bello168@outlook.com,17,2024-02-06
1118,Uche Chukwu,2347336589281,uche56@gmail.com,15,2023-03-17
1119,Ijeoma Nwosu,08683474488,,8,2024-02-20
1120,AISHA SANI,07623586005,aisha866@yahoo.com,16,2023-04-23
1121,Blessing Ojo,+2348207313125,blessing724@gmail.com,11,2022-12-14
1122,,2347728123479,yusuf547@gmail.com,20,2025-09-14
1123,Segun Okoro,07879413034,segun626@outlook.com,5,2022-11-06
1124,Mary Abubakar,07778304810,,10,2023-06-04
1125,Zainab Ojo,+2348231584294,,22,2023-06-03
1126,Grace Eze,07216809729,grace104@outlook.com,5,2022-06-26
1127,Samuel Igwe,08161194425,samuel983@outlook.com,9,2022-09-20
1128,Chioma Aliyu,2348159423195,chioma485@outlook.com,4,2025-05-31
1129,Segun Sani,+2347982342330,,17,2025-09-21
1130,Precious Umeh,08185726375,,20,2024-12-29
1131,Grace Bassey,08725968479,grace25@outlook.com,1,2024-01-22
1132,Maryam Danjuma,07092873734,maryam38@outlook.com,18,2023-10-23
1133,Bello Balogun,+2348629278722,bello282@yahoo.com,17,2025-11-16
1134,Samuel Umeh,07837254467,,3,2022-12-25
1135,Bisi Ogunleye,07054085839,bisi264@outlook.com,14,2022-11-10
1136,Chioma Abubakar,+2347779624152,chioma813@gmail.com,16,2022-09-09
1137,Aisha Sani,08764115755,,6,2025-10-21
1138,Wale Bassey,07531314051,wale673@gmail.com,21,2025-01-03
1139,Chuka Eze,07046446032,,19,2025-10-30
1140,Kelechi Aliyu,07998979292,kelechi13@yahoo.com,5,2024-05-10
1141,NONSO YAKUBU,08783852351,nonso262@yahoo.com,21,2025-08-14
1142,Mary Fashola, 07214482131 ,mary543@yahoo.com,15,2024-03-07
1143,Efe Balogun,+2347426899311,efe426@gmail.com,16,2024-01-03
1144,Kemi Ojo, 07337348982 ,kemi871@gmail.com,4,2023-08-22
1145,Samuel Ogunleye,07407729618,samuel361@gmail.com,12,2025-10-10
1146,Bello Danjuma,+2348367579577,,15,2025-01-06
1147,Fatima Nwosu,07009936647,fatima782@yahoo.com,21,2022-12-19
1148,Kelechi Sani,08621487227,kelechi142@outlook.com,14,2022-11-12
1149,EFE DANJUMA,+2347428917395,efe975@yahoo.com,21,2025-10-14
1150,Hassan Fashola,+2347493707494,hassan741@gmail.com,10,2023-07-15
1151,Tunde Okafor,08188703978,,15,2023-10-09
1152,,2347843672049,,2,2022-10-22
1153,Kelechi Igwe, 07982180539 ,kelechi981@yahoo.com,20,2025-06-05
1154,David Okafor,08852003047,,17,2022-08-21
1155,Maryam Sani,2347263449200,maryam777@outlook.com,12,2023-01-15
1156,Kelechi Danjuma,07629096533,,16,2022-10-30
1157,Kemi Bassey,08768460359,,20,2023-11-11
1158,Ibrahim Balogun,07731435209,,10,2024-06-12
1159,Fatima Chukwu,+2348218379665,fatima159@outlook.com,10,2023-02-19
1160,HASSAN BASSEY,+2347074551099,hassan152@outlook.com,17,2024-06-15
1161,Ijeoma Yakubu,+2347436774944,ijeoma602@outlook.com,16,2024-07-06
1162,Fatima Igwe,08237373200,,7,2024-05-02
1163,Obi Balogun,08993006411,obi366@yahoo.com,17,2022-06-25
1164,Obi Abubakar,07087685573,obi975@yahoo.com,18,2023-12-08
1165,David Adeyemi, 07148493255 ,david254@gmail.com,21,2023-06-10
1166,Kemi Okoro,+2348163976792,,7,2025-07-05
1167,Tunde Balogun,+2347154485165,,4,2025-09-03
1168,David Suleiman,08622225651,,4,2022-11-18
1169,David Chukwu,08246032509,david596@yahoo.com,15,2023-01-15
1170,Uche Chukwu,2348578654679,uche258@yahoo.com,11,2025-03-05
1171,Peter Yakubu,+2348656027079,,18,2024-04-29
1172,Peter Ogunleye,+2347284056477,peter327@outlook.com,14,2023-05-01
1173,Zainab Eze, 08136745050 ,zainab552@gmail.com,7,2023-01-09
1174,Zainab Igwe,08969898627,zainab702@yahoo.com,5,2023-08-05
1175,Chuka Nwosu,08013881944,chuka625@outlook.com,21,2025-04-23
1176,Daniel Sani,2347684837345,daniel484@yahoo.com,12,2024-02-18
1177,Chuka Umeh,08447602542,chuka6@yahoo.com,5,2024-09-15
1178,Nonso Bassey,08804392572,,1,2024-01-25
1179,Chuka Sani,2347834346251,chuka633@outlook.com,8,2023-12-14
1180,Fatima Danjuma,+2348848883139,fatima970@gmail.com,16,2024-08-07
1181,Kemi Bassey, 08507291774 ,,12,2024-05-02
1182,Maryam Ogunleye,07342241325,,5,2024-09-25
1183,Faith Ogunleye,+2348432476481,faith336@outlook.com,10,2023-11-16
1184,Efe Balogun,2347176267395,efe370@yahoo.com,15,2023-08-14
1185,Obi Umeh,07505345732,,21,2022-07-18
1186,Kelechi Sani,08241805827,kelechi62@outlook.com,2,2025-08-02
1187,Peter Danjuma,2348255742020,peter650@gmail.com,18,2025-08-01
1188,Chioma Fashola,08312471869,chioma480@outlook.com,22,2023-06-26
1189,Lawal Bassey,08893553581,lawal75@gmail.com,14,2024-04-26
1190,Efe Ojo,+2347017542233,,8,2024-10-22
1191,Faith Danjuma,+2348674361005,faith589@yahoo.com,5,2025-08-25
1192,Aisha Ogunleye,07069949336,aisha865@gmail.com,3,2025-06-11
1193,Chuka Danjuma, 08684503204 ,,7,2023-12-08
1194,Femi Okafor,08123065444,femi385@gmail.com,15,2023-08-02
1195,Maryam Ojo,08977383812,maryam128@gmail.com,17,2025-04-03
1196,Chioma Nwosu,2347309205877,chioma367@outlook.com,3,2024-09-28
1197,Peter Mba,08302878919,peter17@gmail.com,4,2024-10-08
1198,Femi Mba, 07168283809 ,femi668@yahoo.com,13,2022-11-20
1199,John Okafor, 07706423586 ,,5,2023-05-30
1200,Grace Balogun,08201654157,,14,2024-01-22
1201,Fatima Sani,08323539743,fatima830@outlook.com,1,2023-01-11
1202,Mary Abubakar,08607260990,mary272@outlook.com,16,2022-07-23
1203,, 07117325627 ,ibrahim740@outlook.com,8,2022-12-23
1204,Amaka Sani, 07288980743 ,amaka426@outlook.com,1,2025-10-18
1205,Zainab Yakubu,07653150815,,4,2025-11-08
1206,John Yakubu,+2348464293151,,3,2023-03-20
1207,Bello Ojo,08572765436,,15,2024-02-07
1208,Faith Igwe,+2347683209678,,2,2023-03-25
1209,HASSAN SULEIMAN,2347461240278,,11,2023-10-01
1210,Chinedu Chukwu,07884149893,chinedu837@outlook.com,9,2023-08-14
1211,David Umeh,07719631725,david346@gmail.com,15,2025-02-23
1212,BELLO DANJUMA,2347672058940,bello437@outlook.com,8,2025-06-17
1213,Nonso Eze,08825961248,,3,2024-12-13
1214,Peter Nwosu,08304269510,,12,2022-07-05
1215,Grace Aliyu,2348449901345,grace820@outlook.com,17,2023-09-15
1216,Fatima Mba,08743778902,fatima880@outlook.com,20,2023-04-08
1217,Lawal Abubakar,08025974384,lawal535@yahoo.com,10,2025-01-14
1218,Chinedu Adeyemi,08426227870,,2,2025-09-29
1219,Kelechi Balogun,07415067855,kelechi164@outlook.com,12,2025-09-24
1220,Tunde Okoro, 07703356197 ,tunde127@outlook.com,5,2023-04-07
1221,Nneka Danjuma,07309734558,,8,2025-12-09
1222,Maryam Ogunleye,2348388623020,,2,2024-04-30
1223,Hassan Bassey,08198145593,hassan898@outlook.com,8,2025-02-22
1224,Grace Eze,08877082569,,14,2025-03-09
1225,Kelechi Suleiman,+2348975701035,kelechi751@yahoo.com,22,2025-04-06
1226,Musa Mba,07259146156,,9,2025-09-23
1227,Bello Yakubu,+2348447305252,bello892@outlook.com,21,2025-10-15
1228,Bello Chukwu,08955003283,bello689@outlook.com,2,2024-10-11
1229,Femi Umeh,2348469770547,,14,2025-12-08
1230,Efe Abubakar,+2347066519070,,9,2022-07-29
1231,Femi Mba,07635641122,femi49@yahoo.com,6,2025-12-22
1232,Aisha Fashola,2348406400269,aisha772@yahoo.com,3,2023-05-19
1233,Bisi Mba,+2348894818006,,11,2022-12-03
1234,Precious Yakubu,+2348937420579,,15,2025-02-19
1235,Grace Nwosu, 07821267216 ,,18,2025-04-02
1236,Wale Fashola,+2348012273983,,22,2025-10-07
1237,Ijeoma Bassey,07879939366,ijeoma137@yahoo.com,3,2024-01-23
1238,CHUKA OKORO,07105125577,chuka684@yahoo.com,8,2023-09-03
1239,Kemi Okoro,09074623343,,16,2022-07-13
1240,Maryam Sani,+2348454225237,maryam869@outlook.com,13,2025-12-06
1241,Musa Mba,2347678236259,musa922@gmail.com,5,2024-06-01
1242,Chuka Okoro,2348483160312,,18,2025-04-05
1243,Chuka Eze,2348544822259,chuka735@outlook.com,8,2025-07-09
1244,,+2347138721526,nonso510@outlook.com,15,2023-05-17
1245,Blessing Suleiman,2348223481016,,1,2023-12-18
1246,Daniel Yakubu,08953237355,daniel221@outlook.com,10,2025-06-07
1247,Bisi Okoro,+2348307830709,,1,2025-09-14
1248,Precious Suleiman,+2347913007953,precious73@outlook.com,7,2024-09-25
1249,Kemi Aliyu,2347454040670,,4,2023-01-31
1250,Ijeoma Chukwu,+2348757500351,ijeoma391@outlook.com,10,2024-05-04
1251,Femi Nwosu,+2347649383269,,21,2023-07-16
1252,Amaka Danjuma,07249789034,,2,2022-10-03
1253,Grace Eze,08351211031,,19,2022-07-27
1254,Samuel Mba,2347444162204,samuel511@gmail.com,22,2024-05-08
1255,Emeka Aliyu,07458393678,emeka901@gmail.com,2,2024-11-28
1256,David Eze,2347795889399,,4,2025-09-21
1257,Mary Abubakar,+2348566660577,mary951@outlook.com,4,2024-08-05
1258,Blessing Adeyemi,07933371985,,2,2023-06-21
1259,Femi Suleiman, 08222657259 ,femi94@outlook.com,18,2025-05-15
1260,Grace Ojo,2348644371081,,21,2023-07-11
1261,Lawal Ojo,07219228643,,13,2025-07-24
1262,Zainab Yakubu, 08975818314 ,zainab716@gmail.com,3,2022-08-25
1263,Zainab Chukwu,+2348463908477,zainab757@gmail.com,13,2022-09-05
1264,Uche Mba, 07138278024 ,uche537@gmail.com,4,2022-08-31
1265,Nonso Nwosu,2348826373918,,20,2023-07-29
1266,Chinedu Suleiman, 07522951710 ,chinedu5@gmail.com,13,2024-04-08
1267,Obi Mba, 08021750894 ,,14,2025-11-25
1268,Samuel Ogunleye,08675573719,samuel11@yahoo.com,7,2024-07-12
1269,Mary Bassey,+2348607634860,,8,2023-02-19
1270,Tunde Eze,09029196287,,9,2023-05-09
1271,Ijeoma Ogunleye,+2347725387228,,18,2023-07-19
1272,MARY ABUBAKAR,07098867792,mary115@gmail.com,3,2024-08-03
1273,Kemi Sani,+2348123395093,kemi788@gmail.com,7,2025-03-28
1274,Aisha Danjuma,07033562057,,7,2023-05-26
1275,Ngozi Ojo,07749482469,,15,2023-07-04
1276,Efe Umeh,07629867708,,2,2025-06-25
1277,Chioma Adeyemi,08361292960,chioma174@outlook.com,4,2024-06-28
1278,Obi Okafor,08441980083,obi788@outlook.com,2,2023-09-03
1279,Samuel Fashola,08668993139,samuel661@yahoo.com,8,2025-11-13
1280,Mary Aliyu,08628633369,mary921@gmail.com,10,2024-06-07
1281,Segun Ojo, 07417175325 ,segun443@yahoo.com,18,2024-12-28
1282,Obi Ojo,08606921373,,15,2024-10-03
1283,Maryam Ojo,07866469556,maryam137@outlook.com,7,2023-10-17
1284,Samuel Abubakar, 08867097090 ,samuel562@yahoo.com,5,2024-02-19
1285,John Eze,+2348156038538,john979@outlook.com,18,2023-07-14
1286,Fatima Ojo, 08104025187 ,fatima25@outlook.com,9,2025-08-06
1287,Samuel Balogun,+2348474318696,,5,2023-10-17
1288,Mary Danjuma,+2348959901791,mary897@gmail.com,1,2022-10-12
1289,Ngozi Danjuma,2347806984371,,3,2023-08-11
1290,Grace Aliyu, 08498492990 ,grace721@gmail.com,6,2022-12-25
1291,Emeka Nwosu,08367873288,,9,2025-01-17
1292,KEMI EZE,+2347378464248,,16,2024-07-20
1293,Fatima Okafor,+2349097079798,fatima599@outlook.com,22,2022-07-11
1294,Samuel Mba,2347217207035,,5,2024-02-05
1295,, 07825904810 ,chioma972@gmail.com,19,2025-03-10
1296,Kelechi Nwosu,07644221613,kelechi533@gmail.com,8,2023-05-08
1297,Zainab Bassey,08106662609,,11,2024-12-25
1298,Blessing Suleiman,08591179145,blessing20@yahoo.com,2,2025-01-18
1299,Nneka Ojo,09059599736,nneka803@yahoo.com,12,2024-05-01
1300,Musa Fashola,07725474022,,11,2022-11-21
1301,Peter Eze,07322795994,,8,2022-10-12
1302,Amaka Adeyemi,07036723292,amaka633@gmail.com,15,2025-12-04
1303,Bisi Eze,+2347143327250,,3,2022-11-14
1304,Chinedu Sani,2347594526890,,7,2024-03-18
1305,John Abubakar,+2348264121650,john750@outlook.com,17,2022-10-04
1306,Chinedu Adeyemi,07505416796,,3,2023-06-23
1307,Uche Nwosu,2348934820432,,14,2025-09-26
1308,Peter Ogunleye,07646784096,peter544@gmail.com,6,2023-10-29
1309,,07882013410,tunde838@yahoo.com,22,2024-11-30
1310,Amaka Danjuma,+2347922105263,amaka745@yahoo.com,10,2025-02-08
1311,Mary Danjuma,+2348904192453,,15,2024-05-23
1312,Chuka Ojo,08188586261,,1,2024-07-29
1313,Yusuf Danjuma,08613506246,yusuf15@yahoo.com,6,2023-05-20
1314,Aisha Eze,08203514901,,10,2025-03-15
1315,Blessing Bassey,08249374127,blessing971@gmail.com,4,2022-10-01
1316,Tunde Danjuma,+2348555854015,,14,2025-03-09
1317,Mary Okafor, 08613660906 ,,4,2025-11-18
1318,Daniel Balogun,+2347877263852,daniel885@gmail.com,15,2025-01-25
1319,Grace Sani,07834916445,grace925@yahoo.com,18,2025-01-31
1320,Bisi Chukwu,2348784261117,bisi989@yahoo.com,8,2025-08-16
1321,Faith Aliyu,09095179188,faith482@gmail.com,5,2022-12-13
1322,Precious Danjuma,08258762637,precious913@outlook.com,7,2024-12-07
1323,NNEKA BALOGUN,08991990212,nneka229@outlook.com,16,2024-05-30
1324,Blessing Balogun,2347819131878,blessing620@outlook.com,20,2023-06-21
1325,Daniel Eze,07154270602,daniel517@yahoo.com,1,2024-07-10
1326,Zainab Bassey,07751424190,,15,2024-10-11
1327,Emeka Umeh,+2348423633660,emeka777@yahoo.com,7,2023-12-13
1328,DANIEL UMEH,08503156470,,18,2022-09-16
1329,John Mba,08847291943,john644@yahoo.com,20,2024-08-19
1330,Ibrahim Ogunleye,08931660711,ibrahim58@outlook.com,3,2023-02-26
1331,Yusuf Balogun,07414942873,,14,2024-06-01
1332,Bisi Adeyemi,08392042711,bisi658@yahoo.com,7,2025-06-27
1333,,07664815074,,21,2025-07-17
1334,Obi Yakubu,07564903481,obi978@gmail.com,21,2024-03-23
1335,Ijeoma Okafor,+2347749258203,,2,2024-09-27
1336,Uche Chukwu,07589245415,,17,2025-09-04
1337,Fatima Ojo,08371123311,fatima763@outlook.com,13,2025-07-14
1338,Fatima Abubakar,2347656611739,,10,2024-08-13
1339,Maryam Okafor,08669586664,maryam210@gmail.com,7,2024-08-02
1340,Uche Chukwu,+2347764596069,uche838@yahoo.com,8,2022-09-20
1341,Samuel Bassey,07066199285,,13,2024-04-14
1342,Chuka Umeh, 08543772557 ,chuka492@outlook.com,4,2023-10-22
1343,Chinedu Okafor,+2347025600838,chinedu311@yahoo.com,4,2025-08-07
1344,Ngozi Mba,07488099541,ngozi382@gmail.com,2,2022-07-16
1345,Chioma Ogunleye,08164433725,,16,2022-08-02
1346,Segun Okafor,08854939337,segun908@outlook.com,19,2023-12-12
1347,John Adeyemi,+2347394615080,,14,2022-08-01
1348,Nonso Sani,07031738763,nonso983@yahoo.com,9,2025-02-06
1349,Efe Bassey, 07484939600 ,efe830@gmail.com,14,2022-08-30
1350,Blessing Yakubu,2348831793470,,16,2024-06-22
1351,David Nwosu,07953444368,,13,2024-09-11
1352,Grace Umeh, 08965906489 ,,14,2025-03-09
1353,Grace Sani,07643309241,,18,2025-01-11
1354,Fatima Suleiman,08603433543,fatima554@outlook.com,19,2023-04-23
1355,Yusuf Abubakar,2348012371426,yusuf902@gmail.com,4,2025-06-19
1356,Samuel Okafor,08403763239,samuel701@outlook.com,12,2025-02-26
1357,Blessing Ojo,+2349097590085,,4,2024-09-13
1358,Obi Umeh,08774159672,obi915@outlook.com,3,2025-03-11
1359,ZAINAB OKORO,2347774510532,zainab99@gmail.com,7,2022-08-03
1360,Segun Adeyemi,08152995699,segun367@outlook.com,13,2025-10-06
1361,Grace Abubakar,08589026882,grace608@gmail.com,12,2022-08-04
1362,Efe Bassey,+2349047438345,efe789@gmail.com,12,2025-09-15
1363,Mary Okafor,08242456742,mary557@gmail.com,15,2025-12-14
1364,Hassan Danjuma,08201576165,,14,2024-12-11
1365,Bello Okafor,+2348511473717,bello456@gmail.com,19,2025-01-04
1366,Hassan Fashola,+2347125248063,hassan715@outlook.com,6,2024-12-12
1367,Ibrahim Ogunleye,+2348092840033,ibrahim992@gmail.com,13,2025-02-20
1368,Segun Ojo,07464748410,,15,2025-03-07
1369,Chioma Eze,07331397254,chioma376@outlook.com,12,2025-05-11
1370,David Eze,07085679202,david719@yahoo.com,22,2022-11-26
1371,Femi Yakubu,07623307324,,7,2025-08-12
1372,Maryam Fashola,07679017491,,4,2023-06-15
1373,Blessing Suleiman,07376038921,,17,2022-06-23
1374,Chinedu Eze,+2347689900636,,8,2023-03-08
1375,John Abubakar,08219024130,john102@gmail.com,3,2025-12-19
1376,Emeka Balogun,2347372140750,emeka75@outlook.com,21,2025-12-05
1377,Grace Okoro,2348042001147,grace44@yahoo.com,12,2022-07-27
1378,Ijeoma Umeh,+2347573136181,ijeoma973@outlook.com,17,2023-04-19
1379,Wale Yakubu,2348101518651,wale576@gmail.com,2,2023-03-26
1380,Grace Bassey,08186729127,,16,2024-03-31
1381,Peter Yakubu,08763302963,peter94@outlook.com,20,2024-05-02
1382,Tunde Bassey,+2347695847725,tunde234@yahoo.com,19,2024-03-25
1383,Uche Mba, 07496620341 ,uche422@yahoo.com,7,2024-10-16
1384,Precious Balogun,2348765949535,,7,2025-06-16
1385,Nonso Chukwu,+2347305889906,nonso211@outlook.com,21,2024-04-21
1386,Mary Mba,08235542271,mary471@outlook.com,9,2023-11-04
1387,Chioma Ojo,2348001054812,,15,2023-11-04
1388,Blessing Chukwu,2348308054705,,16,2024-10-23
1389,Daniel Eze,07996253650,,2,2024-06-10
1390,Ibrahim Adeyemi,08409979545,,22,2024-10-14
1391,Samuel Suleiman,07865650204,,19,2023-08-26
1392,Nneka Fashola,07603545152,,13,2023-08-25
1393,Aisha Fashola,+2347412529708,aisha629@yahoo.com,14,2023-02-11
1394,OBI OKORO,07423911570,obi287@gmail.com,20,2024-02-22
1395,Hassan Umeh,07252375683,hassan455@yahoo.com,13,2024-07-27
1396,Efe Fashola,2347529246334,efe897@outlook.com,20,2022-07-13
1397,Hassan Umeh,+2347953424571,hassan616@outlook.com,7,2023-05-11
1398,Aisha Danjuma,07705173595,aisha921@gmail.com,22,2025-01-17
1399,Samuel Okoro,+2347168587425,samuel23@yahoo.com,16,2024-06-06
1400,Lawal Umeh, 07228337722 ,,9,2024-06-20
1401,John Nwosu,08499676669,john830@gmail.com,8,2024-07-21
1402,Amaka Nwosu,08781839952,,10,2023-11-05
1403,Emeka Sani,07474843470,emeka171@outlook.com,19,2022-12-06
1404,Segun Ogunleye,+2348083817334,,3,2023-07-06
1405,Tunde Eze,09003998601,tunde798@yahoo.com,5,2024-06-25
1406,David Nwosu,07026460612,david785@yahoo.com,2,2022-07-13
1407,Ijeoma Balogun,08203615725,ijeoma248@outlook.com,15,2025-08-19
1408,Kemi Umeh,07285164353,,13,2022-08-26
1409,Yusuf Okafor,08359220106,yusuf405@outlook.com,15,2024-09-05
1410,Grace Mba,2348477798104,grace537@yahoo.com,2,2025-03-20
1411,Aisha Adeyemi,+2347946007028,,12,2024-07-23
1412,Efe Danjuma,08921269132,,19,2023-03-29
1413,Yusuf Ogunleye,07361274777,yusuf926@yahoo.com,15,2024-08-26
1414,Grace Abubakar,08061861447,,2,2022-12-25
1415,Femi Umeh, 08678270949 ,,2,2025-04-15
1416,John Adeyemi,07496206670,john170@gmail.com,18,2023-03-26
1417,Nneka Suleiman,07559742456,nneka460@yahoo.com,20,2025-11-07
1418,Chuka Ogunleye,09059673779,chuka905@yahoo.com,2,2024-11-04
1419,Blessing Chukwu,+2347397340529,,5,2025-12-22
1420,UCHE ADEYEMI,+2347707616924,,7,2022-06-25
1421,,09043544205,kelechi582@yahoo.com,3,2023-08-06
1422,Fatima Suleiman,08232108790,,16,2023-05-06
1423,Chioma Adeyemi,+2349076750174,chioma382@yahoo.com,18,2023-11-11
1424,Bisi Danjuma,+2348709724962,bisi826@outlook.com,1,2023-10-16
1425,Lawal Yakubu,08306042710,lawal742@yahoo.com,9,2025-09-24
1426,Bello Balogun,+2349004673414,bello255@yahoo.com,17,2022-12-19
1427,Grace Sani,+2348076556834,,22,2025-11-28
1428,Tunde Danjuma, 07148308548 ,tunde443@gmail.com,12,2022-08-02
1429,Chioma Ogunleye,08257649560,chioma416@yahoo.com,6,2024-01-08
1430,Bisi Nwosu,+2348517322454,bisi104@gmail.com,14,2022-06-18
1431,Mary Adeyemi, 09033548252 ,mary3@yahoo.com,12,2023-03-01
1432,FEMI CHUKWU,07426197034,,2,2025-09-06
1433,Precious Okafor,2347493851025,precious844@yahoo.com,17,2025-09-28
1434,Tunde Aliyu,07168756720,tunde267@gmail.com,20,2025-04-20
1435,Obi Ogunleye,07863731440,obi830@yahoo.com,21,2025-04-08
1436,Ijeoma Sani,2347606189630,ijeoma216@gmail.com,2,2023-04-14
1437,Faith Eze,08143115770,,19,2024-04-12
1438,Kemi Yakubu,07316075879,kemi215@yahoo.com,7,2024-06-15
1439,Femi Adeyemi,09055230911,femi833@yahoo.com,11,2024-08-23
1440,,2348908085830,maryam982@outlook.com,6,2023-06-12
1441,Musa Sani,07853485842,,9,2025-04-16
1442,Uche Nwosu,08971154772,uche729@yahoo.com,4,2024-07-03
1443,John Igwe,07376578724,john879@outlook.com,17,2023-12-13
1444,Faith Aliyu, 07508297043 ,faith749@gmail.com,18,2025-09-23
1445,Nonso Suleiman,07047833969,nonso989@gmail.com,20,2024-10-02
1446,Samuel Okoro, 08514739633 ,samuel308@outlook.com,19,2023-09-13
1447,Musa Ojo,08354845687,,1,2024-12-07
1448,Lawal Suleiman, 09055590828 ,lawal922@outlook.com,21,2022-07-04
1449,Zainab Aliyu,+2348274580502,zainab566@yahoo.com,13,2023-09-24
1450,Blessing Danjuma,08674359756,,16,2024-04-04
1451,Efe Eze,08915331763,,14,2023-11-09
1452,Aisha Nwosu,08955844899,,3,2025-06-28
1453,Emeka Eze,2347005019005,,4,2023-12-06
1454,Maryam Danjuma,08969968963,maryam126@yahoo.com,12,2023-12-22
1455,AMAKA MBA,09064175929,amaka257@outlook.com,3,2025-11-22
1456,Tunde Nwosu,07419759161,tunde548@gmail.com,11,2025-12-15
1457,Hassan Sani,08317752148,,3,2025-02-15
1458,Obi Yakubu,+2348177497406,,7,2022-08-25
1459,Chinedu Chukwu,08707250140,chinedu426@outlook.com,3,2024-03-07
1460,Yusuf Eze,+2348432954443,yusuf485@yahoo.com,11,2025-07-04
1461,Chioma Aliyu,2349016319500,,4,2024-10-19
1462,Ngozi Ogunleye,+2347355333242,ngozi157@yahoo.com,17,2024-09-21
1463,Grace Adeyemi,08896030147,grace27@yahoo.com,17,2022-12-08
1464,Daniel Aliyu,2347922902103,,4,2024-04-14
1465,Segun Chukwu,09042322696,,3,2025-07-01
1466,Blessing Chukwu,2348395986295,blessing674@yahoo.com,2,2024-09-04
1467,,07855513879,zainab141@gmail.com,16,2025-09-17
1468,Ibrahim Yakubu,2348032793332,,8,2025-07-24
1469,Amaka Danjuma,08662742713,amaka18@yahoo.com,22,2023-02-15
1470,Peter Okoro, 07019774066 ,peter591@outlook.com,8,2023-06-20
1471,Ngozi Sani,08707516960,,19,2024-05-06
1472,Kelechi Chukwu,07633091259,kelechi262@outlook.com,13,2022-06-03
1473,Faith Abubakar,+2348763150688,faith834@outlook.com,2,2023-10-23
1474,Obi Okoro,+2348872211302,obi137@gmail.com,21,2023-01-17
1475,Aisha Eze,2347037934960,,21,2023-03-23
1476,Chioma Mba,08057353945,chioma697@yahoo.com,5,2023-07-18
1477,,08705072979,aisha972@yahoo.com,15,2023-10-30
1478,Fatima Suleiman,2347158696507,fatima209@yahoo.com,9,2024-01-10
1479,Segun Sani,2348219885085,,15,2024-02-11
1480,,2347995523800,,8,2023-03-01
1481,Mary Ojo,08419551308,mary149@gmail.com,4,2024-06-29
1482,Nneka Igwe,2348917773209,,10,2023-01-06
1483,Musa Okoro,2348719890570,musa643@yahoo.com,1,2022-06-07
1484,Chuka Fashola,07871024503,chuka192@gmail.com,9,2024-10-18
1485,Faith Abubakar,+2348716987578,,11,2023-07-07
1486,,08945046113,ibrahim505@gmail.com,3,2025-07-26
1487,Bello Chukwu,2347597890994,bello210@yahoo.com,18,2022-10-27
1488,MARYAM BALOGUN,07544665326,maryam38@yahoo.com,9,2025-09-16
1489,Faith Umeh,2347236717914,faith627@gmail.com,18,2023-10-26
1490,KEMI SULEIMAN,07703802428,kemi713@outlook.com,7,2025-02-27
1491,Kelechi Danjuma,08284847505,kelechi285@gmail.com,15,2024-05-15
1492,Blessing Nwosu,07241358384,blessing198@gmail.com,6,2023-09-23
1493,Uche Abubakar,07758731865,,4,2025-11-18
1494,Aisha Mba,+2348946026347,aisha443@gmail.com,1,2023-04-22
1495,Fatima Mba,07448052414,,14,2023-08-08
1496,Bello Sani,09083788191,,17,2025-07-11
1497,Faith Chukwu, 08153640686 ,faith609@outlook.com,14,2023-08-16
1498,Segun Aliyu,2348135683785,,10,2022-07-12
1499,Hassan Fashola,07232935210,hassan130@gmail.com,4,2025-05-28
1500,Blessing Yakubu,08663268584,,8,2023-09-18
1501,Ngozi Igwe,2348392244415,,3,2024-04-25
1502,Musa Bassey,07343991546,,8,2023-07-26
1503,Amaka Igwe,08132198484,amaka650@outlook.com,22,2024-03-21
1504,Nneka Danjuma,08951193434,nneka794@outlook.com,6,2022-08-02
1505,Faith Adeyemi,07489066147,faith101@yahoo.com,2,2025-06-08
1506,Daniel Okafor,+2347906248651,daniel118@outlook.com,3,2024-01-20
1507,David Balogun,+2348478999013,,10,2022-11-04
1508,Peter Aliyu,2347807366035,peter520@yahoo.com,1,2022-08-30
1509,Musa Okoro,08626729237,,13,2023-12-16
1510,Hassan Chukwu,08053504386,hassan524@gmail.com,12,2024-06-26
1511,Zainab Nwosu,2347961702514,zainab41@outlook.com,14,2024-09-10
1512,Daniel Aliyu,+2348586957204,daniel18@outlook.com,3,2025-05-12
1513,Ngozi Bassey,2347317571242,,1,2025-07-13
1514,Musa Bassey, 08643977034 ,musa486@yahoo.com,13,2023-10-23
1515,Uche Igwe,+2348025492929,,20,2023-03-17
1516,Wale Nwosu,+2348656158936,wale163@gmail.com,5,2024-10-07
1517,Grace Igwe,07266193974,grace258@gmail.com,10,2022-08-23
1518,Hassan Nwosu,08927269057,hassan888@gmail.com,12,2023-09-13
1519,BISI FASHOLA,+2347754215723,bisi934@outlook.com,10,2022-11-21
1520,Kelechi Bassey,2348319897879,kelechi941@gmail.com,18,2023-01-10
1521,Peter Igwe,07706562506,peter138@yahoo.com,11,2022-10-05
1522,Ibrahim Ogunleye,+2347145888482,,12,2023-08-02
1523,Uche Igwe,07803049847,uche228@gmail.com,20,2022-12-02
1524,Nonso Igwe,09013076663,nonso622@gmail.com,7,2022-12-05
1525,Mary Abubakar,08646419379,mary41@yahoo.com,20,2022-11-05
1526,Peter Yakubu,2347837532052,,17,2024-09-11
1527,Chinedu Okafor, 07531445758 ,chinedu31@outlook.com,5,2024-09-27
1528,Daniel Igwe, 07627329894 ,,10,2025-03-15
1529,Daniel Eze, 08061051574 ,daniel697@gmail.com,5,2025-10-31
1530,Ngozi Adeyemi,07183066510,ngozi655@outlook.com,8,2025-06-09
1531,Ijeoma Igwe,07063336959,ijeoma418@gmail.com,20,2023-04-19
1532,Daniel Igwe,07618571422,,2,2022-11-05
1533,Wale Balogun,+2348041718961,wale646@gmail.com,13,2024-04-22
1534,Lawal Sani, 08901777764 ,lawal99@gmail.com,1,2024-10-21
1535,Ibrahim Abubakar,2347149728456,ibrahim370@yahoo.com,1,2025-10-27
1536,Hassan Balogun,+2347186375054,hassan218@gmail.com,11,2023-08-22
1537,Femi Suleiman,2348304077006,femi112@yahoo.com,18,2025-02-18
1538,Emeka Aliyu,08345425545,,18,2023-01-24
1539,Chinedu Igwe, 08994255940 ,,17,2025-07-01
1540,Yusuf Sani,07597279755,yusuf128@gmail.com,1,2024-06-28
1541,Daniel Suleiman,+2348442087833,daniel293@outlook.com,15,2022-07-03
1542,Musa Chukwu,2348038058810,musa587@yahoo.com,21,2024-01-29
1543,Daniel Aliyu,+2348738653803,,12,2023-03-25
1544,,+2348455164118,,17,2024-01-24
1545,Zainab Chukwu,+2347493938087,zainab111@gmail.com,5,2023-08-31
1546,Lawal Ojo,+2347147842069,lawal24@outlook.com,15,2024-08-24
1547,Kelechi Okafor,+2347444622315,,8,2023-09-11
1548,Chuka Aliyu, 08665092999 ,chuka533@gmail.com,10,2025-07-24
1549,Chinedu Mba, 08692976444 ,chinedu924@outlook.com,18,2024-11-06
1550,Emeka Ojo,+2347913459745,emeka273@gmail.com,12,2024-07-23
1551,Kelechi Adeyemi, 07551250535 ,kelechi829@yahoo.com,17,2023-03-26
1552,Chuka Chukwu,08923016385,,5,2023-11-29
1553,Kemi Chukwu,2347799540127,,6,2022-07-31
1554,John Okoro,08709621787,john401@yahoo.com,13,2022-09-21
1555,PETER ABUBAKAR,08714243587,peter343@gmail.com,2,2022-10-14
1556,Precious Bassey,08612227468,precious330@gmail.com,17,2023-05-29
1557,Uche Chukwu, 08647897700 ,uche52@outlook.com,16,2023-12-26
1558,Maryam Umeh,+2348003723148,,14,2023-03-14
1559,Yusuf Aliyu,07042544670,yusuf504@outlook.com,2,2025-01-27
1560,Fatima Chukwu,+2348542120619,fatima270@gmail.com,9,2025-05-09
1561,Tunde Abubakar,08164894211,,6,2024-03-05
1562,Uche Mba, 08022823906 ,uche950@gmail.com,6,2023-07-25
1563,Bello Adeyemi,+2347007372482,,22,2023-10-01
1564,Chuka Balogun,08396787556,chuka195@gmail.com,9,2025-06-21
1565,Faith Suleiman,+2347436419421,,4,2024-01-24
1566,Lawal Bassey,07134967937,lawal699@yahoo.com,4,2024-08-24
1567,Emeka Umeh,+2348279613268,,21,2022-06-29
1568,Amaka Yakubu,2348509996681,amaka105@outlook.com,14,2025-04-29
1569,Fatima Chukwu,+2348889242744,fatima704@outlook.com,8,2024-10-20
1570,DAVID OKORO,2348313973201,david327@yahoo.com,15,2023-09-12
1571,Efe Yakubu,2348508192211,efe950@gmail.com,16,2022-10-04
1572,Kemi Ojo,+2349063458603,kemi16@yahoo.com,3,2024-07-10
1573,,07896501091,fatima89@yahoo.com,11,2024-06-19
1574,David Umeh, 08755444428 ,david154@outlook.com,19,2023-05-23
1575,Yusuf Danjuma,+2348161661606,yusuf548@outlook.com,18,2024-10-28
1576,Wale Fashola,2347403128593,wale39@yahoo.com,8,2025-10-22
1577,David Sani, 08535207244 ,david299@outlook.com,20,2025-10-23
1578,Peter Fashola,+2348652409523,,2,2025-06-22
1579,Maryam Adeyemi,07454947358,maryam412@yahoo.com,22,2023-07-07
1580,Segun Okafor, 08155612057 ,segun80@outlook.com,15,2025-12-07
1581,Mary Aliyu,+2347983515191,mary589@yahoo.com,5,2023-04-12
1582,Chuka Igwe,+2348261640552,chuka545@yahoo.com,6,2022-06-02
1583,Kemi Mba,07681501601,kemi889@yahoo.com,20,2024-08-08
1584,Bisi Umeh,+2347073094224,,11,2023-05-27
1585,Grace Bassey,08347596354,grace404@gmail.com,21,2025-11-04
1586,Kemi Balogun,+2348895517306,kemi851@gmail.com,19,2023-07-04
1587,Bello Danjuma,07662335582,bello938@yahoo.com,16,2024-04-22
1588,Segun Danjuma,08473883285,segun604@gmail.com,20,2023-08-30
1589,Grace Eze,08292781918,grace401@yahoo.com,13,2025-02-27
1590,Blessing Danjuma,07829183395,blessing295@yahoo.com,20,2023-07-03
1591,Chioma Igwe,2347192899128,chioma614@yahoo.com,11,2023-07-13
1592,Faith Okoro,07092443011,faith216@yahoo.com,4,2024-03-28
1593,Chuka Danjuma,07553911009,chuka908@gmail.com,17,2025-01-30
1594,Bello Okoro,2348146323750,,5,2023-11-27
1595,Bello Ogunleye, 09022461916 ,,17,2024-12-22
1596,Chioma Chukwu,+2348432009020,chioma855@gmail.com,5,2022-06-14
1597,Kemi Igwe,+2348966843777,kemi912@gmail.com,14,2025-07-16
1598,Kelechi Suleiman, 08979496643 ,kelechi773@yahoo.com,6,2023-12-25
1599,Yusuf Yakubu,+2348306658708,yusuf915@outlook.com,19,2025-12-16
1600,Lawal Mba,2347815832385,,3,2025-11-10
1601,Lawal Danjuma,07011661059,,19,2024-07-02
1602,Obi Adeyemi, 07332941686 ,obi890@yahoo.com,16,2022-06-12
1603,Ibrahim Igwe,08628141772,ibrahim187@outlook.com,17,2024-02-12
1604,Grace Aliyu,08509231395,,21,2023-08-29
1605,Maryam Ogunleye,+2347381106793,,10,2023-05-10
1606,Aisha Adeyemi,+2349063900342,aisha828@gmail.com,5,2023-06-25
1607,Uche Aliyu,08651118854,uche640@gmail.com,17,2022-06-17
1608,KEMI SANI,07404421831,kemi475@yahoo.com,13,2023-05-05
1609,Grace Adeyemi,+2347454031059,grace492@yahoo.com,9,2024-06-13
1610,John Balogun,08461548510,,22,2025-04-12
1611,Nonso Ojo,2348415044801,nonso402@gmail.com,4,2023-06-08
1612,John Nwosu,08754608251,,21,2023-08-19
1613,Faith Nwosu, 07076466396 ,,7,2025-08-04
1614,Kelechi Nwosu, 08878165549 ,kelechi674@outlook.com,18,2024-02-11
1615,Emeka Okoro,2347837101744,emeka251@outlook.com,18,2025-06-11
1616,Zainab Bassey,08258768311,zainab904@yahoo.com,1,2024-08-14
1617,Samuel Danjuma,07649357022,samuel743@gmail.com,19,2024-12-02
1618,Maryam Okafor,07448384352,,20,2023-10-18
1619,Nonso Igwe, 08842887656 ,,18,2024-03-31
1620,Grace Okoro,07072653502,,6,2022-09-20
1621,Ibrahim Suleiman,08419203143,ibrahim963@outlook.com,19,2025-04-28
1622,Maryam Mba,+2348777244360,maryam366@gmail.com,2,2025-05-31
1623,Ibrahim Abubakar,07774964243,ibrahim661@gmail.com,15,2025-08-19
1624,TUNDE MBA,2347414524077,tunde585@gmail.com,6,2023-04-02
1625,Faith Mba,+2347236079984,,20,2025-04-13
1626,Uche Okafor,+2348202386600,,4,2022-12-08
1627,Emeka Ojo,07383546569,,22,2024-12-29
1628,Yusuf Suleiman,08972497141,,6,2023-01-01
1629,Ibrahim Eze,+2347088490876,,8,2025-05-19
1630,Uche Aliyu,+2347541621143,,18,2024-07-18
1631,Chinedu Nwosu,08706057746,chinedu107@gmail.com,3,2023-12-30
1632,Wale Okafor,2348747623371,wale144@yahoo.com,5,2025-08-24
1633,Emeka Aliyu,07321287140,emeka606@gmail.com,12,2024-06-21
1634,Hassan Adeyemi,2348881020737,hassan220@outlook.com,19,2025-10-04
1635,Mary Okafor,2347588612398,,18,2024-10-16
1636,CHUKA FASHOLA,07783186635,,5,2022-11-01
1637,Efe Balogun, 07138087699 ,,16,2025-02-06
1638,,08582032110,nneka739@gmail.com,8,2025-09-22
1639,Yusuf Balogun,2348352795827,,22,2023-04-21
1640,Chinedu Okoro,+2347731543296,,13,2025-11-13
1641,Mary Chukwu, 08638574470 ,mary915@yahoo.com,22,2024-06-29
1642,Femi Mba,07445128831,,9,2023-03-08
1643,,07111996541,nonso817@outlook.com,14,2023-07-30
1644,Blessing Okoro,08025633363,blessing93@yahoo.com,1,2025-04-23
1645,GRACE EZE,2348717144552,grace152@outlook.com,2,2023-01-08
1646,Nonso Adeyemi,07107854949,nonso253@gmail.com,2,2023-09-13
1647,Wale Mba, 07709254946 ,,7,2023-05-25
1648,Efe Okafor,+2347466854133,efe541@outlook.com,20,2024-10-20
1649,Musa Yakubu,07301091715,,6,2023-07-16
1650,Maryam Bassey,2348008328436,maryam81@yahoo.com,5,2025-05-10
1651,John Okafor,07687760955,john103@yahoo.com,3,2025-12-05
1652,Chioma Suleiman,08248840976,,9,2022-07-11
1653,Faith Okoro,+2348412139922,faith577@outlook.com,19,2025-12-14
1654,Chinedu Danjuma,08812103585,,17,2023-11-06
1655,Ibrahim Chukwu,08539336696,ibrahim405@outlook.com,21,2025-03-06
1656,Tunde Abubakar,08123017928,tunde392@outlook.com,13,2024-01-21
1657,Bello Balogun,07731823831,bello585@yahoo.com,14,2023-05-23
1658,Segun Abubakar,+2348315850391,segun934@gmail.com,3,2024-11-30
1659,Musa Nwosu,2348693341538,,18,2025-04-21
1660,Fatima Eze,07143656814,fatima676@gmail.com,18,2025-12-07
1661,Amaka Okoro,08799605960,amaka907@outlook.com,3,2023-03-28
1662,Maryam Okafor,+2348379449836,maryam988@yahoo.com,3,2025-04-06
1663,David Ojo,2347779977554,,12,2024-12-11
1664,Grace Igwe,+2347598387907,grace383@yahoo.com,1,2025-06-09
1665,Musa Fashola,08216372033,musa96@gmail.com,10,2024-07-18
1666,Daniel Ojo,08652409831,daniel524@yahoo.com,6,2025-09-22
1667,Daniel Sani,+2348293523914,daniel771@yahoo.com,2,2025-02-02
1668,Nneka Suleiman,+2347582978268,,12,2025-09-02
1669,Lawal Suleiman,08415162620,,11,2025-07-07
1670,Hassan Mba,08177679985,,21,2025-10-21
1671,Wale Aliyu,08395171737,wale959@outlook.com,10,2023-11-27
1672,Emeka Adeyemi,07396670999,,8,2024-05-29
1673,Kelechi Bassey,+2347321005759,kelechi588@gmail.com,17,2024-08-28
1674,Obi Aliyu,08113306185,obi405@yahoo.com,19,2025-05-15
1675,Tunde Sani,07162496223,,8,2023-01-18
1676,Femi Aliyu,+2347414432133,femi111@gmail.com,11,2024-09-12
1677,Segun Okoro,07656389136,segun97@yahoo.com,12,2022-07-15
1678,Nneka Ogunleye,07673089926,nneka440@yahoo.com,9,2023-07-01
1679,Efe Chukwu,07168886066,efe496@outlook.com,9,2025-04-22
1680,DANIEL FASHOLA,+2348391701806,daniel980@outlook.com,18,2024-08-29
1681,Emeka Eze,08135544445,emeka869@gmail.com,13,2024-03-30
1682,Hassan Bassey,+2348575177120,hassan596@yahoo.com,17,2025-06-30
1683,Hassan Chukwu,07236491629,,2,2024-03-04
1684,Chioma Eze,+2348844029653,,8,2025-02-03
1685,Hassan Suleiman,07188960467,,20,2022-10-05
1686,David Fashola,2347538067382,,19,2023-02-13
1687,Musa Danjuma,07147358278,musa51@gmail.com,5,2025-08-16
1688,Zainab Igwe, 07644001906 ,,9,2024-07-08
1689,Blessing Aliyu,08277886381,,10,2023-11-19
1690,Chuka Sani,2348258433918,,10,2025-08-13
1691,Chuka Okoro,08291484716,chuka249@yahoo.com,5,2024-09-06
1692,Segun Sani,07741909197,,8,2025-10-19
1693,Ngozi Okafor,+2348728138632,,6,2023-05-25
1694,Maryam Sani, 08228951535 ,,13,2024-03-09
1695,Efe Eze,07712676290,,9,2025-03-27
1696,David Igwe,+2347151102664,david550@gmail.com,13,2025-09-18
1697,John Yakubu, 07324286384 ,john178@outlook.com,1,2024-06-03
1698,Nneka Umeh,08837854309,nneka874@gmail.com,4,2024-10-18
1699,Fatima Suleiman,07644838753,fatima906@yahoo.com,19,2024-10-28
1700,Hassan Fashola,08416877971,hassan651@gmail.com,6,2023-11-25
1701,Zainab Balogun,08424901721,zainab900@yahoo.com,22,2023-12-02
1702,Lawal Bassey,07945784978,lawal347@outlook.com,3,2023-07-09
1703,Chioma Balogun, 07398506955 ,,20,2025-03-03
1704,Amaka Umeh,08987679747,amaka249@outlook.com,1,2023-05-07
1705,Uche Fashola,+2348753847361,uche920@yahoo.com,2,2022-06-26
1706,Tunde Aliyu,2347631699652,,20,2023-07-04
1707,Obi Danjuma,+2348283429782,,10,2024-04-08
1708,Chinedu Suleiman,2348792742095,chinedu733@yahoo.com,3,2025-03-31
1709,Lawal Mba, 07715263134 ,,14,2024-06-06
1710,Ngozi Fashola,08367067174,ngozi487@outlook.com,18,2024-12-09
1711,Bello Okafor,+2348666377073,,17,2023-03-29
1712,Peter Bassey,2348887475947,peter582@outlook.com,5,2025-09-13
1713,Daniel Suleiman,07809073881,daniel137@yahoo.com,9,2024-12-07
1714,Hassan Okoro,07227397798,hassan180@yahoo.com,21,2023-07-23
1715,Obi Chukwu,08334950461,,21,2023-04-06
1716,Blessing Yakubu,09093635975,blessing581@gmail.com,2,2025-04-24
1717,Samuel Fashola, 07423444535 ,,6,2022-07-01
1718,CHINEDU OKAFOR,08337474995,chinedu389@gmail.com,21,2022-08-01
1719,Daniel Fashola, 08739067264 ,daniel125@gmail.com,13,2024-01-27
1720,Amaka Ogunleye,08854946534,amaka297@yahoo.com,2,2022-11-22
1721,John Bassey,08923319495,,22,2025-09-18
1722,Bello Suleiman,08871283563,bello770@yahoo.com,9,2022-06-08
1723,Bisi Chukwu,07196560094,,22,2024-11-09
1724,Hassan Sani,07181218806,hassan403@yahoo.com,8,2022-11-25
1725,Wale Okafor,2348386434660,,20,2025-09-24
1726,John Suleiman,+2347037162007,john779@gmail.com,18,2025-06-27
1727,Emeka Ojo,+2348457799074,,18,2022-07-02
1728,Lawal Fashola,+2348622984967,lawal699@outlook.com,1,2025-11-10
1729,Grace Chukwu,07928609042,grace584@yahoo.com,8,2022-07-18
1730,Yusuf Okafor, 07338241263 ,yusuf783@yahoo.com,18,2025-12-14
1731,Segun Ojo,07201098052,segun919@outlook.com,15,2023-03-13
1732,Grace Danjuma,+2347308727093,grace298@outlook.com,13,2023-03-10
1733,Daniel Nwosu,2347243426881,,5,2025-09-25
1734,Lawal Bassey,07369011589,,9,2024-12-07
1735,Grace Bassey, 07266815175 ,grace382@yahoo.com,17,2022-09-01
1736,,2347363119441,yusuf376@yahoo.com,2,2025-08-20
1737,Tunde Ojo,08806740679,tunde974@gmail.com,9,2023-08-07
1738,JOHN NWOSU,+2348436504576,john907@yahoo.com,21,2022-11-30
1739,Grace Nwosu,07678593770,,18,2024-10-07
1740,Grace Okafor,07156896055,grace657@outlook.com,19,2022-09-29
1741,Grace Okafor,+2348182832194,grace673@gmail.com,2,2024-10-23
1742,Grace Okoro, 09038391855 ,,15,2023-07-14
1743,Tunde Sani,+2348741246723,,19,2022-11-25
1744,Zainab Fashola,+2348785916321,,14,2025-08-06
1745,Faith Fashola,+2348056781659,,14,2025-01-23
1746,Amaka Aliyu,2348313369793,amaka208@yahoo.com,3,2022-11-17
1747,Ibrahim Bassey,07396902140,ibrahim680@outlook.com,10,2023-06-11
1748,Aisha Mba,08345059357,,13,2024-10-09
1749,Nneka Fashola,08908201903,nneka603@outlook.com,18,2023-10-28
1750,Peter Abubakar,+2347456333803,peter392@outlook.com,5,2024-02-01
1751,David Suleiman,07138474519,david950@yahoo.com,20,2024-08-14
1752,Bisi Mba,08013675223,,18,2022-06-20
1753,Bisi Danjuma,08266192100,bisi683@outlook.com,3,2023-09-22
1754,Bello Umeh,2347992589720,bello704@gmail.com,15,2024-01-26
1755,Hassan Suleiman,+2347453821761,hassan416@outlook.com,9,2023-09-22
1756,Amaka Nwosu, 07213268836 ,,2,2025-08-02
1757,Chinedu Nwosu,2348941851844,,6,2023-08-14
1758,Femi Chukwu,08626700634,,15,2025-03-05
1759,Uche Balogun,08401830765,uche726@outlook.com,8,2024-06-19
1760,Tunde Suleiman,08005829248,tunde637@gmail.com,19,2022-06-25
1761,Chioma Okafor,07321527353,chioma439@gmail.com,18,2024-01-04
1762,Zainab Aliyu, 07566650746 ,zainab632@gmail.com,8,2024-06-05
1763,Grace Chukwu,07117062379,grace35@gmail.com,19,2025-02-22
1764,Chinedu Okafor,08091986329,,2,2024-11-16
1765,Kemi Yakubu,+2348773102292,kemi980@gmail.com,10,2025-08-11
1766,Faith Mba,2347051046625,faith470@yahoo.com,1,2023-04-18
1767,Aisha Nwosu,+2347022222698,aisha389@yahoo.com,4,2024-08-10
1768,Nonso Fashola,08492025898,nonso678@outlook.com,8,2023-04-03
1769,ZAINAB DANJUMA,2347171255573,zainab33@outlook.com,2,2024-10-11
1770,Femi Okoro,08957945843,femi249@gmail.com,13,2023-01-25
1771,Maryam Okoro,2348571108971,,19,2024-12-21
1772,Blessing Fashola,08444121703,,10,2025-09-28
1773,Fatima Ojo,07618031000,fatima904@gmail.com,12,2023-03-17
1774,Grace Nwosu,08188774013,grace712@outlook.com,12,2024-11-28
1775,Fatima Okoro,+2348401102663,,20,2023-05-11
1776,Fatima Adeyemi,08343088644,fatima932@yahoo.com,14,2024-06-19
1777,Bello Eze,+2347549984711,bello564@outlook.com,19,2025-09-18
1778,Nonso Yakubu,08762580352,nonso530@gmail.com,16,2024-04-26
1779,David Aliyu,2347177298799,david159@outlook.com,17,2025-02-07
1780,Nneka Danjuma, 07791896246 ,nneka527@gmail.com,2,2025-02-01
1781,Segun Fashola,07753138437,segun859@gmail.com,3,2023-04-15
1782,Nneka Bassey,07714547081,nneka947@outlook.com,12,2023-01-11
1783,Samuel Aliyu,+2348791171259,samuel754@outlook.com,7,2023-02-17
1784,Ngozi Bassey, 08783504296 ,,5,2024-11-15
1785,Bello Okoro,07491695060,bello778@gmail.com,2,2024-10-03
1786,Kelechi Bassey,07001963702,,15,2023-09-16
1787,Nonso Umeh,08492609837,nonso230@gmail.com,20,2022-07-17
1788,AMAKA SANI,+2349082241975,amaka388@outlook.com,17,2023-04-22
1789,Aisha Eze, 07075423659 ,,3,2025-06-13
1790,Precious Ojo,07382361636,precious208@gmail.com,12,2022-06-29
1791,Ijeoma Fashola,2348067597744,ijeoma772@gmail.com,3,2024-08-15
1792,Samuel Igwe,2347927067824,,2,2023-11-04
1793,Maryam Sani,07506136672,maryam194@outlook.com,10,2024-10-01
1794,Daniel Ojo,07483172242,daniel395@gmail.com,5,2023-01-27
1795,Musa Abubakar,2348703305951,musa757@yahoo.com,9,2025-07-11
1796,Emeka Eze,+2348311659190,emeka505@outlook.com,20,2025-11-17
1797,Kelechi Balogun,+2348856219977,kelechi729@gmail.com,9,2025-08-13
1798,Obi Abubakar,+2349065016833,obi738@yahoo.com,22,2023-06-18
1799,Ngozi Mba,+2347575119185,,8,2022-08-11
1800,Tunde Adeyemi,+2347939875180,tunde29@yahoo.com,15,2023-11-29
