scan_id,order_id,scan_type,scan_timestamp,staff_id
1,1,pickup_scan,2025-06-19 20:00,19
2,2,pickup_scan,2025-02-02 23:00,10
3,2,dropoff_scan,2025-02-07 18:00,3
4,3,pickup_scan,2025-10-22 18:00,25
5,3,dropoff_scan,2025-10-29 01:00,4
6,5,pickup_scan,2025-04-24 05:00,17
7,5,dropoff_scan,2025-04-29 21:00,6
8,6,pickup_scan,2025-02-17 22:00,9
9,6,dropoff_scan,2025-02-21 13:00,2
10,7,pickup_scan,2025-01-14 05:00,22
11,7,dropoff_scan,2025-01-17 15:00,14
12,8,pickup_scan,2025-01-24 21:00,1
13,8,dropoff_scan,2025-01-30 14:00,16
14,9,pickup_scan,2025-08-27 04:00,17
15,9,dropoff_scan,2025-09-01 01:00,16
16,10,pickup_scan,2025-06-27 15:00,12
17,10,dropoff_scan,2025-06-29 07:00,24
18,12,pickup_scan,2025-07-01 08:00,17
19,12,dropoff_scan,2025-07-01 10:00,13
20,13,pickup_scan,2025-07-15 03:00,16
21,14,pickup_scan,2025-09-02 08:00,25
22,14,dropoff_scan,2025-09-03 15:00,10
23,15,pickup_scan,2025-03-21 08:00,11
24,16,pickup_scan,2025-05-06 08:00,8
25,17,pickup_scan,2025-01-08 03:00,13
26,17,dropoff_scan,2025-01-09 16:00,11
27,18,pickup_scan,2025-04-01 03:00,9
28,18,dropoff_scan,2025-04-07 18:00,19
29,20,pickup_scan,2025-11-16 06:00,13
30,20,dropoff_scan,2025-11-20 07:00,18
31,21,pickup_scan,2025-04-21 03:00,15
32,21,dropoff_scan,2025-04-22 19:00,23
33,22,pickup_scan,2025-04-18 00:00,1
34,22,dropoff_scan,2025-04-23 13:00,22
35,23,pickup_scan,2025-03-04 02:00,1
36,23,dropoff_scan,2025-03-08 15:00,1
37,24,pickup_scan,2025-09-12 19:00,12
38,25,pickup_scan,2025-06-30 12:00,21
39,25,dropoff_scan,2025-07-02 05:00,21
40,26,pickup_scan,2025-10-31 18:00,3
41,26,dropoff_scan,2025-11-05 23:00,20
42,27,pickup_scan,2025-12-03 18:00,23
43,28,pickup_scan,2025-11-06 01:00,9
44,28,dropoff_scan,2025-11-09 04:00,17
45,29,pickup_scan,2025-08-04 05:00,25
46,30,pickup_scan,2025-01-23 18:00,2
47,31,pickup_scan,2025-07-15 04:00,7
48,31,dropoff_scan,2025-07-21 17:00,11
49,32,pickup_scan,2025-06-22 22:00,9
50,34,pickup_scan,2025-04-10 18:00,1
51,34,dropoff_scan,2025-04-16 04:00,18
52,35,pickup_scan,2025-10-26 02:00,10
53,35,dropoff_scan,2025-10-26 17:00,11
54,37,pickup_scan,2025-01-05 09:00,14
55,37,dropoff_scan,2025-01-06 08:00,15
56,38,pickup_scan,2025-08-13 17:00,2
57,38,dropoff_scan,2025-08-13 19:00,6
58,39,pickup_scan,2025-03-29 09:00,15
59,39,dropoff_scan,2025-03-31 23:00,6
60,40,pickup_scan,2025-05-14 04:00,4
61,41,pickup_scan,2025-04-27 23:00,20
62,41,dropoff_scan,2025-05-03 20:00,19
63,42,pickup_scan,2025-09-18 01:00,3
64,42,dropoff_scan,2025-09-24 05:00,4
65,44,pickup_scan,2025-02-23 21:00,16
66,44,dropoff_scan,2025-02-27 01:00,24
67,47,pickup_scan,2025-05-19 18:00,22
68,47,dropoff_scan,2025-05-25 05:00,16
69,48,pickup_scan,2025-11-04 00:00,14
70,48,dropoff_scan,2025-11-05 11:00,13
71,49,pickup_scan,2025-10-22 02:00,19
72,50,pickup_scan,2025-04-30 19:00,22
73,50,dropoff_scan,2025-05-01 05:00,20
74,51,pickup_scan,2025-04-16 01:00,21
75,51,dropoff_scan,2025-04-22 07:00,6
76,52,pickup_scan,2025-09-19 22:00,4
77,52,dropoff_scan,2025-09-24 17:00,4
78,53,pickup_scan,2025-03-11 01:00,11
79,54,pickup_scan,2025-06-10 03:00,6
80,54,dropoff_scan,2025-06-16 04:00,10
81,55,pickup_scan,2025-04-22 06:00,25
82,56,pickup_scan,2025-12-24 07:00,2
83,56,dropoff_scan,2025-12-30 05:00,12
84,57,pickup_scan,2025-07-22 12:00,18
85,57,dropoff_scan,2025-07-26 15:00,14
86,58,pickup_scan,2025-07-23 21:00,7
87,58,dropoff_scan,2025-07-25 14:00,14
88,59,pickup_scan,2025-10-05 16:00,5
89,60,pickup_scan,2025-11-08 13:00,16
90,60,dropoff_scan,2025-11-12 06:00,23
91,61,pickup_scan,2025-01-23 17:00,25
92,62,pickup_scan,2025-08-25 00:00,6
93,62,dropoff_scan,2025-08-29 15:00,23
94,63,pickup_scan,2025-10-01 18:00,11
95,63,dropoff_scan,2025-10-04 09:00,20
96,64,pickup_scan,2025-03-12 02:00,19
97,65,pickup_scan,2025-06-08 07:00,17
98,65,dropoff_scan,2025-06-10 02:00,4
99,66,pickup_scan,2025-04-16 18:00,1
100,66,dropoff_scan,2025-04-20 17:00,6
101,67,pickup_scan,2025-01-17 10:00,18
102,67,dropoff_scan,2025-01-17 08:00,12
103,68,pickup_scan,2025-01-22 17:00,8
104,68,dropoff_scan,2025-01-25 10:00,5
105,70,pickup_scan,2025-05-15 03:00,25
106,71,pickup_scan,2025-03-24 18:00,10
107,71,dropoff_scan,2025-03-24 17:00,5
108,72,pickup_scan,2025-10-14 20:00,5
109,72,dropoff_scan,2025-10-15 01:00,14
110,73,pickup_scan,2025-05-01 12:00,12
111,73,dropoff_scan,2025-05-04 23:00,8
112,74,pickup_scan,2025-01-04 19:00,13
113,74,dropoff_scan,2025-01-10 12:00,22
114,75,pickup_scan,2025-03-16 02:00,18
115,76,pickup_scan,2025-03-14 04:00,2
116,76,dropoff_scan,2025-03-14 17:00,21
117,77,pickup_scan,2025-08-21 11:00,15
118,78,pickup_scan,2025-11-05 10:00,8
119,78,dropoff_scan,2025-11-07 00:00,20
120,79,pickup_scan,2025-03-31 23:00,6
121,79,dropoff_scan,2025-04-03 23:00,15
122,81,pickup_scan,2025-02-15 02:00,19
123,81,dropoff_scan,2025-02-17 11:00,19
124,82,pickup_scan,2025-01-27 23:00,19
125,82,dropoff_scan,2025-02-01 13:00,18
126,83,pickup_scan,2025-10-05 05:00,25
127,83,dropoff_scan,2025-10-10 16:00,24
128,84,pickup_scan,2025-09-09 13:00,3
129,84,dropoff_scan,2025-09-16 08:00,24
130,85,pickup_scan,2025-11-24 21:00,9
131,85,dropoff_scan,2025-11-29 06:00,14
132,86,pickup_scan,2025-04-23 05:00,3
133,86,dropoff_scan,2025-04-27 06:00,11
134,87,pickup_scan,2025-11-19 11:00,3
135,87,dropoff_scan,2025-11-23 02:00,24
136,88,pickup_scan,2025-06-13 16:00,16
137,88,dropoff_scan,2025-06-13 09:00,5
138,89,pickup_scan,2025-10-21 04:00,10
139,89,dropoff_scan,2025-10-21 12:00,23
140,90,pickup_scan,2025-09-12 10:00,20
141,91,pickup_scan,2025-02-16 21:00,6
142,91,dropoff_scan,2025-02-23 02:00,12
143,92,pickup_scan,2025-11-11 08:00,14
144,92,dropoff_scan,2025-11-17 07:00,11
145,93,pickup_scan,2025-05-12 11:00,21
146,94,pickup_scan,2025-01-20 09:00,17
147,94,dropoff_scan,2025-01-23 20:00,9
148,95,pickup_scan,2025-10-31 20:00,6
149,95,dropoff_scan,2025-11-03 20:00,17
150,96,pickup_scan,2025-06-29 08:00,7
151,97,pickup_scan,2025-07-16 12:00,18
152,98,pickup_scan,2025-09-01 15:00,6
153,98,dropoff_scan,2025-09-04 01:00,5
154,99,pickup_scan,2025-12-02 10:00,3
155,100,pickup_scan,2025-03-23 11:00,5
156,100,dropoff_scan,2025-03-29 06:00,18
157,102,pickup_scan,2025-08-03 04:00,16
158,102,dropoff_scan,2025-08-04 02:00,5
159,103,pickup_scan,2025-01-18 02:00,11
160,103,dropoff_scan,2025-01-20 11:00,16
161,104,pickup_scan,2025-06-20 20:00,4
162,104,dropoff_scan,2025-06-26 10:00,18
163,105,pickup_scan,2025-07-19 23:00,4
164,106,pickup_scan,2025-05-12 12:00,3
165,107,pickup_scan,2025-05-19 05:00,13
166,107,dropoff_scan,2025-05-24 21:00,1
167,108,pickup_scan,2025-04-26 10:00,19
168,109,pickup_scan,2025-12-08 13:00,18
169,109,dropoff_scan,2025-12-12 19:00,9
170,110,pickup_scan,2025-08-26 21:00,3
171,110,dropoff_scan,2025-08-31 16:00,4
172,112,pickup_scan,2025-10-04 13:00,14
173,112,dropoff_scan,2025-10-09 02:00,5
174,113,pickup_scan,2025-12-19 08:00,17
175,113,dropoff_scan,2025-12-19 04:00,8
176,114,pickup_scan,2025-11-10 01:00,19
177,114,dropoff_scan,2025-11-10 13:00,13
178,115,pickup_scan,2025-08-23 08:00,24
179,115,dropoff_scan,2025-08-27 03:00,10
180,116,pickup_scan,2025-07-18 09:00,4
181,116,dropoff_scan,2025-07-23 16:00,15
182,117,pickup_scan,2025-10-13 00:00,21
183,118,pickup_scan,2025-06-15 14:00,14
184,118,dropoff_scan,2025-06-17 20:00,5
185,119,pickup_scan,2025-01-09 11:00,5
186,120,pickup_scan,2025-03-11 19:00,3
187,120,dropoff_scan,2025-03-14 06:00,20
188,121,pickup_scan,2025-02-25 00:00,4
189,122,pickup_scan,2025-08-07 17:00,5
190,122,dropoff_scan,2025-08-08 17:00,24
191,123,pickup_scan,2025-01-17 01:00,13
192,124,pickup_scan,2025-04-24 01:00,16
193,124,dropoff_scan,2025-04-26 13:00,9
194,125,pickup_scan,2025-06-12 10:00,12
195,125,dropoff_scan,2025-06-16 19:00,5
196,126,pickup_scan,2025-10-07 18:00,12
197,126,dropoff_scan,2025-10-12 20:00,2
198,127,pickup_scan,2025-06-04 13:00,5
199,127,dropoff_scan,2025-06-08 04:00,5
200,128,pickup_scan,2025-03-25 13:00,4
201,129,pickup_scan,2025-09-29 06:00,17
202,129,dropoff_scan,2025-10-03 18:00,9
203,133,pickup_scan,2025-04-18 10:00,25
204,135,pickup_scan,2025-06-24 15:00,5
205,135,dropoff_scan,2025-06-30 01:00,20
206,136,pickup_scan,2025-02-24 23:00,25
207,138,pickup_scan,2025-07-07 14:00,6
208,139,pickup_scan,2025-11-05 23:00,14
209,140,pickup_scan,2025-02-15 16:00,2
210,140,dropoff_scan,2025-02-18 15:00,25
211,141,pickup_scan,2025-10-23 05:00,11
212,141,dropoff_scan,2025-10-28 19:00,2
213,143,pickup_scan,2025-06-16 02:00,11
214,143,dropoff_scan,2025-06-19 20:00,8
215,144,pickup_scan,2025-08-18 18:00,13
216,144,dropoff_scan,2025-08-19 02:00,25
217,145,pickup_scan,2025-05-30 21:00,4
218,146,pickup_scan,2025-05-16 00:00,17
219,147,pickup_scan,2025-06-17 06:00,6
220,147,dropoff_scan,2025-06-22 19:00,17
221,149,pickup_scan,2025-07-04 00:00,17
222,149,dropoff_scan,2025-07-07 21:00,13
223,150,pickup_scan,2025-05-13 10:00,15
224,150,dropoff_scan,2025-05-17 03:00,9
225,151,pickup_scan,2025-08-19 11:00,23
226,151,dropoff_scan,2025-08-20 15:00,8
227,152,pickup_scan,2025-03-08 20:00,21
228,152,dropoff_scan,2025-03-14 20:00,14
229,153,pickup_scan,2025-03-22 21:00,14
230,153,dropoff_scan,2025-03-24 01:00,1
231,154,pickup_scan,2025-10-09 02:00,15
232,154,dropoff_scan,2025-10-09 17:00,25
233,155,pickup_scan,2025-01-21 20:00,8
234,155,dropoff_scan,2025-01-22 19:00,15
235,156,pickup_scan,2025-01-03 19:00,23
236,156,dropoff_scan,2025-01-05 09:00,8
237,157,pickup_scan,2025-04-03 18:00,5
238,157,dropoff_scan,2025-04-04 06:00,23
239,158,pickup_scan,2025-10-12 05:00,18
240,159,pickup_scan,2025-07-31 02:00,12
241,159,dropoff_scan,2025-08-04 04:00,8
242,160,pickup_scan,2025-04-26 08:00,12
243,160,dropoff_scan,2025-04-27 19:00,12
244,162,pickup_scan,2025-05-31 09:00,5
245,162,dropoff_scan,2025-06-05 09:00,25
246,163,pickup_scan,2025-07-21 18:00,15
247,163,dropoff_scan,2025-07-25 01:00,19
248,164,pickup_scan,2025-04-04 22:00,13
249,164,dropoff_scan,2025-04-11 02:00,3
250,165,pickup_scan,2025-08-05 18:00,14
251,165,dropoff_scan,2025-08-05 13:00,15
252,166,pickup_scan,2025-09-30 14:00,1
253,166,dropoff_scan,2025-10-05 18:00,4
254,167,pickup_scan,2025-12-08 04:00,5
255,167,dropoff_scan,2025-12-11 00:00,17
256,168,pickup_scan,2025-02-26 22:00,8
257,168,dropoff_scan,2025-03-02 16:00,19
258,170,pickup_scan,2025-03-29 13:00,22
259,170,dropoff_scan,2025-04-02 23:00,25
260,171,pickup_scan,2025-10-27 15:00,25
261,172,pickup_scan,2025-05-09 15:00,1
262,172,dropoff_scan,2025-05-09 15:00,20
263,173,pickup_scan,2025-07-24 03:00,3
264,174,pickup_scan,2025-02-08 09:00,3
265,174,dropoff_scan,2025-02-09 06:00,19
266,175,pickup_scan,2025-03-15 22:00,14
267,176,pickup_scan,2025-07-01 04:00,22
268,176,dropoff_scan,2025-07-07 14:00,7
269,177,pickup_scan,2025-05-26 06:00,6
270,177,dropoff_scan,2025-05-28 11:00,16
271,178,pickup_scan,2025-08-06 04:00,4
272,178,dropoff_scan,2025-08-09 05:00,18
273,179,pickup_scan,2025-03-30 12:00,8
274,179,dropoff_scan,2025-04-05 20:00,12
275,180,pickup_scan,2025-05-11 21:00,18
276,181,pickup_scan,2025-12-28 11:00,3
277,181,dropoff_scan,2026-01-02 22:00,24
278,182,pickup_scan,2025-10-25 12:00,8
279,182,dropoff_scan,2025-10-31 00:00,17
280,183,pickup_scan,2025-02-12 21:00,13
281,183,dropoff_scan,2025-02-19 12:00,3
282,184,pickup_scan,2025-11-08 19:00,23
283,184,dropoff_scan,2025-11-09 14:00,21
284,185,pickup_scan,2025-01-18 18:00,21
285,185,dropoff_scan,2025-01-19 20:00,22
286,186,pickup_scan,2025-04-04 19:00,7
287,187,pickup_scan,2025-10-21 19:00,21
288,187,dropoff_scan,2025-10-28 07:00,1
289,188,pickup_scan,2025-01-31 15:00,13
290,188,dropoff_scan,2025-02-06 09:00,6
291,190,pickup_scan,2025-04-15 17:00,10
292,190,dropoff_scan,2025-04-19 17:00,1
293,191,pickup_scan,2025-12-18 22:00,20
294,191,dropoff_scan,2025-12-21 23:00,18
295,193,pickup_scan,2025-01-03 14:00,13
296,193,dropoff_scan,2025-01-08 09:00,25
297,194,pickup_scan,2025-04-13 18:00,1
298,194,dropoff_scan,2025-04-15 20:00,21
299,196,pickup_scan,2025-12-05 01:00,19
300,199,pickup_scan,2025-09-06 06:00,7
301,201,pickup_scan,2025-03-09 14:00,17
302,201,dropoff_scan,2025-03-11 17:00,23
303,202,pickup_scan,2025-07-25 03:00,23
304,203,pickup_scan,2025-07-26 17:00,5
305,203,dropoff_scan,2025-07-31 00:00,9
306,204,pickup_scan,2025-01-06 22:00,24
307,204,dropoff_scan,2025-01-08 04:00,24
308,205,pickup_scan,2025-10-12 17:00,17
309,205,dropoff_scan,2025-10-14 03:00,20
310,208,pickup_scan,2025-10-22 22:00,10
311,208,dropoff_scan,2025-10-27 06:00,24
312,209,pickup_scan,2025-03-19 11:00,9
313,210,pickup_scan,2025-10-07 09:00,20
314,210,dropoff_scan,2025-10-12 16:00,14
315,211,pickup_scan,2025-03-20 22:00,23
316,211,dropoff_scan,2025-03-27 07:00,11
317,212,pickup_scan,2025-07-27 13:00,25
318,212,dropoff_scan,2025-07-27 12:00,2
319,213,pickup_scan,2025-11-03 04:00,9
320,213,dropoff_scan,2025-11-08 08:00,10
321,214,pickup_scan,2025-10-01 20:00,11
322,215,pickup_scan,2025-07-02 07:00,2
323,215,dropoff_scan,2025-07-04 18:00,3
324,216,pickup_scan,2025-02-18 17:00,2
325,216,dropoff_scan,2025-02-20 09:00,16
326,217,pickup_scan,2025-06-09 14:00,19
327,218,pickup_scan,2025-10-07 00:00,11
328,218,dropoff_scan,2025-10-11 12:00,20
329,219,pickup_scan,2025-04-16 08:00,17
330,219,dropoff_scan,2025-04-18 08:00,25
331,220,pickup_scan,2025-10-13 19:00,3
332,221,pickup_scan,2025-10-03 09:00,10
333,221,dropoff_scan,2025-10-03 15:00,22
334,222,pickup_scan,2025-12-14 04:00,3
335,222,dropoff_scan,2025-12-20 05:00,25
336,223,pickup_scan,2025-10-23 09:00,12
337,223,dropoff_scan,2025-10-24 20:00,1
338,224,pickup_scan,2025-09-07 00:00,8
339,224,dropoff_scan,2025-09-10 04:00,1
340,225,pickup_scan,2025-08-08 12:00,21
341,225,dropoff_scan,2025-08-12 12:00,5
342,226,pickup_scan,2025-12-19 13:00,2
343,226,dropoff_scan,2025-12-25 10:00,20
344,227,pickup_scan,2025-06-02 02:00,11
345,227,dropoff_scan,2025-06-04 22:00,17
346,228,pickup_scan,2025-07-19 21:00,22
347,228,dropoff_scan,2025-07-23 02:00,5
348,229,pickup_scan,2025-07-29 06:00,7
349,229,dropoff_scan,2025-07-30 19:00,3
350,230,pickup_scan,2025-12-15 09:00,15
351,230,dropoff_scan,2025-12-17 18:00,2
352,231,pickup_scan,2025-06-17 17:00,19
353,232,pickup_scan,2025-11-24 03:00,8
354,233,pickup_scan,2025-10-14 16:00,18
355,234,pickup_scan,2025-01-14 22:00,7
356,234,dropoff_scan,2025-01-19 22:00,13
357,235,pickup_scan,2025-07-22 23:00,11
358,235,dropoff_scan,2025-07-27 14:00,2
359,236,pickup_scan,2025-02-03 23:00,19
360,236,dropoff_scan,2025-02-06 09:00,5
361,237,pickup_scan,2025-02-13 20:00,23
362,238,pickup_scan,2025-07-21 17:00,15
363,238,dropoff_scan,2025-07-26 17:00,7
364,239,pickup_scan,2025-06-03 09:00,17
365,239,dropoff_scan,2025-06-05 21:00,5
366,240,pickup_scan,2025-01-28 11:00,5
367,240,dropoff_scan,2025-02-01 12:00,19
368,241,pickup_scan,2025-12-28 17:00,19
369,242,pickup_scan,2025-02-24 02:00,3
370,242,dropoff_scan,2025-03-02 12:00,20
371,243,pickup_scan,2025-06-11 13:00,5
372,243,dropoff_scan,2025-06-18 01:00,19
373,244,pickup_scan,2025-10-28 07:00,11
374,245,pickup_scan,2025-12-24 08:00,11
375,246,pickup_scan,2025-09-14 18:00,13
376,246,dropoff_scan,2025-09-15 07:00,2
377,247,pickup_scan,2025-07-25 18:00,14
378,249,pickup_scan,2025-03-09 06:00,11
379,249,dropoff_scan,2025-03-11 18:00,16
380,250,pickup_scan,2025-01-27 14:00,14
381,250,dropoff_scan,2025-01-30 13:00,12
382,252,pickup_scan,2025-06-12 18:00,7
383,252,dropoff_scan,2025-06-17 05:00,21
384,253,pickup_scan,2025-04-25 02:00,20
385,253,dropoff_scan,2025-04-25 22:00,20
386,254,pickup_scan,2025-05-18 11:00,10
387,254,dropoff_scan,2025-05-21 14:00,1
388,255,pickup_scan,2025-01-10 15:00,5
389,256,pickup_scan,2025-11-04 14:00,24
390,256,dropoff_scan,2025-11-05 09:00,22
391,257,pickup_scan,2025-11-09 15:00,1
392,257,dropoff_scan,2025-11-15 08:00,17
393,258,pickup_scan,2025-07-23 07:00,13
394,258,dropoff_scan,2025-07-24 16:00,25
395,259,pickup_scan,2025-02-20 23:00,25
396,259,dropoff_scan,2025-02-25 17:00,15
397,260,pickup_scan,2025-10-16 12:00,8
398,262,pickup_scan,2025-12-10 23:00,11
399,262,dropoff_scan,2025-12-17 09:00,19
400,263,pickup_scan,2025-06-30 21:00,13
401,263,dropoff_scan,2025-07-07 21:00,7
402,264,pickup_scan,2025-01-10 06:00,18
403,264,dropoff_scan,2025-01-15 08:00,5
404,266,pickup_scan,2025-03-17 23:00,20
405,266,dropoff_scan,2025-03-22 19:00,2
406,267,pickup_scan,2025-11-11 21:00,8
407,267,dropoff_scan,2025-11-17 04:00,25
408,268,pickup_scan,2025-12-15 19:00,9
409,268,dropoff_scan,2025-12-20 10:00,9
410,269,pickup_scan,2025-06-09 03:00,7
411,269,dropoff_scan,2025-06-11 02:00,18
412,270,pickup_scan,2025-11-05 07:00,12
413,270,dropoff_scan,2025-11-05 10:00,17
414,271,pickup_scan,2025-08-06 07:00,17
415,271,dropoff_scan,2025-08-10 11:00,4
416,272,pickup_scan,2025-03-18 03:00,18
417,273,pickup_scan,2025-04-27 15:00,14
418,273,dropoff_scan,2025-05-02 17:00,1
419,274,pickup_scan,2025-12-30 13:00,24
420,274,dropoff_scan,2026-01-04 15:00,4
421,275,pickup_scan,2025-02-09 21:00,22
422,277,pickup_scan,2025-01-15 06:00,18
423,277,dropoff_scan,2025-01-21 00:00,14
424,278,pickup_scan,2025-08-11 07:00,20
425,278,dropoff_scan,2025-08-12 11:00,18
426,279,pickup_scan,2025-09-07 13:00,9
427,279,dropoff_scan,2025-09-12 23:00,1
428,280,pickup_scan,2025-07-04 15:00,19
429,280,dropoff_scan,2025-07-07 22:00,25
430,281,pickup_scan,2025-11-24 06:00,6
431,281,dropoff_scan,2025-11-24 08:00,11
432,282,pickup_scan,2025-10-09 17:00,12
433,282,dropoff_scan,2025-10-15 22:00,13
434,283,pickup_scan,2025-03-18 14:00,23
435,283,dropoff_scan,2025-03-24 22:00,10
436,284,pickup_scan,2025-11-30 17:00,3
437,284,dropoff_scan,2025-11-30 19:00,7
438,285,pickup_scan,2025-10-01 22:00,11
439,285,dropoff_scan,2025-10-04 20:00,10
440,286,pickup_scan,2025-01-02 05:00,13
441,286,dropoff_scan,2025-01-04 03:00,2
442,287,pickup_scan,2025-12-20 17:00,16
443,287,dropoff_scan,2025-12-22 15:00,4
444,288,pickup_scan,2025-07-25 17:00,19
445,288,dropoff_scan,2025-07-27 16:00,6
446,289,pickup_scan,2025-12-07 03:00,8
447,289,dropoff_scan,2025-12-08 08:00,12
448,290,pickup_scan,2025-05-06 04:00,25
449,290,dropoff_scan,2025-05-08 07:00,20
450,291,pickup_scan,2025-04-09 13:00,22
451,291,dropoff_scan,2025-04-15 10:00,18
452,292,pickup_scan,2025-07-27 09:00,6
453,292,dropoff_scan,2025-07-31 07:00,8
454,293,pickup_scan,2025-08-31 18:00,24
455,293,dropoff_scan,2025-09-06 22:00,22
456,294,pickup_scan,2025-10-23 22:00,4
457,295,pickup_scan,2025-04-12 03:00,22
458,296,pickup_scan,2025-06-02 03:00,3
459,298,pickup_scan,2025-12-31 10:00,25
460,298,dropoff_scan,2026-01-02 15:00,25
461,299,pickup_scan,2025-11-21 13:00,5
462,300,pickup_scan,2025-01-06 13:00,23
463,301,pickup_scan,2025-01-14 23:00,1
464,301,dropoff_scan,2025-01-17 17:00,13
465,302,pickup_scan,2025-02-11 15:00,4
466,303,pickup_scan,2025-11-04 07:00,2
467,303,dropoff_scan,2025-11-09 05:00,21
468,305,pickup_scan,2025-05-13 23:00,2
469,305,dropoff_scan,2025-05-15 06:00,19
470,306,pickup_scan,2025-07-15 11:00,22
471,306,dropoff_scan,2025-07-15 10:00,1
472,307,pickup_scan,2025-09-24 19:00,25
473,307,dropoff_scan,2025-09-27 08:00,7
474,308,pickup_scan,2025-08-08 13:00,4
475,309,pickup_scan,2025-03-19 06:00,13
476,309,dropoff_scan,2025-03-22 23:00,14
477,311,pickup_scan,2025-05-25 23:00,15
478,311,dropoff_scan,2025-05-31 17:00,22
479,312,pickup_scan,2025-03-16 10:00,13
480,312,dropoff_scan,2025-03-18 18:00,16
481,313,pickup_scan,2025-05-21 05:00,1
482,313,dropoff_scan,2025-05-23 05:00,21
483,314,pickup_scan,2025-05-20 06:00,5
484,314,dropoff_scan,2025-05-25 08:00,5
485,315,pickup_scan,2025-03-22 00:00,20
486,315,dropoff_scan,2025-03-22 16:00,8
487,316,pickup_scan,2025-06-10 11:00,4
488,317,pickup_scan,2025-09-26 11:00,10
489,317,dropoff_scan,2025-09-27 03:00,20
490,318,pickup_scan,2025-08-21 17:00,18
491,319,pickup_scan,2025-12-08 10:00,11
492,319,dropoff_scan,2025-12-15 08:00,11
493,320,pickup_scan,2025-10-06 14:00,5
494,320,dropoff_scan,2025-10-11 09:00,20
495,321,pickup_scan,2025-05-04 14:00,22
496,321,dropoff_scan,2025-05-08 01:00,3
497,323,pickup_scan,2025-09-30 17:00,23
498,323,dropoff_scan,2025-09-30 12:00,10
499,324,pickup_scan,2025-11-04 04:00,6
500,324,dropoff_scan,2025-11-10 21:00,6
501,325,pickup_scan,2025-06-24 01:00,2
502,325,dropoff_scan,2025-06-30 04:00,1
503,326,pickup_scan,2025-11-04 10:00,18
504,326,dropoff_scan,2025-11-04 13:00,4
505,327,pickup_scan,2025-09-01 10:00,6
506,328,pickup_scan,2025-08-03 05:00,20
507,328,dropoff_scan,2025-08-04 19:00,1
508,329,pickup_scan,2025-07-12 14:00,10
509,330,pickup_scan,2025-06-27 04:00,11
510,330,dropoff_scan,2025-06-30 17:00,10
511,331,pickup_scan,2025-11-11 16:00,23
512,331,dropoff_scan,2025-11-17 03:00,11
513,332,pickup_scan,2025-02-04 14:00,2
514,333,pickup_scan,2025-11-17 21:00,22
515,334,pickup_scan,2025-11-22 20:00,1
516,334,dropoff_scan,2025-11-24 21:00,1
517,335,pickup_scan,2025-10-20 00:00,20
518,335,dropoff_scan,2025-10-23 06:00,5
519,336,pickup_scan,2025-10-11 07:00,4
520,337,pickup_scan,2025-12-25 18:00,11
521,337,dropoff_scan,2025-12-25 20:00,8
522,338,pickup_scan,2025-07-18 01:00,4
523,338,dropoff_scan,2025-07-19 04:00,10
524,339,pickup_scan,2025-08-03 17:00,23
525,340,pickup_scan,2025-04-21 11:00,5
526,340,dropoff_scan,2025-04-28 07:00,10
527,341,pickup_scan,2025-05-27 19:00,1
528,341,dropoff_scan,2025-05-30 11:00,8
529,342,pickup_scan,2025-05-05 13:00,25
530,343,pickup_scan,2025-03-14 01:00,9
531,344,pickup_scan,2025-08-05 18:00,13
532,345,pickup_scan,2025-05-27 15:00,7
533,346,pickup_scan,2025-10-16 12:00,17
534,346,dropoff_scan,2025-10-18 19:00,18
535,347,pickup_scan,2025-05-27 14:00,7
536,347,dropoff_scan,2025-05-31 23:00,21
537,348,pickup_scan,2025-06-13 19:00,4
538,349,pickup_scan,2025-01-20 12:00,23
539,349,dropoff_scan,2025-01-25 01:00,14
540,350,pickup_scan,2025-08-05 06:00,14
541,350,dropoff_scan,2025-08-10 20:00,16
542,351,pickup_scan,2025-04-17 15:00,12
543,351,dropoff_scan,2025-04-22 17:00,8
544,352,pickup_scan,2025-02-19 00:00,7
545,352,dropoff_scan,2025-02-22 04:00,25
546,353,pickup_scan,2025-04-02 18:00,11
547,353,dropoff_scan,2025-04-08 04:00,17
548,354,pickup_scan,2025-10-06 18:00,18
549,354,dropoff_scan,2025-10-12 16:00,16
550,355,pickup_scan,2025-12-22 00:00,5
551,355,dropoff_scan,2025-12-25 04:00,5
552,356,pickup_scan,2025-01-27 13:00,22
553,357,pickup_scan,2025-06-29 17:00,1
554,358,pickup_scan,2025-07-15 02:00,8
555,359,pickup_scan,2025-09-02 22:00,3
556,360,pickup_scan,2025-03-10 16:00,11
557,360,dropoff_scan,2025-03-15 05:00,17
558,361,pickup_scan,2025-05-26 23:00,22
559,362,pickup_scan,2025-12-21 12:00,22
560,362,dropoff_scan,2025-12-25 16:00,10
561,363,pickup_scan,2025-07-21 02:00,7
562,363,dropoff_scan,2025-07-21 16:00,16
563,364,pickup_scan,2025-05-01 11:00,24
564,366,pickup_scan,2025-04-04 02:00,13
565,367,pickup_scan,2025-11-22 14:00,12
566,367,dropoff_scan,2025-11-27 23:00,3
567,368,pickup_scan,2025-10-08 09:00,4
568,368,dropoff_scan,2025-10-13 01:00,19
569,369,pickup_scan,2025-04-30 17:00,17
570,370,pickup_scan,2025-07-29 14:00,6
571,370,dropoff_scan,2025-08-02 08:00,6
572,371,pickup_scan,2025-01-07 02:00,10
573,371,dropoff_scan,2025-01-08 04:00,19
574,372,pickup_scan,2025-06-15 19:00,12
575,372,dropoff_scan,2025-06-19 00:00,1
576,373,pickup_scan,2025-07-18 19:00,18
577,373,dropoff_scan,2025-07-25 02:00,3
578,374,pickup_scan,2025-11-30 17:00,21
579,374,dropoff_scan,2025-12-02 07:00,2
580,377,pickup_scan,2025-04-11 06:00,8
581,378,pickup_scan,2025-11-25 17:00,16
582,378,dropoff_scan,2025-11-27 11:00,12
583,379,pickup_scan,2025-05-24 21:00,7
584,379,dropoff_scan,2025-05-26 12:00,18
585,381,pickup_scan,2025-07-06 21:00,10
586,381,dropoff_scan,2025-07-10 13:00,24
587,382,pickup_scan,2025-06-13 05:00,9
588,382,dropoff_scan,2025-06-18 03:00,25
589,383,pickup_scan,2025-03-14 20:00,14
590,384,pickup_scan,2025-07-01 05:00,11
591,384,dropoff_scan,2025-07-02 20:00,3
592,385,pickup_scan,2025-04-30 11:00,22
593,385,dropoff_scan,2025-05-05 13:00,19
594,386,pickup_scan,2025-03-18 21:00,17
595,386,dropoff_scan,2025-03-19 11:00,18
596,387,pickup_scan,2025-11-20 19:00,12
597,387,dropoff_scan,2025-11-20 18:00,25
598,388,pickup_scan,2025-10-06 09:00,16
599,389,pickup_scan,2025-02-21 06:00,19
600,390,pickup_scan,2025-05-04 01:00,23
601,390,dropoff_scan,2025-05-07 04:00,24
602,391,pickup_scan,2025-08-14 12:00,17
603,391,dropoff_scan,2025-08-21 02:00,3
604,392,pickup_scan,2025-05-05 20:00,12
605,393,pickup_scan,2025-02-27 02:00,14
606,393,dropoff_scan,2025-03-04 01:00,12
607,394,pickup_scan,2025-10-27 22:00,11
608,394,dropoff_scan,2025-10-28 13:00,15
609,395,pickup_scan,2025-02-13 05:00,15
610,395,dropoff_scan,2025-02-17 08:00,22
611,396,pickup_scan,2025-03-13 00:00,7
612,396,dropoff_scan,2025-03-18 14:00,9
613,397,pickup_scan,2025-07-14 09:00,11
614,398,pickup_scan,2025-05-20 04:00,14
615,399,pickup_scan,2025-03-09 17:00,5
616,399,dropoff_scan,2025-03-09 18:00,4
617,400,pickup_scan,2025-04-12 01:00,18
618,401,pickup_scan,2025-05-07 00:00,1
619,401,dropoff_scan,2025-05-10 17:00,5
620,402,pickup_scan,2025-08-22 04:00,17
621,403,pickup_scan,2025-06-05 19:00,3
622,403,dropoff_scan,2025-06-09 18:00,15
623,404,pickup_scan,2025-08-06 08:00,12
624,405,pickup_scan,2025-09-03 04:00,13
625,406,pickup_scan,2025-06-02 02:00,17
626,406,dropoff_scan,2025-06-07 02:00,4
627,407,pickup_scan,2025-07-18 11:00,1
628,407,dropoff_scan,2025-07-20 01:00,18
629,408,pickup_scan,2025-04-04 05:00,20
630,408,dropoff_scan,2025-04-05 16:00,9
631,409,pickup_scan,2025-02-12 03:00,25
632,409,dropoff_scan,2025-02-12 14:00,21
633,410,pickup_scan,2025-12-02 10:00,16
634,412,pickup_scan,2025-07-28 14:00,4
635,412,dropoff_scan,2025-08-03 22:00,20
636,413,pickup_scan,2025-10-21 08:00,25
637,413,dropoff_scan,2025-10-25 13:00,21
638,414,pickup_scan,2025-04-08 07:00,17
639,414,dropoff_scan,2025-04-14 07:00,9
640,415,pickup_scan,2025-03-25 22:00,16
641,415,dropoff_scan,2025-03-29 05:00,24
642,416,pickup_scan,2025-06-25 11:00,14
643,416,dropoff_scan,2025-06-26 01:00,4
644,418,pickup_scan,2025-01-28 00:00,12
645,418,dropoff_scan,2025-01-30 19:00,18
646,419,pickup_scan,2025-11-06 07:00,7
647,419,dropoff_scan,2025-11-09 19:00,20
648,420,pickup_scan,2025-03-03 20:00,4
649,420,dropoff_scan,2025-03-09 01:00,17
650,421,pickup_scan,2025-04-06 08:00,9
651,422,pickup_scan,2025-01-05 04:00,14
652,422,dropoff_scan,2025-01-10 17:00,1
653,424,pickup_scan,2025-04-02 15:00,24
654,425,pickup_scan,2025-12-31 14:00,19
655,426,pickup_scan,2025-11-15 16:00,24
656,426,dropoff_scan,2025-11-18 22:00,9
657,427,pickup_scan,2025-04-28 16:00,14
658,427,dropoff_scan,2025-05-02 18:00,10
659,430,pickup_scan,2025-06-16 05:00,19
660,430,dropoff_scan,2025-06-20 04:00,9
661,431,pickup_scan,2025-05-27 07:00,1
662,431,dropoff_scan,2025-05-31 20:00,23
663,432,pickup_scan,2025-11-15 22:00,12
664,432,dropoff_scan,2025-11-18 21:00,14
665,434,pickup_scan,2025-08-12 01:00,23
666,434,dropoff_scan,2025-08-17 09:00,8
667,436,pickup_scan,2025-05-04 21:00,17
668,437,pickup_scan,2025-07-17 16:00,11
669,437,dropoff_scan,2025-07-23 11:00,20
670,438,pickup_scan,2025-08-24 15:00,9
671,438,dropoff_scan,2025-08-24 20:00,22
672,439,pickup_scan,2025-04-30 07:00,4
673,439,dropoff_scan,2025-05-06 06:00,10
674,440,pickup_scan,2025-03-11 17:00,16
675,440,dropoff_scan,2025-03-16 06:00,20
676,442,pickup_scan,2025-05-25 04:00,10
677,442,dropoff_scan,2025-05-27 20:00,3
678,443,pickup_scan,2025-11-16 00:00,24
679,443,dropoff_scan,2025-11-22 12:00,5
680,445,pickup_scan,2025-01-07 08:00,3
681,445,dropoff_scan,2025-01-08 11:00,20
682,446,pickup_scan,2025-12-16 18:00,14
683,446,dropoff_scan,2025-12-19 10:00,17
684,448,pickup_scan,2025-11-05 04:00,23
685,448,dropoff_scan,2025-11-10 03:00,16
686,449,pickup_scan,2025-12-15 14:00,2
687,449,dropoff_scan,2025-12-16 12:00,16
688,450,pickup_scan,2025-08-22 04:00,4
689,450,dropoff_scan,2025-08-22 06:00,24
690,451,pickup_scan,2025-07-02 04:00,7
691,451,dropoff_scan,2025-07-05 14:00,3
692,452,pickup_scan,2025-05-17 21:00,18
693,453,pickup_scan,2025-09-25 18:00,4
694,455,pickup_scan,2025-04-07 12:00,25
695,455,dropoff_scan,2025-04-11 20:00,19
696,456,pickup_scan,2025-04-09 10:00,3
697,456,dropoff_scan,2025-04-14 23:00,8
698,457,pickup_scan,2025-02-16 03:00,15
699,457,dropoff_scan,2025-02-20 10:00,24
700,458,pickup_scan,2025-03-03 18:00,14
701,459,pickup_scan,2025-12-23 02:00,22
702,459,dropoff_scan,2025-12-28 18:00,5
703,460,pickup_scan,2025-03-06 07:00,1
704,460,dropoff_scan,2025-03-12 21:00,7
705,461,pickup_scan,2025-03-14 01:00,6
706,461,dropoff_scan,2025-03-18 19:00,1
707,462,pickup_scan,2025-10-14 15:00,11
708,462,dropoff_scan,2025-10-16 07:00,23
709,463,pickup_scan,2025-01-13 03:00,1
710,463,dropoff_scan,2025-01-13 07:00,12
711,464,pickup_scan,2025-06-24 06:00,7
712,466,pickup_scan,2025-08-03 05:00,13
713,466,dropoff_scan,2025-08-09 20:00,9
714,467,pickup_scan,2025-01-08 15:00,6
715,467,dropoff_scan,2025-01-12 21:00,10
716,468,pickup_scan,2025-04-30 10:00,19
717,469,pickup_scan,2025-05-12 02:00,6
718,469,dropoff_scan,2025-05-15 17:00,25
719,471,pickup_scan,2025-09-06 23:00,11
720,471,dropoff_scan,2025-09-08 09:00,16
721,472,pickup_scan,2025-06-15 16:00,3
722,472,dropoff_scan,2025-06-18 20:00,23
723,473,pickup_scan,2025-11-30 10:00,10
724,473,dropoff_scan,2025-12-02 14:00,20
725,474,pickup_scan,2025-06-30 02:00,6
726,474,dropoff_scan,2025-07-01 01:00,5
727,475,pickup_scan,2025-11-04 14:00,2
728,476,pickup_scan,2025-01-03 04:00,12
729,476,dropoff_scan,2025-01-06 17:00,9
730,477,pickup_scan,2025-01-21 23:00,13
731,478,pickup_scan,2025-11-04 01:00,3
732,479,pickup_scan,2025-10-13 12:00,7
733,479,dropoff_scan,2025-10-15 00:00,12
734,480,pickup_scan,2025-01-12 23:00,12
735,480,dropoff_scan,2025-01-17 10:00,3
736,481,pickup_scan,2025-06-23 16:00,16
737,481,dropoff_scan,2025-06-29 16:00,15
738,482,pickup_scan,2025-01-10 19:00,4
739,482,dropoff_scan,2025-01-12 03:00,14
740,483,pickup_scan,2025-01-28 16:00,22
741,483,dropoff_scan,2025-02-02 06:00,4
742,484,pickup_scan,2025-05-29 01:00,15
743,484,dropoff_scan,2025-06-01 04:00,11
744,485,pickup_scan,2025-09-07 18:00,12
745,485,dropoff_scan,2025-09-09 16:00,12
746,486,pickup_scan,2025-09-14 10:00,6
747,486,dropoff_scan,2025-09-20 01:00,7
748,487,pickup_scan,2025-05-09 17:00,4
749,487,dropoff_scan,2025-05-15 11:00,12
750,489,pickup_scan,2025-01-21 12:00,11
751,490,pickup_scan,2025-10-24 15:00,8
752,490,dropoff_scan,2025-10-26 16:00,22
753,491,pickup_scan,2025-10-01 19:00,9
754,491,dropoff_scan,2025-10-08 01:00,2
755,492,pickup_scan,2025-11-11 16:00,1
756,493,pickup_scan,2025-07-07 00:00,24
757,493,dropoff_scan,2025-07-13 10:00,19
758,494,pickup_scan,2025-07-19 16:00,11
759,495,pickup_scan,2025-10-07 23:00,13
760,496,pickup_scan,2025-05-24 17:00,7
761,496,dropoff_scan,2025-05-26 16:00,1
762,497,pickup_scan,2025-10-04 10:00,22
763,498,pickup_scan,2025-05-05 19:00,16
764,498,dropoff_scan,2025-05-08 14:00,10
765,499,pickup_scan,2025-12-07 23:00,23
766,499,dropoff_scan,2025-12-09 16:00,21
767,500,pickup_scan,2025-09-22 17:00,21
768,500,dropoff_scan,2025-09-24 12:00,13
769,501,pickup_scan,2025-07-25 02:00,8
770,501,dropoff_scan,2025-07-31 22:00,5
771,502,pickup_scan,2025-10-10 10:00,1
772,503,pickup_scan,2025-11-23 21:00,23
773,503,dropoff_scan,2025-11-27 11:00,15
774,505,pickup_scan,2025-02-13 20:00,2
775,506,pickup_scan,2025-04-07 10:00,16
776,506,dropoff_scan,2025-04-09 22:00,16
777,507,pickup_scan,2025-01-31 03:00,19
778,507,dropoff_scan,2025-02-03 05:00,7
779,508,pickup_scan,2025-07-26 18:00,3
780,508,dropoff_scan,2025-07-29 14:00,25
781,510,pickup_scan,2025-10-28 14:00,6
782,510,dropoff_scan,2025-10-31 01:00,2
783,511,pickup_scan,2025-03-02 10:00,11
784,511,dropoff_scan,2025-03-04 16:00,5
785,512,pickup_scan,2025-06-02 01:00,12
786,512,dropoff_scan,2025-06-06 04:00,1
787,513,pickup_scan,2025-07-28 10:00,2
788,513,dropoff_scan,2025-07-31 18:00,19
789,514,pickup_scan,2025-04-06 02:00,18
790,514,dropoff_scan,2025-04-12 11:00,14
791,515,pickup_scan,2025-03-27 14:00,13
792,515,dropoff_scan,2025-04-01 04:00,13
793,516,pickup_scan,2025-12-29 17:00,10
794,516,dropoff_scan,2026-01-02 20:00,5
795,517,pickup_scan,2025-05-11 02:00,21
796,518,pickup_scan,2025-06-29 12:00,12
797,519,pickup_scan,2025-07-23 10:00,23
798,519,dropoff_scan,2025-07-23 18:00,18
799,521,pickup_scan,2025-03-31 03:00,18
800,521,dropoff_scan,2025-03-31 06:00,1
801,522,pickup_scan,2025-06-09 15:00,12
802,523,pickup_scan,2025-03-12 23:00,12
803,523,dropoff_scan,2025-03-15 19:00,13
804,524,pickup_scan,2025-07-23 11:00,12
805,526,pickup_scan,2025-12-07 01:00,20
806,526,dropoff_scan,2025-12-12 00:00,22
807,527,pickup_scan,2025-10-15 14:00,21
808,527,dropoff_scan,2025-10-18 06:00,25
809,529,pickup_scan,2025-08-27 14:00,19
810,530,pickup_scan,2025-05-03 06:00,16
811,533,pickup_scan,2025-08-03 08:00,5
812,533,dropoff_scan,2025-08-05 19:00,6
813,534,pickup_scan,2025-04-24 16:00,15
814,536,pickup_scan,2025-11-10 02:00,14
815,536,dropoff_scan,2025-11-11 16:00,23
816,537,pickup_scan,2025-01-11 09:00,5
817,538,pickup_scan,2025-01-29 19:00,11
818,538,dropoff_scan,2025-02-02 08:00,22
819,539,pickup_scan,2025-07-26 05:00,7
820,539,dropoff_scan,2025-08-01 06:00,8
821,540,pickup_scan,2025-12-10 22:00,17
822,540,dropoff_scan,2025-12-12 05:00,8
823,541,pickup_scan,2025-04-17 05:00,23
824,541,dropoff_scan,2025-04-19 05:00,6
825,542,pickup_scan,2025-01-25 05:00,19
826,542,dropoff_scan,2025-01-28 00:00,21
827,543,pickup_scan,2025-12-19 01:00,17
828,543,dropoff_scan,2025-12-25 00:00,16
829,544,pickup_scan,2025-01-11 13:00,11
830,544,dropoff_scan,2025-01-16 13:00,25
831,545,pickup_scan,2025-09-22 05:00,22
832,546,pickup_scan,2025-01-01 21:00,20
833,546,dropoff_scan,2025-01-07 06:00,15
834,547,pickup_scan,2025-01-13 17:00,24
835,547,dropoff_scan,2025-01-20 07:00,20
836,548,pickup_scan,2025-12-03 10:00,20
837,549,pickup_scan,2025-07-25 02:00,4
838,549,dropoff_scan,2025-07-30 11:00,15
839,550,pickup_scan,2025-05-25 10:00,15
840,551,pickup_scan,2025-07-10 13:00,2
841,551,dropoff_scan,2025-07-12 19:00,13
842,552,pickup_scan,2025-09-09 07:00,25
843,552,dropoff_scan,2025-09-15 16:00,17
844,553,pickup_scan,2025-03-10 12:00,22
845,553,dropoff_scan,2025-03-16 04:00,4
846,554,pickup_scan,2025-07-10 15:00,11
847,554,dropoff_scan,2025-07-10 14:00,22
848,555,pickup_scan,2025-04-17 19:00,7
849,555,dropoff_scan,2025-04-21 00:00,8
850,556,pickup_scan,2025-06-10 11:00,9
851,557,pickup_scan,2025-07-03 06:00,5
852,557,dropoff_scan,2025-07-08 17:00,2
853,558,pickup_scan,2025-08-20 12:00,1
854,558,dropoff_scan,2025-08-20 22:00,3
855,559,pickup_scan,2025-10-24 11:00,3
856,559,dropoff_scan,2025-10-28 19:00,5
857,561,pickup_scan,2025-07-07 11:00,4
858,561,dropoff_scan,2025-07-08 16:00,4
859,562,pickup_scan,2025-05-16 20:00,13
860,563,pickup_scan,2025-07-30 02:00,4
861,563,dropoff_scan,2025-07-31 20:00,18
862,564,pickup_scan,2025-03-22 20:00,24
863,564,dropoff_scan,2025-03-27 00:00,2
864,565,pickup_scan,2025-08-23 19:00,15
865,565,dropoff_scan,2025-08-26 05:00,22
866,566,pickup_scan,2025-01-14 17:00,4
867,567,pickup_scan,2025-07-27 15:00,16
868,567,dropoff_scan,2025-07-29 20:00,8
869,568,pickup_scan,2025-06-20 17:00,20
870,568,dropoff_scan,2025-06-23 02:00,18
871,569,pickup_scan,2025-11-29 11:00,21
872,569,dropoff_scan,2025-11-29 13:00,11
873,570,pickup_scan,2025-08-17 02:00,1
874,571,pickup_scan,2025-06-22 00:00,6
875,571,dropoff_scan,2025-06-26 19:00,19
876,572,pickup_scan,2025-07-04 11:00,24
877,573,pickup_scan,2025-05-01 07:00,24
878,573,dropoff_scan,2025-05-04 00:00,12
879,574,pickup_scan,2025-03-20 23:00,20
880,575,pickup_scan,2025-11-25 04:00,13
881,575,dropoff_scan,2025-11-25 20:00,18
882,576,pickup_scan,2025-10-31 18:00,8
883,577,pickup_scan,2025-10-04 19:00,2
884,577,dropoff_scan,2025-10-04 23:00,2
885,578,pickup_scan,2025-02-07 16:00,3
886,578,dropoff_scan,2025-02-12 11:00,1
887,579,pickup_scan,2025-09-29 11:00,2
888,580,pickup_scan,2025-11-18 09:00,25
889,580,dropoff_scan,2025-11-19 07:00,18
890,581,pickup_scan,2025-07-23 11:00,23
891,582,pickup_scan,2025-11-10 04:00,24
892,582,dropoff_scan,2025-11-16 14:00,22
893,583,pickup_scan,2025-07-25 17:00,6
894,583,dropoff_scan,2025-08-01 12:00,6
895,584,pickup_scan,2025-05-23 11:00,8
896,584,dropoff_scan,2025-05-23 11:00,14
897,585,pickup_scan,2025-06-13 07:00,16
898,586,pickup_scan,2025-01-10 01:00,7
899,586,dropoff_scan,2025-01-14 00:00,17
900,587,pickup_scan,2025-10-30 02:00,19
901,588,pickup_scan,2025-08-20 11:00,12
902,588,dropoff_scan,2025-08-20 18:00,21
903,589,pickup_scan,2025-05-31 09:00,6
904,589,dropoff_scan,2025-06-03 09:00,21
905,590,pickup_scan,2025-12-17 01:00,6
906,591,pickup_scan,2025-10-09 13:00,21
907,592,pickup_scan,2025-12-18 01:00,5
908,592,dropoff_scan,2025-12-23 19:00,6
909,593,pickup_scan,2025-03-08 12:00,7
910,594,pickup_scan,2025-10-21 14:00,13
911,594,dropoff_scan,2025-10-22 12:00,16
912,595,pickup_scan,2025-07-11 17:00,10
913,595,dropoff_scan,2025-07-16 01:00,24
914,596,pickup_scan,2025-06-03 10:00,1
915,596,dropoff_scan,2025-06-03 12:00,14
916,597,pickup_scan,2025-12-29 18:00,21
917,598,pickup_scan,2025-09-12 18:00,11
918,598,dropoff_scan,2025-09-12 20:00,22
919,599,pickup_scan,2025-07-25 10:00,17
920,600,pickup_scan,2025-03-09 15:00,6
921,601,pickup_scan,2025-11-04 01:00,15
922,602,pickup_scan,2025-02-23 08:00,22
923,602,dropoff_scan,2025-02-27 18:00,6
924,603,pickup_scan,2025-11-01 13:00,22
925,605,pickup_scan,2025-04-23 15:00,21
926,605,dropoff_scan,2025-04-27 18:00,18
927,606,pickup_scan,2025-01-28 03:00,11
928,606,dropoff_scan,2025-02-02 01:00,22
929,607,pickup_scan,2025-08-20 20:00,12
930,608,pickup_scan,2025-05-08 18:00,20
931,608,dropoff_scan,2025-05-14 13:00,14
932,609,pickup_scan,2025-12-11 23:00,23
933,609,dropoff_scan,2025-12-17 23:00,2
934,610,pickup_scan,2025-08-27 19:00,19
935,611,pickup_scan,2025-04-07 20:00,11
936,611,dropoff_scan,2025-04-08 17:00,6
937,612,pickup_scan,2025-11-16 21:00,20
938,612,dropoff_scan,2025-11-20 08:00,2
939,613,pickup_scan,2025-03-18 11:00,9
940,615,pickup_scan,2025-03-18 18:00,9
941,615,dropoff_scan,2025-03-23 18:00,12
942,616,pickup_scan,2025-04-20 06:00,14
943,616,dropoff_scan,2025-04-22 06:00,19
944,617,pickup_scan,2025-04-03 01:00,22
945,618,pickup_scan,2025-06-22 23:00,6
946,619,pickup_scan,2025-08-23 23:00,24
947,620,pickup_scan,2025-11-30 04:00,5
948,620,dropoff_scan,2025-12-02 22:00,17
949,621,pickup_scan,2025-08-21 02:00,13
950,621,dropoff_scan,2025-08-27 08:00,5
951,622,pickup_scan,2025-01-28 10:00,21
952,622,dropoff_scan,2025-02-01 02:00,9
953,623,pickup_scan,2025-08-21 00:00,11
954,623,dropoff_scan,2025-08-21 19:00,15
955,624,pickup_scan,2025-09-15 02:00,22
956,624,dropoff_scan,2025-09-16 12:00,23
957,625,pickup_scan,2025-04-11 17:00,23
958,627,pickup_scan,2025-07-24 08:00,1
959,627,dropoff_scan,2025-07-28 19:00,25
960,628,pickup_scan,2025-08-29 04:00,20
961,628,dropoff_scan,2025-09-01 17:00,15
962,629,pickup_scan,2025-02-16 02:00,24
963,629,dropoff_scan,2025-02-19 20:00,1
964,630,pickup_scan,2025-04-29 03:00,21
965,630,dropoff_scan,2025-05-01 21:00,22
966,631,pickup_scan,2025-08-21 04:00,3
967,632,pickup_scan,2025-12-15 18:00,24
968,633,pickup_scan,2025-01-04 02:00,24
969,633,dropoff_scan,2025-01-04 07:00,17
970,634,pickup_scan,2025-04-19 14:00,6
971,634,dropoff_scan,2025-04-21 13:00,12
972,636,pickup_scan,2025-06-14 23:00,21
973,636,dropoff_scan,2025-06-20 04:00,23
974,637,pickup_scan,2025-12-03 23:00,17
975,637,dropoff_scan,2025-12-06 10:00,18
976,638,pickup_scan,2025-11-09 07:00,6
977,638,dropoff_scan,2025-11-09 15:00,9
978,640,pickup_scan,2025-06-19 11:00,20
979,641,pickup_scan,2025-12-20 14:00,17
980,642,pickup_scan,2025-09-04 04:00,13
981,643,pickup_scan,2025-01-16 00:00,23
982,644,pickup_scan,2025-05-08 06:00,10
983,645,pickup_scan,2025-03-08 22:00,11
984,645,dropoff_scan,2025-03-13 00:00,12
985,646,pickup_scan,2025-02-10 23:00,19
986,646,dropoff_scan,2025-02-10 22:00,11
987,647,pickup_scan,2025-03-31 19:00,22
988,647,dropoff_scan,2025-04-02 23:00,22
989,648,pickup_scan,2025-04-17 20:00,18
990,648,dropoff_scan,2025-04-21 09:00,6
991,649,pickup_scan,2025-01-04 20:00,9
992,649,dropoff_scan,2025-01-05 08:00,25
993,650,pickup_scan,2025-04-10 02:00,17
994,651,pickup_scan,2025-11-22 22:00,25
995,651,dropoff_scan,2025-11-25 21:00,11
996,652,pickup_scan,2025-04-26 00:00,19
997,652,dropoff_scan,2025-04-29 13:00,21
998,653,pickup_scan,2025-06-25 16:00,6
999,653,dropoff_scan,2025-06-29 05:00,20
1000,654,pickup_scan,2025-08-28 01:00,14
1001,654,dropoff_scan,2025-08-30 11:00,2
1002,655,pickup_scan,2025-02-13 06:00,25
1003,655,dropoff_scan,2025-02-13 15:00,5
1004,656,pickup_scan,2025-10-08 10:00,1
1005,656,dropoff_scan,2025-10-10 10:00,21
1006,657,pickup_scan,2025-07-15 21:00,19
1007,657,dropoff_scan,2025-07-18 05:00,12
1008,659,pickup_scan,2025-12-06 13:00,3
1009,660,pickup_scan,2025-06-13 08:00,1
1010,660,dropoff_scan,2025-06-20 04:00,24
1011,661,pickup_scan,2025-12-16 17:00,7
1012,661,dropoff_scan,2025-12-17 10:00,8
1013,662,pickup_scan,2025-10-10 09:00,20
1014,662,dropoff_scan,2025-10-11 02:00,3
1015,663,pickup_scan,2025-10-12 03:00,3
1016,664,pickup_scan,2025-02-14 14:00,3
1017,664,dropoff_scan,2025-02-18 09:00,2
1018,665,pickup_scan,2025-01-27 03:00,19
1019,665,dropoff_scan,2025-01-28 00:00,17
1020,668,pickup_scan,2025-03-23 09:00,16
1021,668,dropoff_scan,2025-03-23 19:00,12
1022,670,pickup_scan,2025-06-12 05:00,15
1023,671,pickup_scan,2025-07-23 14:00,24
1024,671,dropoff_scan,2025-07-26 16:00,17
1025,672,pickup_scan,2025-10-14 18:00,10
1026,674,pickup_scan,2025-07-02 19:00,6
1027,674,dropoff_scan,2025-07-08 12:00,14
1028,675,pickup_scan,2025-11-22 13:00,14
1029,677,pickup_scan,2025-06-04 04:00,23
1030,677,dropoff_scan,2025-06-05 21:00,3
1031,678,pickup_scan,2025-04-12 19:00,12
1032,678,dropoff_scan,2025-04-15 01:00,6
1033,680,pickup_scan,2025-08-06 03:00,8
1034,682,pickup_scan,2025-10-25 16:00,2
1035,682,dropoff_scan,2025-10-30 09:00,4
1036,683,pickup_scan,2025-11-18 18:00,11
1037,683,dropoff_scan,2025-11-24 02:00,11
1038,684,pickup_scan,2025-05-27 02:00,5
1039,684,dropoff_scan,2025-06-02 21:00,11
1040,685,pickup_scan,2025-11-28 16:00,14
1041,686,pickup_scan,2025-11-08 01:00,10
1042,686,dropoff_scan,2025-11-11 11:00,15
1043,687,pickup_scan,2025-06-05 02:00,7
1044,688,pickup_scan,2025-07-28 02:00,21
1045,689,pickup_scan,2025-02-04 00:00,24
1046,689,dropoff_scan,2025-02-05 23:00,4
1047,690,pickup_scan,2025-05-12 11:00,24
1048,690,dropoff_scan,2025-05-15 22:00,16
1049,691,pickup_scan,2025-09-05 15:00,8
1050,691,dropoff_scan,2025-09-09 14:00,11
1051,692,pickup_scan,2025-01-16 18:00,5
1052,692,dropoff_scan,2025-01-20 19:00,14
1053,693,pickup_scan,2025-08-24 06:00,22
1054,694,pickup_scan,2025-01-12 00:00,8
1055,695,pickup_scan,2025-05-01 11:00,20
1056,695,dropoff_scan,2025-05-06 02:00,12
1057,696,pickup_scan,2025-07-22 18:00,19
1058,696,dropoff_scan,2025-07-26 18:00,16
1059,697,pickup_scan,2025-04-10 10:00,7
1060,698,pickup_scan,2025-08-15 14:00,8
1061,699,pickup_scan,2025-11-28 05:00,24
1062,699,dropoff_scan,2025-12-05 03:00,7
1063,700,pickup_scan,2025-03-11 23:00,5
1064,701,pickup_scan,2025-04-17 06:00,21
1065,702,pickup_scan,2025-04-30 09:00,12
1066,702,dropoff_scan,2025-05-02 22:00,18
1067,703,pickup_scan,2025-09-27 05:00,10
1068,703,dropoff_scan,2025-10-01 22:00,23
1069,704,pickup_scan,2025-12-08 02:00,21
1070,704,dropoff_scan,2025-12-10 01:00,14
1071,705,pickup_scan,2025-09-27 21:00,3
1072,705,dropoff_scan,2025-10-01 17:00,1
1073,706,pickup_scan,2025-07-05 09:00,21
1074,706,dropoff_scan,2025-07-10 22:00,8
1075,707,pickup_scan,2025-10-18 21:00,10
1076,708,pickup_scan,2025-10-17 22:00,11
1077,709,pickup_scan,2025-06-15 00:00,2
1078,709,dropoff_scan,2025-06-15 17:00,24
1079,710,pickup_scan,2025-12-10 15:00,24
1080,711,pickup_scan,2025-08-08 05:00,7
1081,711,dropoff_scan,2025-08-12 12:00,14
1082,712,pickup_scan,2025-12-20 16:00,7
1083,712,dropoff_scan,2025-12-23 11:00,4
1084,713,pickup_scan,2025-02-25 04:00,23
1085,713,dropoff_scan,2025-03-03 11:00,18
1086,714,pickup_scan,2025-01-17 05:00,3
1087,714,dropoff_scan,2025-01-23 11:00,17
1088,715,pickup_scan,2025-05-06 09:00,5
1089,715,dropoff_scan,2025-05-09 15:00,2
1090,716,pickup_scan,2025-05-16 13:00,13
1091,716,dropoff_scan,2025-05-16 13:00,8
1092,717,pickup_scan,2025-06-19 17:00,9
1093,717,dropoff_scan,2025-06-21 04:00,14
1094,718,pickup_scan,2025-03-01 19:00,23
1095,718,dropoff_scan,2025-03-04 04:00,21
1096,719,pickup_scan,2025-04-24 12:00,24
1097,721,pickup_scan,2025-01-29 13:00,12
1098,721,dropoff_scan,2025-01-29 21:00,4
1099,722,pickup_scan,2025-09-14 22:00,23
1100,723,pickup_scan,2025-11-04 16:00,2
1101,723,dropoff_scan,2025-11-07 12:00,25
1102,724,pickup_scan,2025-02-07 17:00,23
1103,724,dropoff_scan,2025-02-08 05:00,14
1104,725,pickup_scan,2025-07-18 19:00,21
1105,726,pickup_scan,2025-04-28 22:00,14
1106,726,dropoff_scan,2025-05-03 14:00,8
1107,727,pickup_scan,2025-12-04 08:00,25
1108,727,dropoff_scan,2025-12-09 14:00,18
1109,728,pickup_scan,2025-02-03 09:00,9
1110,728,dropoff_scan,2025-02-09 11:00,2
1111,729,pickup_scan,2025-01-21 02:00,2
1112,729,dropoff_scan,2025-01-21 09:00,5
1113,730,pickup_scan,2025-04-24 02:00,5
1114,730,dropoff_scan,2025-04-25 21:00,22
1115,731,pickup_scan,2025-08-15 17:00,2
1116,731,dropoff_scan,2025-08-19 16:00,13
1117,732,pickup_scan,2025-07-25 13:00,15
1118,732,dropoff_scan,2025-07-27 04:00,3
1119,733,pickup_scan,2025-04-08 10:00,4
1120,733,dropoff_scan,2025-04-15 10:00,12
1121,734,pickup_scan,2025-02-02 14:00,7
1122,735,pickup_scan,2025-09-25 23:00,11
1123,735,dropoff_scan,2025-09-28 01:00,25
1124,736,pickup_scan,2025-06-19 05:00,3
1125,736,dropoff_scan,2025-06-24 19:00,19
1126,737,pickup_scan,2025-12-25 04:00,19
1127,737,dropoff_scan,2025-12-30 07:00,5
1128,738,pickup_scan,2025-04-27 05:00,10
1129,738,dropoff_scan,2025-05-02 04:00,14
1130,739,pickup_scan,2025-06-20 20:00,17
1131,739,dropoff_scan,2025-06-23 22:00,5
1132,740,pickup_scan,2025-04-06 10:00,2
1133,741,pickup_scan,2025-09-27 14:00,5
1134,741,dropoff_scan,2025-09-30 22:00,18
1135,742,pickup_scan,2025-03-08 03:00,12
1136,742,dropoff_scan,2025-03-12 14:00,13
1137,743,pickup_scan,2025-04-23 05:00,12
1138,744,pickup_scan,2025-09-03 13:00,14
1139,744,dropoff_scan,2025-09-10 02:00,15
1140,745,pickup_scan,2025-04-26 17:00,17
1141,746,pickup_scan,2025-03-20 19:00,7
1142,746,dropoff_scan,2025-03-23 10:00,6
1143,747,pickup_scan,2025-01-21 19:00,15
1144,748,pickup_scan,2025-07-17 15:00,6
1145,748,dropoff_scan,2025-07-18 23:00,5
1146,749,pickup_scan,2025-03-26 20:00,24
1147,750,pickup_scan,2025-01-19 17:00,7
1148,750,dropoff_scan,2025-01-19 20:00,17
1149,751,pickup_scan,2025-06-29 04:00,10
1150,752,pickup_scan,2025-02-18 12:00,8
1151,753,pickup_scan,2025-04-11 04:00,18
1152,753,dropoff_scan,2025-04-14 17:00,3
1153,754,pickup_scan,2025-10-27 14:00,7
1154,755,pickup_scan,2025-01-17 07:00,14
1155,756,pickup_scan,2025-10-28 05:00,1
1156,756,dropoff_scan,2025-11-03 06:00,21
1157,757,pickup_scan,2025-09-04 10:00,2
1158,757,dropoff_scan,2025-09-09 19:00,22
1159,758,pickup_scan,2025-06-06 09:00,22
1160,758,dropoff_scan,2025-06-08 21:00,12
1161,761,pickup_scan,2025-06-26 01:00,14
1162,762,pickup_scan,2025-07-22 22:00,13
1163,762,dropoff_scan,2025-07-28 06:00,9
1164,763,pickup_scan,2025-05-03 12:00,15
1165,764,pickup_scan,2025-11-09 20:00,17
1166,764,dropoff_scan,2025-11-16 00:00,12
1167,765,pickup_scan,2025-07-26 19:00,16
1168,765,dropoff_scan,2025-07-30 21:00,15
1169,766,pickup_scan,2025-04-22 14:00,15
1170,766,dropoff_scan,2025-04-23 23:00,14
1171,767,pickup_scan,2025-12-21 17:00,4
1172,768,pickup_scan,2025-01-28 09:00,10
1173,768,dropoff_scan,2025-02-04 02:00,9
1174,770,pickup_scan,2025-01-12 17:00,14
1175,770,dropoff_scan,2025-01-13 14:00,2
1176,771,pickup_scan,2025-02-18 10:00,16
1177,771,dropoff_scan,2025-02-23 13:00,17
1178,772,pickup_scan,2025-01-24 04:00,17
1179,772,dropoff_scan,2025-01-25 23:00,25
1180,773,pickup_scan,2025-01-06 08:00,10
1181,774,pickup_scan,2025-04-07 10:00,16
1182,775,pickup_scan,2025-05-17 09:00,21
1183,775,dropoff_scan,2025-05-18 09:00,14
1184,777,pickup_scan,2025-03-26 13:00,9
1185,778,pickup_scan,2025-03-25 04:00,3
1186,778,dropoff_scan,2025-03-25 05:00,5
1187,779,pickup_scan,2025-12-21 09:00,25
1188,779,dropoff_scan,2025-12-26 19:00,20
1189,780,pickup_scan,2025-11-24 04:00,9
1190,780,dropoff_scan,2025-11-25 20:00,19
1191,781,pickup_scan,2025-11-28 23:00,4
1192,781,dropoff_scan,2025-12-02 20:00,14
1193,782,pickup_scan,2025-07-18 04:00,17
1194,782,dropoff_scan,2025-07-23 07:00,5
1195,783,pickup_scan,2025-01-14 23:00,17
1196,783,dropoff_scan,2025-01-20 21:00,2
1197,784,pickup_scan,2025-06-03 17:00,7
1198,784,dropoff_scan,2025-06-06 04:00,15
1199,787,pickup_scan,2025-03-28 22:00,13
1200,787,dropoff_scan,2025-04-03 21:00,7
1201,788,pickup_scan,2025-05-22 09:00,12
1202,788,dropoff_scan,2025-05-25 01:00,11
1203,789,pickup_scan,2025-12-06 15:00,20
1204,790,pickup_scan,2025-02-16 03:00,3
1205,790,dropoff_scan,2025-02-19 02:00,15
1206,791,pickup_scan,2025-12-16 09:00,2
1207,792,pickup_scan,2025-02-17 07:00,19
1208,792,dropoff_scan,2025-02-22 13:00,8
1209,793,pickup_scan,2025-10-07 00:00,25
1210,793,dropoff_scan,2025-10-09 11:00,14
1211,794,pickup_scan,2025-04-30 14:00,9
1212,794,dropoff_scan,2025-05-03 18:00,9
1213,795,pickup_scan,2025-08-11 18:00,13
1214,796,pickup_scan,2025-10-19 20:00,5
1215,796,dropoff_scan,2025-10-25 03:00,19
1216,797,pickup_scan,2025-09-23 07:00,13
1217,797,dropoff_scan,2025-09-25 04:00,16
1218,798,pickup_scan,2025-05-19 10:00,8
1219,798,dropoff_scan,2025-05-24 18:00,9
1220,799,pickup_scan,2025-12-12 15:00,12
1221,799,dropoff_scan,2025-12-17 05:00,3
1222,800,pickup_scan,2025-11-24 15:00,12
1223,800,dropoff_scan,2025-11-26 23:00,9
1224,801,pickup_scan,2025-09-19 23:00,17
1225,801,dropoff_scan,2025-09-20 12:00,22
1226,802,pickup_scan,2025-05-01 14:00,14
1227,803,pickup_scan,2025-05-23 05:00,2
1228,804,pickup_scan,2025-06-01 20:00,4
1229,804,dropoff_scan,2025-06-03 08:00,7
1230,806,pickup_scan,2025-08-24 07:00,3
1231,806,dropoff_scan,2025-08-28 09:00,14
1232,807,pickup_scan,2025-02-14 14:00,22
1233,807,dropoff_scan,2025-02-16 04:00,13
1234,808,pickup_scan,2025-07-03 01:00,6
1235,808,dropoff_scan,2025-07-03 10:00,23
1236,809,pickup_scan,2025-04-14 10:00,17
1237,809,dropoff_scan,2025-04-15 08:00,24
1238,810,pickup_scan,2025-08-16 01:00,24
1239,810,dropoff_scan,2025-08-17 11:00,11
1240,811,pickup_scan,2025-06-05 12:00,8
1241,811,dropoff_scan,2025-06-11 14:00,10
1242,812,pickup_scan,2025-04-14 09:00,13
1243,812,dropoff_scan,2025-04-20 11:00,8
1244,813,pickup_scan,2025-01-07 03:00,21
1245,814,pickup_scan,2025-07-11 13:00,25
1246,814,dropoff_scan,2025-07-15 12:00,2
1247,816,pickup_scan,2025-06-03 07:00,19
1248,818,pickup_scan,2025-03-23 22:00,1
1249,818,dropoff_scan,2025-03-29 16:00,1
1250,819,pickup_scan,2025-11-29 09:00,22
1251,820,pickup_scan,2025-05-24 04:00,21
1252,821,pickup_scan,2025-04-15 00:00,12
1253,822,pickup_scan,2025-09-30 05:00,7
1254,822,dropoff_scan,2025-10-02 23:00,18
1255,824,pickup_scan,2025-07-10 17:00,14
1256,824,dropoff_scan,2025-07-14 23:00,4
1257,825,pickup_scan,2025-10-22 12:00,21
1258,825,dropoff_scan,2025-10-26 03:00,17
1259,826,pickup_scan,2025-04-02 15:00,6
1260,826,dropoff_scan,2025-04-05 09:00,6
1261,827,pickup_scan,2025-03-04 20:00,1
1262,827,dropoff_scan,2025-03-10 06:00,19
1263,828,pickup_scan,2025-09-05 02:00,10
1264,828,dropoff_scan,2025-09-05 05:00,7
1265,829,pickup_scan,2025-03-14 21:00,6
1266,829,dropoff_scan,2025-03-20 06:00,9
1267,830,pickup_scan,2025-01-03 17:00,23
1268,830,dropoff_scan,2025-01-09 01:00,1
1269,831,pickup_scan,2025-04-09 21:00,20
1270,831,dropoff_scan,2025-04-15 14:00,7
1271,832,pickup_scan,2025-06-14 11:00,15
1272,832,dropoff_scan,2025-06-17 10:00,13
1273,833,pickup_scan,2025-03-24 18:00,23
1274,833,dropoff_scan,2025-03-24 20:00,13
1275,834,pickup_scan,2025-09-08 10:00,22
1276,834,dropoff_scan,2025-09-14 22:00,24
1277,835,pickup_scan,2025-01-27 15:00,6
1278,835,dropoff_scan,2025-02-02 15:00,10
1279,836,pickup_scan,2025-11-07 14:00,22
1280,837,pickup_scan,2025-02-04 19:00,6
1281,837,dropoff_scan,2025-02-05 12:00,2
1282,838,pickup_scan,2025-10-27 08:00,4
1283,839,pickup_scan,2025-07-06 00:00,6
1284,839,dropoff_scan,2025-07-09 09:00,4
1285,840,pickup_scan,2025-11-28 18:00,5
1286,840,dropoff_scan,2025-12-01 08:00,6
1287,841,pickup_scan,2025-06-17 21:00,18
1288,842,pickup_scan,2025-04-22 04:00,24
1289,843,pickup_scan,2025-11-19 16:00,14
1290,844,pickup_scan,2025-03-11 03:00,10
1291,845,pickup_scan,2025-06-23 08:00,10
1292,845,dropoff_scan,2025-06-29 11:00,5
1293,846,pickup_scan,2025-12-09 03:00,18
1294,846,dropoff_scan,2025-12-15 18:00,23
1295,847,pickup_scan,2025-10-23 14:00,24
1296,848,pickup_scan,2025-08-22 22:00,21
1297,848,dropoff_scan,2025-08-28 11:00,11
1298,849,pickup_scan,2025-12-02 04:00,12
1299,850,pickup_scan,2025-10-07 03:00,12
1300,850,dropoff_scan,2025-10-09 13:00,11
1301,851,pickup_scan,2025-02-04 19:00,10
1302,851,dropoff_scan,2025-02-09 17:00,4
1303,852,pickup_scan,2025-06-22 02:00,14
1304,853,pickup_scan,2025-12-30 15:00,20
1305,853,dropoff_scan,2026-01-03 13:00,25
1306,854,pickup_scan,2025-06-13 08:00,3
1307,854,dropoff_scan,2025-06-16 12:00,10
1308,855,pickup_scan,2025-07-26 14:00,4
1309,856,pickup_scan,2025-02-17 22:00,5
1310,856,dropoff_scan,2025-02-18 19:00,9
1311,857,pickup_scan,2025-08-17 21:00,9
1312,857,dropoff_scan,2025-08-23 22:00,21
1313,859,pickup_scan,2025-06-22 21:00,12
1314,860,pickup_scan,2025-12-31 00:00,24
1315,860,dropoff_scan,2026-01-04 10:00,12
1316,861,pickup_scan,2025-04-20 23:00,2
1317,862,pickup_scan,2025-07-30 00:00,19
1318,863,pickup_scan,2025-11-21 07:00,22
1319,863,dropoff_scan,2025-11-22 00:00,24
1320,864,pickup_scan,2025-10-26 13:00,21
1321,864,dropoff_scan,2025-10-29 06:00,25
1322,865,pickup_scan,2025-01-30 05:00,25
1323,866,pickup_scan,2025-12-24 17:00,24
1324,866,dropoff_scan,2025-12-29 21:00,15
1325,867,pickup_scan,2025-11-13 18:00,23
1326,867,dropoff_scan,2025-11-19 00:00,9
1327,868,pickup_scan,2025-02-12 02:00,18
1328,869,pickup_scan,2025-01-08 10:00,10
1329,870,pickup_scan,2025-12-03 16:00,15
1330,871,pickup_scan,2025-07-26 23:00,8
1331,871,dropoff_scan,2025-07-27 21:00,8
1332,872,pickup_scan,2025-03-27 17:00,12
1333,872,dropoff_scan,2025-04-03 08:00,22
1334,873,pickup_scan,2025-02-16 23:00,1
1335,873,dropoff_scan,2025-02-17 18:00,1
1336,874,pickup_scan,2025-01-28 05:00,24
1337,874,dropoff_scan,2025-02-03 17:00,7
1338,875,pickup_scan,2025-02-26 03:00,11
1339,875,dropoff_scan,2025-03-01 21:00,15
1340,876,pickup_scan,2025-11-16 17:00,18
1341,876,dropoff_scan,2025-11-17 20:00,19
1342,877,pickup_scan,2025-06-21 06:00,22
1343,877,dropoff_scan,2025-06-27 15:00,7
1344,878,pickup_scan,2025-12-28 03:00,14
1345,878,dropoff_scan,2025-12-30 19:00,2
1346,879,pickup_scan,2025-03-11 22:00,8
1347,879,dropoff_scan,2025-03-17 23:00,12
1348,880,pickup_scan,2025-10-26 13:00,14
1349,880,dropoff_scan,2025-10-28 15:00,3
1350,881,pickup_scan,2025-05-10 16:00,22
1351,882,pickup_scan,2025-12-16 06:00,18
1352,883,pickup_scan,2025-10-30 16:00,24
1353,883,dropoff_scan,2025-11-02 11:00,4
1354,884,pickup_scan,2025-12-16 03:00,20
1355,884,dropoff_scan,2025-12-21 09:00,13
1356,885,pickup_scan,2025-12-30 09:00,13
1357,885,dropoff_scan,2026-01-01 05:00,17
1358,886,pickup_scan,2025-10-01 06:00,25
1359,888,pickup_scan,2025-08-04 01:00,9
1360,888,dropoff_scan,2025-08-04 16:00,21
1361,889,pickup_scan,2025-04-21 17:00,18
1362,889,dropoff_scan,2025-04-22 12:00,8
1363,890,pickup_scan,2025-08-28 23:00,11
1364,890,dropoff_scan,2025-08-30 17:00,25
1365,891,pickup_scan,2025-09-27 06:00,6
1366,891,dropoff_scan,2025-09-27 22:00,17
1367,893,pickup_scan,2025-01-16 08:00,15
1368,893,dropoff_scan,2025-01-22 09:00,1
1369,894,pickup_scan,2025-11-18 03:00,25
1370,894,dropoff_scan,2025-11-22 04:00,10
1371,895,pickup_scan,2025-08-01 00:00,8
1372,895,dropoff_scan,2025-08-03 22:00,9
1373,897,pickup_scan,2025-08-16 01:00,9
1374,897,dropoff_scan,2025-08-22 09:00,3
1375,898,pickup_scan,2025-08-24 04:00,16
1376,899,pickup_scan,2025-08-10 08:00,1
1377,900,pickup_scan,2025-07-19 15:00,22
1378,900,dropoff_scan,2025-07-25 07:00,16
1379,901,pickup_scan,2025-09-05 15:00,4
1380,905,pickup_scan,2025-05-20 20:00,10
1381,905,dropoff_scan,2025-05-26 23:00,7
1382,906,pickup_scan,2025-07-15 12:00,1
1383,907,pickup_scan,2025-03-18 11:00,24
1384,907,dropoff_scan,2025-03-20 10:00,17
1385,909,pickup_scan,2025-08-26 05:00,15
1386,909,dropoff_scan,2025-08-28 18:00,3
1387,912,pickup_scan,2025-06-26 05:00,5
1388,912,dropoff_scan,2025-06-28 02:00,18
1389,913,pickup_scan,2025-03-27 09:00,14
1390,913,dropoff_scan,2025-04-02 20:00,2
1391,914,pickup_scan,2025-04-14 22:00,1
1392,914,dropoff_scan,2025-04-19 17:00,4
1393,915,pickup_scan,2025-07-01 14:00,3
1394,915,dropoff_scan,2025-07-03 05:00,7
1395,916,pickup_scan,2025-04-19 16:00,12
1396,917,pickup_scan,2025-12-03 12:00,22
1397,917,dropoff_scan,2025-12-05 12:00,2
1398,918,pickup_scan,2025-11-05 18:00,12
1399,918,dropoff_scan,2025-11-09 19:00,16
1400,920,pickup_scan,2025-03-07 05:00,12
1401,920,dropoff_scan,2025-03-12 06:00,6
1402,921,pickup_scan,2025-01-19 08:00,7
1403,922,pickup_scan,2025-05-22 03:00,2
1404,922,dropoff_scan,2025-05-28 11:00,10
1405,923,pickup_scan,2025-01-09 00:00,5
1406,923,dropoff_scan,2025-01-14 20:00,9
1407,924,pickup_scan,2025-12-10 01:00,14
1408,925,pickup_scan,2025-07-02 17:00,11
1409,925,dropoff_scan,2025-07-04 05:00,19
1410,927,pickup_scan,2025-10-04 22:00,20
1411,927,dropoff_scan,2025-10-06 22:00,2
1412,928,pickup_scan,2025-06-27 21:00,24
1413,929,pickup_scan,2025-06-16 23:00,6
1414,929,dropoff_scan,2025-06-20 08:00,14
1415,930,pickup_scan,2025-11-19 13:00,11
1416,930,dropoff_scan,2025-11-23 00:00,4
1417,931,pickup_scan,2025-01-24 02:00,11
1418,931,dropoff_scan,2025-01-29 10:00,13
1419,932,pickup_scan,2025-08-26 05:00,10
1420,932,dropoff_scan,2025-08-28 09:00,11
1421,933,pickup_scan,2025-09-11 12:00,23
1422,933,dropoff_scan,2025-09-18 02:00,12
1423,934,pickup_scan,2025-04-29 00:00,1
1424,934,dropoff_scan,2025-05-03 11:00,6
1425,935,pickup_scan,2025-10-28 23:00,14
1426,935,dropoff_scan,2025-10-29 07:00,7
1427,936,pickup_scan,2025-03-21 08:00,20
1428,936,dropoff_scan,2025-03-24 05:00,2
1429,937,pickup_scan,2025-08-24 21:00,13
1430,937,dropoff_scan,2025-08-28 10:00,22
1431,938,pickup_scan,2025-08-09 21:00,6
1432,938,dropoff_scan,2025-08-15 00:00,24
1433,940,pickup_scan,2025-06-06 06:00,6
1434,941,pickup_scan,2025-08-02 21:00,13
1435,942,pickup_scan,2025-03-28 15:00,3
1436,943,pickup_scan,2025-12-24 06:00,3
1437,943,dropoff_scan,2025-12-25 06:00,21
1438,944,pickup_scan,2025-11-20 22:00,1
1439,944,dropoff_scan,2025-11-24 02:00,21
1440,945,pickup_scan,2025-05-05 13:00,6
1441,945,dropoff_scan,2025-05-06 16:00,4
1442,946,pickup_scan,2025-11-15 12:00,23
1443,947,pickup_scan,2025-08-26 17:00,7
1444,947,dropoff_scan,2025-09-02 02:00,25
1445,948,pickup_scan,2025-08-12 04:00,6
1446,949,pickup_scan,2025-12-04 06:00,22
1447,949,dropoff_scan,2025-12-10 06:00,1
1448,950,pickup_scan,2025-10-07 10:00,3
1449,950,dropoff_scan,2025-10-09 05:00,4
1450,951,pickup_scan,2025-03-27 01:00,4
1451,952,pickup_scan,2025-01-04 08:00,6
1452,953,pickup_scan,2025-04-17 21:00,22
1453,953,dropoff_scan,2025-04-22 07:00,1
1454,954,pickup_scan,2025-06-13 06:00,24
1455,955,pickup_scan,2025-05-31 11:00,15
1456,955,dropoff_scan,2025-06-01 17:00,24
1457,956,pickup_scan,2025-05-01 13:00,1
1458,956,dropoff_scan,2025-05-04 11:00,20
1459,957,pickup_scan,2025-02-02 09:00,9
1460,957,dropoff_scan,2025-02-07 09:00,12
1461,958,pickup_scan,2025-11-20 02:00,18
1462,958,dropoff_scan,2025-11-25 17:00,8
1463,959,pickup_scan,2025-06-22 08:00,13
1464,960,pickup_scan,2025-08-19 22:00,1
1465,960,dropoff_scan,2025-08-20 20:00,23
1466,961,pickup_scan,2025-08-14 23:00,9
1467,961,dropoff_scan,2025-08-20 13:00,19
1468,962,pickup_scan,2025-03-30 05:00,8
1469,963,pickup_scan,2025-09-28 15:00,5
1470,963,dropoff_scan,2025-10-02 18:00,20
1471,964,pickup_scan,2025-08-31 14:00,14
1472,964,dropoff_scan,2025-09-05 14:00,8
1473,965,pickup_scan,2025-02-17 14:00,7
1474,965,dropoff_scan,2025-02-19 01:00,12
1475,966,pickup_scan,2025-12-01 19:00,11
1476,966,dropoff_scan,2025-12-04 07:00,21
1477,967,pickup_scan,2025-11-17 19:00,6
1478,968,pickup_scan,2025-09-14 20:00,8
1479,969,pickup_scan,2025-05-14 17:00,15
1480,969,dropoff_scan,2025-05-16 13:00,6
1481,970,pickup_scan,2025-02-16 08:00,24
1482,970,dropoff_scan,2025-02-21 17:00,21
1483,971,pickup_scan,2025-07-19 05:00,17
1484,971,dropoff_scan,2025-07-22 02:00,20
1485,972,pickup_scan,2025-02-09 12:00,3
1486,974,pickup_scan,2025-05-17 08:00,9
1487,974,dropoff_scan,2025-05-23 13:00,2
1488,975,pickup_scan,2025-03-11 18:00,12
1489,975,dropoff_scan,2025-03-14 12:00,17
1490,976,pickup_scan,2025-12-04 21:00,16
1491,977,pickup_scan,2025-07-19 20:00,1
1492,977,dropoff_scan,2025-07-24 01:00,8
1493,978,pickup_scan,2025-09-29 17:00,10
1494,978,dropoff_scan,2025-10-06 10:00,13
1495,979,pickup_scan,2025-09-14 14:00,12
1496,980,pickup_scan,2025-07-27 17:00,25
1497,981,pickup_scan,2025-03-21 12:00,22
1498,981,dropoff_scan,2025-03-25 04:00,11
1499,983,pickup_scan,2025-11-12 07:00,19
1500,983,dropoff_scan,2025-11-12 19:00,5
1501,984,pickup_scan,2025-06-13 10:00,20
1502,985,pickup_scan,2025-05-19 10:00,16
1503,985,dropoff_scan,2025-05-19 05:00,15
1504,986,pickup_scan,2025-12-04 10:00,24
1505,986,dropoff_scan,2025-12-10 20:00,2
1506,987,pickup_scan,2025-05-08 22:00,18
1507,987,dropoff_scan,2025-05-09 16:00,24
1508,988,pickup_scan,2025-07-31 20:00,11
1509,988,dropoff_scan,2025-08-04 05:00,2
1510,989,pickup_scan,2025-02-25 05:00,23
1511,989,dropoff_scan,2025-03-01 22:00,7
1512,990,pickup_scan,2025-06-09 21:00,13
1513,990,dropoff_scan,2025-06-10 13:00,10
1514,991,pickup_scan,2025-09-02 21:00,23
1515,991,dropoff_scan,2025-09-08 02:00,15
1516,992,pickup_scan,2025-09-02 13:00,25
1517,993,pickup_scan,2025-11-05 12:00,19
1518,993,dropoff_scan,2025-11-07 05:00,24
1519,994,pickup_scan,2025-08-10 17:00,13
1520,994,dropoff_scan,2025-08-11 21:00,18
1521,995,pickup_scan,2025-09-08 02:00,16
1522,995,dropoff_scan,2025-09-13 16:00,25
1523,996,pickup_scan,2025-12-20 10:00,22
1524,997,pickup_scan,2025-10-29 00:00,21
1525,997,dropoff_scan,2025-11-04 02:00,23
1526,998,pickup_scan,2025-12-18 22:00,12
1527,1001,pickup_scan,2025-03-09 15:00,19
1528,1001,dropoff_scan,2025-03-13 16:00,24
1529,1002,pickup_scan,2025-10-20 17:00,9
1530,1002,dropoff_scan,2025-10-21 05:00,13
1531,1003,pickup_scan,2025-05-09 11:00,7
1532,1003,dropoff_scan,2025-05-15 05:00,25
1533,1004,pickup_scan,2025-07-06 05:00,7
1534,1004,dropoff_scan,2025-07-09 06:00,16
1535,1005,pickup_scan,2025-01-01 14:00,25
1536,1006,pickup_scan,2025-03-08 06:00,1
1537,1006,dropoff_scan,2025-03-14 05:00,22
1538,1007,pickup_scan,2025-02-05 01:00,16
1539,1008,pickup_scan,2025-07-21 17:00,17
1540,1008,dropoff_scan,2025-07-22 15:00,11
1541,1009,pickup_scan,2025-12-08 23:00,22
1542,1009,dropoff_scan,2025-12-11 19:00,5
1543,1010,pickup_scan,2025-10-27 04:00,3
1544,1010,dropoff_scan,2025-10-31 12:00,23
1545,1011,pickup_scan,2025-05-30 18:00,23
1546,1012,pickup_scan,2025-05-19 01:00,4
1547,1012,dropoff_scan,2025-05-20 15:00,21
1548,1014,pickup_scan,2025-05-02 23:00,20
1549,1015,pickup_scan,2025-10-17 00:00,5
1550,1016,pickup_scan,2025-12-10 08:00,8
1551,1017,pickup_scan,2025-02-04 13:00,8
1552,1017,dropoff_scan,2025-02-07 13:00,25
1553,1018,pickup_scan,2025-11-24 11:00,16
1554,1018,dropoff_scan,2025-11-30 10:00,11
1555,1020,pickup_scan,2025-09-22 23:00,14
1556,1021,pickup_scan,2025-06-17 17:00,1
1557,1021,dropoff_scan,2025-06-22 07:00,19
1558,1022,pickup_scan,2025-05-12 22:00,21
1559,1022,dropoff_scan,2025-05-19 01:00,18
1560,1023,pickup_scan,2025-07-13 18:00,12
1561,1023,dropoff_scan,2025-07-19 09:00,4
1562,1024,pickup_scan,2025-10-23 13:00,25
1563,1024,dropoff_scan,2025-10-28 10:00,8
1564,1025,pickup_scan,2025-01-20 06:00,20
1565,1025,dropoff_scan,2025-01-21 09:00,18
1566,1026,pickup_scan,2025-01-11 17:00,6
1567,1026,dropoff_scan,2025-01-17 15:00,25
1568,1027,pickup_scan,2025-10-14 10:00,15
1569,1027,dropoff_scan,2025-10-18 19:00,15
1570,1028,pickup_scan,2025-01-18 11:00,22
1571,1028,dropoff_scan,2025-01-20 09:00,7
1572,1029,pickup_scan,2025-11-26 15:00,14
1573,1029,dropoff_scan,2025-11-26 15:00,9
1574,1030,pickup_scan,2025-04-01 14:00,24
1575,1031,pickup_scan,2025-02-22 08:00,24
1576,1031,dropoff_scan,2025-02-22 17:00,16
1577,1032,pickup_scan,2025-01-05 22:00,25
1578,1032,dropoff_scan,2025-01-09 09:00,11
1579,1033,pickup_scan,2025-07-12 14:00,2
1580,1033,dropoff_scan,2025-07-14 13:00,3
1581,1034,pickup_scan,2025-03-10 20:00,3
1582,1034,dropoff_scan,2025-03-16 15:00,4
1583,1035,pickup_scan,2025-10-24 15:00,7
1584,1036,pickup_scan,2025-12-22 07:00,25
1585,1036,dropoff_scan,2025-12-23 12:00,23
1586,1037,pickup_scan,2025-10-24 14:00,18
1587,1037,dropoff_scan,2025-10-31 06:00,8
1588,1039,pickup_scan,2025-08-08 01:00,14
1589,1040,pickup_scan,2025-06-02 23:00,15
1590,1040,dropoff_scan,2025-06-03 10:00,17
1591,1041,pickup_scan,2025-02-09 16:00,7
1592,1041,dropoff_scan,2025-02-15 04:00,10
1593,1042,pickup_scan,2025-02-12 03:00,14
1594,1043,pickup_scan,2025-09-26 18:00,12
1595,1043,dropoff_scan,2025-10-02 21:00,25
1596,1044,pickup_scan,2025-07-16 01:00,15
1597,1044,dropoff_scan,2025-07-16 11:00,20
1598,1045,pickup_scan,2025-03-10 12:00,3
1599,1045,dropoff_scan,2025-03-13 04:00,12
1600,1046,pickup_scan,2025-10-20 09:00,20
1601,1046,dropoff_scan,2025-10-25 11:00,12
1602,1047,pickup_scan,2025-01-16 18:00,15
1603,1047,dropoff_scan,2025-01-22 21:00,25
1604,1048,pickup_scan,2025-12-22 14:00,19
1605,1049,pickup_scan,2025-07-21 01:00,24
1606,1049,dropoff_scan,2025-07-27 05:00,23
1607,1050,pickup_scan,2025-06-01 10:00,8
1608,1050,dropoff_scan,2025-06-04 20:00,8
1609,1052,pickup_scan,2025-09-25 14:00,11
1610,1052,dropoff_scan,2025-09-30 10:00,25
1611,1053,pickup_scan,2025-03-03 03:00,23
1612,1053,dropoff_scan,2025-03-05 04:00,19
1613,1054,pickup_scan,2025-01-16 14:00,10
1614,1055,pickup_scan,2025-07-21 16:00,14
1615,1055,dropoff_scan,2025-07-22 10:00,20
1616,1056,pickup_scan,2025-10-02 04:00,20
1617,1056,dropoff_scan,2025-10-02 12:00,16
1618,1057,pickup_scan,2025-10-14 05:00,11
1619,1057,dropoff_scan,2025-10-16 07:00,16
1620,1058,pickup_scan,2025-04-28 20:00,17
1621,1058,dropoff_scan,2025-04-30 23:00,12
1622,1059,pickup_scan,2025-11-14 20:00,9
1623,1060,pickup_scan,2025-06-08 13:00,25
1624,1061,pickup_scan,2025-08-29 08:00,23
1625,1061,dropoff_scan,2025-09-03 09:00,11
1626,1062,pickup_scan,2025-02-24 04:00,11
1627,1062,dropoff_scan,2025-02-27 20:00,15
1628,1063,pickup_scan,2025-03-02 09:00,23
1629,1064,pickup_scan,2025-09-09 18:00,21
1630,1064,dropoff_scan,2025-09-15 16:00,10
1631,1065,pickup_scan,2025-08-28 06:00,1
1632,1065,dropoff_scan,2025-09-01 12:00,4
1633,1066,pickup_scan,2025-01-02 01:00,24
1634,1066,dropoff_scan,2025-01-03 11:00,10
1635,1067,pickup_scan,2025-09-27 04:00,19
1636,1068,pickup_scan,2025-11-03 00:00,23
1637,1068,dropoff_scan,2025-11-05 09:00,22
1638,1069,pickup_scan,2025-07-02 04:00,10
1639,1069,dropoff_scan,2025-07-07 10:00,23
1640,1070,pickup_scan,2025-01-24 17:00,4
1641,1070,dropoff_scan,2025-01-26 02:00,15
1642,1071,pickup_scan,2025-01-05 17:00,17
1643,1071,dropoff_scan,2025-01-09 18:00,21
1644,1072,pickup_scan,2025-08-13 08:00,9
1645,1073,pickup_scan,2025-08-28 17:00,22
1646,1073,dropoff_scan,2025-08-29 04:00,13
1647,1075,pickup_scan,2025-06-16 11:00,23
1648,1075,dropoff_scan,2025-06-20 17:00,17
1649,1076,pickup_scan,2025-05-03 21:00,12
1650,1076,dropoff_scan,2025-05-10 12:00,12
1651,1077,pickup_scan,2025-12-07 20:00,16
1652,1078,pickup_scan,2025-12-12 01:00,8
1653,1079,pickup_scan,2025-06-27 11:00,9
1654,1080,pickup_scan,2025-05-09 12:00,13
1655,1080,dropoff_scan,2025-05-09 19:00,22
1656,1081,pickup_scan,2025-03-08 00:00,19
1657,1081,dropoff_scan,2025-03-08 09:00,3
1658,1082,pickup_scan,2025-05-09 14:00,17
1659,1083,pickup_scan,2025-09-21 18:00,11
1660,1083,dropoff_scan,2025-09-22 00:00,18
1661,1084,pickup_scan,2025-09-24 06:00,23
1662,1085,pickup_scan,2025-11-22 05:00,23
1663,1085,dropoff_scan,2025-11-28 13:00,19
1664,1086,pickup_scan,2025-11-16 02:00,5
1665,1087,pickup_scan,2025-07-01 20:00,19
1666,1087,dropoff_scan,2025-07-06 23:00,12
1667,1088,pickup_scan,2025-05-30 00:00,1
1668,1088,dropoff_scan,2025-06-05 04:00,5
1669,1090,pickup_scan,2025-12-19 13:00,22
1670,1090,dropoff_scan,2025-12-21 22:00,17
1671,1092,pickup_scan,2025-03-31 18:00,5
1672,1093,pickup_scan,2025-01-14 17:00,9
1673,1094,pickup_scan,2025-04-06 14:00,14
1674,1095,pickup_scan,2025-03-11 10:00,6
1675,1095,dropoff_scan,2025-03-15 13:00,1
1676,1096,pickup_scan,2025-04-24 14:00,16
1677,1096,dropoff_scan,2025-04-25 18:00,25
1678,1097,pickup_scan,2025-03-26 07:00,23
1679,1097,dropoff_scan,2025-03-30 16:00,7
1680,1098,pickup_scan,2025-06-02 11:00,22
1681,1098,dropoff_scan,2025-06-08 08:00,20
1682,1099,pickup_scan,2025-12-17 02:00,19
1683,1099,dropoff_scan,2025-12-19 23:00,14
1684,1100,pickup_scan,2025-09-25 00:00,19
1685,1100,dropoff_scan,2025-10-01 14:00,23
1686,1101,pickup_scan,2025-04-29 00:00,17
1687,1101,dropoff_scan,2025-05-03 14:00,13
1688,1103,pickup_scan,2025-02-20 05:00,19
1689,1103,dropoff_scan,2025-02-22 04:00,4
1690,1104,pickup_scan,2025-01-09 05:00,22
1691,1104,dropoff_scan,2025-01-10 08:00,24
1692,1105,pickup_scan,2025-09-22 10:00,9
1693,1105,dropoff_scan,2025-09-27 18:00,25
1694,1107,pickup_scan,2025-02-05 09:00,1
1695,1107,dropoff_scan,2025-02-06 00:00,3
1696,1108,pickup_scan,2025-07-21 14:00,25
1697,1109,pickup_scan,2025-12-03 13:00,18
1698,1109,dropoff_scan,2025-12-06 09:00,24
1699,1110,pickup_scan,2025-10-14 07:00,24
1700,1111,pickup_scan,2025-12-25 02:00,13
1701,1111,dropoff_scan,2025-12-28 04:00,9
1702,1112,pickup_scan,2025-07-21 19:00,9
1703,1112,dropoff_scan,2025-07-27 14:00,15
1704,1113,pickup_scan,2025-02-25 12:00,14
1705,1113,dropoff_scan,2025-03-02 20:00,6
1706,1114,pickup_scan,2025-07-20 17:00,23
1707,1114,dropoff_scan,2025-07-26 20:00,20
1708,1115,pickup_scan,2025-04-04 23:00,9
1709,1116,pickup_scan,2025-05-28 04:00,24
1710,1117,pickup_scan,2025-06-23 00:00,7
1711,1117,dropoff_scan,2025-06-25 11:00,22
1712,1118,pickup_scan,2025-11-08 13:00,20
1713,1118,dropoff_scan,2025-11-08 22:00,10
1714,1122,pickup_scan,2025-10-29 12:00,8
1715,1122,dropoff_scan,2025-11-05 04:00,8
1716,1123,pickup_scan,2025-04-12 21:00,1
1717,1124,pickup_scan,2025-09-13 15:00,5
1718,1124,dropoff_scan,2025-09-16 07:00,1
1719,1125,pickup_scan,2025-09-07 22:00,25
1720,1126,pickup_scan,2025-11-11 22:00,4
1721,1126,dropoff_scan,2025-11-17 13:00,4
1722,1127,pickup_scan,2025-08-11 09:00,5
1723,1127,dropoff_scan,2025-08-12 23:00,17
1724,1128,pickup_scan,2025-11-14 05:00,24
1725,1128,dropoff_scan,2025-11-21 01:00,20
1726,1129,pickup_scan,2025-02-28 17:00,10
1727,1130,pickup_scan,2025-01-29 23:00,13
1728,1130,dropoff_scan,2025-02-01 09:00,17
1729,1131,pickup_scan,2025-09-26 19:00,15
1730,1132,pickup_scan,2025-04-24 03:00,11
1731,1132,dropoff_scan,2025-04-28 12:00,1
1732,1134,pickup_scan,2025-04-30 04:00,20
1733,1134,dropoff_scan,2025-05-02 13:00,22
1734,1135,pickup_scan,2025-08-23 20:00,18
1735,1136,pickup_scan,2025-01-04 18:00,14
1736,1136,dropoff_scan,2025-01-10 08:00,7
1737,1137,pickup_scan,2025-01-24 14:00,6
1738,1137,dropoff_scan,2025-01-29 00:00,17
1739,1138,pickup_scan,2025-03-21 07:00,19
1740,1138,dropoff_scan,2025-03-24 11:00,17
1741,1139,pickup_scan,2025-04-15 14:00,13
1742,1139,dropoff_scan,2025-04-19 06:00,16
1743,1141,pickup_scan,2025-12-20 02:00,7
1744,1142,pickup_scan,2025-09-27 10:00,8
1745,1142,dropoff_scan,2025-10-03 15:00,13
1746,1143,pickup_scan,2025-07-07 21:00,2
1747,1144,pickup_scan,2025-10-12 00:00,14
1748,1144,dropoff_scan,2025-10-18 06:00,24
1749,1145,pickup_scan,2025-04-22 16:00,12
1750,1146,pickup_scan,2025-11-29 01:00,12
1751,1147,pickup_scan,2025-10-07 00:00,19
1752,1147,dropoff_scan,2025-10-10 07:00,17
1753,1148,pickup_scan,2025-09-14 10:00,20
1754,1148,dropoff_scan,2025-09-16 00:00,22
1755,1150,pickup_scan,2025-07-22 13:00,9
1756,1150,dropoff_scan,2025-07-29 07:00,2
1757,1151,pickup_scan,2025-06-22 23:00,3
1758,1152,pickup_scan,2025-04-05 18:00,3
1759,1154,pickup_scan,2025-03-30 16:00,6
1760,1155,pickup_scan,2025-06-30 16:00,12
1761,1156,pickup_scan,2025-11-18 20:00,6
1762,1157,pickup_scan,2025-04-16 17:00,6
1763,1157,dropoff_scan,2025-04-21 20:00,8
1764,1159,pickup_scan,2025-12-28 22:00,12
1765,1159,dropoff_scan,2025-12-29 20:00,6
1766,1160,pickup_scan,2025-01-03 23:00,23
1767,1160,dropoff_scan,2025-01-04 05:00,4
1768,1161,pickup_scan,2025-10-11 23:00,13
1769,1162,pickup_scan,2025-05-08 17:00,3
1770,1162,dropoff_scan,2025-05-14 09:00,12
1771,1163,pickup_scan,2025-09-06 10:00,8
1772,1163,dropoff_scan,2025-09-13 00:00,12
1773,1164,pickup_scan,2025-03-31 11:00,21
1774,1164,dropoff_scan,2025-04-05 22:00,25
1775,1165,pickup_scan,2025-01-17 12:00,17
1776,1166,pickup_scan,2025-09-29 17:00,2
1777,1166,dropoff_scan,2025-10-04 13:00,8
1778,1168,pickup_scan,2025-09-04 02:00,8
1779,1168,dropoff_scan,2025-09-09 16:00,15
1780,1169,pickup_scan,2025-03-30 13:00,22
1781,1169,dropoff_scan,2025-04-02 01:00,16
1782,1171,pickup_scan,2025-09-25 16:00,16
1783,1173,pickup_scan,2025-05-02 05:00,20
1784,1173,dropoff_scan,2025-05-02 14:00,7
1785,1174,pickup_scan,2025-07-16 08:00,4
1786,1174,dropoff_scan,2025-07-19 11:00,2
1787,1175,pickup_scan,2025-12-20 15:00,18
1788,1176,pickup_scan,2025-11-23 13:00,8
1789,1176,dropoff_scan,2025-11-24 23:00,5
1790,1177,pickup_scan,2025-08-05 10:00,2
1791,1177,dropoff_scan,2025-08-07 05:00,16
1792,1178,pickup_scan,2025-11-17 02:00,24
1793,1178,dropoff_scan,2025-11-19 16:00,8
1794,1180,pickup_scan,2025-04-16 00:00,11
1795,1180,dropoff_scan,2025-04-16 14:00,11
1796,1181,pickup_scan,2025-11-29 05:00,15
1797,1181,dropoff_scan,2025-12-04 05:00,18
1798,1182,pickup_scan,2025-11-29 03:00,3
1799,1182,dropoff_scan,2025-12-05 20:00,3
1800,1183,pickup_scan,2025-10-11 06:00,9
1801,1183,dropoff_scan,2025-10-12 17:00,11
1802,1185,pickup_scan,2025-07-24 06:00,23
1803,1185,dropoff_scan,2025-07-27 00:00,13
1804,1186,pickup_scan,2025-04-07 09:00,4
1805,1186,dropoff_scan,2025-04-07 19:00,16
1806,1187,pickup_scan,2025-11-25 21:00,18
1807,1187,dropoff_scan,2025-11-30 12:00,19
1808,1188,pickup_scan,2025-04-27 04:00,8
1809,1188,dropoff_scan,2025-04-30 12:00,23
1810,1189,pickup_scan,2025-12-07 14:00,9
1811,1189,dropoff_scan,2025-12-14 12:00,19
1812,1190,pickup_scan,2025-10-14 04:00,12
1813,1190,dropoff_scan,2025-10-19 19:00,19
1814,1191,pickup_scan,2025-07-23 18:00,20
1815,1192,pickup_scan,2025-04-02 01:00,25
1816,1193,pickup_scan,2025-03-18 14:00,12
1817,1193,dropoff_scan,2025-03-19 07:00,4
1818,1194,pickup_scan,2025-03-31 20:00,24
1819,1194,dropoff_scan,2025-04-04 01:00,1
1820,1195,pickup_scan,2025-05-14 09:00,8
1821,1195,dropoff_scan,2025-05-15 01:00,25
1822,1196,pickup_scan,2025-12-29 02:00,22
1823,1196,dropoff_scan,2026-01-01 00:00,5
1824,1197,pickup_scan,2025-11-22 09:00,19
1825,1197,dropoff_scan,2025-11-22 10:00,17
1826,1198,pickup_scan,2025-04-03 11:00,19
1827,1198,dropoff_scan,2025-04-08 23:00,8
1828,1199,pickup_scan,2025-03-28 13:00,20
1829,1199,dropoff_scan,2025-04-01 01:00,15
1830,1200,pickup_scan,2025-10-06 17:00,24
1831,1200,dropoff_scan,2025-10-08 01:00,18
1832,1201,pickup_scan,2025-10-22 14:00,11
1833,1201,dropoff_scan,2025-10-22 13:00,17
1834,1202,pickup_scan,2025-01-16 06:00,9
1835,1204,pickup_scan,2025-09-10 03:00,4
1836,1204,dropoff_scan,2025-09-14 08:00,11
1837,1205,pickup_scan,2025-04-08 09:00,14
1838,1205,dropoff_scan,2025-04-12 03:00,18
1839,1206,pickup_scan,2025-09-02 12:00,8
1840,1207,pickup_scan,2025-12-06 03:00,6
1841,1208,pickup_scan,2025-12-06 04:00,24
1842,1208,dropoff_scan,2025-12-06 16:00,9
1843,1209,pickup_scan,2025-05-15 15:00,14
1844,1210,pickup_scan,2025-11-27 16:00,12
1845,1210,dropoff_scan,2025-11-30 16:00,2
1846,1213,pickup_scan,2025-10-26 05:00,11
1847,1213,dropoff_scan,2025-10-27 12:00,3
1848,1214,pickup_scan,2025-06-30 11:00,1
1849,1214,dropoff_scan,2025-06-30 18:00,3
1850,1216,pickup_scan,2025-10-27 00:00,14
1851,1216,dropoff_scan,2025-10-29 02:00,12
1852,1217,pickup_scan,2025-10-05 12:00,24
1853,1218,pickup_scan,2025-10-24 15:00,19
1854,1218,dropoff_scan,2025-10-29 11:00,13
1855,1219,pickup_scan,2025-10-24 12:00,14
1856,1219,dropoff_scan,2025-10-30 14:00,19
1857,1220,pickup_scan,2025-03-17 18:00,15
1858,1220,dropoff_scan,2025-03-22 05:00,14
1859,1221,pickup_scan,2025-11-04 13:00,19
1860,1221,dropoff_scan,2025-11-08 16:00,1
1861,1222,pickup_scan,2025-11-18 16:00,15
1862,1223,pickup_scan,2025-08-28 02:00,21
1863,1223,dropoff_scan,2025-08-30 14:00,23
1864,1224,pickup_scan,2025-04-21 22:00,25
1865,1224,dropoff_scan,2025-04-24 17:00,7
1866,1225,pickup_scan,2025-10-17 18:00,13
1867,1226,pickup_scan,2025-11-27 20:00,22
1868,1226,dropoff_scan,2025-12-04 12:00,9
1869,1227,pickup_scan,2025-11-05 19:00,10
1870,1228,pickup_scan,2025-08-09 04:00,3
1871,1228,dropoff_scan,2025-08-10 22:00,14
1872,1229,pickup_scan,2025-09-03 02:00,8
1873,1230,pickup_scan,2025-10-10 10:00,10
1874,1230,dropoff_scan,2025-10-11 00:00,9
1875,1231,pickup_scan,2025-02-18 18:00,24
1876,1233,pickup_scan,2025-05-27 06:00,24
1877,1233,dropoff_scan,2025-06-01 03:00,1
1878,1234,pickup_scan,2025-02-10 17:00,14
1879,1235,pickup_scan,2025-05-07 08:00,3
1880,1236,pickup_scan,2025-09-12 23:00,6
1881,1236,dropoff_scan,2025-09-17 08:00,4
1882,1237,pickup_scan,2025-01-10 17:00,2
1883,1237,dropoff_scan,2025-01-14 19:00,14
1884,1238,pickup_scan,2025-06-12 06:00,13
1885,1238,dropoff_scan,2025-06-17 14:00,8
1886,1239,pickup_scan,2025-12-25 02:00,1
1887,1239,dropoff_scan,2025-12-27 13:00,4
1888,1240,pickup_scan,2025-09-04 22:00,18
1889,1241,pickup_scan,2025-01-01 15:00,9
1890,1241,dropoff_scan,2025-01-01 20:00,11
1891,1243,pickup_scan,2025-11-18 21:00,20
1892,1243,dropoff_scan,2025-11-25 01:00,14
1893,1244,pickup_scan,2025-08-30 13:00,25
1894,1244,dropoff_scan,2025-09-03 09:00,11
1895,1245,pickup_scan,2025-02-25 09:00,12
1896,1245,dropoff_scan,2025-02-25 09:00,2
1897,1246,pickup_scan,2025-01-24 15:00,16
1898,1246,dropoff_scan,2025-01-28 17:00,17
1899,1247,pickup_scan,2025-04-27 17:00,9
1900,1247,dropoff_scan,2025-05-02 05:00,14
1901,1248,pickup_scan,2025-12-05 03:00,16
1902,1249,pickup_scan,2025-12-16 07:00,25
1903,1249,dropoff_scan,2025-12-19 02:00,23
1904,1250,pickup_scan,2025-09-17 17:00,5
1905,1250,dropoff_scan,2025-09-20 11:00,20
1906,1251,pickup_scan,2025-05-13 15:00,8
1907,1251,dropoff_scan,2025-05-18 19:00,14
1908,1252,pickup_scan,2025-10-23 13:00,24
1909,1252,dropoff_scan,2025-10-28 22:00,18
1910,1253,pickup_scan,2025-02-02 00:00,21
1911,1253,dropoff_scan,2025-02-08 16:00,23
1912,1254,pickup_scan,2025-06-22 22:00,19
1913,1254,dropoff_scan,2025-06-29 01:00,12
1914,1255,pickup_scan,2025-03-09 16:00,12
1915,1255,dropoff_scan,2025-03-13 16:00,18
1916,1256,pickup_scan,2025-08-13 19:00,25
1917,1257,pickup_scan,2025-05-30 17:00,8
1918,1258,pickup_scan,2025-12-24 01:00,10
1919,1259,pickup_scan,2025-10-11 13:00,4
1920,1259,dropoff_scan,2025-10-17 23:00,1
1921,1260,pickup_scan,2025-11-16 20:00,16
1922,1260,dropoff_scan,2025-11-20 20:00,1
1923,1261,pickup_scan,2025-06-11 10:00,9
1924,1261,dropoff_scan,2025-06-11 14:00,3
1925,1262,pickup_scan,2025-01-08 05:00,24
1926,1262,dropoff_scan,2025-01-13 08:00,10
1927,1263,pickup_scan,2025-01-22 16:00,14
1928,1264,pickup_scan,2025-05-17 00:00,2
1929,1265,pickup_scan,2025-08-13 11:00,3
1930,1265,dropoff_scan,2025-08-17 09:00,8
1931,1266,pickup_scan,2025-08-07 20:00,25
1932,1267,pickup_scan,2025-05-31 16:00,22
1933,1267,dropoff_scan,2025-06-05 04:00,5
1934,1268,pickup_scan,2025-09-27 04:00,1
1935,1268,dropoff_scan,2025-10-01 22:00,1
1936,1269,pickup_scan,2025-09-21 16:00,7
1937,1270,pickup_scan,2025-10-12 21:00,15
1938,1270,dropoff_scan,2025-10-13 15:00,2
1939,1271,pickup_scan,2025-03-12 12:00,21
1940,1271,dropoff_scan,2025-03-15 18:00,14
1941,1272,pickup_scan,2025-09-17 04:00,11
1942,1272,dropoff_scan,2025-09-18 19:00,1
1943,1273,pickup_scan,2025-05-27 08:00,18
1944,1273,dropoff_scan,2025-05-27 21:00,20
1945,1274,pickup_scan,2025-10-11 03:00,13
1946,1274,dropoff_scan,2025-10-13 11:00,24
1947,1275,pickup_scan,2025-09-17 02:00,21
1948,1275,dropoff_scan,2025-09-21 17:00,17
1949,1276,pickup_scan,2025-06-22 04:00,16
1950,1276,dropoff_scan,2025-06-22 12:00,21
1951,1277,pickup_scan,2025-09-03 05:00,18
1952,1277,dropoff_scan,2025-09-05 06:00,15
1953,1278,pickup_scan,2025-09-02 18:00,1
1954,1279,pickup_scan,2025-03-13 06:00,9
1955,1279,dropoff_scan,2025-03-14 16:00,18
1956,1280,pickup_scan,2025-01-29 16:00,8
1957,1280,dropoff_scan,2025-01-29 22:00,6
1958,1281,pickup_scan,2025-05-03 02:00,21
1959,1281,dropoff_scan,2025-05-04 11:00,24
1960,1282,pickup_scan,2025-07-10 22:00,5
1961,1283,pickup_scan,2025-03-18 23:00,3
1962,1283,dropoff_scan,2025-03-18 23:00,2
1963,1284,pickup_scan,2025-06-15 12:00,21
1964,1284,dropoff_scan,2025-06-21 21:00,24
1965,1285,pickup_scan,2025-06-25 01:00,6
1966,1287,pickup_scan,2025-01-18 10:00,21
1967,1288,pickup_scan,2025-02-01 20:00,12
1968,1288,dropoff_scan,2025-02-04 12:00,23
1969,1289,pickup_scan,2025-09-10 14:00,2
1970,1290,pickup_scan,2025-05-07 23:00,19
1971,1290,dropoff_scan,2025-05-14 08:00,12
1972,1291,pickup_scan,2025-06-01 20:00,4
1973,1292,pickup_scan,2025-02-08 02:00,13
1974,1292,dropoff_scan,2025-02-09 21:00,5
1975,1293,pickup_scan,2025-08-29 07:00,25
1976,1293,dropoff_scan,2025-09-03 17:00,24
1977,1294,pickup_scan,2025-06-29 12:00,25
1978,1294,dropoff_scan,2025-07-04 18:00,14
1979,1295,pickup_scan,2025-05-30 10:00,17
1980,1295,dropoff_scan,2025-06-05 00:00,3
1981,1296,pickup_scan,2025-03-19 11:00,2
1982,1296,dropoff_scan,2025-03-24 01:00,2
1983,1297,pickup_scan,2025-01-12 02:00,15
1984,1298,pickup_scan,2025-01-21 18:00,23
1985,1298,dropoff_scan,2025-01-25 08:00,20
1986,1299,pickup_scan,2025-09-23 18:00,6
1987,1299,dropoff_scan,2025-09-28 00:00,5
1988,1301,pickup_scan,2025-02-06 22:00,20
1989,1301,dropoff_scan,2025-02-13 15:00,24
1990,1302,pickup_scan,2025-01-11 01:00,25
1991,1302,dropoff_scan,2025-01-13 17:00,12
1992,1304,pickup_scan,2025-03-28 04:00,7
1993,1304,dropoff_scan,2025-03-29 11:00,3
1994,1305,pickup_scan,2025-10-04 01:00,9
1995,1305,dropoff_scan,2025-10-06 12:00,19
1996,1306,pickup_scan,2025-11-30 20:00,22
1997,1307,pickup_scan,2025-06-19 04:00,3
1998,1307,dropoff_scan,2025-06-24 08:00,14
1999,1308,pickup_scan,2025-05-21 09:00,3
2000,1308,dropoff_scan,2025-05-27 01:00,2
2001,1310,pickup_scan,2025-06-04 12:00,10
2002,1310,dropoff_scan,2025-06-05 13:00,25
2003,1311,pickup_scan,2025-02-20 15:00,18
2004,1311,dropoff_scan,2025-02-22 23:00,1
2005,1312,pickup_scan,2025-03-19 01:00,13
2006,1312,dropoff_scan,2025-03-21 22:00,13
2007,1313,pickup_scan,2025-01-31 10:00,20
2008,1315,pickup_scan,2025-09-22 19:00,13
2009,1315,dropoff_scan,2025-09-28 20:00,24
2010,1316,pickup_scan,2025-12-23 17:00,12
2011,1316,dropoff_scan,2025-12-25 23:00,4
2012,1317,pickup_scan,2025-02-03 15:00,20
2013,1317,dropoff_scan,2025-02-07 16:00,21
2014,1318,pickup_scan,2025-11-24 09:00,4
2015,1318,dropoff_scan,2025-11-26 01:00,3
2016,1319,pickup_scan,2025-10-25 09:00,3
2017,1320,pickup_scan,2025-02-17 23:00,21
2018,1321,pickup_scan,2025-11-24 14:00,18
2019,1322,pickup_scan,2025-12-14 03:00,10
2020,1323,pickup_scan,2025-02-04 09:00,10
2021,1323,dropoff_scan,2025-02-05 07:00,14
2022,1324,pickup_scan,2025-09-17 09:00,15
2023,1324,dropoff_scan,2025-09-18 16:00,23
2024,1325,pickup_scan,2025-03-26 15:00,8
2025,1325,dropoff_scan,2025-04-01 02:00,21
2026,1326,pickup_scan,2025-05-22 11:00,12
2027,1326,dropoff_scan,2025-05-24 11:00,17
2028,1327,pickup_scan,2025-06-13 12:00,19
2029,1328,pickup_scan,2025-07-11 10:00,10
2030,1328,dropoff_scan,2025-07-11 10:00,16
2031,1329,pickup_scan,2025-09-25 23:00,15
2032,1329,dropoff_scan,2025-10-01 21:00,13
2033,1330,pickup_scan,2025-03-11 19:00,7
2034,1330,dropoff_scan,2025-03-13 15:00,21
2035,1331,pickup_scan,2025-05-27 16:00,8
2036,1331,dropoff_scan,2025-05-31 00:00,19
2037,1332,pickup_scan,2025-05-08 22:00,15
2038,1333,pickup_scan,2025-05-19 14:00,25
2039,1334,pickup_scan,2025-07-17 13:00,19
2040,1335,pickup_scan,2025-07-16 22:00,10
2041,1335,dropoff_scan,2025-07-21 15:00,16
2042,1336,pickup_scan,2025-04-09 06:00,13
2043,1337,pickup_scan,2025-03-28 19:00,1
2044,1338,pickup_scan,2025-12-27 15:00,25
2045,1339,pickup_scan,2025-04-19 21:00,2
2046,1339,dropoff_scan,2025-04-20 07:00,16
2047,1340,pickup_scan,2025-04-01 13:00,3
2048,1340,dropoff_scan,2025-04-04 13:00,4
2049,1341,pickup_scan,2025-04-22 04:00,16
2050,1341,dropoff_scan,2025-04-24 09:00,17
2051,1345,pickup_scan,2025-11-12 18:00,2
2052,1345,dropoff_scan,2025-11-15 22:00,18
2053,1346,pickup_scan,2025-07-05 07:00,4
2054,1347,pickup_scan,2025-02-21 14:00,10
2055,1347,dropoff_scan,2025-02-27 11:00,21
2056,1348,pickup_scan,2025-06-22 11:00,8
2057,1349,pickup_scan,2025-10-10 14:00,13
2058,1349,dropoff_scan,2025-10-14 04:00,1
2059,1350,pickup_scan,2025-07-05 02:00,1
2060,1352,pickup_scan,2025-03-04 02:00,22
2061,1353,pickup_scan,2025-10-04 04:00,18
2062,1354,pickup_scan,2025-12-11 12:00,22
2063,1354,dropoff_scan,2025-12-17 13:00,15
2064,1355,pickup_scan,2025-10-25 16:00,16
2065,1356,pickup_scan,2025-10-31 13:00,23
2066,1356,dropoff_scan,2025-11-02 22:00,22
2067,1357,pickup_scan,2025-09-09 06:00,24
2068,1357,dropoff_scan,2025-09-14 23:00,15
2069,1358,pickup_scan,2025-09-09 20:00,4
2070,1358,dropoff_scan,2025-09-12 08:00,7
2071,1359,pickup_scan,2025-01-14 22:00,13
2072,1359,dropoff_scan,2025-01-15 21:00,24
2073,1360,pickup_scan,2025-07-15 11:00,15
2074,1361,pickup_scan,2025-11-18 13:00,22
2075,1361,dropoff_scan,2025-11-20 19:00,25
2076,1363,pickup_scan,2025-10-05 17:00,5
2077,1363,dropoff_scan,2025-10-10 23:00,19
2078,1364,pickup_scan,2025-10-25 00:00,4
2079,1366,pickup_scan,2025-03-25 22:00,22
2080,1366,dropoff_scan,2025-03-27 14:00,3
2081,1367,pickup_scan,2025-02-25 15:00,23
2082,1367,dropoff_scan,2025-03-03 20:00,3
2083,1368,pickup_scan,2025-08-30 04:00,18
2084,1368,dropoff_scan,2025-09-04 22:00,3
2085,1369,pickup_scan,2025-06-27 04:00,6
2086,1369,dropoff_scan,2025-06-27 21:00,15
2087,1371,pickup_scan,2025-10-31 14:00,7
2088,1371,dropoff_scan,2025-11-05 01:00,4
2089,1373,pickup_scan,2025-04-05 21:00,3
2090,1373,dropoff_scan,2025-04-09 02:00,19
2091,1374,pickup_scan,2025-03-19 23:00,19
2092,1374,dropoff_scan,2025-03-20 15:00,21
2093,1375,pickup_scan,2025-04-13 01:00,23
2094,1375,dropoff_scan,2025-04-16 18:00,4
2095,1376,pickup_scan,2025-12-20 01:00,10
2096,1376,dropoff_scan,2025-12-20 13:00,24
2097,1377,pickup_scan,2025-11-03 10:00,3
2098,1377,dropoff_scan,2025-11-06 02:00,16
2099,1378,pickup_scan,2025-11-21 10:00,15
2100,1379,pickup_scan,2025-06-12 10:00,21
2101,1380,pickup_scan,2025-03-23 09:00,9
2102,1380,dropoff_scan,2025-03-25 20:00,5
2103,1381,pickup_scan,2025-01-21 02:00,21
2104,1381,dropoff_scan,2025-01-22 04:00,14
2105,1382,pickup_scan,2025-01-14 05:00,12
2106,1382,dropoff_scan,2025-01-19 09:00,10
2107,1383,pickup_scan,2025-04-23 17:00,11
2108,1383,dropoff_scan,2025-04-30 09:00,15
2109,1385,pickup_scan,2025-04-08 22:00,4
2110,1385,dropoff_scan,2025-04-11 11:00,17
2111,1386,pickup_scan,2025-07-23 08:00,7
2112,1387,pickup_scan,2025-01-06 00:00,24
2113,1387,dropoff_scan,2025-01-10 15:00,7
2114,1388,pickup_scan,2025-01-17 13:00,12
2115,1389,pickup_scan,2025-10-12 06:00,17
2116,1390,pickup_scan,2025-08-09 19:00,1
2117,1390,dropoff_scan,2025-08-10 16:00,10
2118,1391,pickup_scan,2025-09-19 08:00,9
2119,1391,dropoff_scan,2025-09-22 16:00,1
2120,1392,pickup_scan,2025-05-02 01:00,23
2121,1393,pickup_scan,2025-09-22 22:00,11
2122,1394,pickup_scan,2025-01-29 08:00,3
2123,1394,dropoff_scan,2025-01-31 16:00,9
2124,1395,pickup_scan,2025-01-21 22:00,12
2125,1395,dropoff_scan,2025-01-22 20:00,17
2126,1396,pickup_scan,2025-01-27 12:00,24
2127,1397,pickup_scan,2025-02-10 23:00,22
2128,1397,dropoff_scan,2025-02-11 14:00,6
2129,1398,pickup_scan,2025-03-12 21:00,20
2130,1398,dropoff_scan,2025-03-16 08:00,13
2131,1399,pickup_scan,2025-02-10 14:00,9
2132,1400,pickup_scan,2025-05-20 15:00,2
2133,1400,dropoff_scan,2025-05-27 10:00,11
2134,1401,pickup_scan,2025-07-15 01:00,18
2135,1401,dropoff_scan,2025-07-18 19:00,18
2136,1403,pickup_scan,2025-12-21 12:00,14
2137,1404,pickup_scan,2025-04-27 03:00,17
2138,1404,dropoff_scan,2025-05-03 10:00,10
2139,1405,pickup_scan,2025-10-19 01:00,21
2140,1406,pickup_scan,2025-01-25 18:00,22
2141,1406,dropoff_scan,2025-01-30 03:00,6
2142,1407,pickup_scan,2025-11-21 13:00,11
2143,1408,pickup_scan,2025-08-22 20:00,24
2144,1408,dropoff_scan,2025-08-27 17:00,8
2145,1409,pickup_scan,2025-02-17 18:00,24
2146,1409,dropoff_scan,2025-02-23 02:00,10
2147,1410,pickup_scan,2025-09-07 12:00,14
2148,1411,pickup_scan,2025-05-25 08:00,20
2149,1412,pickup_scan,2025-11-24 16:00,23
2150,1412,dropoff_scan,2025-11-30 02:00,3
2151,1413,pickup_scan,2025-06-20 08:00,23
2152,1413,dropoff_scan,2025-06-25 06:00,5
2153,1414,pickup_scan,2025-08-03 08:00,15
2154,1415,pickup_scan,2025-03-02 16:00,9
2155,1416,pickup_scan,2025-02-25 19:00,8
2156,1416,dropoff_scan,2025-03-03 03:00,21
2157,1417,pickup_scan,2025-01-13 20:00,16
2158,1418,pickup_scan,2025-11-01 15:00,18
2159,1419,pickup_scan,2025-06-24 21:00,21
2160,1419,dropoff_scan,2025-06-29 22:00,25
2161,1420,pickup_scan,2025-06-24 19:00,17
2162,1420,dropoff_scan,2025-06-26 07:00,11
2163,1421,pickup_scan,2025-03-06 06:00,18
2164,1421,dropoff_scan,2025-03-07 22:00,16
2165,1422,pickup_scan,2025-11-19 10:00,3
2166,1422,dropoff_scan,2025-11-24 01:00,2
2167,1423,pickup_scan,2025-02-07 04:00,16
2168,1424,pickup_scan,2025-06-24 15:00,24
2169,1424,dropoff_scan,2025-06-30 23:00,3
2170,1426,pickup_scan,2025-03-18 01:00,4
2171,1426,dropoff_scan,2025-03-21 17:00,13
2172,1427,pickup_scan,2025-09-09 22:00,20
2173,1427,dropoff_scan,2025-09-11 14:00,24
2174,1428,pickup_scan,2025-07-20 12:00,24
2175,1429,pickup_scan,2025-09-09 01:00,6
2176,1431,pickup_scan,2025-06-27 08:00,4
2177,1432,pickup_scan,2025-09-17 10:00,18
2178,1432,dropoff_scan,2025-09-23 06:00,18
2179,1433,pickup_scan,2025-09-15 03:00,15
2180,1433,dropoff_scan,2025-09-18 05:00,23
2181,1434,pickup_scan,2025-12-04 22:00,4
2182,1434,dropoff_scan,2025-12-06 04:00,1
2183,1435,pickup_scan,2025-05-21 17:00,21
2184,1435,dropoff_scan,2025-05-28 02:00,10
2185,1436,pickup_scan,2025-10-03 19:00,8
2186,1437,pickup_scan,2025-01-10 05:00,20
2187,1438,pickup_scan,2025-04-25 05:00,8
2188,1438,dropoff_scan,2025-04-28 02:00,25
2189,1439,pickup_scan,2025-08-11 06:00,19
2190,1440,pickup_scan,2025-05-21 23:00,16
2191,1441,pickup_scan,2025-10-03 00:00,8
2192,1441,dropoff_scan,2025-10-08 00:00,17
2193,1442,pickup_scan,2025-10-15 00:00,6
2194,1442,dropoff_scan,2025-10-18 16:00,17
2195,1443,pickup_scan,2025-02-24 00:00,13
2196,1443,dropoff_scan,2025-03-01 05:00,13
2197,1444,pickup_scan,2025-09-02 12:00,23
2198,1445,pickup_scan,2025-05-15 06:00,22
2199,1445,dropoff_scan,2025-05-19 08:00,4
2200,1446,pickup_scan,2025-06-30 04:00,18
2201,1447,pickup_scan,2025-02-25 16:00,21
2202,1447,dropoff_scan,2025-03-03 10:00,10
2203,1449,pickup_scan,2025-09-01 12:00,4
2204,1449,dropoff_scan,2025-09-05 16:00,10
2205,1450,pickup_scan,2025-12-03 11:00,4
2206,1451,pickup_scan,2025-05-06 23:00,13
2207,1451,dropoff_scan,2025-05-10 17:00,14
2208,1452,pickup_scan,2025-01-15 05:00,18
2209,1452,dropoff_scan,2025-01-14 23:00,18
2210,1453,pickup_scan,2025-11-18 08:00,23
2211,1453,dropoff_scan,2025-11-23 08:00,15
2212,1454,pickup_scan,2025-12-23 12:00,10
2213,1455,pickup_scan,2025-05-02 15:00,20
2214,1456,pickup_scan,2025-09-16 18:00,3
2215,1456,dropoff_scan,2025-09-18 12:00,1
2216,1457,pickup_scan,2025-12-24 22:00,14
2217,1458,pickup_scan,2025-08-27 04:00,20
2218,1458,dropoff_scan,2025-08-30 22:00,16
2219,1460,pickup_scan,2025-12-03 09:00,25
2220,1460,dropoff_scan,2025-12-04 02:00,15
2221,1461,pickup_scan,2025-11-22 16:00,25
2222,1461,dropoff_scan,2025-11-22 18:00,13
2223,1462,pickup_scan,2025-05-27 20:00,23
2224,1462,dropoff_scan,2025-05-31 14:00,25
2225,1463,pickup_scan,2025-09-30 18:00,22
2226,1463,dropoff_scan,2025-10-05 02:00,20
2227,1464,pickup_scan,2025-05-08 11:00,7
2228,1464,dropoff_scan,2025-05-14 13:00,11
2229,1465,pickup_scan,2025-10-13 02:00,5
2230,1466,pickup_scan,2025-01-14 01:00,8
2231,1466,dropoff_scan,2025-01-19 12:00,2
2232,1467,pickup_scan,2025-05-08 09:00,23
2233,1468,pickup_scan,2025-04-11 19:00,18
2234,1468,dropoff_scan,2025-04-16 07:00,12
2235,1469,pickup_scan,2025-09-26 05:00,3
2236,1469,dropoff_scan,2025-09-30 22:00,1
2237,1470,pickup_scan,2025-07-14 05:00,22
2238,1470,dropoff_scan,2025-07-15 19:00,19
2239,1471,pickup_scan,2025-09-03 20:00,13
2240,1471,dropoff_scan,2025-09-09 14:00,24
2241,1472,pickup_scan,2025-08-02 00:00,22
2242,1472,dropoff_scan,2025-08-06 21:00,5
2243,1473,pickup_scan,2025-06-03 08:00,19
2244,1473,dropoff_scan,2025-06-07 15:00,12
2245,1474,pickup_scan,2025-01-18 18:00,24
2246,1475,pickup_scan,2025-04-14 12:00,6
2247,1475,dropoff_scan,2025-04-21 00:00,9
2248,1476,pickup_scan,2025-07-30 07:00,13
2249,1476,dropoff_scan,2025-07-31 23:00,25
2250,1477,pickup_scan,2025-05-25 02:00,3
2251,1477,dropoff_scan,2025-05-27 00:00,21
2252,1479,pickup_scan,2025-12-04 12:00,6
2253,1479,dropoff_scan,2025-12-05 22:00,2
2254,1480,pickup_scan,2025-03-01 12:00,2
2255,1480,dropoff_scan,2025-03-04 08:00,16
2256,1481,pickup_scan,2025-07-07 16:00,17
2257,1482,pickup_scan,2025-04-14 21:00,9
2258,1483,pickup_scan,2025-01-08 16:00,18
2259,1483,dropoff_scan,2025-01-14 13:00,19
2260,1485,pickup_scan,2025-06-24 20:00,5
2261,1485,dropoff_scan,2025-07-01 00:00,7
2262,1486,pickup_scan,2025-05-28 11:00,1
2263,1486,dropoff_scan,2025-05-29 18:00,4
2264,1487,pickup_scan,2025-03-24 18:00,11
2265,1487,dropoff_scan,2025-03-25 22:00,4
2266,1488,pickup_scan,2025-05-21 17:00,13
2267,1488,dropoff_scan,2025-05-28 04:00,9
2268,1489,pickup_scan,2025-07-20 10:00,14
2269,1489,dropoff_scan,2025-07-25 18:00,16
2270,1490,pickup_scan,2025-11-04 06:00,5
2271,1490,dropoff_scan,2025-11-05 20:00,9
2272,1491,pickup_scan,2025-04-11 23:00,5
2273,1491,dropoff_scan,2025-04-13 06:00,22
2274,1492,pickup_scan,2025-12-18 10:00,15
2275,1492,dropoff_scan,2025-12-19 12:00,17
2276,1493,pickup_scan,2025-08-01 14:00,24
2277,1493,dropoff_scan,2025-08-03 13:00,7
2278,1494,pickup_scan,2025-02-11 09:00,12
2279,1495,pickup_scan,2025-04-08 07:00,22
2280,1495,dropoff_scan,2025-04-14 13:00,10
2281,1496,pickup_scan,2025-07-08 02:00,5
2282,1497,pickup_scan,2025-02-22 10:00,22
2283,1498,pickup_scan,2025-05-16 05:00,23
2284,1498,dropoff_scan,2025-05-17 12:00,1
2285,1500,pickup_scan,2025-01-23 21:00,24
2286,1501,pickup_scan,2025-05-22 22:00,2
2287,1502,pickup_scan,2025-01-19 05:00,4
2288,1502,dropoff_scan,2025-01-24 04:00,16
2289,1504,pickup_scan,2025-08-01 15:00,12
2290,1504,dropoff_scan,2025-08-06 16:00,7
2291,1505,pickup_scan,2025-01-20 18:00,3
2292,1506,pickup_scan,2025-08-23 22:00,6
2293,1506,dropoff_scan,2025-08-25 22:00,4
2294,1507,pickup_scan,2025-01-19 18:00,7
2295,1507,dropoff_scan,2025-01-26 04:00,23
2296,1508,pickup_scan,2025-03-16 11:00,24
2297,1509,pickup_scan,2025-12-11 01:00,1
2298,1510,pickup_scan,2025-10-28 14:00,5
2299,1510,dropoff_scan,2025-11-02 09:00,9
2300,1511,pickup_scan,2025-05-14 22:00,2
2301,1511,dropoff_scan,2025-05-21 12:00,3
2302,1512,pickup_scan,2025-03-17 09:00,16
2303,1512,dropoff_scan,2025-03-20 23:00,17
2304,1513,pickup_scan,2025-11-21 20:00,6
2305,1515,pickup_scan,2025-01-31 07:00,1
2306,1515,dropoff_scan,2025-02-04 10:00,6
2307,1516,pickup_scan,2025-09-28 21:00,14
2308,1517,pickup_scan,2025-01-19 16:00,12
2309,1517,dropoff_scan,2025-01-20 12:00,10
2310,1518,pickup_scan,2025-02-04 13:00,4
2311,1519,pickup_scan,2025-09-25 16:00,14
2312,1519,dropoff_scan,2025-10-02 10:00,11
2313,1520,pickup_scan,2025-06-23 21:00,23
2314,1520,dropoff_scan,2025-06-30 05:00,8
2315,1521,pickup_scan,2025-09-11 11:00,11
2316,1522,pickup_scan,2025-01-01 18:00,1
2317,1523,pickup_scan,2025-05-12 05:00,13
2318,1523,dropoff_scan,2025-05-17 00:00,3
2319,1525,pickup_scan,2025-12-20 17:00,17
2320,1526,pickup_scan,2025-03-14 06:00,22
2321,1526,dropoff_scan,2025-03-21 02:00,15
2322,1527,pickup_scan,2025-01-22 13:00,8
2323,1528,pickup_scan,2025-04-26 00:00,6
2324,1528,dropoff_scan,2025-05-01 10:00,19
2325,1529,pickup_scan,2025-03-22 07:00,17
2326,1530,pickup_scan,2025-06-13 02:00,7
2327,1530,dropoff_scan,2025-06-19 10:00,11
2328,1532,pickup_scan,2025-03-03 10:00,12
2329,1533,pickup_scan,2025-02-23 23:00,9
2330,1533,dropoff_scan,2025-02-24 09:00,3
2331,1534,pickup_scan,2025-09-18 14:00,10
2332,1534,dropoff_scan,2025-09-20 12:00,17
2333,1536,pickup_scan,2025-09-06 01:00,6
2334,1536,dropoff_scan,2025-09-07 05:00,16
2335,1538,pickup_scan,2025-02-08 21:00,1
2336,1538,dropoff_scan,2025-02-15 03:00,16
2337,1539,pickup_scan,2025-02-02 02:00,15
2338,1540,pickup_scan,2025-03-10 10:00,18
2339,1540,dropoff_scan,2025-03-13 17:00,14
2340,1541,pickup_scan,2025-10-19 08:00,8
2341,1541,dropoff_scan,2025-10-22 07:00,19
2342,1543,pickup_scan,2025-07-03 23:00,25
2343,1544,pickup_scan,2025-09-19 21:00,1
2344,1544,dropoff_scan,2025-09-22 15:00,19
2345,1546,pickup_scan,2025-11-15 03:00,15
2346,1546,dropoff_scan,2025-11-20 07:00,4
2347,1547,pickup_scan,2025-02-13 14:00,24
2348,1548,pickup_scan,2025-04-21 12:00,24
2349,1549,pickup_scan,2025-09-15 12:00,2
2350,1549,dropoff_scan,2025-09-19 04:00,4
2351,1550,pickup_scan,2025-07-03 15:00,20
2352,1550,dropoff_scan,2025-07-05 11:00,10
2353,1551,pickup_scan,2025-03-07 11:00,18
2354,1551,dropoff_scan,2025-03-11 15:00,19
2355,1553,pickup_scan,2025-04-09 14:00,2
2356,1553,dropoff_scan,2025-04-10 20:00,6
2357,1555,pickup_scan,2025-12-04 03:00,13
2358,1555,dropoff_scan,2025-12-06 12:00,20
2359,1556,pickup_scan,2025-06-04 05:00,25
2360,1556,dropoff_scan,2025-06-05 03:00,19
2361,1558,pickup_scan,2025-11-05 22:00,7
2362,1558,dropoff_scan,2025-11-07 05:00,5
2363,1559,pickup_scan,2025-12-09 06:00,2
2364,1559,dropoff_scan,2025-12-13 00:00,2
2365,1561,pickup_scan,2025-04-06 13:00,3
2366,1561,dropoff_scan,2025-04-12 06:00,20
2367,1562,pickup_scan,2025-11-05 12:00,10
2368,1563,pickup_scan,2025-02-08 14:00,20
2369,1564,pickup_scan,2025-12-02 12:00,21
2370,1564,dropoff_scan,2025-12-02 20:00,12
2371,1565,pickup_scan,2025-10-08 06:00,9
2372,1565,dropoff_scan,2025-10-12 19:00,23
2373,1566,pickup_scan,2025-03-26 08:00,7
2374,1566,dropoff_scan,2025-04-01 10:00,7
2375,1567,pickup_scan,2025-02-08 07:00,13
2376,1568,pickup_scan,2025-01-08 10:00,7
2377,1568,dropoff_scan,2025-01-15 02:00,23
2378,1569,pickup_scan,2025-04-16 03:00,15
2379,1569,dropoff_scan,2025-04-18 21:00,17
2380,1570,pickup_scan,2025-06-29 00:00,16
2381,1571,pickup_scan,2025-03-12 03:00,8
2382,1572,pickup_scan,2025-05-18 13:00,7
2383,1573,pickup_scan,2025-09-12 19:00,25
2384,1573,dropoff_scan,2025-09-19 13:00,22
2385,1574,pickup_scan,2025-10-16 11:00,14
2386,1574,dropoff_scan,2025-10-21 19:00,19
2387,1575,pickup_scan,2025-08-26 14:00,6
2388,1575,dropoff_scan,2025-08-28 16:00,17
2389,1576,pickup_scan,2025-04-13 19:00,17
2390,1576,dropoff_scan,2025-04-15 17:00,14
2391,1577,pickup_scan,2025-01-15 04:00,24
2392,1578,pickup_scan,2025-07-11 16:00,5
2393,1579,pickup_scan,2025-09-26 18:00,13
2394,1579,dropoff_scan,2025-09-30 20:00,25
2395,1580,pickup_scan,2025-06-21 16:00,7
2396,1580,dropoff_scan,2025-06-23 15:00,5
2397,1581,pickup_scan,2025-02-03 15:00,11
2398,1581,dropoff_scan,2025-02-08 11:00,5
2399,1582,pickup_scan,2025-08-07 07:00,13
2400,1582,dropoff_scan,2025-08-12 22:00,14
2401,1583,pickup_scan,2025-12-20 22:00,1
2402,1583,dropoff_scan,2025-12-21 20:00,15
2403,1584,pickup_scan,2025-07-02 23:00,5
2404,1585,pickup_scan,2025-04-19 03:00,22
2405,1586,pickup_scan,2025-02-28 06:00,8
2406,1586,dropoff_scan,2025-02-28 19:00,2
2407,1587,pickup_scan,2025-07-25 07:00,24
2408,1588,pickup_scan,2025-09-12 16:00,9
2409,1589,pickup_scan,2025-05-22 17:00,4
2410,1589,dropoff_scan,2025-05-24 19:00,18
2411,1590,pickup_scan,2025-11-27 15:00,8
2412,1591,pickup_scan,2025-09-24 09:00,22
2413,1591,dropoff_scan,2025-09-27 03:00,20
2414,1592,pickup_scan,2025-09-01 22:00,7
2415,1593,pickup_scan,2025-06-30 00:00,11
2416,1593,dropoff_scan,2025-07-01 04:00,11
2417,1595,pickup_scan,2025-01-13 06:00,22
2418,1595,dropoff_scan,2025-01-14 18:00,24
2419,1596,pickup_scan,2025-03-29 14:00,2
2420,1597,pickup_scan,2025-07-19 03:00,9
2421,1597,dropoff_scan,2025-07-24 12:00,9
2422,1598,pickup_scan,2025-10-19 14:00,23
2423,1598,dropoff_scan,2025-10-20 19:00,11
2424,1599,pickup_scan,2025-01-15 11:00,10
2425,1600,pickup_scan,2025-08-27 17:00,24
2426,1600,dropoff_scan,2025-08-31 03:00,2
2427,1601,pickup_scan,2025-08-19 16:00,5
2428,1601,dropoff_scan,2025-08-20 04:00,17
2429,1602,pickup_scan,2025-05-19 18:00,9
2430,1602,dropoff_scan,2025-05-24 10:00,2
2431,1603,pickup_scan,2025-06-16 22:00,24
2432,1603,dropoff_scan,2025-06-18 03:00,20
2433,1604,pickup_scan,2025-03-18 23:00,16
2434,1604,dropoff_scan,2025-03-23 22:00,2
2435,1605,pickup_scan,2025-03-28 16:00,25
2436,1606,pickup_scan,2025-07-27 19:00,11
2437,1606,dropoff_scan,2025-07-27 14:00,6
2438,1608,pickup_scan,2025-09-02 19:00,14
2439,1609,pickup_scan,2025-04-10 22:00,21
2440,1610,pickup_scan,2025-01-27 10:00,5
2441,1611,pickup_scan,2025-03-15 04:00,24
2442,1611,dropoff_scan,2025-03-16 20:00,20
2443,1613,pickup_scan,2025-09-21 12:00,17
2444,1614,pickup_scan,2025-05-15 03:00,16
2445,1616,pickup_scan,2025-04-07 12:00,1
2446,1617,pickup_scan,2025-04-26 16:00,13
2447,1618,pickup_scan,2025-04-19 10:00,2
2448,1618,dropoff_scan,2025-04-23 16:00,7
2449,1619,pickup_scan,2025-11-29 21:00,15
2450,1620,pickup_scan,2025-10-21 03:00,5
2451,1620,dropoff_scan,2025-10-22 00:00,20
2452,1621,pickup_scan,2025-08-29 12:00,17
2453,1621,dropoff_scan,2025-08-31 05:00,22
2454,1622,pickup_scan,2025-06-17 07:00,6
2455,1623,pickup_scan,2025-02-14 16:00,22
2456,1623,dropoff_scan,2025-02-15 05:00,13
2457,1624,pickup_scan,2025-02-14 05:00,18
2458,1625,pickup_scan,2025-03-11 02:00,4
2459,1625,dropoff_scan,2025-03-12 15:00,14
2460,1626,pickup_scan,2025-08-08 05:00,4
2461,1627,pickup_scan,2025-07-17 09:00,16
2462,1627,dropoff_scan,2025-07-22 03:00,5
2463,1628,pickup_scan,2025-03-31 06:00,20
2464,1628,dropoff_scan,2025-04-04 02:00,15
2465,1630,pickup_scan,2025-05-13 01:00,9
2466,1630,dropoff_scan,2025-05-13 18:00,4
2467,1631,pickup_scan,2025-01-26 17:00,10
2468,1631,dropoff_scan,2025-01-30 02:00,9
2469,1632,pickup_scan,2025-04-11 21:00,17
2470,1632,dropoff_scan,2025-04-11 21:00,10
2471,1633,pickup_scan,2025-02-25 22:00,11
2472,1633,dropoff_scan,2025-03-03 19:00,8
2473,1634,pickup_scan,2025-02-19 08:00,7
2474,1634,dropoff_scan,2025-02-22 02:00,9
2475,1635,pickup_scan,2025-11-12 13:00,17
2476,1635,dropoff_scan,2025-11-17 07:00,11
2477,1636,pickup_scan,2025-06-03 08:00,19
2478,1637,pickup_scan,2025-09-11 12:00,12
2479,1638,pickup_scan,2025-01-26 21:00,23
2480,1638,dropoff_scan,2025-02-01 13:00,25
2481,1639,pickup_scan,2025-05-24 16:00,2
2482,1639,dropoff_scan,2025-05-28 22:00,5
2483,1640,pickup_scan,2025-10-28 04:00,12
2484,1640,dropoff_scan,2025-11-03 15:00,5
2485,1641,pickup_scan,2025-05-10 23:00,7
2486,1641,dropoff_scan,2025-05-13 06:00,8
2487,1642,pickup_scan,2025-04-18 05:00,22
2488,1642,dropoff_scan,2025-04-18 14:00,22
2489,1643,pickup_scan,2025-10-17 08:00,25
2490,1644,pickup_scan,2025-11-18 01:00,21
2491,1646,pickup_scan,2025-07-02 20:00,10
2492,1646,dropoff_scan,2025-07-03 13:00,23
2493,1647,pickup_scan,2025-06-06 10:00,3
2494,1647,dropoff_scan,2025-06-06 18:00,11
2495,1648,pickup_scan,2025-12-12 12:00,13
2496,1648,dropoff_scan,2025-12-17 11:00,8
2497,1649,pickup_scan,2025-04-21 13:00,18
2498,1649,dropoff_scan,2025-04-26 06:00,18
2499,1650,pickup_scan,2025-02-28 04:00,20
2500,1651,pickup_scan,2025-08-27 06:00,25
2501,1651,dropoff_scan,2025-08-31 22:00,24
2502,1652,pickup_scan,2025-04-01 03:00,20
2503,1652,dropoff_scan,2025-04-01 07:00,15
2504,1653,pickup_scan,2025-11-26 04:00,12
2505,1654,pickup_scan,2025-03-02 15:00,12
2506,1654,dropoff_scan,2025-03-07 20:00,12
2507,1655,pickup_scan,2025-11-03 08:00,7
2508,1657,pickup_scan,2025-07-07 07:00,20
2509,1657,dropoff_scan,2025-07-07 06:00,11
2510,1658,pickup_scan,2025-08-06 15:00,1
2511,1659,pickup_scan,2025-06-01 06:00,11
2512,1661,pickup_scan,2025-10-31 00:00,11
2513,1662,pickup_scan,2025-11-18 22:00,5
2514,1662,dropoff_scan,2025-11-25 20:00,23
2515,1663,pickup_scan,2025-02-03 21:00,7
2516,1664,pickup_scan,2025-06-11 22:00,1
2517,1664,dropoff_scan,2025-06-16 20:00,20
2518,1666,pickup_scan,2025-10-08 22:00,12
2519,1666,dropoff_scan,2025-10-12 19:00,25
2520,1667,pickup_scan,2025-01-17 06:00,7
2521,1667,dropoff_scan,2025-01-23 04:00,20
2522,1668,pickup_scan,2025-08-27 06:00,19
2523,1668,dropoff_scan,2025-09-02 23:00,20
2524,1669,pickup_scan,2025-03-05 10:00,4
2525,1669,dropoff_scan,2025-03-11 11:00,25
2526,1670,pickup_scan,2025-12-05 22:00,16
2527,1671,pickup_scan,2025-12-20 03:00,8
2528,1671,dropoff_scan,2025-12-21 06:00,9
2529,1672,pickup_scan,2025-03-16 19:00,22
2530,1672,dropoff_scan,2025-03-21 18:00,6
2531,1673,pickup_scan,2025-06-06 14:00,19
2532,1673,dropoff_scan,2025-06-11 05:00,16
2533,1674,pickup_scan,2025-11-15 20:00,18
2534,1674,dropoff_scan,2025-11-17 23:00,21
2535,1675,pickup_scan,2025-05-12 09:00,8
2536,1676,pickup_scan,2025-03-25 14:00,12
2537,1678,pickup_scan,2025-11-22 12:00,4
2538,1678,dropoff_scan,2025-11-24 11:00,9
2539,1679,pickup_scan,2025-06-17 10:00,9
2540,1679,dropoff_scan,2025-06-21 13:00,15
2541,1680,pickup_scan,2025-05-29 01:00,1
2542,1680,dropoff_scan,2025-06-01 01:00,13
2543,1681,pickup_scan,2025-09-06 14:00,13
2544,1681,dropoff_scan,2025-09-13 04:00,1
2545,1682,pickup_scan,2025-10-13 18:00,8
2546,1682,dropoff_scan,2025-10-18 05:00,7
2547,1683,pickup_scan,2025-03-19 10:00,25
2548,1685,pickup_scan,2025-11-07 02:00,7
2549,1685,dropoff_scan,2025-11-08 00:00,12
2550,1686,pickup_scan,2025-11-06 17:00,4
2551,1686,dropoff_scan,2025-11-09 01:00,20
2552,1687,pickup_scan,2025-05-01 13:00,7
2553,1688,pickup_scan,2025-01-07 09:00,20
2554,1688,dropoff_scan,2025-01-09 15:00,22
2555,1689,pickup_scan,2025-06-01 06:00,24
2556,1690,pickup_scan,2025-07-07 17:00,19
2557,1691,pickup_scan,2025-05-24 18:00,7
2558,1691,dropoff_scan,2025-05-30 12:00,3
2559,1692,pickup_scan,2025-02-24 16:00,15
2560,1692,dropoff_scan,2025-02-27 01:00,13
2561,1693,pickup_scan,2025-03-12 18:00,10
2562,1693,dropoff_scan,2025-03-19 01:00,19
2563,1694,pickup_scan,2025-12-22 02:00,6
2564,1694,dropoff_scan,2025-12-22 22:00,14
2565,1695,pickup_scan,2025-02-17 11:00,5
2566,1697,pickup_scan,2025-11-05 05:00,7
2567,1697,dropoff_scan,2025-11-06 17:00,6
2568,1698,pickup_scan,2025-03-06 08:00,25
2569,1699,pickup_scan,2025-05-14 08:00,10
2570,1699,dropoff_scan,2025-05-19 05:00,20
2571,1700,pickup_scan,2025-06-28 17:00,6
2572,1700,dropoff_scan,2025-06-29 14:00,1
2573,1701,pickup_scan,2025-11-09 07:00,17
2574,1701,dropoff_scan,2025-11-14 01:00,14
2575,1702,pickup_scan,2025-08-18 23:00,7
2576,1703,pickup_scan,2025-10-27 18:00,25
2577,1704,pickup_scan,2025-10-06 17:00,14
2578,1704,dropoff_scan,2025-10-07 11:00,3
2579,1706,pickup_scan,2025-08-20 06:00,10
2580,1706,dropoff_scan,2025-08-26 01:00,9
2581,1707,pickup_scan,2025-05-28 11:00,19
2582,1707,dropoff_scan,2025-06-04 04:00,2
2583,1708,pickup_scan,2025-12-28 19:00,21
2584,1708,dropoff_scan,2026-01-01 14:00,14
2585,1709,pickup_scan,2025-07-31 11:00,23
2586,1710,pickup_scan,2025-12-13 06:00,2
2587,1710,dropoff_scan,2025-12-17 09:00,16
2588,1711,pickup_scan,2025-03-01 07:00,25
2589,1711,dropoff_scan,2025-03-02 09:00,3
2590,1712,pickup_scan,2025-01-03 14:00,25
2591,1712,dropoff_scan,2025-01-06 11:00,8
2592,1713,pickup_scan,2025-07-15 10:00,3
2593,1713,dropoff_scan,2025-07-16 01:00,1
2594,1714,pickup_scan,2025-07-19 16:00,9
2595,1714,dropoff_scan,2025-07-20 07:00,2
2596,1715,pickup_scan,2025-03-14 13:00,17
2597,1715,dropoff_scan,2025-03-20 02:00,16
2598,1716,pickup_scan,2025-01-09 17:00,10
2599,1717,pickup_scan,2025-04-11 03:00,25
2600,1717,dropoff_scan,2025-04-15 11:00,6
2601,1718,pickup_scan,2025-06-10 01:00,21
2602,1718,dropoff_scan,2025-06-12 19:00,9
2603,1719,pickup_scan,2025-05-07 07:00,15
2604,1719,dropoff_scan,2025-05-12 18:00,5
2605,1720,pickup_scan,2025-06-14 14:00,21
2606,1720,dropoff_scan,2025-06-20 20:00,21
2607,1721,pickup_scan,2025-04-30 15:00,8
2608,1721,dropoff_scan,2025-05-05 08:00,11
2609,1722,pickup_scan,2025-03-09 17:00,8
2610,1722,dropoff_scan,2025-03-12 16:00,18
2611,1723,pickup_scan,2025-11-10 08:00,24
2612,1724,pickup_scan,2025-04-19 09:00,7
2613,1724,dropoff_scan,2025-04-22 17:00,15
2614,1725,pickup_scan,2025-03-12 04:00,2
2615,1725,dropoff_scan,2025-03-16 13:00,15
2616,1726,pickup_scan,2025-03-16 22:00,14
2617,1726,dropoff_scan,2025-03-22 22:00,23
2618,1727,pickup_scan,2025-06-23 10:00,14
2619,1728,pickup_scan,2025-12-10 17:00,24
2620,1729,pickup_scan,2025-08-31 13:00,11
2621,1729,dropoff_scan,2025-09-05 04:00,15
2622,1730,pickup_scan,2025-06-24 13:00,4
2623,1730,dropoff_scan,2025-06-25 00:00,15
2624,1731,pickup_scan,2025-01-18 03:00,24
2625,1731,dropoff_scan,2025-01-24 06:00,2
2626,1733,pickup_scan,2025-09-30 07:00,8
2627,1734,pickup_scan,2025-10-17 04:00,3
2628,1734,dropoff_scan,2025-10-20 15:00,11
2629,1735,pickup_scan,2025-01-29 21:00,14
2630,1735,dropoff_scan,2025-01-31 13:00,7
2631,1736,pickup_scan,2025-01-02 04:00,11
2632,1737,pickup_scan,2025-12-22 03:00,11
2633,1737,dropoff_scan,2025-12-26 01:00,17
2634,1738,pickup_scan,2025-05-02 09:00,4
2635,1739,pickup_scan,2025-05-08 12:00,3
2636,1739,dropoff_scan,2025-05-13 09:00,23
2637,1740,pickup_scan,2025-02-11 02:00,22
2638,1740,dropoff_scan,2025-02-11 00:00,24
2639,1741,pickup_scan,2025-02-21 22:00,15
2640,1741,dropoff_scan,2025-02-27 08:00,15
2641,1742,pickup_scan,2025-06-22 03:00,14
2642,1742,dropoff_scan,2025-06-27 12:00,2
2643,1743,pickup_scan,2025-09-12 17:00,10
2644,1743,dropoff_scan,2025-09-18 21:00,7
2645,1744,pickup_scan,2025-12-05 05:00,3
2646,1744,dropoff_scan,2025-12-05 20:00,4
2647,1745,pickup_scan,2025-03-07 05:00,17
2648,1745,dropoff_scan,2025-03-10 17:00,17
2649,1746,pickup_scan,2025-03-06 20:00,11
2650,1746,dropoff_scan,2025-03-08 06:00,16
2651,1747,pickup_scan,2025-08-24 15:00,11
2652,1748,pickup_scan,2025-03-07 12:00,25
2653,1748,dropoff_scan,2025-03-08 03:00,9
2654,1749,pickup_scan,2025-05-28 09:00,15
2655,1749,dropoff_scan,2025-05-31 00:00,21
2656,1750,pickup_scan,2025-03-14 09:00,11
2657,1751,pickup_scan,2025-01-30 12:00,23
2658,1751,dropoff_scan,2025-02-04 08:00,20
2659,1752,pickup_scan,2025-05-31 21:00,25
2660,1755,pickup_scan,2025-09-24 13:00,24
2661,1755,dropoff_scan,2025-09-25 16:00,16
2662,1756,pickup_scan,2025-08-12 22:00,15
2663,1757,pickup_scan,2025-11-15 06:00,3
2664,1757,dropoff_scan,2025-11-15 18:00,2
2665,1758,pickup_scan,2025-07-01 10:00,17
2666,1759,pickup_scan,2025-06-19 08:00,12
2667,1759,dropoff_scan,2025-06-21 07:00,8
2668,1760,pickup_scan,2025-08-12 11:00,16
2669,1761,pickup_scan,2025-02-05 06:00,9
2670,1761,dropoff_scan,2025-02-08 02:00,4
2671,1762,pickup_scan,2025-10-13 21:00,17
2672,1763,pickup_scan,2025-01-25 04:00,7
2673,1763,dropoff_scan,2025-01-27 06:00,7
2674,1764,pickup_scan,2025-03-05 19:00,21
2675,1764,dropoff_scan,2025-03-12 12:00,6
2676,1765,pickup_scan,2025-03-10 06:00,3
2677,1766,pickup_scan,2025-10-28 20:00,3
2678,1767,pickup_scan,2025-12-19 21:00,4
2679,1767,dropoff_scan,2025-12-22 15:00,4
2680,1768,pickup_scan,2025-07-15 09:00,14
2681,1769,pickup_scan,2025-04-11 10:00,10
2682,1770,pickup_scan,2025-11-05 03:00,18
2683,1770,dropoff_scan,2025-11-10 18:00,17
2684,1771,pickup_scan,2025-09-30 16:00,24
2685,1771,dropoff_scan,2025-10-01 15:00,10
2686,1772,pickup_scan,2025-07-09 06:00,12
2687,1772,dropoff_scan,2025-07-14 04:00,8
2688,1773,pickup_scan,2025-05-10 18:00,9
2689,1774,pickup_scan,2025-02-28 06:00,25
2690,1774,dropoff_scan,2025-03-01 19:00,8
2691,1775,pickup_scan,2025-10-11 08:00,4
2692,1775,dropoff_scan,2025-10-12 20:00,12
2693,1776,pickup_scan,2025-11-06 05:00,17
2694,1777,pickup_scan,2025-05-29 12:00,6
2695,1777,dropoff_scan,2025-05-31 09:00,3
2696,1778,pickup_scan,2025-10-03 18:00,14
2697,1778,dropoff_scan,2025-10-07 19:00,19
2698,1779,pickup_scan,2025-05-24 09:00,7
2699,1779,dropoff_scan,2025-05-25 09:00,12
2700,1780,pickup_scan,2025-07-21 10:00,13
2701,1782,pickup_scan,2025-09-19 19:00,3
2702,1783,pickup_scan,2025-04-25 16:00,20
2703,1784,pickup_scan,2025-11-07 00:00,8
2704,1784,dropoff_scan,2025-11-12 18:00,1
2705,1787,pickup_scan,2025-11-11 00:00,9
2706,1787,dropoff_scan,2025-11-16 03:00,12
2707,1788,pickup_scan,2025-06-06 07:00,13
2708,1788,dropoff_scan,2025-06-10 15:00,20
2709,1789,pickup_scan,2025-08-11 19:00,14
2710,1790,pickup_scan,2025-03-14 02:00,20
2711,1790,dropoff_scan,2025-03-20 00:00,17
2712,1791,pickup_scan,2025-10-27 04:00,10
2713,1792,pickup_scan,2025-01-28 02:00,19
2714,1792,dropoff_scan,2025-02-02 20:00,11
2715,1793,pickup_scan,2025-05-04 23:00,9
2716,1793,dropoff_scan,2025-05-08 18:00,15
2717,1794,pickup_scan,2025-03-20 14:00,4
2718,1794,dropoff_scan,2025-03-25 06:00,1
2719,1795,pickup_scan,2025-08-02 22:00,1
2720,1796,pickup_scan,2025-10-04 02:00,5
2721,1796,dropoff_scan,2025-10-06 14:00,19
2722,1797,pickup_scan,2025-07-18 04:00,6
2723,1797,dropoff_scan,2025-07-24 10:00,4
2724,1798,pickup_scan,2025-03-10 09:00,9
2725,1799,pickup_scan,2025-04-17 16:00,18
2726,1799,dropoff_scan,2025-04-19 00:00,14
2727,1801,pickup_scan,2025-02-17 19:00,21
2728,1804,pickup_scan,2025-05-29 20:00,20
2729,1804,dropoff_scan,2025-06-02 00:00,6
2730,1805,pickup_scan,2025-02-22 15:00,10
2731,1805,dropoff_scan,2025-02-23 09:00,6
2732,1806,pickup_scan,2025-12-04 13:00,15
2733,1806,dropoff_scan,2025-12-05 23:00,6
2734,1807,pickup_scan,2025-08-23 03:00,6
2735,1808,pickup_scan,2025-05-21 02:00,15
2736,1809,pickup_scan,2025-08-03 08:00,9
2737,1809,dropoff_scan,2025-08-06 08:00,11
2738,1810,pickup_scan,2025-10-28 04:00,25
2739,1810,dropoff_scan,2025-11-01 06:00,22
2740,1811,pickup_scan,2025-03-02 16:00,20
2741,1811,dropoff_scan,2025-03-02 13:00,9
2742,1812,pickup_scan,2025-08-31 16:00,3
2743,1813,pickup_scan,2025-02-23 01:00,13
2744,1813,dropoff_scan,2025-02-27 08:00,2
2745,1814,pickup_scan,2025-09-22 04:00,7
2746,1814,dropoff_scan,2025-09-24 18:00,20
2747,1815,pickup_scan,2025-01-02 16:00,3
2748,1816,pickup_scan,2025-09-11 06:00,11
2749,1816,dropoff_scan,2025-09-12 12:00,9
2750,1817,pickup_scan,2025-05-14 20:00,7
2751,1818,pickup_scan,2025-02-19 07:00,20
2752,1818,dropoff_scan,2025-02-24 23:00,20
2753,1819,pickup_scan,2025-02-15 12:00,14
2754,1819,dropoff_scan,2025-02-20 06:00,14
2755,1820,pickup_scan,2025-12-24 14:00,7
2756,1820,dropoff_scan,2025-12-31 12:00,9
2757,1821,pickup_scan,2025-06-14 00:00,6
2758,1821,dropoff_scan,2025-06-17 07:00,9
2759,1822,pickup_scan,2025-09-22 00:00,2
2760,1822,dropoff_scan,2025-09-25 07:00,3
2761,1823,pickup_scan,2025-11-27 07:00,7
2762,1824,pickup_scan,2025-05-28 21:00,12
2763,1824,dropoff_scan,2025-06-02 19:00,7
2764,1825,pickup_scan,2025-06-30 11:00,24
2765,1826,pickup_scan,2025-09-01 12:00,23
2766,1826,dropoff_scan,2025-09-07 12:00,7
2767,1827,pickup_scan,2025-11-02 19:00,14
2768,1827,dropoff_scan,2025-11-04 07:00,4
2769,1828,pickup_scan,2025-05-17 12:00,21
2770,1828,dropoff_scan,2025-05-23 14:00,25
2771,1829,pickup_scan,2025-04-11 15:00,23
2772,1829,dropoff_scan,2025-04-11 13:00,3
2773,1830,pickup_scan,2025-04-14 05:00,1
2774,1831,pickup_scan,2025-10-26 15:00,23
2775,1831,dropoff_scan,2025-10-31 11:00,14
2776,1833,pickup_scan,2025-03-30 13:00,17
2777,1833,dropoff_scan,2025-04-01 21:00,7
2778,1834,pickup_scan,2025-01-18 08:00,3
2779,1834,dropoff_scan,2025-01-24 22:00,13
2780,1835,pickup_scan,2025-06-07 00:00,1
2781,1835,dropoff_scan,2025-06-12 10:00,12
2782,1836,pickup_scan,2025-03-16 00:00,15
2783,1837,pickup_scan,2025-04-07 10:00,5
2784,1837,dropoff_scan,2025-04-13 21:00,25
2785,1838,pickup_scan,2025-10-23 08:00,12
2786,1838,dropoff_scan,2025-10-25 00:00,22
2787,1839,pickup_scan,2025-05-21 03:00,15
2788,1839,dropoff_scan,2025-05-22 05:00,11
2789,1840,pickup_scan,2025-11-05 02:00,12
2790,1841,pickup_scan,2025-08-20 20:00,4
2791,1841,dropoff_scan,2025-08-22 01:00,6
2792,1842,pickup_scan,2025-08-28 20:00,16
2793,1843,pickup_scan,2025-01-29 12:00,25
2794,1843,dropoff_scan,2025-02-01 09:00,12
2795,1844,pickup_scan,2025-03-12 06:00,15
2796,1844,dropoff_scan,2025-03-14 16:00,3
2797,1845,pickup_scan,2025-09-15 13:00,10
2798,1845,dropoff_scan,2025-09-20 22:00,1
2799,1847,pickup_scan,2025-06-18 07:00,17
2800,1848,pickup_scan,2025-04-20 00:00,22
2801,1848,dropoff_scan,2025-04-25 10:00,16
2802,1849,pickup_scan,2025-04-12 04:00,1
2803,1849,dropoff_scan,2025-04-16 05:00,13
2804,1850,pickup_scan,2025-02-28 16:00,5
2805,1850,dropoff_scan,2025-03-01 22:00,6
2806,1851,pickup_scan,2025-04-14 19:00,16
2807,1852,pickup_scan,2025-01-03 10:00,1
2808,1852,dropoff_scan,2025-01-07 08:00,21
2809,1853,pickup_scan,2025-02-06 16:00,24
2810,1853,dropoff_scan,2025-02-09 21:00,7
2811,1854,pickup_scan,2025-09-21 15:00,13
2812,1854,dropoff_scan,2025-09-27 11:00,3
2813,1856,pickup_scan,2025-02-06 12:00,11
2814,1857,pickup_scan,2025-01-19 16:00,4
2815,1857,dropoff_scan,2025-01-24 08:00,8
2816,1858,pickup_scan,2025-08-23 20:00,21
2817,1859,pickup_scan,2025-06-18 10:00,17
2818,1859,dropoff_scan,2025-06-18 16:00,10
2819,1860,pickup_scan,2025-09-17 02:00,21
2820,1860,dropoff_scan,2025-09-23 00:00,19
2821,1861,pickup_scan,2025-12-25 21:00,10
2822,1861,dropoff_scan,2025-12-29 07:00,8
2823,1862,pickup_scan,2025-11-29 10:00,7
2824,1863,pickup_scan,2025-09-27 11:00,24
2825,1863,dropoff_scan,2025-10-01 16:00,16
2826,1864,pickup_scan,2025-03-31 20:00,8
2827,1864,dropoff_scan,2025-04-02 08:00,16
2828,1865,pickup_scan,2025-08-11 16:00,20
2829,1865,dropoff_scan,2025-08-11 17:00,11
2830,1866,pickup_scan,2025-02-11 12:00,6
2831,1866,dropoff_scan,2025-02-13 15:00,19
2832,1867,pickup_scan,2025-06-22 21:00,17
2833,1867,dropoff_scan,2025-06-26 11:00,18
2834,1869,pickup_scan,2025-08-31 12:00,17
2835,1869,dropoff_scan,2025-09-01 12:00,10
2836,1870,pickup_scan,2025-06-08 13:00,3
2837,1870,dropoff_scan,2025-06-10 02:00,15
2838,1871,pickup_scan,2025-01-04 08:00,3
2839,1872,pickup_scan,2025-10-13 08:00,10
2840,1873,pickup_scan,2025-11-06 08:00,25
2841,1873,dropoff_scan,2025-11-09 23:00,14
2842,1874,pickup_scan,2025-02-08 17:00,3
2843,1874,dropoff_scan,2025-02-12 17:00,1
2844,1875,pickup_scan,2025-07-12 08:00,10
2845,1876,pickup_scan,2025-08-02 18:00,4
2846,1876,dropoff_scan,2025-08-05 01:00,15
2847,1877,pickup_scan,2025-01-10 11:00,21
2848,1878,pickup_scan,2025-03-12 20:00,2
2849,1878,dropoff_scan,2025-03-19 12:00,14
2850,1879,pickup_scan,2025-03-25 04:00,18
2851,1879,dropoff_scan,2025-03-25 21:00,7
2852,1881,pickup_scan,2025-03-17 19:00,24
2853,1881,dropoff_scan,2025-03-20 11:00,19
2854,1882,pickup_scan,2025-10-22 13:00,14
2855,1882,dropoff_scan,2025-10-23 16:00,14
2856,1883,pickup_scan,2025-12-30 20:00,9
2857,1884,pickup_scan,2025-02-15 22:00,18
2858,1884,dropoff_scan,2025-02-22 16:00,11
2859,1885,pickup_scan,2025-10-01 03:00,4
2860,1886,pickup_scan,2025-05-24 02:00,18
2861,1886,dropoff_scan,2025-05-30 21:00,18
2862,1887,pickup_scan,2025-09-30 17:00,8
2863,1889,pickup_scan,2025-09-07 21:00,15
2864,1889,dropoff_scan,2025-09-12 13:00,3
2865,1890,pickup_scan,2025-07-27 08:00,1
2866,1890,dropoff_scan,2025-08-01 21:00,15
2867,1891,pickup_scan,2025-06-02 16:00,12
2868,1892,pickup_scan,2025-10-18 12:00,23
2869,1892,dropoff_scan,2025-10-19 05:00,22
2870,1893,pickup_scan,2025-09-24 03:00,20
2871,1894,pickup_scan,2025-05-22 09:00,16
2872,1895,pickup_scan,2025-10-09 18:00,18
2873,1895,dropoff_scan,2025-10-13 07:00,21
2874,1896,pickup_scan,2025-09-24 20:00,10
2875,1896,dropoff_scan,2025-09-26 04:00,16
2876,1897,pickup_scan,2025-10-28 00:00,14
2877,1897,dropoff_scan,2025-10-30 20:00,14
2878,1898,pickup_scan,2025-01-05 17:00,7
2879,1898,dropoff_scan,2025-01-08 18:00,25
2880,1900,pickup_scan,2025-11-16 02:00,4
2881,1900,dropoff_scan,2025-11-21 13:00,1
2882,1901,pickup_scan,2025-02-25 01:00,23
2883,1901,dropoff_scan,2025-02-27 15:00,12
2884,1902,pickup_scan,2025-05-03 05:00,5
2885,1903,pickup_scan,2025-05-11 17:00,18
2886,1904,pickup_scan,2025-10-10 05:00,9
2887,1905,pickup_scan,2025-06-11 21:00,13
2888,1906,pickup_scan,2025-11-05 06:00,13
2889,1906,dropoff_scan,2025-11-05 17:00,17
2890,1907,pickup_scan,2025-05-05 12:00,8
2891,1908,pickup_scan,2025-03-12 02:00,11
2892,1908,dropoff_scan,2025-03-13 16:00,4
2893,1909,pickup_scan,2025-09-13 20:00,25
2894,1909,dropoff_scan,2025-09-16 19:00,17
2895,1911,pickup_scan,2025-05-05 19:00,25
2896,1911,dropoff_scan,2025-05-09 22:00,20
2897,1912,pickup_scan,2025-02-17 14:00,6
2898,1912,dropoff_scan,2025-02-22 01:00,1
2899,1913,pickup_scan,2025-08-28 05:00,9
2900,1913,dropoff_scan,2025-09-03 02:00,10
2901,1915,pickup_scan,2025-06-01 12:00,1
2902,1915,dropoff_scan,2025-06-06 00:00,1
2903,1917,pickup_scan,2025-01-04 12:00,24
2904,1917,dropoff_scan,2025-01-04 23:00,19
2905,1919,pickup_scan,2025-04-08 03:00,5
2906,1919,dropoff_scan,2025-04-12 21:00,5
2907,1920,pickup_scan,2025-10-05 20:00,15
2908,1920,dropoff_scan,2025-10-06 04:00,1
2909,1921,pickup_scan,2025-07-01 03:00,17
2910,1921,dropoff_scan,2025-07-04 09:00,12
2911,1922,pickup_scan,2025-03-04 16:00,24
2912,1922,dropoff_scan,2025-03-05 05:00,2
2913,1923,pickup_scan,2025-02-16 04:00,15
2914,1924,pickup_scan,2025-06-06 08:00,24
2915,1924,dropoff_scan,2025-06-08 07:00,1
2916,1925,pickup_scan,2025-06-17 03:00,9
2917,1926,pickup_scan,2025-07-08 23:00,13
2918,1926,dropoff_scan,2025-07-11 11:00,21
2919,1927,pickup_scan,2025-04-16 15:00,23
2920,1928,pickup_scan,2025-11-29 09:00,5
2921,1928,dropoff_scan,2025-11-30 05:00,16
2922,1929,pickup_scan,2025-06-13 03:00,20
2923,1929,dropoff_scan,2025-06-15 05:00,6
2924,1930,pickup_scan,2025-08-29 19:00,24
2925,1930,dropoff_scan,2025-08-31 07:00,16
2926,1931,pickup_scan,2025-03-21 14:00,17
2927,1932,pickup_scan,2025-02-14 03:00,12
2928,1933,pickup_scan,2025-12-20 21:00,22
2929,1933,dropoff_scan,2025-12-25 05:00,4
2930,1934,pickup_scan,2025-05-09 16:00,25
2931,1935,pickup_scan,2025-10-01 02:00,17
2932,1936,pickup_scan,2025-05-03 11:00,7
2933,1937,pickup_scan,2025-09-14 04:00,1
2934,1938,pickup_scan,2025-04-23 22:00,1
2935,1938,dropoff_scan,2025-04-27 16:00,2
2936,1939,pickup_scan,2025-11-23 15:00,6
2937,1940,pickup_scan,2025-05-17 15:00,23
2938,1940,dropoff_scan,2025-05-20 03:00,24
2939,1941,pickup_scan,2025-06-09 01:00,25
2940,1941,dropoff_scan,2025-06-14 14:00,17
2941,1942,pickup_scan,2025-10-18 22:00,24
2942,1942,dropoff_scan,2025-10-22 09:00,19
2943,1943,pickup_scan,2025-09-16 02:00,20
2944,1944,pickup_scan,2025-11-18 00:00,8
2945,1944,dropoff_scan,2025-11-19 14:00,19
2946,1945,pickup_scan,2025-08-11 16:00,24
2947,1945,dropoff_scan,2025-08-14 02:00,5
2948,1946,pickup_scan,2025-01-03 06:00,22
2949,1947,pickup_scan,2025-01-29 23:00,5
2950,1947,dropoff_scan,2025-02-03 20:00,22
2951,1948,pickup_scan,2025-11-16 04:00,4
2952,1950,pickup_scan,2025-08-22 11:00,13
2953,1950,dropoff_scan,2025-08-23 13:00,15
2954,1952,pickup_scan,2025-12-09 07:00,4
2955,1953,pickup_scan,2025-12-28 14:00,12
2956,1953,dropoff_scan,2026-01-03 18:00,3
2957,1954,pickup_scan,2025-07-27 11:00,9
2958,1955,pickup_scan,2025-07-31 19:00,17
2959,1956,pickup_scan,2025-05-21 12:00,12
2960,1956,dropoff_scan,2025-05-25 09:00,17
2961,1957,pickup_scan,2025-11-24 02:00,14
2962,1957,dropoff_scan,2025-11-24 11:00,25
2963,1958,pickup_scan,2025-10-15 07:00,19
2964,1959,pickup_scan,2025-03-10 20:00,17
2965,1960,pickup_scan,2025-03-30 15:00,19
2966,1961,pickup_scan,2025-01-05 21:00,19
2967,1962,pickup_scan,2025-06-30 14:00,19
2968,1963,pickup_scan,2025-10-09 12:00,7
2969,1963,dropoff_scan,2025-10-13 02:00,5
2970,1964,pickup_scan,2025-05-27 01:00,6
2971,1964,dropoff_scan,2025-05-28 06:00,7
2972,1966,pickup_scan,2025-12-23 09:00,23
2973,1966,dropoff_scan,2025-12-26 02:00,6
2974,1967,pickup_scan,2025-05-18 18:00,21
2975,1967,dropoff_scan,2025-05-23 01:00,15
2976,1968,pickup_scan,2025-03-04 02:00,6
2977,1968,dropoff_scan,2025-03-04 03:00,10
2978,1969,pickup_scan,2025-10-08 16:00,11
2979,1969,dropoff_scan,2025-10-13 16:00,18
2980,1970,pickup_scan,2025-08-31 22:00,1
2981,1970,dropoff_scan,2025-09-05 05:00,9
2982,1971,pickup_scan,2025-02-11 07:00,1
2983,1971,dropoff_scan,2025-02-11 13:00,6
2984,1972,pickup_scan,2025-10-20 22:00,6
2985,1973,pickup_scan,2025-08-31 23:00,10
2986,1973,dropoff_scan,2025-09-01 12:00,1
2987,1975,pickup_scan,2025-12-20 18:00,24
2988,1975,dropoff_scan,2025-12-20 20:00,8
2989,1976,pickup_scan,2025-03-16 19:00,22
2990,1976,dropoff_scan,2025-03-21 18:00,21
2991,1978,pickup_scan,2025-08-28 08:00,20
2992,1978,dropoff_scan,2025-08-29 11:00,4
2993,1979,pickup_scan,2025-11-20 07:00,22
2994,1981,pickup_scan,2025-11-16 09:00,18
2995,1981,dropoff_scan,2025-11-20 01:00,9
2996,1983,pickup_scan,2025-06-27 17:00,21
2997,1983,dropoff_scan,2025-07-03 03:00,11
2998,1984,pickup_scan,2025-07-25 23:00,20
2999,1984,dropoff_scan,2025-07-30 16:00,2
3000,1985,pickup_scan,2025-10-28 17:00,13
3001,1985,dropoff_scan,2025-10-29 01:00,1
3002,1986,pickup_scan,2025-10-17 02:00,20
3003,1986,dropoff_scan,2025-10-20 01:00,12
3004,1987,pickup_scan,2025-10-04 19:00,13
3005,1988,pickup_scan,2025-09-19 07:00,6
3006,1989,pickup_scan,2025-09-26 06:00,24
3007,1989,dropoff_scan,2025-09-30 10:00,15
3008,1990,pickup_scan,2025-09-15 14:00,20
3009,1991,pickup_scan,2025-06-02 21:00,20
3010,1992,pickup_scan,2025-01-11 17:00,12
3011,1992,dropoff_scan,2025-01-13 16:00,18
3012,1993,pickup_scan,2025-01-25 18:00,4
3013,1993,dropoff_scan,2025-01-31 02:00,16
3014,1994,pickup_scan,2025-02-22 13:00,2
3015,1994,dropoff_scan,2025-02-24 06:00,19
3016,1995,pickup_scan,2025-11-08 02:00,11
3017,1996,pickup_scan,2025-05-14 07:00,21
3018,1997,pickup_scan,2025-04-25 05:00,8
3019,1997,dropoff_scan,2025-04-25 19:00,25
3020,1998,pickup_scan,2025-04-02 04:00,19
3021,1998,dropoff_scan,2025-04-08 08:00,4
3022,1999,pickup_scan,2025-07-13 20:00,1
3023,1999,dropoff_scan,2025-07-17 06:00,17
3024,2000,pickup_scan,2025-12-11 03:00,21
3025,2000,dropoff_scan,2025-12-13 01:00,16
3026,2001,pickup_scan,2025-11-19 19:00,4
3027,2002,pickup_scan,2025-12-20 16:00,5
3028,2002,dropoff_scan,2025-12-25 22:00,10
3029,2003,pickup_scan,2025-06-09 10:00,3
3030,2004,pickup_scan,2025-11-12 23:00,16
3031,2006,pickup_scan,2025-10-01 20:00,25
3032,2006,dropoff_scan,2025-10-07 13:00,8
3033,2007,pickup_scan,2025-04-03 15:00,15
3034,2009,pickup_scan,2025-02-03 06:00,21
3035,2009,dropoff_scan,2025-02-07 10:00,22
3036,2010,pickup_scan,2025-06-05 19:00,4
3037,2011,pickup_scan,2025-07-15 05:00,4
3038,2011,dropoff_scan,2025-07-16 14:00,7
3039,2014,pickup_scan,2025-09-03 19:00,6
3040,2014,dropoff_scan,2025-09-10 11:00,22
3041,2015,pickup_scan,2025-09-14 14:00,14
3042,2015,dropoff_scan,2025-09-16 14:00,15
3043,2016,pickup_scan,2025-12-28 18:00,14
3044,2016,dropoff_scan,2026-01-03 18:00,3
3045,2017,pickup_scan,2025-01-18 05:00,3
3046,2017,dropoff_scan,2025-01-18 11:00,22
3047,2018,pickup_scan,2025-07-03 22:00,23
3048,2018,dropoff_scan,2025-07-09 00:00,6
3049,2019,pickup_scan,2025-08-13 08:00,15
3050,2019,dropoff_scan,2025-08-14 21:00,2
3051,2020,pickup_scan,2025-09-04 17:00,5
3052,2020,dropoff_scan,2025-09-11 11:00,7
3053,2021,pickup_scan,2025-04-24 15:00,10
3054,2021,dropoff_scan,2025-04-25 00:00,1
3055,2022,pickup_scan,2025-11-15 03:00,6
3056,2022,dropoff_scan,2025-11-21 11:00,13
3057,2023,pickup_scan,2025-11-02 19:00,19
3058,2024,pickup_scan,2025-07-18 21:00,10
3059,2025,pickup_scan,2025-02-18 14:00,2
3060,2025,dropoff_scan,2025-02-22 00:00,2
3061,2026,pickup_scan,2025-11-05 20:00,9
3062,2026,dropoff_scan,2025-11-09 19:00,10
3063,2027,pickup_scan,2025-06-07 17:00,11
3064,2028,pickup_scan,2025-11-27 14:00,13
3065,2028,dropoff_scan,2025-11-30 05:00,8
3066,2029,pickup_scan,2025-06-11 01:00,4
3067,2029,dropoff_scan,2025-06-14 15:00,11
3068,2030,pickup_scan,2025-10-12 17:00,17
3069,2030,dropoff_scan,2025-10-18 11:00,19
3070,2031,pickup_scan,2025-03-02 19:00,3
3071,2032,pickup_scan,2025-09-25 07:00,3
3072,2032,dropoff_scan,2025-09-25 12:00,10
3073,2033,pickup_scan,2025-10-29 13:00,25
3074,2033,dropoff_scan,2025-11-01 10:00,24
3075,2034,pickup_scan,2025-09-23 04:00,2
3076,2034,dropoff_scan,2025-09-25 03:00,13
3077,2035,pickup_scan,2025-08-12 20:00,17
3078,2035,dropoff_scan,2025-08-18 02:00,23
3079,2036,pickup_scan,2025-07-04 04:00,18
3080,2037,pickup_scan,2025-08-20 00:00,20
3081,2038,pickup_scan,2025-11-21 20:00,22
3082,2038,dropoff_scan,2025-11-28 00:00,1
3083,2039,pickup_scan,2025-03-14 03:00,20
3084,2039,dropoff_scan,2025-03-15 00:00,7
3085,2040,pickup_scan,2025-03-18 16:00,17
3086,2040,dropoff_scan,2025-03-24 09:00,9
3087,2041,pickup_scan,2025-04-20 23:00,2
3088,2041,dropoff_scan,2025-04-21 21:00,23
3089,2042,pickup_scan,2025-08-18 01:00,5
3090,2042,dropoff_scan,2025-08-20 11:00,1
3091,2043,pickup_scan,2025-05-15 09:00,17
3092,2043,dropoff_scan,2025-05-17 01:00,15
3093,2044,pickup_scan,2025-11-29 02:00,12
3094,2044,dropoff_scan,2025-12-02 13:00,17
3095,2045,pickup_scan,2025-04-30 11:00,11
3096,2046,pickup_scan,2025-03-28 17:00,9
3097,2047,pickup_scan,2025-06-17 15:00,4
3098,2047,dropoff_scan,2025-06-21 16:00,11
3099,2049,pickup_scan,2025-11-18 19:00,22
3100,2049,dropoff_scan,2025-11-21 10:00,1
3101,2050,pickup_scan,2025-06-14 02:00,25
3102,2051,pickup_scan,2025-02-25 10:00,19
3103,2053,pickup_scan,2025-04-02 07:00,19
3104,2053,dropoff_scan,2025-04-08 08:00,19
3105,2055,pickup_scan,2025-05-16 06:00,16
3106,2055,dropoff_scan,2025-05-21 02:00,11
3107,2056,pickup_scan,2025-09-01 09:00,3
3108,2057,pickup_scan,2025-05-01 00:00,1
3109,2057,dropoff_scan,2025-05-04 10:00,7
3110,2058,pickup_scan,2025-02-02 00:00,25
3111,2059,pickup_scan,2025-09-12 16:00,2
3112,2060,pickup_scan,2025-09-23 08:00,11
3113,2060,dropoff_scan,2025-09-28 07:00,24
3114,2061,pickup_scan,2025-05-14 04:00,17
3115,2062,pickup_scan,2025-12-14 02:00,1
3116,2062,dropoff_scan,2025-12-18 15:00,4
3117,2063,pickup_scan,2025-02-14 02:00,25
3118,2064,pickup_scan,2025-04-01 10:00,3
3119,2066,pickup_scan,2025-05-11 10:00,3
3120,2066,dropoff_scan,2025-05-13 12:00,6
3121,2067,pickup_scan,2025-12-04 14:00,20
3122,2067,dropoff_scan,2025-12-06 13:00,7
3123,2068,pickup_scan,2025-10-01 17:00,10
3124,2069,pickup_scan,2025-11-16 05:00,21
3125,2069,dropoff_scan,2025-11-18 16:00,7
3126,2071,pickup_scan,2025-03-03 01:00,22
3127,2071,dropoff_scan,2025-03-09 09:00,15
3128,2072,pickup_scan,2025-08-29 18:00,18
3129,2072,dropoff_scan,2025-09-02 01:00,13
3130,2073,pickup_scan,2025-11-09 06:00,13
3131,2073,dropoff_scan,2025-11-10 20:00,18
3132,2074,pickup_scan,2025-06-05 17:00,9
3133,2074,dropoff_scan,2025-06-07 13:00,10
3134,2075,pickup_scan,2025-07-25 06:00,17
3135,2076,pickup_scan,2025-06-30 01:00,12
3136,2077,pickup_scan,2025-01-18 19:00,25
3137,2077,dropoff_scan,2025-01-22 16:00,14
3138,2078,pickup_scan,2025-09-01 04:00,13
3139,2078,dropoff_scan,2025-09-04 13:00,3
3140,2079,pickup_scan,2025-11-26 17:00,10
3141,2079,dropoff_scan,2025-12-02 23:00,22
3142,2080,pickup_scan,2025-10-11 05:00,10
3143,2080,dropoff_scan,2025-10-12 05:00,3
3144,2082,pickup_scan,2025-03-18 07:00,21
3145,2082,dropoff_scan,2025-03-23 16:00,19
3146,2083,pickup_scan,2025-04-19 01:00,11
3147,2083,dropoff_scan,2025-04-24 01:00,22
3148,2084,pickup_scan,2025-04-17 09:00,1
3149,2084,dropoff_scan,2025-04-19 03:00,6
3150,2085,pickup_scan,2025-09-19 06:00,23
3151,2086,pickup_scan,2025-06-01 11:00,19
3152,2086,dropoff_scan,2025-06-02 18:00,16
3153,2087,pickup_scan,2025-03-27 11:00,15
3154,2087,dropoff_scan,2025-03-28 04:00,25
3155,2088,pickup_scan,2025-10-14 14:00,11
3156,2088,dropoff_scan,2025-10-14 18:00,9
3157,2089,pickup_scan,2025-01-17 00:00,20
3158,2089,dropoff_scan,2025-01-20 22:00,22
3159,2090,pickup_scan,2025-03-23 18:00,5
3160,2090,dropoff_scan,2025-03-26 04:00,22
3161,2091,pickup_scan,2025-03-08 11:00,11
3162,2091,dropoff_scan,2025-03-12 02:00,10
3163,2092,pickup_scan,2025-05-14 11:00,21
3164,2093,pickup_scan,2025-01-04 07:00,10
3165,2093,dropoff_scan,2025-01-08 12:00,12
3166,2094,pickup_scan,2025-04-04 13:00,7
3167,2094,dropoff_scan,2025-04-04 21:00,24
3168,2095,pickup_scan,2025-08-27 09:00,21
3169,2096,pickup_scan,2025-11-22 07:00,15
3170,2096,dropoff_scan,2025-11-23 03:00,6
3171,2097,pickup_scan,2025-12-23 16:00,1
3172,2097,dropoff_scan,2025-12-25 03:00,9
3173,2099,pickup_scan,2025-03-04 03:00,2
3174,2099,dropoff_scan,2025-03-08 20:00,14
3175,2100,pickup_scan,2025-09-15 18:00,12
3176,2100,dropoff_scan,2025-09-22 03:00,11
3177,2101,pickup_scan,2025-03-31 18:00,6
3178,2101,dropoff_scan,2025-04-04 07:00,3
3179,2102,pickup_scan,2025-05-22 03:00,20
3180,2103,pickup_scan,2025-07-17 02:00,7
3181,2104,pickup_scan,2025-08-10 13:00,20
3182,2104,dropoff_scan,2025-08-17 00:00,3
3183,2105,pickup_scan,2025-09-19 17:00,18
3184,2107,pickup_scan,2025-09-24 14:00,24
3185,2107,dropoff_scan,2025-09-28 17:00,15
3186,2108,pickup_scan,2025-04-20 22:00,13
3187,2108,dropoff_scan,2025-04-21 12:00,25
3188,2109,pickup_scan,2025-06-20 07:00,22
3189,2109,dropoff_scan,2025-06-25 20:00,6
3190,2110,pickup_scan,2025-05-07 08:00,10
3191,2112,pickup_scan,2025-04-18 08:00,1
3192,2112,dropoff_scan,2025-04-22 22:00,10
3193,2113,pickup_scan,2025-04-24 07:00,12
3194,2113,dropoff_scan,2025-04-25 12:00,11
3195,2114,pickup_scan,2025-05-11 19:00,3
3196,2115,pickup_scan,2025-01-05 23:00,10
3197,2115,dropoff_scan,2025-01-11 07:00,6
3198,2116,pickup_scan,2025-02-19 22:00,9
3199,2116,dropoff_scan,2025-02-24 02:00,4
3200,2117,pickup_scan,2025-02-04 00:00,22
3201,2118,pickup_scan,2025-05-19 14:00,20
3202,2118,dropoff_scan,2025-05-20 19:00,21
3203,2119,pickup_scan,2025-06-22 08:00,4
3204,2120,pickup_scan,2025-12-31 16:00,21
3205,2121,pickup_scan,2025-09-04 02:00,22
3206,2121,dropoff_scan,2025-09-10 01:00,8
3207,2122,pickup_scan,2025-04-07 15:00,8
3208,2122,dropoff_scan,2025-04-12 07:00,10
3209,2123,pickup_scan,2025-04-08 17:00,13
3210,2123,dropoff_scan,2025-04-14 12:00,13
3211,2124,pickup_scan,2025-06-23 18:00,4
3212,2124,dropoff_scan,2025-06-29 20:00,22
3213,2125,pickup_scan,2025-09-10 16:00,12
3214,2126,pickup_scan,2025-04-21 08:00,20
3215,2126,dropoff_scan,2025-04-22 14:00,16
3216,2127,pickup_scan,2025-12-10 21:00,19
3217,2127,dropoff_scan,2025-12-12 20:00,19
3218,2128,pickup_scan,2025-11-11 13:00,2
3219,2128,dropoff_scan,2025-11-17 04:00,8
3220,2129,pickup_scan,2025-12-20 16:00,3
3221,2129,dropoff_scan,2025-12-23 19:00,3
3222,2130,pickup_scan,2025-12-06 23:00,8
3223,2131,pickup_scan,2025-06-29 10:00,4
3224,2131,dropoff_scan,2025-07-05 07:00,10
3225,2132,pickup_scan,2025-01-15 17:00,1
3226,2132,dropoff_scan,2025-01-20 10:00,4
3227,2133,pickup_scan,2025-10-12 20:00,5
3228,2134,pickup_scan,2025-10-19 19:00,18
3229,2134,dropoff_scan,2025-10-21 23:00,14
3230,2135,pickup_scan,2025-10-24 20:00,6
3231,2135,dropoff_scan,2025-10-25 01:00,12
3232,2136,pickup_scan,2025-05-26 00:00,2
3233,2136,dropoff_scan,2025-05-28 21:00,5
3234,2137,pickup_scan,2025-07-15 09:00,6
3235,2137,dropoff_scan,2025-07-20 17:00,17
3236,2138,pickup_scan,2025-01-28 01:00,24
3237,2138,dropoff_scan,2025-02-03 11:00,4
3238,2139,pickup_scan,2025-08-21 15:00,8
3239,2139,dropoff_scan,2025-08-28 00:00,3
3240,2140,pickup_scan,2025-12-20 08:00,7
3241,2141,pickup_scan,2025-10-09 14:00,9
3242,2142,pickup_scan,2025-04-18 15:00,7
3243,2143,pickup_scan,2025-11-02 07:00,24
3244,2143,dropoff_scan,2025-11-05 18:00,25
3245,2144,pickup_scan,2025-04-23 09:00,5
3246,2144,dropoff_scan,2025-04-24 18:00,3
3247,2145,pickup_scan,2025-01-05 06:00,5
3248,2146,pickup_scan,2025-03-17 20:00,24
3249,2147,pickup_scan,2025-05-27 00:00,4
3250,2148,pickup_scan,2025-03-19 21:00,2
3251,2150,pickup_scan,2025-02-17 01:00,8
3252,2150,dropoff_scan,2025-02-23 07:00,10
3253,2151,pickup_scan,2025-09-02 07:00,3
3254,2152,pickup_scan,2025-08-16 23:00,5
3255,2153,pickup_scan,2025-07-12 07:00,23
3256,2153,dropoff_scan,2025-07-18 22:00,14
3257,2154,pickup_scan,2025-01-11 10:00,24
3258,2155,pickup_scan,2025-07-18 12:00,10
3259,2155,dropoff_scan,2025-07-20 20:00,14
3260,2156,pickup_scan,2025-07-11 06:00,5
3261,2157,pickup_scan,2025-09-26 19:00,4
3262,2157,dropoff_scan,2025-10-03 15:00,8
3263,2158,pickup_scan,2025-02-07 07:00,1
3264,2158,dropoff_scan,2025-02-09 22:00,6
3265,2159,pickup_scan,2025-04-14 09:00,23
3266,2159,dropoff_scan,2025-04-15 18:00,19
3267,2160,pickup_scan,2025-06-28 01:00,2
3268,2162,pickup_scan,2025-11-02 11:00,20
3269,2164,pickup_scan,2025-12-13 03:00,3
3270,2164,dropoff_scan,2025-12-20 01:00,7
3271,2165,pickup_scan,2025-03-01 01:00,22
3272,2165,dropoff_scan,2025-03-01 17:00,21
3273,2166,pickup_scan,2025-05-04 15:00,7
3274,2166,dropoff_scan,2025-05-09 17:00,16
3275,2167,pickup_scan,2025-12-05 14:00,3
3276,2167,dropoff_scan,2025-12-09 16:00,8
3277,2168,pickup_scan,2025-01-07 23:00,21
3278,2169,pickup_scan,2025-11-22 17:00,21
3279,2169,dropoff_scan,2025-11-27 22:00,6
3280,2170,pickup_scan,2025-01-03 15:00,1
3281,2170,dropoff_scan,2025-01-10 01:00,8
3282,2171,pickup_scan,2025-09-19 07:00,20
3283,2172,pickup_scan,2025-04-24 22:00,3
3284,2172,dropoff_scan,2025-04-28 16:00,7
3285,2173,pickup_scan,2025-04-20 18:00,5
3286,2173,dropoff_scan,2025-04-21 06:00,21
3287,2174,pickup_scan,2025-02-13 22:00,12
3288,2175,pickup_scan,2025-04-20 23:00,16
3289,2175,dropoff_scan,2025-04-22 13:00,10
3290,2176,pickup_scan,2025-01-15 07:00,1
3291,2176,dropoff_scan,2025-01-16 17:00,4
3292,2177,pickup_scan,2025-02-17 13:00,16
3293,2177,dropoff_scan,2025-02-21 10:00,18
3294,2178,pickup_scan,2025-07-28 12:00,2
3295,2178,dropoff_scan,2025-07-31 12:00,25
3296,2179,pickup_scan,2025-03-03 11:00,25
3297,2180,pickup_scan,2025-11-21 19:00,9
3298,2181,pickup_scan,2025-07-10 08:00,4
3299,2181,dropoff_scan,2025-07-16 08:00,4
3300,2183,pickup_scan,2025-12-19 13:00,4
3301,2183,dropoff_scan,2025-12-23 05:00,1
3302,2184,pickup_scan,2025-01-03 05:00,7
3303,2185,pickup_scan,2025-05-30 11:00,24
3304,2185,dropoff_scan,2025-06-04 03:00,2
3305,2186,pickup_scan,2025-04-23 10:00,9
3306,2187,pickup_scan,2025-04-26 10:00,15
3307,2188,pickup_scan,2025-07-25 15:00,17
3308,2188,dropoff_scan,2025-07-27 07:00,25
3309,2189,pickup_scan,2025-11-15 13:00,8
3310,2189,dropoff_scan,2025-11-16 20:00,24
3311,2190,pickup_scan,2025-06-03 17:00,25
3312,2190,dropoff_scan,2025-06-07 09:00,6
3313,2192,pickup_scan,2025-09-08 22:00,12
3314,2192,dropoff_scan,2025-09-10 05:00,1
3315,2193,pickup_scan,2025-09-19 17:00,1
3316,2194,pickup_scan,2025-12-15 15:00,18
3317,2194,dropoff_scan,2025-12-15 18:00,5
3318,2195,pickup_scan,2025-08-10 08:00,16
3319,2195,dropoff_scan,2025-08-13 16:00,10
3320,2196,pickup_scan,2025-03-31 14:00,13
3321,2196,dropoff_scan,2025-04-01 21:00,19
3322,2198,pickup_scan,2025-03-10 21:00,4
3323,2198,dropoff_scan,2025-03-14 16:00,20
3324,2199,pickup_scan,2025-04-30 05:00,22
3325,2200,pickup_scan,2025-06-07 10:00,21
3326,2200,dropoff_scan,2025-06-09 11:00,6
3327,2201,pickup_scan,2025-01-15 01:00,11
3328,2201,dropoff_scan,2025-01-20 08:00,23
3329,2202,pickup_scan,2025-11-03 22:00,10
3330,2202,dropoff_scan,2025-11-07 02:00,1
3331,2203,pickup_scan,2025-09-29 03:00,19
3332,2204,pickup_scan,2025-06-06 03:00,11
3333,2204,dropoff_scan,2025-06-10 00:00,1
3334,2205,pickup_scan,2025-11-13 05:00,24
3335,2205,dropoff_scan,2025-11-18 02:00,6
3336,2206,pickup_scan,2025-10-20 04:00,3
3337,2207,pickup_scan,2025-12-18 21:00,2
3338,2207,dropoff_scan,2025-12-25 05:00,13
3339,2210,pickup_scan,2025-03-02 05:00,21
3340,2211,pickup_scan,2025-03-05 18:00,25
3341,2212,pickup_scan,2025-12-09 13:00,17
3342,2212,dropoff_scan,2025-12-15 23:00,2
3343,2213,pickup_scan,2025-05-11 01:00,2
3344,2213,dropoff_scan,2025-05-14 06:00,5
3345,2214,pickup_scan,2025-07-09 05:00,13
3346,2214,dropoff_scan,2025-07-12 19:00,21
3347,2215,pickup_scan,2025-10-01 21:00,20
3348,2216,pickup_scan,2025-03-05 11:00,23
3349,2216,dropoff_scan,2025-03-07 20:00,22
3350,2217,pickup_scan,2025-03-08 22:00,9
3351,2217,dropoff_scan,2025-03-13 19:00,20
3352,2218,pickup_scan,2025-06-15 13:00,8
3353,2219,pickup_scan,2025-11-07 21:00,13
3354,2219,dropoff_scan,2025-11-13 23:00,25
3355,2220,pickup_scan,2025-06-27 01:00,2
3356,2220,dropoff_scan,2025-07-03 17:00,17
3357,2221,pickup_scan,2025-04-16 15:00,10
3358,2221,dropoff_scan,2025-04-20 11:00,23
3359,2222,pickup_scan,2025-07-11 09:00,14
3360,2222,dropoff_scan,2025-07-18 07:00,16
3361,2223,pickup_scan,2025-06-16 10:00,22
3362,2223,dropoff_scan,2025-06-18 23:00,13
3363,2224,pickup_scan,2025-09-06 22:00,15
3364,2225,pickup_scan,2025-04-03 02:00,7
3365,2225,dropoff_scan,2025-04-07 11:00,3
3366,2226,pickup_scan,2025-05-09 14:00,20
3367,2226,dropoff_scan,2025-05-12 23:00,25
3368,2227,pickup_scan,2025-09-26 00:00,3
3369,2227,dropoff_scan,2025-10-01 21:00,13
3370,2228,pickup_scan,2025-11-15 10:00,25
3371,2228,dropoff_scan,2025-11-21 17:00,17
3372,2229,pickup_scan,2025-07-30 21:00,9
3373,2229,dropoff_scan,2025-08-01 03:00,23
3374,2230,pickup_scan,2025-01-03 18:00,1
3375,2230,dropoff_scan,2025-01-07 19:00,24
3376,2231,pickup_scan,2025-10-26 06:00,11
3377,2232,pickup_scan,2025-08-12 04:00,14
3378,2232,dropoff_scan,2025-08-17 15:00,13
3379,2233,pickup_scan,2025-08-13 09:00,20
3380,2233,dropoff_scan,2025-08-20 07:00,25
3381,2234,pickup_scan,2025-04-25 17:00,6
3382,2236,pickup_scan,2025-09-16 07:00,2
3383,2236,dropoff_scan,2025-09-18 19:00,14
3384,2237,pickup_scan,2025-05-18 02:00,7
3385,2239,pickup_scan,2025-03-12 09:00,3
3386,2239,dropoff_scan,2025-03-15 13:00,16
3387,2240,pickup_scan,2025-07-08 06:00,12
3388,2240,dropoff_scan,2025-07-14 11:00,10
3389,2241,pickup_scan,2025-02-15 09:00,6
3390,2241,dropoff_scan,2025-02-19 18:00,7
3391,2242,pickup_scan,2025-03-21 20:00,3
3392,2243,pickup_scan,2025-09-04 19:00,11
3393,2243,dropoff_scan,2025-09-10 01:00,18
3394,2244,pickup_scan,2025-05-27 00:00,13
3395,2244,dropoff_scan,2025-05-30 12:00,24
3396,2245,pickup_scan,2025-10-16 03:00,1
3397,2245,dropoff_scan,2025-10-20 12:00,16
3398,2246,pickup_scan,2025-05-27 07:00,7
3399,2247,pickup_scan,2025-03-20 12:00,14
3400,2247,dropoff_scan,2025-03-25 01:00,10
3401,2248,pickup_scan,2025-05-21 07:00,18
3402,2248,dropoff_scan,2025-05-28 03:00,11
3403,2249,pickup_scan,2025-02-11 18:00,7
3404,2250,pickup_scan,2025-09-13 14:00,4
3405,2251,pickup_scan,2025-01-21 02:00,11
3406,2251,dropoff_scan,2025-01-27 09:00,7
3407,2252,pickup_scan,2025-03-02 10:00,23
3408,2252,dropoff_scan,2025-03-05 08:00,7
3409,2253,pickup_scan,2025-07-31 19:00,14
3410,2254,pickup_scan,2025-01-08 09:00,9
3411,2255,pickup_scan,2025-08-10 02:00,12
3412,2256,pickup_scan,2025-03-07 04:00,9
3413,2257,pickup_scan,2025-04-18 16:00,14
3414,2257,dropoff_scan,2025-04-19 05:00,16
3415,2258,pickup_scan,2025-11-09 19:00,12
3416,2258,dropoff_scan,2025-11-13 15:00,20
3417,2259,pickup_scan,2025-02-22 08:00,5
3418,2259,dropoff_scan,2025-02-26 20:00,8
3419,2260,pickup_scan,2025-05-02 00:00,23
3420,2260,dropoff_scan,2025-05-04 11:00,10
3421,2261,pickup_scan,2025-02-28 00:00,8
3422,2261,dropoff_scan,2025-03-03 07:00,6
3423,2263,pickup_scan,2025-12-22 16:00,21
3424,2263,dropoff_scan,2025-12-23 10:00,3
3425,2264,pickup_scan,2025-05-05 02:00,25
3426,2264,dropoff_scan,2025-05-06 20:00,15
3427,2265,pickup_scan,2025-05-21 13:00,12
3428,2265,dropoff_scan,2025-05-23 11:00,20
3429,2266,pickup_scan,2025-05-11 11:00,2
3430,2266,dropoff_scan,2025-05-16 09:00,16
3431,2267,pickup_scan,2025-10-15 08:00,9
3432,2267,dropoff_scan,2025-10-21 11:00,13
3433,2268,pickup_scan,2025-01-21 01:00,7
3434,2268,dropoff_scan,2025-01-22 05:00,9
3435,2269,pickup_scan,2025-08-09 21:00,1
3436,2269,dropoff_scan,2025-08-16 05:00,23
3437,2270,pickup_scan,2025-11-29 08:00,5
3438,2270,dropoff_scan,2025-12-05 00:00,24
3439,2271,pickup_scan,2025-10-01 08:00,19
3440,2272,pickup_scan,2025-02-17 00:00,17
3441,2272,dropoff_scan,2025-02-21 15:00,15
3442,2274,pickup_scan,2025-11-07 16:00,8
3443,2275,pickup_scan,2025-11-26 15:00,2
3444,2276,pickup_scan,2025-03-20 02:00,20
3445,2279,pickup_scan,2025-09-25 00:00,22
3446,2279,dropoff_scan,2025-09-25 08:00,13
3447,2281,pickup_scan,2025-01-08 08:00,14
3448,2282,pickup_scan,2025-06-01 20:00,7
3449,2282,dropoff_scan,2025-06-06 11:00,22
3450,2283,pickup_scan,2025-11-02 20:00,17
3451,2283,dropoff_scan,2025-11-04 16:00,22
3452,2284,pickup_scan,2025-06-07 14:00,24
3453,2284,dropoff_scan,2025-06-09 02:00,14
3454,2285,pickup_scan,2025-11-03 10:00,10
3455,2285,dropoff_scan,2025-11-06 15:00,14
3456,2286,pickup_scan,2025-07-23 20:00,21
3457,2286,dropoff_scan,2025-07-30 13:00,19
3458,2287,pickup_scan,2025-07-01 15:00,18
3459,2287,dropoff_scan,2025-07-06 20:00,3
3460,2288,pickup_scan,2025-12-20 21:00,16
3461,2290,pickup_scan,2025-06-21 08:00,1
3462,2292,pickup_scan,2025-01-19 22:00,9
3463,2292,dropoff_scan,2025-01-24 08:00,9
3464,2293,pickup_scan,2025-09-02 10:00,10
3465,2293,dropoff_scan,2025-09-06 05:00,12
3466,2294,pickup_scan,2025-02-16 03:00,16
3467,2294,dropoff_scan,2025-02-19 18:00,4
3468,2295,pickup_scan,2025-05-02 18:00,12
3469,2295,dropoff_scan,2025-05-08 03:00,11
3470,2296,pickup_scan,2025-12-30 16:00,4
3471,2296,dropoff_scan,2025-12-31 08:00,8
3472,2297,pickup_scan,2025-11-15 19:00,12
3473,2297,dropoff_scan,2025-11-16 05:00,22
3474,2298,pickup_scan,2025-07-08 16:00,20
3475,2298,dropoff_scan,2025-07-15 12:00,10
3476,2299,pickup_scan,2025-05-19 08:00,1
3477,2299,dropoff_scan,2025-05-21 17:00,5
3478,2300,pickup_scan,2025-08-23 07:00,8
3479,2301,pickup_scan,2025-02-05 22:00,18
3480,2301,dropoff_scan,2025-02-11 16:00,8
3481,2302,pickup_scan,2025-05-19 12:00,25
3482,2302,dropoff_scan,2025-05-21 14:00,24
3483,2303,pickup_scan,2025-07-06 01:00,11
3484,2303,dropoff_scan,2025-07-09 00:00,1
3485,2304,pickup_scan,2025-05-28 15:00,16
3486,2305,pickup_scan,2025-10-08 13:00,9
3487,2306,pickup_scan,2025-06-23 05:00,12
3488,2306,dropoff_scan,2025-06-24 06:00,25
3489,2307,pickup_scan,2025-07-22 18:00,13
3490,2307,dropoff_scan,2025-07-23 21:00,12
3491,2309,pickup_scan,2025-10-12 11:00,18
3492,2309,dropoff_scan,2025-10-16 08:00,17
3493,2310,pickup_scan,2025-07-17 23:00,18
3494,2311,pickup_scan,2025-09-09 09:00,13
3495,2311,dropoff_scan,2025-09-11 15:00,17
3496,2312,pickup_scan,2025-05-09 00:00,17
3497,2313,pickup_scan,2025-01-19 14:00,12
3498,2313,dropoff_scan,2025-01-19 11:00,23
3499,2314,pickup_scan,2025-12-27 21:00,16
3500,2314,dropoff_scan,2025-12-29 03:00,25
3501,2315,pickup_scan,2025-01-29 05:00,19
3502,2315,dropoff_scan,2025-02-03 17:00,13
3503,2316,pickup_scan,2025-08-15 19:00,16
3504,2316,dropoff_scan,2025-08-19 04:00,9
3505,2317,pickup_scan,2025-01-13 08:00,12
3506,2317,dropoff_scan,2025-01-19 10:00,12
3507,2318,pickup_scan,2025-02-19 09:00,25
3508,2319,pickup_scan,2025-05-12 08:00,3
3509,2322,pickup_scan,2025-03-30 01:00,7
3510,2322,dropoff_scan,2025-03-31 05:00,13
3511,2323,pickup_scan,2025-02-20 11:00,18
3512,2324,pickup_scan,2025-09-19 00:00,11
3513,2324,dropoff_scan,2025-09-24 18:00,19
3514,2325,pickup_scan,2025-07-25 18:00,16
3515,2327,pickup_scan,2025-07-28 17:00,13
3516,2327,dropoff_scan,2025-08-04 00:00,11
3517,2329,pickup_scan,2025-06-19 12:00,9
3518,2329,dropoff_scan,2025-06-25 10:00,1
3519,2330,pickup_scan,2025-12-08 07:00,15
3520,2332,pickup_scan,2025-03-03 22:00,18
3521,2332,dropoff_scan,2025-03-08 05:00,4
3522,2334,pickup_scan,2025-10-13 15:00,17
3523,2335,pickup_scan,2025-07-26 17:00,25
3524,2335,dropoff_scan,2025-07-26 20:00,6
3525,2336,pickup_scan,2025-07-16 01:00,18
3526,2337,pickup_scan,2025-11-19 06:00,24
3527,2337,dropoff_scan,2025-11-19 11:00,13
3528,2338,pickup_scan,2025-08-05 07:00,4
3529,2338,dropoff_scan,2025-08-07 11:00,24
3530,2339,pickup_scan,2025-01-21 21:00,11
3531,2339,dropoff_scan,2025-01-24 21:00,16
3532,2340,pickup_scan,2025-04-15 08:00,5
3533,2340,dropoff_scan,2025-04-15 13:00,10
3534,2341,pickup_scan,2025-08-21 02:00,19
3535,2342,pickup_scan,2025-06-12 00:00,4
3536,2342,dropoff_scan,2025-06-12 02:00,7
3537,2343,pickup_scan,2025-10-29 07:00,23
3538,2343,dropoff_scan,2025-11-05 04:00,4
3539,2344,pickup_scan,2025-02-23 18:00,5
3540,2345,pickup_scan,2025-10-07 05:00,21
3541,2345,dropoff_scan,2025-10-11 23:00,9
3542,2346,pickup_scan,2025-05-11 06:00,14
3543,2346,dropoff_scan,2025-05-12 21:00,3
3544,2347,pickup_scan,2025-12-09 02:00,15
3545,2348,pickup_scan,2025-07-30 01:00,2
3546,2348,dropoff_scan,2025-08-02 10:00,5
3547,2349,pickup_scan,2025-01-04 05:00,6
3548,2349,dropoff_scan,2025-01-10 12:00,25
3549,2350,pickup_scan,2025-09-26 23:00,16
3550,2350,dropoff_scan,2025-09-28 08:00,19
3551,2351,pickup_scan,2025-11-17 12:00,5
3552,2352,pickup_scan,2025-10-16 19:00,5
3553,2352,dropoff_scan,2025-10-17 00:00,5
3554,2354,pickup_scan,2025-08-08 13:00,8
3555,2354,dropoff_scan,2025-08-10 11:00,16
3556,2356,pickup_scan,2025-05-23 04:00,23
3557,2357,pickup_scan,2025-07-24 10:00,12
3558,2358,pickup_scan,2025-02-13 22:00,3
3559,2358,dropoff_scan,2025-02-14 04:00,18
3560,2359,pickup_scan,2025-06-15 11:00,24
3561,2359,dropoff_scan,2025-06-21 08:00,23
3562,2360,pickup_scan,2025-03-17 03:00,3
3563,2360,dropoff_scan,2025-03-19 21:00,23
3564,2361,pickup_scan,2025-07-14 07:00,7
3565,2361,dropoff_scan,2025-07-15 03:00,7
3566,2362,pickup_scan,2025-02-06 23:00,13
3567,2362,dropoff_scan,2025-02-13 06:00,4
3568,2363,pickup_scan,2025-05-12 14:00,4
3569,2363,dropoff_scan,2025-05-13 15:00,25
3570,2364,pickup_scan,2025-07-15 18:00,8
3571,2365,pickup_scan,2025-02-09 14:00,15
3572,2366,pickup_scan,2025-02-25 12:00,4
3573,2366,dropoff_scan,2025-03-01 19:00,1
3574,2367,pickup_scan,2025-06-22 14:00,22
3575,2368,pickup_scan,2025-12-27 06:00,15
3576,2369,pickup_scan,2025-07-23 13:00,20
3577,2369,dropoff_scan,2025-07-24 11:00,20
3578,2370,pickup_scan,2025-09-30 21:00,10
3579,2370,dropoff_scan,2025-10-01 01:00,15
3580,2371,pickup_scan,2025-06-22 22:00,18
3581,2371,dropoff_scan,2025-06-24 06:00,10
3582,2372,pickup_scan,2025-12-09 05:00,10
3583,2372,dropoff_scan,2025-12-10 18:00,23
3584,2374,pickup_scan,2025-06-09 18:00,19
3585,2374,dropoff_scan,2025-06-13 23:00,20
3586,2375,pickup_scan,2025-07-24 14:00,15
3587,2375,dropoff_scan,2025-07-30 19:00,18
3588,2376,pickup_scan,2025-02-26 23:00,4
3589,2377,pickup_scan,2025-03-31 23:00,14
3590,2378,pickup_scan,2025-08-29 02:00,24
3591,2380,pickup_scan,2025-07-07 17:00,6
3592,2380,dropoff_scan,2025-07-13 08:00,20
3593,2381,pickup_scan,2025-10-10 12:00,19
3594,2381,dropoff_scan,2025-10-12 19:00,6
3595,2382,pickup_scan,2025-12-18 17:00,24
3596,2382,dropoff_scan,2025-12-23 12:00,12
3597,2383,pickup_scan,2025-11-29 07:00,16
3598,2383,dropoff_scan,2025-12-01 23:00,16
3599,2384,pickup_scan,2025-08-08 03:00,8
3600,2384,dropoff_scan,2025-08-10 14:00,18
3601,2386,pickup_scan,2025-10-13 10:00,11
3602,2386,dropoff_scan,2025-10-17 14:00,1
3603,2387,pickup_scan,2025-12-21 21:00,6
3604,2388,pickup_scan,2025-12-15 03:00,4
3605,2389,pickup_scan,2025-06-30 05:00,22
3606,2390,pickup_scan,2025-07-16 19:00,1
3607,2390,dropoff_scan,2025-07-19 15:00,4
3608,2391,pickup_scan,2025-12-04 11:00,15
3609,2392,pickup_scan,2025-07-03 14:00,19
3610,2392,dropoff_scan,2025-07-07 10:00,13
3611,2393,pickup_scan,2025-04-16 06:00,17
3612,2393,dropoff_scan,2025-04-19 21:00,15
3613,2394,pickup_scan,2025-12-08 04:00,7
3614,2394,dropoff_scan,2025-12-14 03:00,15
3615,2395,pickup_scan,2025-12-01 05:00,22
3616,2395,dropoff_scan,2025-12-01 09:00,21
3617,2396,pickup_scan,2025-09-17 11:00,16
3618,2396,dropoff_scan,2025-09-23 07:00,2
3619,2398,pickup_scan,2025-10-17 04:00,12
3620,2398,dropoff_scan,2025-10-22 23:00,21
3621,2399,pickup_scan,2025-08-11 10:00,24
3622,2400,pickup_scan,2025-09-17 17:00,10
3623,2401,pickup_scan,2025-08-02 23:00,6
3624,2401,dropoff_scan,2025-08-06 08:00,23
3625,2402,pickup_scan,2025-04-23 14:00,9
3626,2403,pickup_scan,2025-11-15 17:00,11
3627,2403,dropoff_scan,2025-11-21 22:00,12
3628,2404,pickup_scan,2025-12-21 21:00,1
3629,2405,pickup_scan,2025-04-20 18:00,20
3630,2405,dropoff_scan,2025-04-21 07:00,22
3631,2406,pickup_scan,2025-02-01 05:00,17
3632,2406,dropoff_scan,2025-02-07 01:00,11
3633,2407,pickup_scan,2025-11-16 10:00,20
3634,2408,pickup_scan,2025-06-27 15:00,13
3635,2408,dropoff_scan,2025-06-28 00:00,3
3636,2409,pickup_scan,2025-02-01 14:00,22
3637,2409,dropoff_scan,2025-02-01 15:00,1
3638,2410,pickup_scan,2025-06-16 21:00,5
3639,2410,dropoff_scan,2025-06-19 17:00,5
3640,2411,pickup_scan,2025-12-21 23:00,23
3641,2412,pickup_scan,2025-01-24 02:00,6
3642,2413,pickup_scan,2025-03-14 15:00,1
3643,2413,dropoff_scan,2025-03-16 11:00,25
3644,2414,pickup_scan,2025-12-07 15:00,22
3645,2414,dropoff_scan,2025-12-08 12:00,13
3646,2415,pickup_scan,2025-06-20 14:00,6
3647,2415,dropoff_scan,2025-06-26 12:00,1
3648,2417,pickup_scan,2025-06-16 15:00,12
3649,2417,dropoff_scan,2025-06-20 09:00,8
3650,2420,pickup_scan,2025-11-29 11:00,14
3651,2420,dropoff_scan,2025-11-30 22:00,21
3652,2421,pickup_scan,2025-11-08 14:00,12
3653,2422,pickup_scan,2025-12-28 11:00,12
3654,2422,dropoff_scan,2025-12-29 23:00,17
3655,2423,pickup_scan,2025-01-06 14:00,7
3656,2423,dropoff_scan,2025-01-12 13:00,16
3657,2424,pickup_scan,2025-11-20 14:00,16
3658,2424,dropoff_scan,2025-11-25 03:00,19
3659,2425,pickup_scan,2025-04-07 19:00,1
3660,2426,pickup_scan,2025-12-04 06:00,8
3661,2426,dropoff_scan,2025-12-09 16:00,17
3662,2427,pickup_scan,2025-09-07 04:00,9
3663,2427,dropoff_scan,2025-09-07 05:00,6
3664,2428,pickup_scan,2025-07-15 16:00,12
3665,2428,dropoff_scan,2025-07-15 15:00,5
3666,2429,pickup_scan,2025-02-16 15:00,20
3667,2429,dropoff_scan,2025-02-18 09:00,12
3668,2430,pickup_scan,2025-05-20 11:00,7
3669,2430,dropoff_scan,2025-05-22 10:00,14
3670,2431,pickup_scan,2025-02-06 09:00,12
3671,2431,dropoff_scan,2025-02-11 16:00,22
3672,2432,pickup_scan,2025-09-05 02:00,13
3673,2432,dropoff_scan,2025-09-12 00:00,17
3674,2433,pickup_scan,2025-01-12 21:00,18
3675,2433,dropoff_scan,2025-01-19 05:00,16
3676,2434,pickup_scan,2025-08-10 21:00,8
3677,2434,dropoff_scan,2025-08-15 21:00,12
3678,2435,pickup_scan,2025-08-13 12:00,7
3679,2435,dropoff_scan,2025-08-15 11:00,8
3680,2436,pickup_scan,2025-11-15 14:00,4
3681,2437,pickup_scan,2025-04-17 09:00,5
3682,2438,pickup_scan,2025-02-16 21:00,19
3683,2438,dropoff_scan,2025-02-16 22:00,23
3684,2439,pickup_scan,2025-09-16 08:00,9
3685,2440,pickup_scan,2025-08-02 07:00,25
3686,2440,dropoff_scan,2025-08-02 17:00,11
3687,2441,pickup_scan,2025-02-26 11:00,23
3688,2442,pickup_scan,2025-08-16 00:00,8
3689,2443,pickup_scan,2025-05-10 08:00,25
3690,2443,dropoff_scan,2025-05-11 03:00,13
3691,2444,pickup_scan,2025-05-27 09:00,14
3692,2445,pickup_scan,2025-07-20 05:00,19
3693,2445,dropoff_scan,2025-07-25 08:00,20
3694,2446,pickup_scan,2025-11-03 21:00,4
3695,2446,dropoff_scan,2025-11-09 05:00,13
3696,2447,pickup_scan,2025-11-09 14:00,24
3697,2448,pickup_scan,2025-11-29 22:00,11
3698,2448,dropoff_scan,2025-12-05 15:00,16
3699,2450,pickup_scan,2025-05-07 09:00,25
3700,2450,dropoff_scan,2025-05-13 04:00,11
3701,2451,pickup_scan,2025-04-01 05:00,6
3702,2451,dropoff_scan,2025-04-06 07:00,5
3703,2452,pickup_scan,2025-05-03 04:00,5
3704,2452,dropoff_scan,2025-05-03 23:00,8
3705,2453,pickup_scan,2025-04-07 09:00,2
3706,2455,pickup_scan,2025-03-29 12:00,7
3707,2455,dropoff_scan,2025-03-29 11:00,24
3708,2457,pickup_scan,2025-05-18 21:00,1
3709,2457,dropoff_scan,2025-05-21 05:00,20
3710,2458,pickup_scan,2025-12-01 17:00,18
3711,2458,dropoff_scan,2025-12-02 03:00,16
3712,2459,pickup_scan,2025-02-25 12:00,10
3713,2460,pickup_scan,2025-07-28 12:00,14
3714,2461,pickup_scan,2025-08-22 11:00,23
3715,2462,pickup_scan,2025-03-14 17:00,11
3716,2463,pickup_scan,2025-08-21 11:00,6
3717,2463,dropoff_scan,2025-08-25 15:00,23
3718,2464,pickup_scan,2025-01-24 14:00,14
3719,2466,pickup_scan,2025-01-19 17:00,19
3720,2466,dropoff_scan,2025-01-21 09:00,4
3721,2467,pickup_scan,2025-06-02 07:00,17
3722,2467,dropoff_scan,2025-06-03 12:00,23
3723,2468,pickup_scan,2025-04-07 13:00,23
3724,2470,pickup_scan,2025-11-05 07:00,5
3725,2470,dropoff_scan,2025-11-09 13:00,17
3726,2471,pickup_scan,2025-03-21 20:00,1
3727,2471,dropoff_scan,2025-03-22 03:00,10
3728,2472,pickup_scan,2025-02-04 19:00,4
3729,2472,dropoff_scan,2025-02-07 14:00,4
3730,2473,pickup_scan,2025-08-11 16:00,7
3731,2474,pickup_scan,2025-08-24 05:00,7
3732,2474,dropoff_scan,2025-08-30 02:00,20
3733,2475,pickup_scan,2025-07-16 11:00,22
3734,2476,pickup_scan,2025-07-16 21:00,6
3735,2476,dropoff_scan,2025-07-20 08:00,19
3736,2477,pickup_scan,2025-03-30 21:00,3
3737,2477,dropoff_scan,2025-04-04 05:00,24
3738,2478,pickup_scan,2025-10-03 20:00,22
3739,2481,pickup_scan,2025-04-02 08:00,20
3740,2481,dropoff_scan,2025-04-04 18:00,13
3741,2482,pickup_scan,2025-12-15 22:00,12
3742,2483,pickup_scan,2025-03-22 20:00,6
3743,2483,dropoff_scan,2025-03-27 23:00,23
3744,2484,pickup_scan,2025-08-05 12:00,3
3745,2485,pickup_scan,2025-09-09 01:00,18
3746,2485,dropoff_scan,2025-09-09 13:00,3
3747,2486,pickup_scan,2025-07-26 23:00,18
3748,2486,dropoff_scan,2025-07-27 05:00,15
3749,2487,pickup_scan,2025-01-29 15:00,10
3750,2488,pickup_scan,2025-05-29 22:00,17
3751,2489,pickup_scan,2025-05-05 21:00,22
3752,2489,dropoff_scan,2025-05-11 02:00,11
3753,2490,pickup_scan,2025-10-31 04:00,12
3754,2490,dropoff_scan,2025-11-03 23:00,14
3755,2491,pickup_scan,2025-07-30 15:00,12
3756,2492,pickup_scan,2025-11-20 05:00,24
3757,2492,dropoff_scan,2025-11-26 17:00,13
3758,2494,pickup_scan,2025-08-19 06:00,22
3759,2494,dropoff_scan,2025-08-22 03:00,16
3760,2495,pickup_scan,2025-10-23 17:00,12
3761,2496,pickup_scan,2025-07-06 00:00,22
3762,2497,pickup_scan,2025-09-12 10:00,5
3763,2497,dropoff_scan,2025-09-13 16:00,13
3764,2498,pickup_scan,2025-10-11 12:00,3
3765,2498,dropoff_scan,2025-10-16 20:00,8
3766,2499,pickup_scan,2025-12-15 16:00,7
3767,2500,pickup_scan,2025-08-10 14:00,9
3768,2500,dropoff_scan,2025-08-10 19:00,18
3769,2501,pickup_scan,2025-05-17 08:00,4
3770,2501,dropoff_scan,2025-05-23 11:00,25
3771,2502,pickup_scan,2025-10-21 10:00,16
3772,2502,dropoff_scan,2025-10-27 08:00,19
3773,2503,pickup_scan,2025-11-18 22:00,9
3774,2505,pickup_scan,2025-04-06 10:00,25
3775,2505,dropoff_scan,2025-04-07 12:00,12
3776,2506,pickup_scan,2025-10-09 10:00,1
3777,2506,dropoff_scan,2025-10-14 08:00,13
3778,2507,pickup_scan,2025-04-03 19:00,13
3779,2508,pickup_scan,2025-02-19 08:00,23
3780,2508,dropoff_scan,2025-02-23 22:00,18
3781,2509,pickup_scan,2025-09-05 07:00,4
3782,2509,dropoff_scan,2025-09-05 16:00,12
3783,2510,pickup_scan,2025-01-11 16:00,11
3784,2511,pickup_scan,2025-10-21 17:00,22
3785,2512,pickup_scan,2025-04-14 05:00,3
3786,2513,pickup_scan,2026-01-01 02:00,21
3787,2513,dropoff_scan,2026-01-02 09:00,12
3788,2514,pickup_scan,2025-05-29 12:00,15
3789,2515,pickup_scan,2025-07-29 21:00,24
3790,2516,pickup_scan,2025-12-04 12:00,15
3791,2516,dropoff_scan,2025-12-10 15:00,12
3792,2517,pickup_scan,2025-09-17 16:00,22
3793,2518,pickup_scan,2025-03-22 12:00,9
3794,2519,pickup_scan,2025-08-06 14:00,7
3795,2520,pickup_scan,2025-07-12 07:00,9
3796,2520,dropoff_scan,2025-07-17 04:00,15
3797,2521,pickup_scan,2025-06-30 04:00,17
3798,2521,dropoff_scan,2025-06-30 15:00,12
3799,2522,pickup_scan,2025-04-16 16:00,1
3800,2522,dropoff_scan,2025-04-19 03:00,1
3801,2524,pickup_scan,2025-08-05 13:00,5
3802,2524,dropoff_scan,2025-08-09 00:00,4
3803,2525,pickup_scan,2025-12-17 10:00,6
3804,2526,pickup_scan,2025-05-29 07:00,17
3805,2526,dropoff_scan,2025-06-03 23:00,3
3806,2527,pickup_scan,2025-06-18 14:00,17
3807,2527,dropoff_scan,2025-06-20 02:00,23
3808,2528,pickup_scan,2025-11-08 20:00,20
3809,2529,pickup_scan,2025-08-30 07:00,7
3810,2530,pickup_scan,2025-01-18 13:00,18
3811,2531,pickup_scan,2025-12-19 15:00,16
3812,2532,pickup_scan,2025-12-19 20:00,10
3813,2532,dropoff_scan,2025-12-21 01:00,14
3814,2533,pickup_scan,2025-09-19 20:00,23
3815,2533,dropoff_scan,2025-09-24 10:00,16
3816,2535,pickup_scan,2025-11-19 20:00,24
3817,2535,dropoff_scan,2025-11-24 07:00,4
3818,2536,pickup_scan,2025-06-19 21:00,4
3819,2536,dropoff_scan,2025-06-19 19:00,21
3820,2537,pickup_scan,2025-08-25 17:00,22
3821,2537,dropoff_scan,2025-08-29 03:00,12
3822,2538,pickup_scan,2025-12-20 22:00,18
3823,2538,dropoff_scan,2025-12-21 19:00,14
3824,2540,pickup_scan,2025-08-31 18:00,24
3825,2540,dropoff_scan,2025-09-07 04:00,7
3826,2541,pickup_scan,2025-01-12 14:00,6
3827,2541,dropoff_scan,2025-01-17 14:00,23
3828,2542,pickup_scan,2025-12-18 02:00,21
3829,2542,dropoff_scan,2025-12-18 09:00,6
3830,2543,pickup_scan,2025-08-25 09:00,1
3831,2543,dropoff_scan,2025-08-29 00:00,23
3832,2544,pickup_scan,2025-02-15 19:00,21
3833,2544,dropoff_scan,2025-02-20 11:00,6
3834,2545,pickup_scan,2025-08-01 17:00,23
3835,2545,dropoff_scan,2025-08-03 22:00,2
3836,2546,pickup_scan,2025-06-14 18:00,6
3837,2547,pickup_scan,2025-08-22 18:00,20
3838,2547,dropoff_scan,2025-08-27 06:00,4
3839,2548,pickup_scan,2025-11-04 04:00,2
3840,2549,pickup_scan,2025-11-02 08:00,6
3841,2550,pickup_scan,2025-06-22 07:00,9
3842,2550,dropoff_scan,2025-06-25 00:00,21
3843,2551,pickup_scan,2025-10-10 08:00,16
3844,2552,pickup_scan,2025-02-22 10:00,5
3845,2552,dropoff_scan,2025-02-27 17:00,3
3846,2553,pickup_scan,2025-10-15 13:00,24
3847,2553,dropoff_scan,2025-10-21 06:00,10
3848,2554,pickup_scan,2025-10-30 12:00,18
3849,2554,dropoff_scan,2025-10-31 04:00,7
3850,2555,pickup_scan,2025-06-13 16:00,18
3851,2555,dropoff_scan,2025-06-19 05:00,20
3852,2556,pickup_scan,2025-01-12 11:00,15
3853,2557,pickup_scan,2025-08-30 05:00,19
3854,2557,dropoff_scan,2025-09-05 20:00,14
3855,2558,pickup_scan,2025-01-14 06:00,15
3856,2558,dropoff_scan,2025-01-17 12:00,9
3857,2559,pickup_scan,2025-02-23 21:00,8
3858,2559,dropoff_scan,2025-02-24 11:00,25
3859,2560,pickup_scan,2025-09-27 18:00,23
3860,2560,dropoff_scan,2025-09-28 18:00,16
3861,2561,pickup_scan,2025-02-20 19:00,5
3862,2561,dropoff_scan,2025-02-22 03:00,3
3863,2562,pickup_scan,2025-01-26 00:00,14
3864,2562,dropoff_scan,2025-01-28 17:00,15
3865,2563,pickup_scan,2025-08-27 09:00,21
3866,2564,pickup_scan,2025-09-20 13:00,24
3867,2564,dropoff_scan,2025-09-25 13:00,16
3868,2565,pickup_scan,2025-05-03 22:00,12
3869,2565,dropoff_scan,2025-05-06 05:00,9
3870,2566,pickup_scan,2025-03-23 18:00,2
3871,2567,pickup_scan,2025-01-29 20:00,24
3872,2569,pickup_scan,2025-10-27 10:00,18
3873,2570,pickup_scan,2025-10-01 19:00,5
3874,2570,dropoff_scan,2025-10-02 08:00,15
3875,2572,pickup_scan,2025-04-10 20:00,21
3876,2572,dropoff_scan,2025-04-13 11:00,3
3877,2574,pickup_scan,2025-09-07 03:00,14
3878,2575,pickup_scan,2025-10-14 16:00,11
3879,2576,pickup_scan,2025-10-04 16:00,4
3880,2576,dropoff_scan,2025-10-06 05:00,3
3881,2577,pickup_scan,2025-04-08 00:00,24
3882,2578,pickup_scan,2025-02-15 20:00,13
3883,2578,dropoff_scan,2025-02-20 12:00,11
3884,2579,pickup_scan,2025-11-07 23:00,22
3885,2580,pickup_scan,2025-01-03 15:00,8
3886,2580,dropoff_scan,2025-01-07 18:00,3
3887,2581,pickup_scan,2025-03-28 07:00,20
3888,2581,dropoff_scan,2025-03-28 17:00,11
3889,2582,pickup_scan,2025-06-08 06:00,3
3890,2582,dropoff_scan,2025-06-09 13:00,16
3891,2583,pickup_scan,2025-09-11 21:00,21
3892,2583,dropoff_scan,2025-09-18 07:00,16
3893,2584,pickup_scan,2025-04-25 08:00,11
3894,2584,dropoff_scan,2025-04-30 23:00,16
3895,2585,pickup_scan,2025-09-04 09:00,6
3896,2585,dropoff_scan,2025-09-09 16:00,2
3897,2586,pickup_scan,2025-07-12 07:00,1
3898,2586,dropoff_scan,2025-07-15 05:00,17
3899,2588,pickup_scan,2025-03-13 02:00,6
3900,2588,dropoff_scan,2025-03-17 14:00,8
3901,2589,pickup_scan,2025-06-25 11:00,14
3902,2589,dropoff_scan,2025-07-01 03:00,7
3903,2591,pickup_scan,2025-02-24 20:00,12
3904,2591,dropoff_scan,2025-03-02 15:00,2
3905,2592,pickup_scan,2025-02-14 22:00,7
3906,2592,dropoff_scan,2025-02-20 10:00,25
3907,2593,pickup_scan,2025-02-09 11:00,18
3908,2594,pickup_scan,2025-07-23 18:00,20
3909,2595,pickup_scan,2025-04-28 05:00,3
3910,2595,dropoff_scan,2025-05-02 01:00,1
3911,2596,pickup_scan,2025-06-13 04:00,22
3912,2596,dropoff_scan,2025-06-16 21:00,2
3913,2597,pickup_scan,2025-04-11 15:00,13
3914,2599,pickup_scan,2025-11-01 22:00,2
3915,2599,dropoff_scan,2025-11-01 22:00,17
3916,2601,pickup_scan,2025-05-20 08:00,24
3917,2601,dropoff_scan,2025-05-26 12:00,20
3918,2602,pickup_scan,2025-02-18 11:00,16
3919,2603,pickup_scan,2025-08-14 03:00,7
3920,2603,dropoff_scan,2025-08-13 23:00,20
3921,2604,pickup_scan,2025-03-26 18:00,25
3922,2604,dropoff_scan,2025-03-29 23:00,12
3923,2605,pickup_scan,2025-12-07 16:00,8
3924,2606,pickup_scan,2025-06-11 16:00,5
3925,2606,dropoff_scan,2025-06-12 02:00,11
3926,2607,pickup_scan,2025-04-17 10:00,8
3927,2607,dropoff_scan,2025-04-18 18:00,25
3928,2608,pickup_scan,2025-05-21 06:00,21
3929,2608,dropoff_scan,2025-05-24 19:00,12
3930,2609,pickup_scan,2025-01-15 19:00,14
3931,2609,dropoff_scan,2025-01-21 16:00,14
3932,2610,pickup_scan,2025-12-08 01:00,5
3933,2610,dropoff_scan,2025-12-14 00:00,16
3934,2611,pickup_scan,2025-06-17 01:00,18
3935,2611,dropoff_scan,2025-06-19 19:00,16
3936,2612,pickup_scan,2025-10-06 06:00,4
3937,2612,dropoff_scan,2025-10-12 00:00,16
3938,2613,pickup_scan,2025-12-12 22:00,6
3939,2615,pickup_scan,2025-09-06 18:00,17
3940,2615,dropoff_scan,2025-09-13 06:00,10
3941,2616,pickup_scan,2025-03-24 22:00,13
3942,2616,dropoff_scan,2025-03-27 18:00,24
3943,2617,pickup_scan,2025-01-18 05:00,7
3944,2617,dropoff_scan,2025-01-21 11:00,2
3945,2618,pickup_scan,2025-10-12 21:00,21
3946,2618,dropoff_scan,2025-10-15 03:00,7
3947,2619,pickup_scan,2025-09-22 03:00,5
3948,2621,pickup_scan,2025-08-19 08:00,19
3949,2621,dropoff_scan,2025-08-23 08:00,19
3950,2622,pickup_scan,2025-12-01 23:00,11
3951,2622,dropoff_scan,2025-12-06 03:00,11
3952,2623,pickup_scan,2025-11-21 08:00,3
3953,2623,dropoff_scan,2025-11-22 13:00,19
3954,2624,pickup_scan,2025-06-15 14:00,4
3955,2625,pickup_scan,2025-09-16 23:00,9
3956,2625,dropoff_scan,2025-09-21 18:00,4
3957,2626,pickup_scan,2025-02-20 06:00,10
3958,2626,dropoff_scan,2025-02-21 12:00,2
3959,2627,pickup_scan,2025-01-17 05:00,21
3960,2627,dropoff_scan,2025-01-21 18:00,1
3961,2628,pickup_scan,2025-02-05 13:00,24
3962,2628,dropoff_scan,2025-02-05 18:00,6
3963,2629,pickup_scan,2025-12-06 18:00,1
3964,2629,dropoff_scan,2025-12-10 14:00,9
3965,2630,pickup_scan,2025-11-23 22:00,6
3966,2630,dropoff_scan,2025-11-26 04:00,2
3967,2631,pickup_scan,2025-05-30 04:00,25
3968,2632,pickup_scan,2025-02-06 02:00,5
3969,2632,dropoff_scan,2025-02-11 08:00,20
3970,2634,pickup_scan,2025-06-10 10:00,20
3971,2634,dropoff_scan,2025-06-12 23:00,7
3972,2635,pickup_scan,2025-01-02 15:00,19
3973,2635,dropoff_scan,2025-01-04 06:00,2
3974,2637,pickup_scan,2025-08-01 23:00,21
3975,2638,pickup_scan,2025-11-14 01:00,5
3976,2638,dropoff_scan,2025-11-16 11:00,22
3977,2640,pickup_scan,2025-02-26 13:00,22
3978,2640,dropoff_scan,2025-03-02 18:00,20
3979,2641,pickup_scan,2025-11-16 16:00,1
3980,2641,dropoff_scan,2025-11-19 20:00,6
3981,2642,pickup_scan,2025-07-25 14:00,9
3982,2642,dropoff_scan,2025-07-28 16:00,21
3983,2643,pickup_scan,2025-09-13 07:00,23
3984,2644,pickup_scan,2025-12-24 20:00,14
3985,2644,dropoff_scan,2025-12-28 17:00,7
3986,2646,pickup_scan,2025-04-26 20:00,24
3987,2646,dropoff_scan,2025-05-01 06:00,1
3988,2647,pickup_scan,2025-06-26 19:00,25
3989,2649,pickup_scan,2025-12-27 20:00,5
3990,2649,dropoff_scan,2025-12-31 21:00,4
3991,2650,pickup_scan,2025-08-20 16:00,6
3992,2651,pickup_scan,2025-05-21 01:00,4
3993,2651,dropoff_scan,2025-05-25 15:00,5
3994,2653,pickup_scan,2025-10-17 16:00,20
3995,2654,pickup_scan,2025-11-27 01:00,5
3996,2654,dropoff_scan,2025-11-30 13:00,25
3997,2655,pickup_scan,2025-12-26 02:00,6
3998,2655,dropoff_scan,2025-12-30 22:00,16
3999,2656,pickup_scan,2025-04-09 03:00,18
4000,2656,dropoff_scan,2025-04-11 10:00,16
4001,2657,pickup_scan,2025-04-16 08:00,20
4002,2657,dropoff_scan,2025-04-20 11:00,23
4003,2659,pickup_scan,2025-02-22 17:00,12
4004,2659,dropoff_scan,2025-02-24 08:00,16
4005,2662,pickup_scan,2025-04-28 23:00,15
4006,2662,dropoff_scan,2025-05-03 08:00,3
4007,2663,pickup_scan,2025-08-11 01:00,3
4008,2663,dropoff_scan,2025-08-11 22:00,3
4009,2664,pickup_scan,2025-11-07 15:00,14
4010,2664,dropoff_scan,2025-11-12 11:00,17
4011,2665,pickup_scan,2025-06-15 13:00,16
4012,2665,dropoff_scan,2025-06-20 22:00,4
4013,2666,pickup_scan,2025-03-07 01:00,16
4014,2666,dropoff_scan,2025-03-08 18:00,7
4015,2667,pickup_scan,2025-02-04 10:00,16
4016,2667,dropoff_scan,2025-02-05 04:00,13
4017,2668,pickup_scan,2025-09-09 21:00,15
4018,2668,dropoff_scan,2025-09-11 04:00,1
4019,2669,pickup_scan,2025-12-13 02:00,14
4020,2669,dropoff_scan,2025-12-18 10:00,16
4021,2670,pickup_scan,2025-05-09 06:00,20
4022,2672,pickup_scan,2025-12-16 07:00,24
4023,2673,pickup_scan,2025-05-26 02:00,5
4024,2673,dropoff_scan,2025-05-29 01:00,25
4025,2674,pickup_scan,2025-07-31 19:00,4
4026,2674,dropoff_scan,2025-08-03 16:00,25
4027,2675,pickup_scan,2025-05-13 14:00,6
4028,2675,dropoff_scan,2025-05-19 15:00,23
4029,2676,pickup_scan,2025-02-11 01:00,16
4030,2677,pickup_scan,2025-02-19 20:00,24
4031,2678,pickup_scan,2025-03-02 01:00,23
4032,2678,dropoff_scan,2025-03-05 11:00,16
4033,2679,pickup_scan,2025-02-06 20:00,23
4034,2679,dropoff_scan,2025-02-10 23:00,25
4035,2680,pickup_scan,2025-04-05 18:00,11
4036,2680,dropoff_scan,2025-04-05 20:00,21
4037,2681,pickup_scan,2025-12-03 04:00,17
4038,2683,pickup_scan,2025-12-10 09:00,17
4039,2683,dropoff_scan,2025-12-14 22:00,1
4040,2684,pickup_scan,2025-03-21 17:00,4
4041,2684,dropoff_scan,2025-03-27 23:00,16
4042,2685,pickup_scan,2025-05-16 03:00,23
4043,2685,dropoff_scan,2025-05-18 06:00,15
4044,2686,pickup_scan,2025-01-20 10:00,3
4045,2688,pickup_scan,2025-01-05 01:00,2
4046,2688,dropoff_scan,2025-01-05 23:00,15
4047,2689,pickup_scan,2025-07-17 09:00,11
4048,2689,dropoff_scan,2025-07-24 06:00,17
4049,2690,pickup_scan,2025-11-06 02:00,13
4050,2691,pickup_scan,2025-04-30 11:00,16
4051,2691,dropoff_scan,2025-05-06 12:00,22
4052,2692,pickup_scan,2025-01-03 23:00,20
4053,2693,pickup_scan,2025-06-23 13:00,22
4054,2693,dropoff_scan,2025-06-30 06:00,2
4055,2694,pickup_scan,2025-04-28 01:00,16
4056,2695,pickup_scan,2025-10-16 21:00,3
4057,2695,dropoff_scan,2025-10-22 19:00,5
4058,2696,pickup_scan,2025-08-09 11:00,9
4059,2696,dropoff_scan,2025-08-13 08:00,5
4060,2697,pickup_scan,2025-11-16 13:00,23
4061,2697,dropoff_scan,2025-11-20 00:00,14
4062,2698,pickup_scan,2025-02-03 13:00,8
4063,2699,pickup_scan,2025-07-09 15:00,11
4064,2699,dropoff_scan,2025-07-16 09:00,10
4065,2700,pickup_scan,2025-08-19 18:00,25
4066,2700,dropoff_scan,2025-08-20 23:00,3
4067,2702,pickup_scan,2025-05-09 10:00,9
4068,2702,dropoff_scan,2025-05-11 02:00,22
4069,2703,pickup_scan,2025-04-07 09:00,23
4070,2704,pickup_scan,2025-08-05 22:00,9
4071,2704,dropoff_scan,2025-08-10 02:00,2
4072,2705,pickup_scan,2025-03-24 10:00,2
4073,2705,dropoff_scan,2025-03-25 15:00,17
4074,2706,pickup_scan,2025-10-27 13:00,21
4075,2707,pickup_scan,2025-06-26 12:00,17
4076,2707,dropoff_scan,2025-06-30 17:00,19
4077,2708,pickup_scan,2025-05-22 03:00,2
4078,2708,dropoff_scan,2025-05-28 07:00,7
4079,2709,pickup_scan,2025-02-21 23:00,21
4080,2710,pickup_scan,2025-03-15 15:00,1
4081,2711,pickup_scan,2025-01-28 08:00,5
4082,2712,pickup_scan,2025-05-22 18:00,17
4083,2712,dropoff_scan,2025-05-28 22:00,17
4084,2713,pickup_scan,2025-07-29 09:00,5
4085,2713,dropoff_scan,2025-08-02 10:00,20
4086,2714,pickup_scan,2025-06-24 04:00,5
4087,2714,dropoff_scan,2025-06-27 16:00,5
4088,2715,pickup_scan,2025-09-21 17:00,15
4089,2715,dropoff_scan,2025-09-23 07:00,1
4090,2716,pickup_scan,2025-09-01 10:00,2
4091,2716,dropoff_scan,2025-09-05 13:00,6
4092,2717,pickup_scan,2025-11-25 02:00,5
4093,2718,pickup_scan,2025-07-22 11:00,17
4094,2718,dropoff_scan,2025-07-25 00:00,8
4095,2719,pickup_scan,2025-12-28 07:00,12
4096,2719,dropoff_scan,2026-01-02 18:00,5
4097,2720,pickup_scan,2025-04-04 15:00,24
4098,2721,pickup_scan,2025-05-08 08:00,23
4099,2721,dropoff_scan,2025-05-13 21:00,5
4100,2722,pickup_scan,2025-11-19 20:00,24
4101,2722,dropoff_scan,2025-11-25 08:00,1
4102,2723,pickup_scan,2025-02-03 22:00,6
4103,2724,pickup_scan,2025-10-09 02:00,15
4104,2724,dropoff_scan,2025-10-12 20:00,20
4105,2725,pickup_scan,2025-09-21 00:00,21
4106,2726,pickup_scan,2025-05-02 14:00,2
4107,2726,dropoff_scan,2025-05-04 01:00,22
4108,2727,pickup_scan,2025-07-07 05:00,18
4109,2727,dropoff_scan,2025-07-12 06:00,19
4110,2728,pickup_scan,2025-01-28 22:00,4
4111,2729,pickup_scan,2025-12-05 09:00,13
4112,2730,pickup_scan,2025-06-29 14:00,18
4113,2730,dropoff_scan,2025-07-05 20:00,6
4114,2731,pickup_scan,2025-05-12 06:00,24
4115,2732,pickup_scan,2025-08-13 05:00,6
4116,2732,dropoff_scan,2025-08-13 22:00,1
4117,2733,pickup_scan,2025-01-25 02:00,9
4118,2733,dropoff_scan,2025-01-30 20:00,12
4119,2734,pickup_scan,2025-06-20 10:00,25
4120,2735,pickup_scan,2025-11-02 23:00,17
4121,2735,dropoff_scan,2025-11-05 23:00,3
4122,2736,pickup_scan,2025-10-15 03:00,17
4123,2736,dropoff_scan,2025-10-20 22:00,10
4124,2737,pickup_scan,2025-03-04 09:00,9
4125,2737,dropoff_scan,2025-03-09 23:00,23
4126,2738,pickup_scan,2025-08-12 16:00,11
4127,2738,dropoff_scan,2025-08-15 20:00,10
4128,2739,pickup_scan,2025-07-29 18:00,21
4129,2740,pickup_scan,2025-11-12 11:00,17
4130,2740,dropoff_scan,2025-11-13 21:00,9
4131,2741,pickup_scan,2025-10-04 11:00,4
4132,2741,dropoff_scan,2025-10-10 02:00,22
4133,2742,pickup_scan,2025-02-22 13:00,15
4134,2742,dropoff_scan,2025-02-25 10:00,10
4135,2743,pickup_scan,2025-12-25 15:00,20
4136,2743,dropoff_scan,2025-12-29 08:00,2
4137,2744,pickup_scan,2025-12-06 02:00,23
4138,2744,dropoff_scan,2025-12-11 03:00,14
4139,2745,pickup_scan,2025-05-06 19:00,3
4140,2746,pickup_scan,2025-08-16 14:00,1
4141,2747,pickup_scan,2025-03-16 13:00,15
4142,2747,dropoff_scan,2025-03-19 09:00,22
4143,2748,pickup_scan,2025-06-15 06:00,15
4144,2748,dropoff_scan,2025-06-17 05:00,22
4145,2749,pickup_scan,2025-04-27 20:00,19
4146,2749,dropoff_scan,2025-04-28 19:00,4
4147,2750,pickup_scan,2025-12-19 07:00,9
4148,2750,dropoff_scan,2025-12-25 05:00,25
4149,2751,pickup_scan,2025-09-17 18:00,7
4150,2752,pickup_scan,2025-04-09 20:00,25
4151,2752,dropoff_scan,2025-04-11 20:00,18
4152,2754,pickup_scan,2025-10-02 08:00,7
4153,2754,dropoff_scan,2025-10-04 05:00,2
4154,2755,pickup_scan,2025-09-03 11:00,10
4155,2755,dropoff_scan,2025-09-07 23:00,15
4156,2756,pickup_scan,2025-10-21 12:00,19
4157,2756,dropoff_scan,2025-10-22 22:00,19
4158,2757,pickup_scan,2025-06-19 18:00,14
4159,2757,dropoff_scan,2025-06-21 07:00,6
4160,2758,pickup_scan,2025-01-05 16:00,13
4161,2758,dropoff_scan,2025-01-10 07:00,1
4162,2759,pickup_scan,2025-06-14 22:00,19
4163,2760,pickup_scan,2025-04-14 00:00,22
4164,2760,dropoff_scan,2025-04-21 00:00,3
4165,2762,pickup_scan,2025-04-26 21:00,11
4166,2762,dropoff_scan,2025-05-02 19:00,5
4167,2763,pickup_scan,2025-09-28 21:00,17
4168,2763,dropoff_scan,2025-10-04 20:00,1
4169,2764,pickup_scan,2025-04-07 18:00,20
4170,2764,dropoff_scan,2025-04-12 20:00,3
4171,2765,pickup_scan,2025-10-19 23:00,10
4172,2765,dropoff_scan,2025-10-23 21:00,12
4173,2766,pickup_scan,2025-01-05 06:00,21
4174,2767,pickup_scan,2025-09-14 11:00,17
4175,2767,dropoff_scan,2025-09-18 20:00,24
4176,2768,pickup_scan,2025-03-23 22:00,16
4177,2768,dropoff_scan,2025-03-24 15:00,21
4178,2769,pickup_scan,2025-11-27 08:00,19
4179,2769,dropoff_scan,2025-12-02 21:00,20
4180,2770,pickup_scan,2025-05-16 05:00,8
4181,2770,dropoff_scan,2025-05-18 13:00,14
4182,2771,pickup_scan,2025-01-09 07:00,15
4183,2771,dropoff_scan,2025-01-12 22:00,22
4184,2772,pickup_scan,2025-06-01 10:00,10
4185,2772,dropoff_scan,2025-06-02 12:00,18
4186,2774,pickup_scan,2025-06-01 12:00,25
4187,2774,dropoff_scan,2025-06-02 16:00,16
4188,2775,pickup_scan,2025-06-17 00:00,1
4189,2775,dropoff_scan,2025-06-22 02:00,21
4190,2776,pickup_scan,2025-12-20 04:00,5
4191,2777,pickup_scan,2025-11-09 06:00,25
4192,2777,dropoff_scan,2025-11-14 11:00,1
4193,2778,pickup_scan,2025-12-20 23:00,7
4194,2778,dropoff_scan,2025-12-22 16:00,24
4195,2779,pickup_scan,2025-08-30 10:00,6
4196,2780,pickup_scan,2025-10-25 08:00,21
4197,2780,dropoff_scan,2025-10-30 08:00,16
4198,2781,pickup_scan,2025-04-23 16:00,18
4199,2781,dropoff_scan,2025-04-25 08:00,8
4200,2782,pickup_scan,2025-12-02 18:00,21
4201,2782,dropoff_scan,2025-12-07 05:00,3
4202,2784,pickup_scan,2025-09-05 13:00,16
4203,2784,dropoff_scan,2025-09-07 03:00,13
4204,2785,pickup_scan,2025-12-26 17:00,23
4205,2785,dropoff_scan,2026-01-01 02:00,17
4206,2786,pickup_scan,2025-10-25 13:00,5
4207,2786,dropoff_scan,2025-10-29 13:00,25
4208,2787,pickup_scan,2025-04-18 10:00,8
4209,2787,dropoff_scan,2025-04-22 16:00,16
4210,2788,pickup_scan,2025-07-27 01:00,15
4211,2789,pickup_scan,2025-09-01 10:00,16
4212,2791,pickup_scan,2025-05-07 21:00,16
4213,2791,dropoff_scan,2025-05-10 12:00,2
4214,2792,pickup_scan,2025-11-03 15:00,5
4215,2792,dropoff_scan,2025-11-05 22:00,22
4216,2793,pickup_scan,2025-12-29 16:00,18
4217,2793,dropoff_scan,2026-01-01 11:00,22
4218,2794,pickup_scan,2025-05-16 05:00,1
4219,2794,dropoff_scan,2025-05-16 12:00,3
4220,2795,pickup_scan,2025-10-06 16:00,18
4221,2795,dropoff_scan,2025-10-09 16:00,19
4222,2796,pickup_scan,2025-01-05 07:00,16
4223,2796,dropoff_scan,2025-01-06 02:00,13
4224,2797,pickup_scan,2025-05-29 19:00,13
4225,2797,dropoff_scan,2025-06-05 08:00,7
4226,2798,pickup_scan,2025-05-01 21:00,15
4227,2799,pickup_scan,2025-06-19 12:00,16
4228,2800,pickup_scan,2025-02-20 06:00,2
4229,2800,dropoff_scan,2025-02-20 17:00,1
4230,2801,pickup_scan,2025-11-21 08:00,18
4231,2802,pickup_scan,2025-03-14 03:00,6
4232,2802,dropoff_scan,2025-03-14 18:00,6
4233,2803,pickup_scan,2025-08-02 08:00,12
4234,2803,dropoff_scan,2025-08-03 21:00,15
4235,2804,pickup_scan,2025-08-27 00:00,23
4236,2804,dropoff_scan,2025-08-30 19:00,24
4237,2805,pickup_scan,2025-06-16 08:00,16
4238,2805,dropoff_scan,2025-06-22 10:00,13
4239,2806,pickup_scan,2025-02-17 22:00,18
4240,2806,dropoff_scan,2025-02-18 22:00,11
4241,2807,pickup_scan,2025-04-25 12:00,14
4242,2808,pickup_scan,2025-11-13 12:00,11
4243,2808,dropoff_scan,2025-11-14 01:00,23
4244,2809,pickup_scan,2025-04-03 11:00,4
4245,2809,dropoff_scan,2025-04-08 09:00,3
4246,2810,pickup_scan,2025-07-21 11:00,8
4247,2810,dropoff_scan,2025-07-26 04:00,1
4248,2811,pickup_scan,2025-10-27 12:00,8
4249,2811,dropoff_scan,2025-11-01 09:00,1
4250,2812,pickup_scan,2025-04-19 00:00,2
4251,2813,pickup_scan,2025-02-03 20:00,21
4252,2813,dropoff_scan,2025-02-05 10:00,22
4253,2814,pickup_scan,2025-05-04 20:00,5
4254,2815,pickup_scan,2025-10-24 06:00,22
4255,2815,dropoff_scan,2025-10-28 02:00,8
4256,2816,pickup_scan,2025-08-05 18:00,10
4257,2816,dropoff_scan,2025-08-11 07:00,20
4258,2817,pickup_scan,2025-08-28 01:00,12
4259,2817,dropoff_scan,2025-08-31 18:00,3
4260,2818,pickup_scan,2025-03-13 19:00,21
4261,2818,dropoff_scan,2025-03-17 06:00,18
4262,2819,pickup_scan,2025-11-28 12:00,19
4263,2819,dropoff_scan,2025-12-02 13:00,24
4264,2821,pickup_scan,2025-12-27 22:00,21
4265,2822,pickup_scan,2025-02-19 21:00,15
4266,2822,dropoff_scan,2025-02-21 07:00,14
4267,2823,pickup_scan,2025-06-20 17:00,19
4268,2823,dropoff_scan,2025-06-22 13:00,20
4269,2824,pickup_scan,2025-02-15 19:00,7
4270,2825,pickup_scan,2025-06-05 12:00,1
4271,2826,pickup_scan,2025-01-21 07:00,23
4272,2827,pickup_scan,2025-01-01 20:00,21
4273,2828,pickup_scan,2025-09-25 00:00,8
4274,2829,pickup_scan,2025-02-05 04:00,15
4275,2830,pickup_scan,2025-11-27 07:00,25
4276,2831,pickup_scan,2025-09-27 11:00,5
4277,2831,dropoff_scan,2025-09-30 10:00,2
4278,2832,pickup_scan,2025-08-04 14:00,12
4279,2832,dropoff_scan,2025-08-07 03:00,24
4280,2834,pickup_scan,2025-03-21 14:00,9
4281,2835,pickup_scan,2025-09-08 08:00,21
4282,2835,dropoff_scan,2025-09-13 11:00,14
4283,2836,pickup_scan,2025-07-03 03:00,1
4284,2836,dropoff_scan,2025-07-06 04:00,5
4285,2837,pickup_scan,2025-03-11 18:00,19
4286,2837,dropoff_scan,2025-03-13 13:00,22
4287,2838,pickup_scan,2025-01-16 12:00,9
4288,2840,pickup_scan,2025-06-16 11:00,23
4289,2840,dropoff_scan,2025-06-20 02:00,11
4290,2841,pickup_scan,2025-04-24 14:00,9
4291,2843,pickup_scan,2025-08-03 03:00,5
4292,2843,dropoff_scan,2025-08-09 09:00,6
4293,2844,pickup_scan,2025-05-06 12:00,17
4294,2844,dropoff_scan,2025-05-06 18:00,14
4295,2845,pickup_scan,2025-02-16 13:00,20
4296,2845,dropoff_scan,2025-02-22 12:00,7
4297,2846,pickup_scan,2025-02-11 10:00,14
4298,2846,dropoff_scan,2025-02-16 07:00,15
4299,2847,pickup_scan,2025-01-19 18:00,5
4300,2847,dropoff_scan,2025-01-26 13:00,3
4301,2848,pickup_scan,2025-03-03 22:00,13
4302,2848,dropoff_scan,2025-03-09 17:00,25
4303,2849,pickup_scan,2025-01-17 23:00,20
4304,2849,dropoff_scan,2025-01-24 08:00,23
4305,2850,pickup_scan,2025-12-09 01:00,6
4306,2850,dropoff_scan,2025-12-13 15:00,15
4307,2851,pickup_scan,2025-08-22 16:00,21
4308,2852,pickup_scan,2025-05-13 16:00,3
4309,2852,dropoff_scan,2025-05-20 01:00,24
4310,2853,pickup_scan,2025-11-22 15:00,4
4311,2853,dropoff_scan,2025-11-28 07:00,11
4312,2854,pickup_scan,2025-02-17 15:00,20
4313,2855,pickup_scan,2025-08-31 13:00,18
4314,2855,dropoff_scan,2025-09-04 11:00,12
4315,2856,pickup_scan,2025-07-04 10:00,4
4316,2856,dropoff_scan,2025-07-05 06:00,23
4317,2857,pickup_scan,2025-05-26 03:00,1
4318,2857,dropoff_scan,2025-05-27 07:00,13
4319,2859,pickup_scan,2025-02-14 05:00,25
4320,2859,dropoff_scan,2025-02-17 18:00,13
4321,2861,pickup_scan,2025-01-31 21:00,6
4322,2861,dropoff_scan,2025-02-06 13:00,15
4323,2862,pickup_scan,2025-02-05 19:00,14
4324,2862,dropoff_scan,2025-02-12 07:00,7
4325,2863,pickup_scan,2025-07-06 22:00,13
4326,2864,pickup_scan,2025-01-31 00:00,14
4327,2864,dropoff_scan,2025-02-03 04:00,9
4328,2865,pickup_scan,2025-04-13 12:00,5
4329,2865,dropoff_scan,2025-04-13 07:00,19
4330,2866,pickup_scan,2025-11-16 18:00,20
4331,2866,dropoff_scan,2025-11-23 17:00,3
4332,2867,pickup_scan,2025-06-25 09:00,12
4333,2868,pickup_scan,2025-06-02 06:00,25
4334,2868,dropoff_scan,2025-06-04 12:00,19
4335,2869,pickup_scan,2025-06-19 19:00,15
4336,2869,dropoff_scan,2025-06-22 07:00,3
4337,2870,pickup_scan,2025-11-10 12:00,15
4338,2870,dropoff_scan,2025-11-11 06:00,18
4339,2871,pickup_scan,2025-08-28 11:00,9
4340,2871,dropoff_scan,2025-08-29 21:00,8
4341,2872,pickup_scan,2025-11-28 00:00,23
4342,2872,dropoff_scan,2025-12-04 12:00,22
4343,2873,pickup_scan,2025-11-09 06:00,4
4344,2873,dropoff_scan,2025-11-11 06:00,13
4345,2874,pickup_scan,2025-05-02 11:00,12
4346,2874,dropoff_scan,2025-05-07 15:00,22
4347,2875,pickup_scan,2025-02-23 10:00,24
4348,2876,pickup_scan,2025-08-06 01:00,7
4349,2877,pickup_scan,2025-06-19 03:00,20
4350,2877,dropoff_scan,2025-06-21 19:00,11
4351,2878,pickup_scan,2025-01-06 02:00,21
4352,2878,dropoff_scan,2025-01-11 21:00,6
4353,2879,pickup_scan,2025-05-16 07:00,5
4354,2879,dropoff_scan,2025-05-18 06:00,17
4355,2881,pickup_scan,2025-04-28 07:00,13
4356,2881,dropoff_scan,2025-05-03 21:00,17
4357,2882,pickup_scan,2025-06-29 23:00,7
4358,2882,dropoff_scan,2025-07-01 07:00,7
4359,2883,pickup_scan,2025-05-06 05:00,22
4360,2883,dropoff_scan,2025-05-11 18:00,21
4361,2884,pickup_scan,2025-01-07 15:00,5
4362,2884,dropoff_scan,2025-01-08 16:00,15
4363,2885,pickup_scan,2025-06-19 08:00,14
4364,2885,dropoff_scan,2025-06-21 06:00,18
4365,2886,pickup_scan,2025-11-08 06:00,10
4366,2886,dropoff_scan,2025-11-09 05:00,6
4367,2887,pickup_scan,2025-03-07 09:00,1
4368,2887,dropoff_scan,2025-03-10 03:00,1
4369,2888,pickup_scan,2025-09-10 06:00,7
4370,2888,dropoff_scan,2025-09-11 07:00,17
4371,2889,pickup_scan,2025-03-01 11:00,16
4372,2889,dropoff_scan,2025-03-02 23:00,8
4373,2890,pickup_scan,2025-08-24 02:00,5
4374,2890,dropoff_scan,2025-08-24 05:00,8
4375,2891,pickup_scan,2025-06-08 11:00,23
4376,2891,dropoff_scan,2025-06-12 18:00,24
4377,2893,pickup_scan,2025-06-21 10:00,12
4378,2893,dropoff_scan,2025-06-26 07:00,13
4379,2894,pickup_scan,2025-03-04 02:00,9
4380,2895,pickup_scan,2025-10-10 09:00,25
4381,2895,dropoff_scan,2025-10-11 12:00,14
4382,2896,pickup_scan,2025-03-07 15:00,2
4383,2896,dropoff_scan,2025-03-11 19:00,19
4384,2897,pickup_scan,2025-07-25 02:00,20
4385,2898,pickup_scan,2025-11-23 05:00,5
4386,2898,dropoff_scan,2025-11-27 05:00,22
4387,2899,pickup_scan,2025-02-01 22:00,3
4388,2899,dropoff_scan,2025-02-04 06:00,6
4389,2900,pickup_scan,2025-08-06 21:00,18
4390,2900,dropoff_scan,2025-08-12 18:00,14
4391,2901,pickup_scan,2025-08-10 05:00,19
4392,2901,dropoff_scan,2025-08-13 20:00,4
4393,2902,pickup_scan,2025-05-26 03:00,15
4394,2902,dropoff_scan,2025-05-29 20:00,23
4395,2903,pickup_scan,2025-02-26 08:00,23
4396,2903,dropoff_scan,2025-03-02 07:00,22
4397,2904,pickup_scan,2025-12-31 05:00,24
4398,2906,pickup_scan,2025-06-26 06:00,23
4399,2906,dropoff_scan,2025-06-28 04:00,12
4400,2907,pickup_scan,2025-03-19 21:00,20
4401,2907,dropoff_scan,2025-03-20 10:00,13
4402,2908,pickup_scan,2025-09-10 22:00,22
4403,2908,dropoff_scan,2025-09-14 17:00,15
4404,2909,pickup_scan,2025-01-08 05:00,9
4405,2909,dropoff_scan,2025-01-08 02:00,3
4406,2910,pickup_scan,2025-11-13 21:00,14
4407,2910,dropoff_scan,2025-11-17 15:00,14
4408,2911,pickup_scan,2025-11-28 08:00,10
4409,2912,pickup_scan,2025-12-22 08:00,23
4410,2914,pickup_scan,2025-01-10 10:00,20
4411,2914,dropoff_scan,2025-01-14 21:00,13
4412,2916,pickup_scan,2025-01-12 09:00,10
4413,2916,dropoff_scan,2025-01-17 01:00,10
4414,2917,pickup_scan,2025-06-12 00:00,25
4415,2917,dropoff_scan,2025-06-15 00:00,16
4416,2918,pickup_scan,2025-04-17 18:00,15
4417,2918,dropoff_scan,2025-04-22 17:00,4
4418,2919,pickup_scan,2025-11-02 02:00,20
4419,2919,dropoff_scan,2025-11-02 21:00,4
4420,2920,pickup_scan,2025-07-16 03:00,17
4421,2920,dropoff_scan,2025-07-18 09:00,22
4422,2921,pickup_scan,2025-11-21 06:00,8
4423,2922,pickup_scan,2025-08-28 04:00,25
4424,2924,pickup_scan,2025-04-19 11:00,15
4425,2924,dropoff_scan,2025-04-23 23:00,14
4426,2925,pickup_scan,2025-06-03 02:00,23
4427,2925,dropoff_scan,2025-06-03 12:00,7
4428,2926,pickup_scan,2025-12-02 02:00,10
4429,2927,pickup_scan,2025-04-06 17:00,5
4430,2927,dropoff_scan,2025-04-12 11:00,22
4431,2928,pickup_scan,2025-06-18 03:00,19
4432,2929,pickup_scan,2025-07-06 01:00,11
4433,2929,dropoff_scan,2025-07-05 22:00,19
4434,2930,pickup_scan,2025-08-11 06:00,7
4435,2930,dropoff_scan,2025-08-14 13:00,24
4436,2931,pickup_scan,2025-05-27 11:00,17
4437,2932,pickup_scan,2025-09-08 18:00,20
4438,2932,dropoff_scan,2025-09-13 21:00,9
4439,2933,pickup_scan,2025-11-01 20:00,18
4440,2933,dropoff_scan,2025-11-03 04:00,20
4441,2934,pickup_scan,2025-02-19 16:00,18
4442,2934,dropoff_scan,2025-02-23 17:00,18
4443,2935,pickup_scan,2025-05-29 09:00,7
4444,2935,dropoff_scan,2025-06-01 18:00,7
4445,2936,pickup_scan,2025-11-19 19:00,18
4446,2936,dropoff_scan,2025-11-25 17:00,22
4447,2937,pickup_scan,2025-11-14 23:00,9
4448,2938,pickup_scan,2025-01-12 22:00,17
4449,2938,dropoff_scan,2025-01-18 18:00,19
4450,2939,pickup_scan,2025-03-13 19:00,21
4451,2939,dropoff_scan,2025-03-14 05:00,2
4452,2940,pickup_scan,2025-07-29 08:00,20
4453,2942,pickup_scan,2025-02-26 14:00,8
4454,2942,dropoff_scan,2025-03-01 18:00,1
4455,2943,pickup_scan,2025-06-13 08:00,4
4456,2944,pickup_scan,2025-10-04 01:00,15
4457,2945,pickup_scan,2025-12-31 13:00,6
4458,2945,dropoff_scan,2025-12-31 22:00,4
4459,2946,pickup_scan,2025-04-25 07:00,12
4460,2946,dropoff_scan,2025-04-25 17:00,3
4461,2947,pickup_scan,2025-07-28 15:00,11
4462,2947,dropoff_scan,2025-07-31 16:00,16
4463,2948,pickup_scan,2025-10-27 16:00,19
4464,2948,dropoff_scan,2025-11-01 12:00,14
4465,2951,pickup_scan,2025-04-06 04:00,15
4466,2951,dropoff_scan,2025-04-11 15:00,11
4467,2952,pickup_scan,2025-10-03 02:00,24
4468,2953,pickup_scan,2025-08-30 04:00,5
4469,2953,dropoff_scan,2025-08-31 07:00,9
4470,2954,pickup_scan,2025-05-30 08:00,21
4471,2954,dropoff_scan,2025-05-30 16:00,20
4472,2955,pickup_scan,2025-07-16 06:00,16
4473,2956,pickup_scan,2025-07-03 21:00,17
4474,2957,pickup_scan,2025-05-25 03:00,6
4475,2957,dropoff_scan,2025-05-29 00:00,19
4476,2958,pickup_scan,2025-10-16 10:00,19
4477,2958,dropoff_scan,2025-10-20 01:00,13
4478,2959,pickup_scan,2025-08-12 09:00,15
4479,2960,pickup_scan,2025-02-08 12:00,17
4480,2960,dropoff_scan,2025-02-10 04:00,22
4481,2961,pickup_scan,2025-08-17 06:00,16
4482,2961,dropoff_scan,2025-08-17 14:00,2
4483,2962,pickup_scan,2025-04-19 05:00,19
4484,2962,dropoff_scan,2025-04-21 01:00,5
4485,2963,pickup_scan,2025-11-03 14:00,5
4486,2964,pickup_scan,2025-06-28 07:00,11
4487,2965,pickup_scan,2025-03-30 00:00,18
4488,2965,dropoff_scan,2025-04-05 01:00,10
4489,2966,pickup_scan,2025-05-17 21:00,6
4490,2966,dropoff_scan,2025-05-19 15:00,9
4491,2968,pickup_scan,2025-01-28 12:00,23
4492,2968,dropoff_scan,2025-01-31 12:00,18
4493,2969,pickup_scan,2025-03-11 05:00,14
4494,2969,dropoff_scan,2025-03-15 20:00,4
4495,2970,pickup_scan,2025-09-03 04:00,13
4496,2971,pickup_scan,2025-10-05 01:00,12
4497,2971,dropoff_scan,2025-10-07 21:00,17
4498,2972,pickup_scan,2025-09-10 15:00,23
4499,2972,dropoff_scan,2025-09-12 03:00,18
4500,2973,pickup_scan,2025-02-26 01:00,3
4501,2973,dropoff_scan,2025-03-03 04:00,10
4502,2974,pickup_scan,2025-06-04 07:00,7
4503,2975,pickup_scan,2025-03-02 23:00,4
4504,2976,pickup_scan,2025-03-06 17:00,21
4505,2978,pickup_scan,2025-03-23 14:00,2
4506,2978,dropoff_scan,2025-03-25 08:00,10
4507,2979,pickup_scan,2025-06-17 12:00,21
4508,2979,dropoff_scan,2025-06-20 02:00,10
4509,2980,pickup_scan,2025-11-01 03:00,9
4510,2980,dropoff_scan,2025-11-05 21:00,20
4511,2981,pickup_scan,2025-08-30 02:00,9
4512,2981,dropoff_scan,2025-08-31 20:00,17
4513,2982,pickup_scan,2025-06-22 16:00,24
4514,2982,dropoff_scan,2025-06-24 15:00,2
4515,2983,pickup_scan,2025-11-20 00:00,8
4516,2983,dropoff_scan,2025-11-20 17:00,8
4517,2984,pickup_scan,2025-08-05 02:00,2
4518,2985,pickup_scan,2025-09-26 05:00,6
4519,2986,pickup_scan,2025-01-22 01:00,2
4520,2987,pickup_scan,2025-08-04 08:00,9
4521,2988,pickup_scan,2025-09-30 21:00,13
4522,2988,dropoff_scan,2025-10-06 14:00,7
4523,2989,pickup_scan,2025-03-11 02:00,8
4524,2989,dropoff_scan,2025-03-11 05:00,1
4525,2990,pickup_scan,2025-07-11 19:00,5
4526,2990,dropoff_scan,2025-07-14 07:00,13
4527,2992,pickup_scan,2025-11-21 02:00,25
4528,2992,dropoff_scan,2025-11-23 16:00,1
4529,2993,pickup_scan,2025-10-09 02:00,6
4530,2994,pickup_scan,2025-02-27 08:00,5
4531,2994,dropoff_scan,2025-02-27 09:00,9
4532,2995,pickup_scan,2025-11-11 06:00,9
4533,2996,pickup_scan,2025-08-18 22:00,2
4534,2996,dropoff_scan,2025-08-21 21:00,3
4535,2997,pickup_scan,2025-07-11 09:00,20
4536,2997,dropoff_scan,2025-07-15 02:00,14
4537,2998,pickup_scan,2025-06-07 23:00,13
4538,2998,dropoff_scan,2025-06-13 22:00,5
4539,2999,pickup_scan,2025-06-06 14:00,8
4540,2999,dropoff_scan,2025-06-07 09:00,2
4541,3001,pickup_scan,2025-04-21 16:00,2
4542,3001,dropoff_scan,2025-04-28 06:00,11
4543,3003,pickup_scan,2025-12-18 05:00,24
4544,3004,pickup_scan,2025-06-21 03:00,1
4545,3004,dropoff_scan,2025-06-24 08:00,20
4546,3005,pickup_scan,2025-09-28 19:00,20
4547,3005,dropoff_scan,2025-09-29 07:00,4
4548,3006,pickup_scan,2025-01-11 10:00,24
4549,3007,pickup_scan,2025-05-10 10:00,7
4550,3007,dropoff_scan,2025-05-12 05:00,23
4551,3008,pickup_scan,2025-08-08 13:00,24
4552,3010,pickup_scan,2025-11-19 01:00,6
4553,3010,dropoff_scan,2025-11-24 17:00,4
4554,3011,pickup_scan,2025-08-11 14:00,1
4555,3012,pickup_scan,2025-04-14 21:00,2
4556,3012,dropoff_scan,2025-04-15 03:00,25
4557,3013,pickup_scan,2025-02-04 15:00,19
4558,3014,pickup_scan,2025-06-17 09:00,19
4559,3015,pickup_scan,2025-08-10 21:00,10
4560,3015,dropoff_scan,2025-08-14 02:00,22
4561,3017,pickup_scan,2025-07-05 01:00,10
4562,3017,dropoff_scan,2025-07-07 21:00,3
4563,3018,pickup_scan,2025-06-07 18:00,2
4564,3018,dropoff_scan,2025-06-12 08:00,5
4565,3019,pickup_scan,2025-08-15 22:00,22
4566,3020,pickup_scan,2025-04-02 07:00,2
4567,3020,dropoff_scan,2025-04-04 13:00,19
4568,3021,pickup_scan,2025-04-07 23:00,15
4569,3021,dropoff_scan,2025-04-10 11:00,12
4570,3022,pickup_scan,2025-12-24 22:00,2
4571,3023,pickup_scan,2025-03-01 21:00,21
4572,3023,dropoff_scan,2025-03-06 09:00,22
4573,3024,pickup_scan,2025-07-25 17:00,14
4574,3024,dropoff_scan,2025-07-28 22:00,18
4575,3025,pickup_scan,2025-04-25 04:00,1
4576,3025,dropoff_scan,2025-04-27 10:00,14
4577,3027,pickup_scan,2025-12-27 11:00,23
4578,3029,pickup_scan,2025-07-15 06:00,20
4579,3029,dropoff_scan,2025-07-19 18:00,13
4580,3030,pickup_scan,2025-06-29 07:00,23
4581,3030,dropoff_scan,2025-07-05 08:00,19
4582,3031,pickup_scan,2025-04-13 21:00,23
4583,3031,dropoff_scan,2025-04-19 05:00,11
4584,3032,pickup_scan,2025-08-02 11:00,9
4585,3032,dropoff_scan,2025-08-09 06:00,23
4586,3033,pickup_scan,2025-10-29 23:00,24
4587,3033,dropoff_scan,2025-10-31 16:00,7
4588,3034,pickup_scan,2025-05-28 21:00,6
4589,3034,dropoff_scan,2025-05-30 03:00,13
4590,3035,pickup_scan,2025-03-23 05:00,13
4591,3035,dropoff_scan,2025-03-25 21:00,3
4592,3036,pickup_scan,2025-12-07 02:00,7
4593,3036,dropoff_scan,2025-12-13 01:00,16
4594,3037,pickup_scan,2025-01-16 12:00,12
4595,3037,dropoff_scan,2025-01-21 22:00,22
4596,3038,pickup_scan,2025-06-04 13:00,18
4597,3038,dropoff_scan,2025-06-10 01:00,5
4598,3040,pickup_scan,2025-05-05 13:00,10
4599,3040,dropoff_scan,2025-05-11 13:00,5
4600,3041,pickup_scan,2025-04-17 01:00,9
4601,3042,pickup_scan,2025-02-02 05:00,20
4602,3042,dropoff_scan,2025-02-02 18:00,13
4603,3044,pickup_scan,2025-11-23 04:00,21
4604,3045,pickup_scan,2025-05-29 12:00,16
4605,3046,pickup_scan,2025-10-10 20:00,12
4606,3047,pickup_scan,2025-09-29 04:00,10
4607,3048,pickup_scan,2025-04-01 10:00,12
4608,3048,dropoff_scan,2025-04-01 19:00,3
4609,3049,pickup_scan,2025-03-05 03:00,23
4610,3049,dropoff_scan,2025-03-05 08:00,21
4611,3050,pickup_scan,2025-07-02 08:00,16
4612,3050,dropoff_scan,2025-07-05 18:00,18
4613,3051,pickup_scan,2025-03-18 11:00,14
4614,3052,pickup_scan,2025-10-24 16:00,22
4615,3053,pickup_scan,2025-02-16 22:00,21
4616,3053,dropoff_scan,2025-02-23 06:00,18
4617,3054,pickup_scan,2025-11-07 10:00,1
4618,3054,dropoff_scan,2025-11-13 21:00,3
4619,3055,pickup_scan,2025-12-08 19:00,3
4620,3055,dropoff_scan,2025-12-10 22:00,6
4621,3056,pickup_scan,2025-10-06 16:00,23
4622,3056,dropoff_scan,2025-10-09 20:00,8
4623,3057,pickup_scan,2025-01-23 17:00,16
4624,3058,pickup_scan,2025-03-19 21:00,16
4625,3059,pickup_scan,2025-05-25 23:00,1
4626,3060,pickup_scan,2025-06-26 03:00,23
4627,3060,dropoff_scan,2025-06-29 22:00,25
4628,3061,pickup_scan,2025-11-22 10:00,2
4629,3061,dropoff_scan,2025-11-24 04:00,10
4630,3062,pickup_scan,2025-12-28 19:00,9
4631,3062,dropoff_scan,2025-12-28 14:00,22
4632,3063,pickup_scan,2025-03-08 06:00,7
4633,3063,dropoff_scan,2025-03-08 09:00,12
4634,3064,pickup_scan,2025-05-27 21:00,14
4635,3064,dropoff_scan,2025-05-30 22:00,5
4636,3065,pickup_scan,2025-10-07 13:00,9
4637,3065,dropoff_scan,2025-10-14 11:00,8
4638,3066,pickup_scan,2025-06-15 18:00,13
4639,3067,pickup_scan,2025-02-26 01:00,22
4640,3067,dropoff_scan,2025-02-28 23:00,12
4641,3068,pickup_scan,2025-10-05 15:00,22
4642,3068,dropoff_scan,2025-10-05 11:00,1
4643,3069,pickup_scan,2025-10-13 10:00,20
4644,3069,dropoff_scan,2025-10-16 13:00,2
4645,3070,pickup_scan,2025-09-16 04:00,6
4646,3071,pickup_scan,2025-11-26 06:00,19
4647,3071,dropoff_scan,2025-11-26 12:00,18
4648,3072,pickup_scan,2025-03-30 17:00,15
4649,3072,dropoff_scan,2025-04-02 22:00,18
4650,3073,pickup_scan,2025-11-21 10:00,14
4651,3073,dropoff_scan,2025-11-24 19:00,21
4652,3074,pickup_scan,2025-08-10 21:00,10
4653,3074,dropoff_scan,2025-08-13 08:00,16
4654,3075,pickup_scan,2025-06-12 19:00,19
4655,3075,dropoff_scan,2025-06-17 19:00,5
4656,3076,pickup_scan,2025-07-10 23:00,25
4657,3077,pickup_scan,2025-09-30 08:00,3
4658,3077,dropoff_scan,2025-10-06 00:00,14
4659,3078,pickup_scan,2025-01-08 04:00,1
4660,3079,pickup_scan,2025-09-05 14:00,15
4661,3080,pickup_scan,2025-04-22 01:00,19
4662,3080,dropoff_scan,2025-04-26 18:00,5
4663,3081,pickup_scan,2025-04-09 11:00,15
4664,3081,dropoff_scan,2025-04-10 12:00,13
4665,3082,pickup_scan,2025-03-09 14:00,8
4666,3083,pickup_scan,2025-01-31 09:00,14
4667,3083,dropoff_scan,2025-02-03 09:00,19
4668,3085,pickup_scan,2025-07-15 23:00,3
4669,3086,pickup_scan,2025-05-24 07:00,4
4670,3087,pickup_scan,2025-05-25 12:00,23
4671,3088,pickup_scan,2025-11-25 10:00,21
4672,3089,pickup_scan,2025-07-10 09:00,14
4673,3090,pickup_scan,2025-11-12 15:00,3
4674,3091,pickup_scan,2025-01-19 22:00,25
4675,3091,dropoff_scan,2025-01-21 10:00,4
4676,3092,pickup_scan,2025-05-28 12:00,12
4677,3093,pickup_scan,2025-11-20 10:00,8
4678,3094,pickup_scan,2025-02-12 21:00,23
4679,3095,pickup_scan,2025-10-09 08:00,19
4680,3096,pickup_scan,2025-09-04 15:00,8
4681,3097,pickup_scan,2025-02-13 02:00,25
4682,3097,dropoff_scan,2025-02-17 12:00,10
4683,3098,pickup_scan,2025-05-22 13:00,5
4684,3099,pickup_scan,2025-06-30 05:00,1
4685,3100,pickup_scan,2025-03-17 06:00,2
4686,3100,dropoff_scan,2025-03-21 02:00,25
4687,3101,pickup_scan,2025-10-03 03:00,6
4688,3101,dropoff_scan,2025-10-04 00:00,19
4689,3102,pickup_scan,2025-05-08 05:00,1
4690,3102,dropoff_scan,2025-05-12 15:00,21
4691,3103,pickup_scan,2025-07-19 11:00,2
4692,3103,dropoff_scan,2025-07-20 04:00,15
4693,3105,pickup_scan,2025-09-28 12:00,5
4694,3105,dropoff_scan,2025-10-02 14:00,6
4695,3106,pickup_scan,2025-09-17 03:00,20
4696,3106,dropoff_scan,2025-09-22 08:00,10
4697,3107,pickup_scan,2025-03-29 18:00,11
4698,3107,dropoff_scan,2025-04-02 02:00,9
4699,3108,pickup_scan,2025-04-13 02:00,11
4700,3108,dropoff_scan,2025-04-14 02:00,24
4701,3109,pickup_scan,2025-12-10 02:00,15
4702,3109,dropoff_scan,2025-12-10 11:00,22
4703,3110,pickup_scan,2025-06-04 02:00,16
4704,3111,pickup_scan,2025-10-04 15:00,25
4705,3111,dropoff_scan,2025-10-11 11:00,8
4706,3112,pickup_scan,2025-08-31 21:00,7
4707,3112,dropoff_scan,2025-09-05 22:00,1
4708,3113,pickup_scan,2025-02-14 10:00,16
4709,3113,dropoff_scan,2025-02-21 01:00,15
4710,3114,pickup_scan,2025-09-12 16:00,1
4711,3114,dropoff_scan,2025-09-12 15:00,6
4712,3115,pickup_scan,2025-11-07 07:00,13
4713,3115,dropoff_scan,2025-11-13 17:00,11
4714,3116,pickup_scan,2025-03-17 21:00,16
4715,3117,pickup_scan,2025-07-07 18:00,10
4716,3117,dropoff_scan,2025-07-08 00:00,21
4717,3118,pickup_scan,2025-09-21 16:00,24
4718,3118,dropoff_scan,2025-09-21 23:00,16
4719,3119,pickup_scan,2025-10-01 03:00,1
4720,3120,pickup_scan,2025-04-28 00:00,11
4721,3121,pickup_scan,2025-12-06 01:00,25
4722,3122,pickup_scan,2025-01-16 07:00,20
4723,3122,dropoff_scan,2025-01-16 17:00,21
4724,3123,pickup_scan,2025-10-24 22:00,18
4725,3123,dropoff_scan,2025-10-28 16:00,8
4726,3124,pickup_scan,2025-04-02 13:00,15
4727,3124,dropoff_scan,2025-04-07 10:00,11
4728,3125,pickup_scan,2025-05-20 04:00,17
4729,3126,pickup_scan,2025-10-25 18:00,10
4730,3126,dropoff_scan,2025-10-26 07:00,19
4731,3127,pickup_scan,2025-04-21 18:00,18
4732,3128,pickup_scan,2025-04-25 20:00,10
4733,3129,pickup_scan,2025-12-01 10:00,13
4734,3130,pickup_scan,2025-05-03 19:00,24
4735,3130,dropoff_scan,2025-05-06 17:00,6
4736,3131,pickup_scan,2025-08-29 09:00,8
4737,3132,pickup_scan,2025-05-20 13:00,23
4738,3132,dropoff_scan,2025-05-21 13:00,1
4739,3133,pickup_scan,2025-12-14 16:00,5
4740,3134,pickup_scan,2025-10-26 04:00,12
4741,3135,pickup_scan,2025-11-27 14:00,15
4742,3135,dropoff_scan,2025-12-02 10:00,2
4743,3136,pickup_scan,2025-10-18 11:00,4
4744,3136,dropoff_scan,2025-10-21 04:00,5
4745,3137,pickup_scan,2025-08-18 00:00,8
4746,3138,pickup_scan,2025-05-07 05:00,7
4747,3138,dropoff_scan,2025-05-13 03:00,4
4748,3139,pickup_scan,2025-11-02 18:00,9
4749,3139,dropoff_scan,2025-11-05 20:00,9
4750,3140,pickup_scan,2025-12-07 01:00,22
4751,3140,dropoff_scan,2025-12-09 17:00,14
4752,3141,pickup_scan,2025-06-24 14:00,25
4753,3142,pickup_scan,2025-10-11 16:00,3
4754,3142,dropoff_scan,2025-10-16 10:00,22
4755,3143,pickup_scan,2025-09-23 22:00,19
4756,3144,pickup_scan,2025-08-15 11:00,4
4757,3144,dropoff_scan,2025-08-21 17:00,25
4758,3145,pickup_scan,2025-09-17 22:00,14
4759,3145,dropoff_scan,2025-09-23 22:00,2
4760,3146,pickup_scan,2025-05-02 02:00,15
4761,3147,pickup_scan,2025-09-23 10:00,3
4762,3147,dropoff_scan,2025-09-26 14:00,20
4763,3148,pickup_scan,2025-12-02 09:00,1
4764,3149,pickup_scan,2025-02-23 22:00,13
4765,3149,dropoff_scan,2025-02-27 08:00,2
4766,3150,pickup_scan,2025-04-11 16:00,5
4767,3151,pickup_scan,2025-11-04 01:00,1
4768,3151,dropoff_scan,2025-11-10 16:00,13
4769,3152,pickup_scan,2025-01-23 19:00,16
4770,3152,dropoff_scan,2025-01-25 22:00,22
4771,3153,pickup_scan,2025-07-18 01:00,13
4772,3153,dropoff_scan,2025-07-22 05:00,19
4773,3155,pickup_scan,2025-06-18 20:00,15
4774,3155,dropoff_scan,2025-06-22 22:00,1
4775,3156,pickup_scan,2025-03-27 16:00,1
4776,3156,dropoff_scan,2025-03-28 01:00,23
4777,3157,pickup_scan,2025-10-14 09:00,18
4778,3157,dropoff_scan,2025-10-15 18:00,6
4779,3158,pickup_scan,2025-02-04 21:00,13
4780,3158,dropoff_scan,2025-02-09 22:00,20
4781,3159,pickup_scan,2025-09-27 18:00,11
4782,3159,dropoff_scan,2025-09-28 18:00,4
4783,3160,pickup_scan,2025-01-16 05:00,5
4784,3160,dropoff_scan,2025-01-21 16:00,15
4785,3162,pickup_scan,2025-10-01 10:00,3
4786,3162,dropoff_scan,2025-10-05 01:00,1
4787,3164,pickup_scan,2025-07-28 22:00,20
4788,3164,dropoff_scan,2025-07-29 01:00,2
4789,3165,pickup_scan,2025-10-17 01:00,6
4790,3165,dropoff_scan,2025-10-17 10:00,7
4791,3166,pickup_scan,2025-09-06 10:00,1
4792,3167,pickup_scan,2025-05-24 17:00,16
4793,3167,dropoff_scan,2025-05-27 06:00,21
4794,3168,pickup_scan,2025-08-28 11:00,3
4795,3168,dropoff_scan,2025-09-01 09:00,10
4796,3169,pickup_scan,2025-08-03 16:00,5
4797,3169,dropoff_scan,2025-08-05 03:00,21
4798,3170,pickup_scan,2025-02-05 21:00,10
4799,3170,dropoff_scan,2025-02-07 15:00,20
4800,3171,pickup_scan,2025-04-22 14:00,12
4801,3172,pickup_scan,2025-12-22 19:00,19
4802,3173,pickup_scan,2025-07-12 08:00,14
4803,3174,pickup_scan,2025-02-01 19:00,21
4804,3174,dropoff_scan,2025-02-08 14:00,19
4805,3175,pickup_scan,2025-07-15 18:00,21
4806,3175,dropoff_scan,2025-07-21 15:00,4
4807,3176,pickup_scan,2025-06-06 19:00,15
4808,3176,dropoff_scan,2025-06-11 03:00,20
4809,3177,pickup_scan,2025-01-31 08:00,8
4810,3177,dropoff_scan,2025-01-31 12:00,10
4811,3178,pickup_scan,2025-10-16 05:00,24
4812,3178,dropoff_scan,2025-10-23 04:00,24
4813,3179,pickup_scan,2025-04-11 10:00,9
4814,3179,dropoff_scan,2025-04-16 18:00,2
4815,3180,pickup_scan,2025-06-06 07:00,23
4816,3180,dropoff_scan,2025-06-11 02:00,20
4817,3181,pickup_scan,2025-12-30 02:00,24
4818,3181,dropoff_scan,2025-12-31 00:00,5
4819,3182,pickup_scan,2025-04-21 03:00,9
4820,3182,dropoff_scan,2025-04-21 22:00,2
4821,3183,pickup_scan,2025-03-16 05:00,8
4822,3184,pickup_scan,2025-06-05 17:00,6
4823,3184,dropoff_scan,2025-06-07 02:00,6
4824,3185,pickup_scan,2025-12-09 17:00,9
4825,3185,dropoff_scan,2025-12-10 16:00,21
4826,3186,pickup_scan,2025-09-24 03:00,8
4827,3187,pickup_scan,2025-03-12 02:00,6
4828,3187,dropoff_scan,2025-03-18 17:00,24
4829,3188,pickup_scan,2025-09-05 10:00,19
4830,3188,dropoff_scan,2025-09-05 07:00,3
4831,3189,pickup_scan,2025-10-14 14:00,19
4832,3189,dropoff_scan,2025-10-14 16:00,14
4833,3190,pickup_scan,2025-11-01 16:00,6
4834,3190,dropoff_scan,2025-11-05 07:00,23
4835,3191,pickup_scan,2025-12-29 19:00,9
4836,3191,dropoff_scan,2026-01-01 13:00,10
4837,3192,pickup_scan,2025-11-03 09:00,3
4838,3192,dropoff_scan,2025-11-08 21:00,21
4839,3193,pickup_scan,2025-11-29 10:00,23
4840,3194,pickup_scan,2025-04-15 10:00,22
4841,3194,dropoff_scan,2025-04-21 19:00,21
4842,3195,pickup_scan,2025-10-19 07:00,5
4843,3196,pickup_scan,2025-09-25 05:00,19
4844,3197,pickup_scan,2025-10-31 13:00,18
4845,3197,dropoff_scan,2025-11-03 20:00,15
4846,3198,pickup_scan,2025-02-18 04:00,17
4847,3198,dropoff_scan,2025-02-23 20:00,16
4848,3199,pickup_scan,2025-11-26 22:00,19
4849,3200,pickup_scan,2025-10-13 04:00,12
4850,3202,pickup_scan,2025-02-23 19:00,22
4851,3202,dropoff_scan,2025-03-01 00:00,13
4852,3203,pickup_scan,2025-09-06 10:00,17
4853,3203,dropoff_scan,2025-09-07 08:00,11
4854,3204,pickup_scan,2025-01-08 14:00,7
4855,3204,dropoff_scan,2025-01-11 14:00,3
4856,3205,pickup_scan,2025-02-09 10:00,23
4857,3206,pickup_scan,2025-06-22 19:00,6
4858,3206,dropoff_scan,2025-06-28 14:00,6
4859,3208,pickup_scan,2025-01-08 01:00,20
4860,3209,pickup_scan,2025-12-20 00:00,25
4861,3209,dropoff_scan,2025-12-25 21:00,13
4862,3210,pickup_scan,2025-10-27 12:00,20
4863,3210,dropoff_scan,2025-10-29 07:00,11
4864,3211,pickup_scan,2025-09-17 12:00,5
4865,3211,dropoff_scan,2025-09-17 14:00,13
4866,3212,pickup_scan,2025-12-24 10:00,1
4867,3212,dropoff_scan,2025-12-29 20:00,7
4868,3213,pickup_scan,2025-10-21 04:00,24
4869,3213,dropoff_scan,2025-10-27 02:00,2
4870,3214,pickup_scan,2025-07-16 10:00,3
4871,3214,dropoff_scan,2025-07-17 05:00,6
4872,3215,pickup_scan,2025-05-26 06:00,11
4873,3216,pickup_scan,2025-07-22 08:00,16
4874,3216,dropoff_scan,2025-07-22 15:00,22
4875,3217,pickup_scan,2025-12-04 17:00,20
4876,3217,dropoff_scan,2025-12-05 10:00,25
4877,3218,pickup_scan,2025-09-20 18:00,20
4878,3218,dropoff_scan,2025-09-22 05:00,14
4879,3219,pickup_scan,2025-04-13 06:00,17
4880,3220,pickup_scan,2025-10-16 17:00,4
4881,3220,dropoff_scan,2025-10-18 22:00,19
4882,3221,pickup_scan,2025-10-17 15:00,16
4883,3221,dropoff_scan,2025-10-18 08:00,20
4884,3222,pickup_scan,2025-06-30 17:00,12
4885,3223,pickup_scan,2025-02-02 00:00,7
4886,3224,pickup_scan,2025-05-05 01:00,19
4887,3225,pickup_scan,2025-09-02 11:00,9
4888,3226,pickup_scan,2025-09-07 19:00,1
4889,3227,pickup_scan,2025-04-08 19:00,4
4890,3227,dropoff_scan,2025-04-12 23:00,2
4891,3228,pickup_scan,2025-12-10 19:00,22
4892,3228,dropoff_scan,2025-12-15 01:00,24
4893,3229,pickup_scan,2025-11-20 03:00,23
4894,3229,dropoff_scan,2025-11-20 14:00,24
4895,3230,pickup_scan,2025-05-11 09:00,21
4896,3230,dropoff_scan,2025-05-15 04:00,7
4897,3231,pickup_scan,2025-06-22 23:00,23
4898,3231,dropoff_scan,2025-06-27 23:00,7
4899,3232,pickup_scan,2025-03-15 05:00,18
4900,3232,dropoff_scan,2025-03-17 08:00,24
4901,3233,pickup_scan,2025-10-20 02:00,14
4902,3234,pickup_scan,2025-09-17 21:00,8
4903,3234,dropoff_scan,2025-09-19 17:00,19
4904,3235,pickup_scan,2025-07-19 11:00,12
4905,3235,dropoff_scan,2025-07-23 02:00,2
4906,3236,pickup_scan,2025-05-12 13:00,2
4907,3237,pickup_scan,2025-04-13 21:00,2
4908,3237,dropoff_scan,2025-04-14 07:00,13
4909,3238,pickup_scan,2025-11-19 21:00,17
4910,3238,dropoff_scan,2025-11-22 22:00,23
4911,3239,pickup_scan,2025-04-13 01:00,24
4912,3240,pickup_scan,2025-03-28 17:00,9
4913,3240,dropoff_scan,2025-04-04 09:00,3
4914,3241,pickup_scan,2025-05-05 07:00,3
4915,3241,dropoff_scan,2025-05-08 20:00,1
4916,3242,pickup_scan,2025-10-19 19:00,9
4917,3243,pickup_scan,2025-05-26 01:00,15
4918,3244,pickup_scan,2025-08-08 12:00,14
4919,3244,dropoff_scan,2025-08-09 07:00,13
4920,3245,pickup_scan,2025-12-14 16:00,20
4921,3245,dropoff_scan,2025-12-18 16:00,18
4922,3246,pickup_scan,2025-10-12 18:00,6
4923,3246,dropoff_scan,2025-10-16 10:00,11
4924,3248,pickup_scan,2025-03-18 09:00,8
4925,3249,pickup_scan,2025-02-09 18:00,21
4926,3249,dropoff_scan,2025-02-16 06:00,15
4927,3250,pickup_scan,2025-10-01 07:00,22
4928,3251,pickup_scan,2025-09-18 14:00,24
4929,3251,dropoff_scan,2025-09-22 15:00,1
4930,3252,pickup_scan,2025-06-12 09:00,12
4931,3253,pickup_scan,2025-11-04 03:00,4
4932,3254,pickup_scan,2025-11-14 11:00,24
4933,3254,dropoff_scan,2025-11-15 00:00,6
4934,3255,pickup_scan,2025-09-09 14:00,17
4935,3255,dropoff_scan,2025-09-14 12:00,23
4936,3256,pickup_scan,2025-08-28 23:00,19
4937,3256,dropoff_scan,2025-08-31 05:00,12
4938,3257,pickup_scan,2025-11-15 19:00,23
4939,3257,dropoff_scan,2025-11-21 11:00,19
4940,3258,pickup_scan,2025-08-01 22:00,6
4941,3259,pickup_scan,2025-06-11 17:00,10
4942,3259,dropoff_scan,2025-06-15 08:00,20
4943,3260,pickup_scan,2025-07-29 20:00,6
4944,3260,dropoff_scan,2025-08-01 03:00,7
4945,3261,pickup_scan,2025-12-17 07:00,3
4946,3261,dropoff_scan,2025-12-23 22:00,17
4947,3262,pickup_scan,2025-01-28 20:00,22
4948,3262,dropoff_scan,2025-02-04 03:00,2
4949,3263,pickup_scan,2025-05-08 01:00,22
4950,3263,dropoff_scan,2025-05-10 20:00,19
4951,3264,pickup_scan,2025-04-10 03:00,9
4952,3264,dropoff_scan,2025-04-12 09:00,25
4953,3265,pickup_scan,2025-07-30 20:00,4
4954,3267,pickup_scan,2025-06-08 03:00,11
4955,3267,dropoff_scan,2025-06-13 14:00,2
4956,3268,pickup_scan,2025-03-23 20:00,1
4957,3268,dropoff_scan,2025-03-28 14:00,23
4958,3269,pickup_scan,2025-08-18 01:00,25
4959,3271,pickup_scan,2025-01-14 20:00,16
4960,3272,pickup_scan,2025-04-05 18:00,18
4961,3272,dropoff_scan,2025-04-06 16:00,2
4962,3273,pickup_scan,2025-12-21 00:00,15
4963,3274,pickup_scan,2025-06-15 03:00,10
4964,3275,pickup_scan,2025-11-15 14:00,15
4965,3275,dropoff_scan,2025-11-19 13:00,6
4966,3276,pickup_scan,2025-09-12 03:00,8
4967,3277,pickup_scan,2025-09-07 05:00,6
4968,3278,pickup_scan,2025-05-29 13:00,9
4969,3278,dropoff_scan,2025-05-31 02:00,8
4970,3279,pickup_scan,2025-09-06 09:00,12
4971,3279,dropoff_scan,2025-09-11 16:00,11
4972,3280,pickup_scan,2025-02-01 19:00,17
4973,3280,dropoff_scan,2025-02-07 16:00,10
4974,3281,pickup_scan,2025-09-25 05:00,24
4975,3281,dropoff_scan,2025-09-26 14:00,3
4976,3282,pickup_scan,2025-04-02 00:00,8
4977,3282,dropoff_scan,2025-04-06 17:00,11
4978,3283,pickup_scan,2025-06-27 09:00,25
4979,3283,dropoff_scan,2025-06-29 00:00,17
4980,3285,pickup_scan,2025-09-14 21:00,20
4981,3285,dropoff_scan,2025-09-21 02:00,21
4982,3286,pickup_scan,2025-05-11 15:00,14
4983,3286,dropoff_scan,2025-05-14 15:00,3
4984,3288,pickup_scan,2025-03-29 05:00,4
4985,3288,dropoff_scan,2025-04-04 12:00,9
4986,3289,pickup_scan,2025-02-24 12:00,25
4987,3289,dropoff_scan,2025-02-26 22:00,6
4988,3290,pickup_scan,2025-12-26 01:00,23
4989,3290,dropoff_scan,2025-12-31 08:00,16
4990,3291,pickup_scan,2025-11-04 05:00,14
4991,3294,pickup_scan,2025-10-09 03:00,2
4992,3294,dropoff_scan,2025-10-12 18:00,5
4993,3295,pickup_scan,2025-01-13 21:00,19
4994,3295,dropoff_scan,2025-01-18 14:00,11
4995,3296,pickup_scan,2025-12-26 16:00,13
4996,3296,dropoff_scan,2025-12-28 10:00,7
4997,3297,pickup_scan,2025-03-20 06:00,11
4998,3297,dropoff_scan,2025-03-26 06:00,21
4999,3298,pickup_scan,2025-12-10 00:00,7
5000,3298,dropoff_scan,2025-12-16 17:00,11
5001,3300,pickup_scan,2025-08-21 08:00,5
5002,3301,pickup_scan,2025-06-28 07:00,23
5003,3301,dropoff_scan,2025-07-03 02:00,6
5004,3302,pickup_scan,2025-07-01 01:00,10
5005,3303,pickup_scan,2025-02-08 07:00,9
5006,3303,dropoff_scan,2025-02-12 18:00,7
5007,3304,pickup_scan,2025-03-28 19:00,9
5008,3304,dropoff_scan,2025-04-01 00:00,15
5009,3305,pickup_scan,2025-07-16 10:00,19
5010,3305,dropoff_scan,2025-07-19 01:00,12
5011,3308,pickup_scan,2025-12-25 18:00,3
5012,3308,dropoff_scan,2025-12-29 10:00,24
5013,3309,pickup_scan,2025-12-28 21:00,6
5014,3309,dropoff_scan,2025-12-30 22:00,11
5015,3310,pickup_scan,2025-05-21 05:00,11
5016,3310,dropoff_scan,2025-05-21 01:00,24
5017,3311,pickup_scan,2025-09-21 09:00,20
5018,3312,pickup_scan,2025-01-31 16:00,16
5019,3312,dropoff_scan,2025-02-05 14:00,5
5020,3313,pickup_scan,2025-05-19 02:00,6
5021,3313,dropoff_scan,2025-05-21 08:00,20
5022,3314,pickup_scan,2025-01-18 11:00,19
5023,3314,dropoff_scan,2025-01-24 04:00,10
5024,3315,pickup_scan,2025-07-09 10:00,22
5025,3316,pickup_scan,2025-02-25 01:00,17
5026,3316,dropoff_scan,2025-02-26 14:00,12
5027,3317,pickup_scan,2025-12-14 08:00,23
5028,3318,pickup_scan,2025-05-15 11:00,23
5029,3318,dropoff_scan,2025-05-16 00:00,5
5030,3319,pickup_scan,2025-06-07 01:00,1
5031,3319,dropoff_scan,2025-06-10 03:00,21
5032,3320,pickup_scan,2025-09-19 17:00,4
5033,3320,dropoff_scan,2025-09-21 03:00,20
5034,3321,pickup_scan,2025-09-23 05:00,1
5035,3321,dropoff_scan,2025-09-24 15:00,2
5036,3322,pickup_scan,2025-01-26 22:00,22
5037,3322,dropoff_scan,2025-01-26 17:00,25
5038,3323,pickup_scan,2025-10-16 11:00,13
5039,3323,dropoff_scan,2025-10-22 04:00,14
5040,3324,pickup_scan,2025-04-05 20:00,18
5041,3324,dropoff_scan,2025-04-10 11:00,10
5042,3325,pickup_scan,2025-08-07 12:00,4
5043,3325,dropoff_scan,2025-08-09 11:00,18
5044,3326,pickup_scan,2025-08-28 06:00,6
5045,3326,dropoff_scan,2025-08-30 19:00,10
5046,3329,pickup_scan,2025-02-18 10:00,21
5047,3330,pickup_scan,2025-03-27 21:00,23
5048,3330,dropoff_scan,2025-04-03 00:00,13
5049,3331,pickup_scan,2025-11-14 04:00,4
5050,3331,dropoff_scan,2025-11-19 06:00,19
5051,3332,pickup_scan,2025-09-19 10:00,22
5052,3332,dropoff_scan,2025-09-26 03:00,17
5053,3333,pickup_scan,2025-04-10 17:00,13
5054,3333,dropoff_scan,2025-04-16 15:00,12
5055,3334,pickup_scan,2025-10-09 07:00,8
5056,3334,dropoff_scan,2025-10-15 00:00,14
5057,3335,pickup_scan,2025-01-29 00:00,24
5058,3335,dropoff_scan,2025-01-30 20:00,16
5059,3336,pickup_scan,2025-02-13 00:00,18
5060,3337,pickup_scan,2025-03-21 19:00,14
5061,3337,dropoff_scan,2025-03-23 23:00,11
5062,3338,pickup_scan,2025-04-21 20:00,11
5063,3338,dropoff_scan,2025-04-28 19:00,23
5064,3339,pickup_scan,2025-10-07 08:00,19
5065,3339,dropoff_scan,2025-10-08 16:00,18
5066,3340,pickup_scan,2025-01-22 02:00,19
5067,3341,pickup_scan,2025-02-06 10:00,14
5068,3342,pickup_scan,2025-02-10 19:00,1
5069,3343,pickup_scan,2025-11-15 08:00,25
5070,3344,pickup_scan,2025-04-23 01:00,16
5071,3344,dropoff_scan,2025-04-23 07:00,8
5072,3345,pickup_scan,2025-03-28 08:00,6
5073,3345,dropoff_scan,2025-03-30 22:00,10
5074,3346,pickup_scan,2025-02-28 17:00,3
5075,3348,pickup_scan,2025-03-02 21:00,15
5076,3348,dropoff_scan,2025-03-05 07:00,4
5077,3349,pickup_scan,2025-12-03 23:00,6
5078,3349,dropoff_scan,2025-12-09 12:00,2
5079,3350,pickup_scan,2025-03-06 23:00,6
5080,3350,dropoff_scan,2025-03-08 20:00,14
5081,3351,pickup_scan,2025-12-19 16:00,4
5082,3352,pickup_scan,2025-10-22 16:00,2
5083,3353,pickup_scan,2025-05-22 00:00,7
5084,3353,dropoff_scan,2025-05-22 19:00,16
5085,3354,pickup_scan,2025-08-23 16:00,8
5086,3354,dropoff_scan,2025-08-24 22:00,22
5087,3355,pickup_scan,2025-12-23 10:00,24
5088,3356,pickup_scan,2025-12-06 11:00,5
5089,3357,pickup_scan,2025-03-03 08:00,20
5090,3357,dropoff_scan,2025-03-04 17:00,23
5091,3358,pickup_scan,2025-07-11 20:00,20
5092,3360,pickup_scan,2025-08-10 07:00,14
5093,3360,dropoff_scan,2025-08-10 12:00,14
5094,3361,pickup_scan,2025-05-28 18:00,24
5095,3361,dropoff_scan,2025-06-02 15:00,1
5096,3362,pickup_scan,2025-12-15 11:00,6
5097,3363,pickup_scan,2025-11-28 03:00,6
5098,3363,dropoff_scan,2025-11-29 13:00,4
5099,3364,pickup_scan,2025-10-01 09:00,14
5100,3366,pickup_scan,2025-04-03 17:00,5
5101,3367,pickup_scan,2026-01-01 01:00,20
5102,3368,pickup_scan,2025-11-26 23:00,1
5103,3369,pickup_scan,2025-01-09 18:00,19
5104,3369,dropoff_scan,2025-01-16 02:00,25
5105,3370,pickup_scan,2025-04-14 01:00,16
5106,3371,pickup_scan,2025-08-03 17:00,19
5107,3371,dropoff_scan,2025-08-06 20:00,12
5108,3372,pickup_scan,2025-07-05 15:00,15
5109,3372,dropoff_scan,2025-07-06 07:00,2
5110,3373,pickup_scan,2025-05-11 18:00,16
5111,3373,dropoff_scan,2025-05-17 18:00,9
5112,3374,pickup_scan,2025-11-02 02:00,23
5113,3374,dropoff_scan,2025-11-04 07:00,6
5114,3375,pickup_scan,2025-08-16 14:00,13
5115,3376,pickup_scan,2025-10-07 02:00,12
5116,3377,pickup_scan,2025-01-18 10:00,21
5117,3377,dropoff_scan,2025-01-20 16:00,14
5118,3378,pickup_scan,2025-08-31 04:00,16
5119,3379,pickup_scan,2025-12-01 20:00,12
5120,3379,dropoff_scan,2025-12-08 06:00,16
5121,3380,pickup_scan,2025-02-09 17:00,11
5122,3380,dropoff_scan,2025-02-09 13:00,10
5123,3382,pickup_scan,2025-07-18 21:00,25
5124,3382,dropoff_scan,2025-07-25 09:00,2
5125,3383,pickup_scan,2025-04-09 23:00,11
5126,3384,pickup_scan,2025-01-10 18:00,24
5127,3384,dropoff_scan,2025-01-10 18:00,11
5128,3385,pickup_scan,2025-04-02 06:00,3
5129,3386,pickup_scan,2025-02-19 14:00,10
5130,3386,dropoff_scan,2025-02-23 18:00,9
5131,3387,pickup_scan,2025-09-13 02:00,5
5132,3387,dropoff_scan,2025-09-14 18:00,12
5133,3388,pickup_scan,2025-08-24 07:00,12
5134,3388,dropoff_scan,2025-08-24 13:00,13
5135,3390,pickup_scan,2025-05-16 10:00,23
5136,3391,pickup_scan,2025-04-06 13:00,4
5137,3391,dropoff_scan,2025-04-06 19:00,13
5138,3393,pickup_scan,2025-05-22 17:00,24
5139,3395,pickup_scan,2025-01-22 04:00,15
5140,3395,dropoff_scan,2025-01-27 02:00,2
5141,3396,pickup_scan,2025-03-13 18:00,19
5142,3396,dropoff_scan,2025-03-16 01:00,20
5143,3397,pickup_scan,2025-11-03 19:00,8
5144,3397,dropoff_scan,2025-11-05 20:00,9
5145,3398,pickup_scan,2025-07-07 15:00,24
5146,3398,dropoff_scan,2025-07-09 19:00,6
5147,3399,pickup_scan,2025-03-24 20:00,11
5148,3400,pickup_scan,2025-07-15 11:00,1
5149,3400,dropoff_scan,2025-07-21 03:00,15
5150,3401,pickup_scan,2025-01-26 07:00,19
5151,3401,dropoff_scan,2025-01-26 20:00,5
5152,3402,pickup_scan,2025-08-31 08:00,22
5153,3402,dropoff_scan,2025-09-06 14:00,3
5154,3403,pickup_scan,2025-09-08 21:00,2
5155,3403,dropoff_scan,2025-09-09 23:00,4
5156,3404,pickup_scan,2025-05-20 04:00,21
5157,3404,dropoff_scan,2025-05-21 03:00,18
5158,3405,pickup_scan,2025-07-11 11:00,3
5159,3405,dropoff_scan,2025-07-17 00:00,10
5160,3406,pickup_scan,2025-11-16 12:00,12
5161,3406,dropoff_scan,2025-11-19 00:00,8
5162,3407,pickup_scan,2025-07-08 12:00,14
5163,3407,dropoff_scan,2025-07-13 14:00,4
5164,3409,pickup_scan,2025-02-14 11:00,1
5165,3409,dropoff_scan,2025-02-15 18:00,16
5166,3410,pickup_scan,2025-10-27 03:00,12
5167,3411,pickup_scan,2025-11-10 01:00,6
5168,3412,pickup_scan,2025-02-18 21:00,21
5169,3412,dropoff_scan,2025-02-23 15:00,3
5170,3413,pickup_scan,2025-10-28 17:00,22
5171,3413,dropoff_scan,2025-11-03 04:00,3
5172,3414,pickup_scan,2025-10-25 06:00,5
5173,3415,pickup_scan,2025-03-25 11:00,2
5174,3415,dropoff_scan,2025-03-29 11:00,7
5175,3416,pickup_scan,2025-07-10 21:00,14
5176,3416,dropoff_scan,2025-07-13 12:00,20
5177,3417,pickup_scan,2025-04-21 03:00,9
5178,3417,dropoff_scan,2025-04-26 14:00,8
5179,3419,pickup_scan,2025-08-24 20:00,1
5180,3419,dropoff_scan,2025-08-30 18:00,24
5181,3420,pickup_scan,2025-09-10 21:00,18
5182,3420,dropoff_scan,2025-09-13 22:00,14
5183,3421,pickup_scan,2025-08-26 20:00,13
5184,3421,dropoff_scan,2025-08-30 02:00,14
5185,3422,pickup_scan,2025-02-03 16:00,8
5186,3422,dropoff_scan,2025-02-08 14:00,2
5187,3423,pickup_scan,2025-11-01 20:00,10
5188,3423,dropoff_scan,2025-11-03 23:00,24
5189,3424,pickup_scan,2025-01-16 10:00,9
5190,3424,dropoff_scan,2025-01-17 12:00,2
5191,3425,pickup_scan,2025-11-20 23:00,25
5192,3425,dropoff_scan,2025-11-23 09:00,19
5193,3426,pickup_scan,2025-12-27 03:00,6
5194,3427,pickup_scan,2025-12-31 11:00,17
5195,3427,dropoff_scan,2026-01-01 01:00,5
5196,3428,pickup_scan,2025-06-04 19:00,17
5197,3428,dropoff_scan,2025-06-08 23:00,20
5198,3429,pickup_scan,2025-06-28 07:00,15
5199,3429,dropoff_scan,2025-07-02 23:00,21
5200,3430,pickup_scan,2025-01-14 15:00,15
5201,3431,pickup_scan,2025-03-11 13:00,17
5202,3431,dropoff_scan,2025-03-12 10:00,10
5203,3432,pickup_scan,2025-02-13 20:00,14
5204,3433,pickup_scan,2025-05-20 02:00,8
5205,3433,dropoff_scan,2025-05-20 12:00,21
5206,3434,pickup_scan,2025-07-06 22:00,20
5207,3434,dropoff_scan,2025-07-11 13:00,12
5208,3435,pickup_scan,2025-05-01 23:00,20
5209,3435,dropoff_scan,2025-05-03 00:00,25
5210,3436,pickup_scan,2025-07-27 16:00,16
5211,3436,dropoff_scan,2025-08-01 20:00,10
5212,3437,pickup_scan,2025-05-10 07:00,4
5213,3438,pickup_scan,2025-10-04 23:00,6
5214,3439,pickup_scan,2025-10-25 02:00,19
5215,3440,pickup_scan,2025-08-17 11:00,20
5216,3441,pickup_scan,2025-12-12 08:00,7
5217,3441,dropoff_scan,2025-12-18 16:00,8
5218,3442,pickup_scan,2025-03-14 08:00,19
5219,3443,pickup_scan,2025-03-06 17:00,12
5220,3443,dropoff_scan,2025-03-09 04:00,19
5221,3444,pickup_scan,2025-06-12 10:00,16
5222,3444,dropoff_scan,2025-06-15 18:00,7
5223,3445,pickup_scan,2025-08-05 04:00,18
5224,3445,dropoff_scan,2025-08-09 19:00,7
5225,3446,pickup_scan,2025-06-08 01:00,10
5226,3446,dropoff_scan,2025-06-08 11:00,2
5227,3447,pickup_scan,2025-12-10 23:00,3
5228,3448,pickup_scan,2025-10-14 16:00,13
5229,3448,dropoff_scan,2025-10-21 06:00,22
5230,3449,pickup_scan,2025-10-19 22:00,10
5231,3449,dropoff_scan,2025-10-24 18:00,11
5232,3450,pickup_scan,2025-03-26 01:00,25
5233,3450,dropoff_scan,2025-03-27 22:00,11
5234,3451,pickup_scan,2025-03-19 09:00,15
5235,3451,dropoff_scan,2025-03-21 02:00,7
5236,3452,pickup_scan,2025-04-24 06:00,18
5237,3452,dropoff_scan,2025-04-28 04:00,25
5238,3453,pickup_scan,2025-03-04 06:00,25
5239,3453,dropoff_scan,2025-03-08 10:00,23
5240,3454,pickup_scan,2025-08-04 12:00,13
5241,3454,dropoff_scan,2025-08-05 02:00,4
5242,3455,pickup_scan,2025-12-20 06:00,10
5243,3455,dropoff_scan,2025-12-22 07:00,10
5244,3456,pickup_scan,2025-06-05 20:00,21
5245,3456,dropoff_scan,2025-06-09 16:00,2
5246,3457,pickup_scan,2025-10-18 22:00,13
5247,3457,dropoff_scan,2025-10-21 08:00,22
5248,3460,pickup_scan,2025-08-28 12:00,12
5249,3460,dropoff_scan,2025-09-02 03:00,7
5250,3461,pickup_scan,2025-07-11 07:00,7
5251,3461,dropoff_scan,2025-07-17 01:00,23
5252,3462,pickup_scan,2025-09-30 02:00,2
5253,3462,dropoff_scan,2025-10-05 20:00,5
5254,3463,pickup_scan,2025-04-28 21:00,6
5255,3464,pickup_scan,2025-07-19 06:00,12
5256,3464,dropoff_scan,2025-07-19 08:00,11
5257,3465,pickup_scan,2025-05-12 11:00,22
5258,3466,pickup_scan,2025-05-02 22:00,17
5259,3467,pickup_scan,2025-11-17 14:00,14
5260,3467,dropoff_scan,2025-11-18 13:00,5
5261,3468,pickup_scan,2025-02-11 14:00,1
5262,3468,dropoff_scan,2025-02-16 20:00,8
5263,3469,pickup_scan,2025-08-05 01:00,6
5264,3469,dropoff_scan,2025-08-07 16:00,17
5265,3470,pickup_scan,2025-11-16 17:00,1
5266,3470,dropoff_scan,2025-11-20 09:00,13
5267,3472,pickup_scan,2025-03-01 20:00,24
5268,3472,dropoff_scan,2025-03-08 21:00,16
5269,3473,pickup_scan,2025-06-18 21:00,22
5270,3473,dropoff_scan,2025-06-20 19:00,15
5271,3474,pickup_scan,2025-05-20 20:00,1
5272,3474,dropoff_scan,2025-05-21 12:00,19
5273,3475,pickup_scan,2025-11-18 20:00,24
5274,3475,dropoff_scan,2025-11-25 03:00,2
5275,3476,pickup_scan,2025-11-28 23:00,8
5276,3476,dropoff_scan,2025-12-05 03:00,25
5277,3477,pickup_scan,2025-02-18 04:00,8
5278,3477,dropoff_scan,2025-02-21 07:00,15
5279,3478,pickup_scan,2025-06-01 08:00,2
5280,3478,dropoff_scan,2025-06-01 05:00,1
5281,3479,pickup_scan,2025-05-14 15:00,6
5282,3480,pickup_scan,2025-08-10 11:00,22
5283,3480,dropoff_scan,2025-08-16 21:00,1
5284,3481,pickup_scan,2025-01-06 00:00,23
5285,3481,dropoff_scan,2025-01-10 12:00,25
5286,3482,pickup_scan,2025-10-28 01:00,8
5287,3482,dropoff_scan,2025-11-03 17:00,14
5288,3483,pickup_scan,2025-08-18 17:00,4
5289,3484,pickup_scan,2025-08-02 05:00,8
5290,3484,dropoff_scan,2025-08-05 19:00,23
5291,3485,pickup_scan,2025-08-08 13:00,23
5292,3485,dropoff_scan,2025-08-12 21:00,7
5293,3486,pickup_scan,2025-03-27 21:00,13
5294,3486,dropoff_scan,2025-03-29 11:00,12
5295,3487,pickup_scan,2025-07-30 14:00,23
5296,3487,dropoff_scan,2025-08-02 14:00,20
5297,3489,pickup_scan,2025-01-08 23:00,18
5298,3489,dropoff_scan,2025-01-09 21:00,15
5299,3491,pickup_scan,2025-04-09 02:00,19
5300,3491,dropoff_scan,2025-04-10 21:00,13
5301,3492,pickup_scan,2025-07-03 15:00,24
5302,3492,dropoff_scan,2025-07-09 09:00,2
5303,3494,pickup_scan,2025-10-28 13:00,21
5304,3495,pickup_scan,2025-03-16 07:00,22
5305,3495,dropoff_scan,2025-03-22 09:00,13
5306,3496,pickup_scan,2025-05-29 13:00,19
5307,3496,dropoff_scan,2025-05-31 04:00,25
5308,3497,pickup_scan,2025-05-14 11:00,3
5309,3497,dropoff_scan,2025-05-21 12:00,10
5310,3499,pickup_scan,2025-11-19 06:00,13
5311,3500,pickup_scan,2025-03-10 14:00,8
5312,3500,dropoff_scan,2025-03-10 18:00,17
5313,3501,pickup_scan,2025-01-26 17:00,14
5314,3502,pickup_scan,2025-12-04 07:00,17
5315,3502,dropoff_scan,2025-12-07 09:00,13
5316,3503,pickup_scan,2025-06-09 13:00,17
5317,3504,pickup_scan,2025-09-30 19:00,12
5318,3504,dropoff_scan,2025-10-03 00:00,10
5319,3505,pickup_scan,2025-03-20 17:00,16
5320,3505,dropoff_scan,2025-03-24 20:00,19
5321,3507,pickup_scan,2025-07-16 18:00,3
5322,3507,dropoff_scan,2025-07-18 04:00,11
5323,3508,pickup_scan,2025-01-25 13:00,24
5324,3508,dropoff_scan,2025-01-26 23:00,10
5325,3509,pickup_scan,2025-12-08 03:00,20
5326,3509,dropoff_scan,2025-12-11 20:00,23
5327,3510,pickup_scan,2025-07-23 22:00,5
5328,3511,pickup_scan,2025-12-11 07:00,6
5329,3512,pickup_scan,2025-08-23 06:00,12
5330,3512,dropoff_scan,2025-08-23 05:00,6
5331,3513,pickup_scan,2025-01-02 20:00,21
5332,3513,dropoff_scan,2025-01-08 09:00,24
5333,3514,pickup_scan,2025-12-17 19:00,25
5334,3514,dropoff_scan,2025-12-22 12:00,7
5335,3515,pickup_scan,2025-10-19 05:00,4
5336,3515,dropoff_scan,2025-10-23 01:00,20
5337,3516,pickup_scan,2025-04-14 02:00,18
5338,3516,dropoff_scan,2025-04-18 01:00,3
5339,3518,pickup_scan,2025-11-24 09:00,3
5340,3518,dropoff_scan,2025-11-26 00:00,18
5341,3519,pickup_scan,2025-09-22 05:00,9
5342,3519,dropoff_scan,2025-09-25 02:00,24
5343,3520,pickup_scan,2025-02-03 22:00,13
5344,3520,dropoff_scan,2025-02-09 12:00,18
5345,3521,pickup_scan,2025-03-06 16:00,8
5346,3521,dropoff_scan,2025-03-07 19:00,4
5347,3522,pickup_scan,2025-04-10 21:00,24
5348,3522,dropoff_scan,2025-04-17 07:00,15
5349,3524,pickup_scan,2025-07-06 16:00,8
5350,3524,dropoff_scan,2025-07-08 10:00,25
5351,3525,pickup_scan,2025-02-17 06:00,9
5352,3525,dropoff_scan,2025-02-21 18:00,6
5353,3526,pickup_scan,2025-04-04 22:00,8
5354,3526,dropoff_scan,2025-04-09 14:00,14
5355,3527,pickup_scan,2025-07-29 23:00,22
5356,3527,dropoff_scan,2025-08-02 19:00,23
5357,3528,pickup_scan,2025-10-10 07:00,14
5358,3530,pickup_scan,2025-12-17 20:00,17
5359,3531,pickup_scan,2025-11-03 03:00,13
5360,3531,dropoff_scan,2025-11-06 17:00,21
5361,3532,pickup_scan,2025-10-22 17:00,17
5362,3532,dropoff_scan,2025-10-29 09:00,7
5363,3533,pickup_scan,2025-12-23 00:00,25
5364,3533,dropoff_scan,2025-12-25 13:00,1
5365,3534,pickup_scan,2025-04-06 02:00,1
5366,3535,pickup_scan,2025-03-25 07:00,11
5367,3536,pickup_scan,2025-03-11 21:00,24
5368,3537,pickup_scan,2025-12-14 17:00,4
5369,3538,pickup_scan,2025-09-05 03:00,12
5370,3538,dropoff_scan,2025-09-10 04:00,15
5371,3539,pickup_scan,2025-05-22 10:00,23
5372,3540,pickup_scan,2025-03-12 17:00,13
5373,3541,pickup_scan,2025-08-09 00:00,7
5374,3541,dropoff_scan,2025-08-15 23:00,20
5375,3542,pickup_scan,2025-01-25 09:00,4
5376,3542,dropoff_scan,2025-01-28 14:00,10
5377,3543,pickup_scan,2025-09-21 10:00,9
5378,3543,dropoff_scan,2025-09-26 15:00,6
5379,3544,pickup_scan,2025-04-29 02:00,19
5380,3544,dropoff_scan,2025-04-29 04:00,8
5381,3545,pickup_scan,2025-12-09 11:00,4
5382,3545,dropoff_scan,2025-12-13 16:00,7
5383,3546,pickup_scan,2025-01-18 14:00,12
5384,3546,dropoff_scan,2025-01-23 22:00,20
5385,3547,pickup_scan,2025-05-19 07:00,8
5386,3547,dropoff_scan,2025-05-25 09:00,16
5387,3549,pickup_scan,2025-07-13 23:00,14
5388,3550,pickup_scan,2025-05-18 12:00,12
5389,3550,dropoff_scan,2025-05-22 06:00,22
5390,3551,pickup_scan,2025-10-09 10:00,12
5391,3551,dropoff_scan,2025-10-11 13:00,9
5392,3552,pickup_scan,2025-08-27 16:00,21
5393,3553,pickup_scan,2025-09-13 17:00,7
5394,3553,dropoff_scan,2025-09-16 10:00,17
5395,3554,pickup_scan,2025-09-23 12:00,14
5396,3554,dropoff_scan,2025-09-26 09:00,24
5397,3555,pickup_scan,2025-12-01 14:00,6
5398,3555,dropoff_scan,2025-12-06 01:00,23
5399,3556,pickup_scan,2025-09-20 15:00,15
5400,3557,pickup_scan,2025-07-15 10:00,15
5401,3558,pickup_scan,2025-10-19 22:00,23
5402,3558,dropoff_scan,2025-10-20 20:00,4
5403,3559,pickup_scan,2025-07-28 08:00,11
5404,3559,dropoff_scan,2025-07-28 09:00,14
5405,3561,pickup_scan,2025-11-25 16:00,8
5406,3562,pickup_scan,2025-06-20 22:00,16
5407,3562,dropoff_scan,2025-06-24 14:00,21
5408,3563,pickup_scan,2025-07-10 02:00,14
5409,3564,pickup_scan,2025-10-10 01:00,12
5410,3564,dropoff_scan,2025-10-16 13:00,13
5411,3565,pickup_scan,2025-11-09 21:00,9
5412,3566,pickup_scan,2025-08-21 10:00,20
5413,3567,pickup_scan,2025-03-24 04:00,4
5414,3568,pickup_scan,2025-01-31 07:00,13
5415,3568,dropoff_scan,2025-02-04 06:00,12
5416,3569,pickup_scan,2025-12-30 09:00,11
5417,3569,dropoff_scan,2026-01-01 00:00,13
5418,3570,pickup_scan,2025-02-21 00:00,15
5419,3570,dropoff_scan,2025-02-20 16:00,19
5420,3571,pickup_scan,2025-01-25 06:00,8
5421,3572,pickup_scan,2025-12-15 04:00,23
5422,3572,dropoff_scan,2025-12-17 08:00,9
5423,3573,pickup_scan,2025-03-22 15:00,1
5424,3573,dropoff_scan,2025-03-27 17:00,16
5425,3574,pickup_scan,2025-06-07 17:00,18
5426,3575,pickup_scan,2025-03-03 23:00,18
5427,3575,dropoff_scan,2025-03-08 15:00,11
5428,3577,pickup_scan,2025-01-30 03:00,17
5429,3577,dropoff_scan,2025-02-02 23:00,3
5430,3578,pickup_scan,2025-02-18 05:00,21
5431,3579,pickup_scan,2025-09-12 11:00,13
5432,3579,dropoff_scan,2025-09-18 16:00,14
5433,3580,pickup_scan,2025-08-12 10:00,12
5434,3581,pickup_scan,2025-10-11 05:00,16
5435,3581,dropoff_scan,2025-10-16 16:00,25
5436,3582,pickup_scan,2025-09-06 10:00,14
5437,3582,dropoff_scan,2025-09-11 21:00,2
5438,3583,pickup_scan,2025-06-18 08:00,19
5439,3584,pickup_scan,2025-06-21 21:00,14
5440,3584,dropoff_scan,2025-06-27 16:00,6
5441,3585,pickup_scan,2025-09-28 15:00,16
5442,3585,dropoff_scan,2025-09-29 17:00,15
5443,3586,pickup_scan,2025-09-09 04:00,17
5444,3587,pickup_scan,2025-08-16 12:00,14
5445,3588,pickup_scan,2025-04-08 03:00,25
5446,3589,pickup_scan,2025-03-14 22:00,6
5447,3589,dropoff_scan,2025-03-19 05:00,18
5448,3590,pickup_scan,2025-07-29 17:00,15
5449,3590,dropoff_scan,2025-08-03 01:00,21
5450,3591,pickup_scan,2025-10-31 03:00,14
5451,3591,dropoff_scan,2025-11-06 11:00,20
5452,3592,pickup_scan,2025-04-20 20:00,5
5453,3592,dropoff_scan,2025-04-27 13:00,22
5454,3593,pickup_scan,2025-04-02 01:00,11
5455,3593,dropoff_scan,2025-04-07 21:00,15
5456,3594,pickup_scan,2025-03-06 15:00,12
5457,3595,pickup_scan,2025-05-22 08:00,7
5458,3595,dropoff_scan,2025-05-25 05:00,19
5459,3596,pickup_scan,2025-01-20 17:00,18
5460,3596,dropoff_scan,2025-01-22 22:00,24
5461,3598,pickup_scan,2025-12-22 08:00,9
5462,3599,pickup_scan,2025-06-18 15:00,22
5463,3600,pickup_scan,2025-09-05 17:00,23
5464,3600,dropoff_scan,2025-09-08 18:00,8
5465,3601,pickup_scan,2025-09-14 05:00,16
5466,3601,dropoff_scan,2025-09-14 00:00,10
5467,3602,pickup_scan,2025-06-11 20:00,3
5468,3604,pickup_scan,2025-08-21 02:00,4
5469,3605,pickup_scan,2025-05-17 19:00,5
5470,3605,dropoff_scan,2025-05-23 21:00,3
5471,3606,pickup_scan,2025-01-31 06:00,18
5472,3606,dropoff_scan,2025-02-02 04:00,6
5473,3607,pickup_scan,2025-08-14 01:00,25
5474,3607,dropoff_scan,2025-08-17 07:00,25
5475,3608,pickup_scan,2025-09-25 14:00,20
5476,3608,dropoff_scan,2025-09-29 15:00,17
5477,3609,pickup_scan,2025-08-01 06:00,9
5478,3609,dropoff_scan,2025-08-07 07:00,24
5479,3610,pickup_scan,2025-05-14 01:00,7
5480,3611,pickup_scan,2025-05-23 21:00,3
5481,3611,dropoff_scan,2025-05-25 12:00,2
5482,3612,pickup_scan,2025-10-09 00:00,6
5483,3613,pickup_scan,2025-06-15 21:00,12
5484,3614,pickup_scan,2025-02-05 22:00,13
5485,3616,pickup_scan,2025-09-19 03:00,14
5486,3617,pickup_scan,2025-01-17 13:00,16
5487,3617,dropoff_scan,2025-01-18 11:00,21
5488,3618,pickup_scan,2025-02-03 12:00,25
5489,3618,dropoff_scan,2025-02-08 00:00,1
5490,3619,pickup_scan,2025-09-27 20:00,24
5491,3620,pickup_scan,2025-02-13 23:00,24
5492,3621,pickup_scan,2025-08-10 01:00,12
5493,3623,pickup_scan,2025-10-01 17:00,9
5494,3623,dropoff_scan,2025-10-02 17:00,3
5495,3624,pickup_scan,2025-11-19 11:00,25
5496,3625,pickup_scan,2025-10-25 01:00,15
5497,3625,dropoff_scan,2025-10-31 05:00,6
5498,3626,pickup_scan,2025-10-08 08:00,20
5499,3626,dropoff_scan,2025-10-12 03:00,22
5500,3627,pickup_scan,2025-07-06 22:00,7
5501,3628,pickup_scan,2025-02-20 08:00,12
5502,3628,dropoff_scan,2025-02-22 15:00,25
5503,3630,pickup_scan,2025-09-11 16:00,20
5504,3630,dropoff_scan,2025-09-13 06:00,10
5505,3631,pickup_scan,2025-10-04 21:00,13
5506,3631,dropoff_scan,2025-10-05 09:00,16
5507,3633,pickup_scan,2025-07-06 00:00,25
5508,3633,dropoff_scan,2025-07-07 16:00,24
5509,3634,pickup_scan,2025-02-25 22:00,10
5510,3634,dropoff_scan,2025-03-02 10:00,7
5511,3635,pickup_scan,2025-01-11 03:00,18
5512,3635,dropoff_scan,2025-01-11 03:00,24
5513,3636,pickup_scan,2025-06-14 09:00,7
5514,3636,dropoff_scan,2025-06-20 11:00,5
5515,3637,pickup_scan,2025-09-08 16:00,17
5516,3637,dropoff_scan,2025-09-13 04:00,5
5517,3638,pickup_scan,2025-11-27 13:00,3
5518,3638,dropoff_scan,2025-11-28 19:00,14
5519,3639,pickup_scan,2025-11-01 02:00,6
5520,3640,pickup_scan,2025-11-17 03:00,9
5521,3640,dropoff_scan,2025-11-22 12:00,24
5522,3641,pickup_scan,2025-10-03 14:00,15
5523,3641,dropoff_scan,2025-10-06 17:00,15
5524,3642,pickup_scan,2025-05-19 05:00,14
5525,3642,dropoff_scan,2025-05-19 18:00,25
5526,3643,pickup_scan,2025-12-23 20:00,22
5527,3643,dropoff_scan,2025-12-24 18:00,4
5528,3644,pickup_scan,2025-01-14 18:00,14
5529,3645,pickup_scan,2025-03-06 02:00,9
5530,3645,dropoff_scan,2025-03-05 20:00,14
5531,3646,pickup_scan,2025-03-01 06:00,18
5532,3646,dropoff_scan,2025-03-03 04:00,4
5533,3647,pickup_scan,2025-05-09 14:00,20
5534,3647,dropoff_scan,2025-05-13 10:00,5
5535,3648,pickup_scan,2025-04-20 20:00,9
5536,3649,pickup_scan,2025-09-30 06:00,21
5537,3649,dropoff_scan,2025-10-03 23:00,15
5538,3650,pickup_scan,2025-06-25 08:00,2
5539,3651,pickup_scan,2025-05-07 15:00,16
5540,3651,dropoff_scan,2025-05-08 20:00,25
5541,3652,pickup_scan,2025-08-07 15:00,7
5542,3652,dropoff_scan,2025-08-09 23:00,23
5543,3653,pickup_scan,2025-03-12 06:00,10
5544,3653,dropoff_scan,2025-03-12 08:00,12
5545,3654,pickup_scan,2025-12-06 17:00,21
5546,3654,dropoff_scan,2025-12-13 04:00,24
5547,3655,pickup_scan,2025-10-16 15:00,18
5548,3655,dropoff_scan,2025-10-16 23:00,13
5549,3656,pickup_scan,2025-08-23 04:00,2
5550,3656,dropoff_scan,2025-08-27 00:00,12
5551,3657,pickup_scan,2025-05-18 08:00,1
5552,3657,dropoff_scan,2025-05-24 18:00,9
5553,3658,pickup_scan,2025-12-30 22:00,2
5554,3658,dropoff_scan,2026-01-02 09:00,15
5555,3659,pickup_scan,2025-11-22 12:00,18
5556,3659,dropoff_scan,2025-11-27 04:00,23
5557,3660,pickup_scan,2025-05-20 16:00,3
5558,3660,dropoff_scan,2025-05-21 21:00,23
5559,3661,pickup_scan,2025-10-08 23:00,18
5560,3661,dropoff_scan,2025-10-14 01:00,20
5561,3662,pickup_scan,2025-01-14 20:00,13
5562,3662,dropoff_scan,2025-01-20 10:00,12
5563,3663,pickup_scan,2025-09-23 06:00,22
5564,3664,pickup_scan,2025-09-30 11:00,21
5565,3665,pickup_scan,2025-07-01 23:00,17
5566,3666,pickup_scan,2025-11-21 23:00,24
5567,3666,dropoff_scan,2025-11-26 15:00,22
5568,3667,pickup_scan,2025-09-12 19:00,2
5569,3667,dropoff_scan,2025-09-18 01:00,19
5570,3670,pickup_scan,2025-09-23 23:00,24
5571,3670,dropoff_scan,2025-09-28 08:00,5
5572,3671,pickup_scan,2025-07-18 13:00,8
5573,3671,dropoff_scan,2025-07-20 10:00,21
5574,3672,pickup_scan,2025-07-19 13:00,23
5575,3673,pickup_scan,2025-10-17 18:00,10
5576,3674,pickup_scan,2025-10-29 13:00,20
5577,3674,dropoff_scan,2025-11-01 12:00,18
5578,3675,pickup_scan,2025-10-11 15:00,17
5579,3675,dropoff_scan,2025-10-14 08:00,2
5580,3676,pickup_scan,2025-01-12 10:00,25
5581,3676,dropoff_scan,2025-01-15 10:00,1
5582,3677,pickup_scan,2025-10-10 04:00,9
5583,3677,dropoff_scan,2025-10-15 23:00,23
5584,3678,pickup_scan,2025-04-06 21:00,16
5585,3678,dropoff_scan,2025-04-13 14:00,10
5586,3681,pickup_scan,2025-10-26 00:00,2
5587,3682,pickup_scan,2025-10-20 02:00,18
5588,3683,pickup_scan,2025-05-19 13:00,6
5589,3684,pickup_scan,2025-11-20 09:00,14
5590,3685,pickup_scan,2025-06-03 16:00,18
5591,3685,dropoff_scan,2025-06-07 01:00,6
5592,3687,pickup_scan,2025-08-16 15:00,25
5593,3687,dropoff_scan,2025-08-19 16:00,22
5594,3688,pickup_scan,2025-02-06 05:00,21
5595,3689,pickup_scan,2025-09-05 22:00,18
5596,3691,pickup_scan,2025-10-21 18:00,15
5597,3691,dropoff_scan,2025-10-27 00:00,16
5598,3692,pickup_scan,2025-10-24 14:00,15
5599,3692,dropoff_scan,2025-10-30 13:00,2
5600,3693,pickup_scan,2025-12-17 09:00,20
5601,3693,dropoff_scan,2025-12-23 05:00,25
5602,3696,pickup_scan,2025-10-16 05:00,15
5603,3697,pickup_scan,2025-11-18 13:00,3
5604,3697,dropoff_scan,2025-11-18 23:00,9
5605,3699,pickup_scan,2025-05-20 02:00,21
5606,3700,pickup_scan,2025-12-18 16:00,12
5607,3700,dropoff_scan,2025-12-20 14:00,25
5608,3701,pickup_scan,2025-01-03 23:00,25
5609,3701,dropoff_scan,2025-01-08 08:00,6
5610,3702,pickup_scan,2025-01-09 01:00,22
5611,3703,pickup_scan,2025-09-02 13:00,7
5612,3704,pickup_scan,2025-12-08 21:00,24
5613,3704,dropoff_scan,2025-12-12 20:00,23
5614,3705,pickup_scan,2025-07-10 13:00,13
5615,3705,dropoff_scan,2025-07-11 00:00,4
5616,3706,pickup_scan,2025-03-17 14:00,24
5617,3706,dropoff_scan,2025-03-22 23:00,15
5618,3707,pickup_scan,2025-12-30 23:00,6
5619,3708,pickup_scan,2025-03-27 00:00,3
5620,3708,dropoff_scan,2025-04-02 13:00,17
5621,3709,pickup_scan,2025-04-23 18:00,6
5622,3709,dropoff_scan,2025-04-30 03:00,6
5623,3710,pickup_scan,2025-04-15 02:00,11
5624,3710,dropoff_scan,2025-04-18 07:00,23
5625,3711,pickup_scan,2025-11-10 18:00,14
5626,3712,pickup_scan,2025-07-12 21:00,17
5627,3713,pickup_scan,2025-03-20 08:00,16
5628,3713,dropoff_scan,2025-03-21 09:00,9
5629,3714,pickup_scan,2025-09-10 16:00,25
5630,3714,dropoff_scan,2025-09-17 09:00,1
5631,3716,pickup_scan,2025-12-23 12:00,18
5632,3717,pickup_scan,2025-04-19 02:00,10
5633,3718,pickup_scan,2025-09-11 07:00,14
5634,3718,dropoff_scan,2025-09-17 14:00,3
5635,3719,pickup_scan,2025-07-23 02:00,15
5636,3719,dropoff_scan,2025-07-27 09:00,3
5637,3720,pickup_scan,2025-02-02 20:00,14
5638,3720,dropoff_scan,2025-02-05 23:00,9
5639,3721,pickup_scan,2025-10-07 01:00,4
5640,3721,dropoff_scan,2025-10-10 01:00,8
5641,3723,pickup_scan,2025-07-11 09:00,17
5642,3723,dropoff_scan,2025-07-14 20:00,10
5643,3724,pickup_scan,2025-06-14 08:00,19
5644,3724,dropoff_scan,2025-06-18 00:00,10
5645,3725,pickup_scan,2025-01-06 20:00,9
5646,3726,pickup_scan,2025-11-26 12:00,24
5647,3727,pickup_scan,2025-08-23 01:00,5
5648,3727,dropoff_scan,2025-08-23 04:00,8
5649,3729,pickup_scan,2025-12-28 00:00,9
5650,3729,dropoff_scan,2025-12-30 08:00,16
5651,3730,pickup_scan,2025-10-20 03:00,25
5652,3730,dropoff_scan,2025-10-22 04:00,23
5653,3731,pickup_scan,2025-10-29 02:00,11
5654,3732,pickup_scan,2025-04-13 22:00,23
5655,3733,pickup_scan,2025-09-17 00:00,13
5656,3733,dropoff_scan,2025-09-19 14:00,22
5657,3734,pickup_scan,2025-07-13 05:00,19
5658,3734,dropoff_scan,2025-07-14 22:00,19
5659,3735,pickup_scan,2025-03-15 15:00,18
5660,3737,pickup_scan,2025-03-23 07:00,21
5661,3738,pickup_scan,2025-11-23 16:00,3
5662,3738,dropoff_scan,2025-11-25 09:00,20
5663,3739,pickup_scan,2025-05-26 13:00,16
5664,3739,dropoff_scan,2025-05-29 10:00,4
5665,3740,pickup_scan,2025-06-09 17:00,9
5666,3740,dropoff_scan,2025-06-14 02:00,11
5667,3741,pickup_scan,2025-06-20 18:00,3
5668,3741,dropoff_scan,2025-06-22 09:00,6
5669,3742,pickup_scan,2025-07-11 18:00,6
5670,3742,dropoff_scan,2025-07-15 02:00,8
5671,3743,pickup_scan,2025-08-15 10:00,11
5672,3743,dropoff_scan,2025-08-20 16:00,25
5673,3744,pickup_scan,2025-11-25 15:00,21
5674,3744,dropoff_scan,2025-11-27 06:00,24
5675,3746,pickup_scan,2025-12-23 11:00,9
5676,3746,dropoff_scan,2025-12-28 01:00,12
5677,3748,pickup_scan,2025-02-15 18:00,4
5678,3748,dropoff_scan,2025-02-16 12:00,4
5679,3749,pickup_scan,2025-02-08 09:00,16
5680,3749,dropoff_scan,2025-02-13 12:00,17
5681,3750,pickup_scan,2025-11-17 05:00,12
5682,3750,dropoff_scan,2025-11-18 02:00,7
5683,3751,pickup_scan,2025-03-24 22:00,24
5684,3751,dropoff_scan,2025-03-29 05:00,18
5685,3752,pickup_scan,2025-10-10 22:00,12
5686,3752,dropoff_scan,2025-10-14 03:00,5
5687,3753,pickup_scan,2025-12-16 11:00,16
5688,3753,dropoff_scan,2025-12-18 06:00,16
5689,3755,pickup_scan,2025-03-30 06:00,16
5690,3755,dropoff_scan,2025-04-05 15:00,20
5691,3756,pickup_scan,2025-05-21 06:00,25
5692,3756,dropoff_scan,2025-05-28 00:00,20
5693,3757,pickup_scan,2025-11-24 05:00,19
5694,3758,pickup_scan,2025-06-21 03:00,4
5695,3758,dropoff_scan,2025-06-26 03:00,16
5696,3759,pickup_scan,2025-05-20 04:00,15
5697,3759,dropoff_scan,2025-05-25 02:00,22
5698,3760,pickup_scan,2025-06-13 21:00,6
5699,3760,dropoff_scan,2025-06-15 04:00,2
5700,3761,pickup_scan,2025-10-12 12:00,5
5701,3761,dropoff_scan,2025-10-17 04:00,7
5702,3762,pickup_scan,2025-01-07 22:00,14
5703,3762,dropoff_scan,2025-01-12 20:00,21
5704,3763,pickup_scan,2025-04-14 11:00,15
5705,3764,pickup_scan,2025-03-05 00:00,20
5706,3765,pickup_scan,2025-07-22 12:00,5
5707,3765,dropoff_scan,2025-07-24 22:00,8
5708,3766,pickup_scan,2025-09-14 09:00,15
5709,3766,dropoff_scan,2025-09-20 04:00,25
5710,3767,pickup_scan,2025-09-24 17:00,14
5711,3767,dropoff_scan,2025-09-27 00:00,15
5712,3768,pickup_scan,2025-01-12 09:00,1
5713,3768,dropoff_scan,2025-01-18 20:00,12
5714,3769,pickup_scan,2025-10-21 23:00,25
5715,3769,dropoff_scan,2025-10-26 01:00,17
5716,3770,pickup_scan,2025-01-04 20:00,8
5717,3771,pickup_scan,2025-09-15 16:00,24
5718,3771,dropoff_scan,2025-09-21 18:00,18
5719,3772,pickup_scan,2025-08-22 20:00,7
5720,3772,dropoff_scan,2025-08-24 02:00,6
5721,3773,pickup_scan,2025-12-07 10:00,6
5722,3773,dropoff_scan,2025-12-07 21:00,9
5723,3774,pickup_scan,2025-05-18 10:00,5
5724,3774,dropoff_scan,2025-05-22 20:00,23
5725,3777,pickup_scan,2025-11-21 01:00,4
5726,3777,dropoff_scan,2025-11-25 10:00,16
5727,3779,pickup_scan,2025-11-12 21:00,1
5728,3779,dropoff_scan,2025-11-16 21:00,10
5729,3780,pickup_scan,2025-07-17 16:00,21
5730,3780,dropoff_scan,2025-07-18 15:00,16
5731,3781,pickup_scan,2025-12-06 22:00,11
5732,3782,pickup_scan,2025-05-05 14:00,5
5733,3783,pickup_scan,2025-01-10 11:00,14
5734,3783,dropoff_scan,2025-01-14 06:00,15
5735,3784,pickup_scan,2025-12-31 07:00,10
5736,3785,pickup_scan,2025-12-01 02:00,17
5737,3786,pickup_scan,2025-06-17 13:00,18
5738,3786,dropoff_scan,2025-06-18 17:00,20
5739,3787,pickup_scan,2025-04-18 13:00,6
5740,3788,pickup_scan,2025-09-02 14:00,22
5741,3789,pickup_scan,2025-08-19 06:00,13
5742,3789,dropoff_scan,2025-08-22 14:00,5
5743,3790,pickup_scan,2025-02-25 16:00,12
5744,3791,pickup_scan,2025-12-02 13:00,10
5745,3792,pickup_scan,2025-03-22 19:00,16
5746,3792,dropoff_scan,2025-03-24 18:00,9
5747,3793,pickup_scan,2025-09-28 14:00,16
5748,3793,dropoff_scan,2025-09-29 23:00,22
5749,3794,pickup_scan,2025-12-09 20:00,12
5750,3794,dropoff_scan,2025-12-10 14:00,18
5751,3795,pickup_scan,2025-08-14 00:00,14
5752,3795,dropoff_scan,2025-08-14 13:00,9
5753,3796,pickup_scan,2025-10-21 14:00,25
5754,3797,pickup_scan,2025-04-05 01:00,12
5755,3798,pickup_scan,2025-04-21 04:00,9
5756,3798,dropoff_scan,2025-04-22 15:00,2
5757,3799,pickup_scan,2025-11-12 10:00,6
5758,3800,pickup_scan,2025-01-10 11:00,2
5759,3800,dropoff_scan,2025-01-14 02:00,15
5760,3801,pickup_scan,2025-10-05 00:00,19
5761,3801,dropoff_scan,2025-10-06 04:00,13
5762,3802,pickup_scan,2025-03-27 08:00,4
5763,3802,dropoff_scan,2025-03-27 17:00,3
5764,3803,pickup_scan,2025-09-07 16:00,21
5765,3803,dropoff_scan,2025-09-08 21:00,20
5766,3804,pickup_scan,2025-07-30 20:00,11
5767,3806,pickup_scan,2025-11-23 22:00,3
5768,3806,dropoff_scan,2025-11-28 11:00,11
5769,3807,pickup_scan,2025-04-22 06:00,12
5770,3808,pickup_scan,2025-02-16 19:00,14
5771,3809,pickup_scan,2025-08-24 23:00,3
5772,3809,dropoff_scan,2025-08-30 23:00,9
5773,3811,pickup_scan,2025-01-14 17:00,21
5774,3811,dropoff_scan,2025-01-20 02:00,13
5775,3812,pickup_scan,2025-09-25 05:00,4
5776,3812,dropoff_scan,2025-10-01 22:00,14
5777,3813,pickup_scan,2025-08-27 00:00,8
5778,3813,dropoff_scan,2025-09-02 05:00,21
5779,3814,pickup_scan,2025-01-14 06:00,2
5780,3814,dropoff_scan,2025-01-17 00:00,9
5781,3815,pickup_scan,2025-01-13 01:00,9
5782,3815,dropoff_scan,2025-01-14 22:00,20
5783,3816,pickup_scan,2025-08-04 21:00,2
5784,3816,dropoff_scan,2025-08-08 00:00,7
5785,3817,pickup_scan,2025-11-30 04:00,5
5786,3817,dropoff_scan,2025-12-01 12:00,2
5787,3818,pickup_scan,2025-01-29 17:00,15
5788,3818,dropoff_scan,2025-02-04 13:00,14
5789,3819,pickup_scan,2025-03-21 21:00,24
5790,3820,pickup_scan,2025-06-10 12:00,16
5791,3820,dropoff_scan,2025-06-14 21:00,13
5792,3821,pickup_scan,2025-07-02 10:00,11
5793,3821,dropoff_scan,2025-07-06 13:00,8
5794,3822,pickup_scan,2025-02-22 12:00,3
5795,3822,dropoff_scan,2025-02-25 16:00,2
5796,3823,pickup_scan,2025-09-03 03:00,5
5797,3823,dropoff_scan,2025-09-05 17:00,10
5798,3824,pickup_scan,2025-06-25 08:00,14
5799,3825,pickup_scan,2025-11-16 06:00,2
5800,3825,dropoff_scan,2025-11-21 16:00,18
5801,3826,pickup_scan,2025-03-01 02:00,8
5802,3826,dropoff_scan,2025-03-02 14:00,20
5803,3827,pickup_scan,2025-03-25 12:00,10
5804,3827,dropoff_scan,2025-03-31 03:00,17
5805,3829,pickup_scan,2025-07-22 05:00,19
5806,3829,dropoff_scan,2025-07-28 10:00,24
5807,3830,pickup_scan,2025-06-13 01:00,22
5808,3833,pickup_scan,2025-11-17 07:00,6
5809,3834,pickup_scan,2025-07-19 08:00,14
5810,3835,pickup_scan,2025-02-27 08:00,3
5811,3835,dropoff_scan,2025-02-27 23:00,17
5812,3836,pickup_scan,2025-04-30 08:00,21
5813,3837,pickup_scan,2025-11-07 20:00,25
5814,3838,pickup_scan,2025-07-22 08:00,6
5815,3839,pickup_scan,2025-05-15 14:00,23
5816,3840,pickup_scan,2025-01-03 01:00,24
5817,3840,dropoff_scan,2025-01-05 23:00,8
5818,3841,pickup_scan,2025-03-14 08:00,14
5819,3842,pickup_scan,2025-01-09 07:00,22
5820,3843,pickup_scan,2025-05-29 12:00,18
5821,3843,dropoff_scan,2025-06-02 23:00,16
5822,3844,pickup_scan,2025-07-24 08:00,11
5823,3845,pickup_scan,2025-09-08 12:00,19
5824,3845,dropoff_scan,2025-09-10 09:00,9
5825,3846,pickup_scan,2025-05-31 10:00,24
5826,3846,dropoff_scan,2025-06-02 11:00,25
5827,3847,pickup_scan,2025-07-13 12:00,2
5828,3848,pickup_scan,2025-04-30 14:00,22
5829,3848,dropoff_scan,2025-04-30 19:00,24
5830,3850,pickup_scan,2025-01-29 18:00,9
5831,3850,dropoff_scan,2025-02-03 05:00,3
5832,3851,pickup_scan,2025-01-06 13:00,25
5833,3852,pickup_scan,2025-07-25 08:00,12
5834,3852,dropoff_scan,2025-07-31 13:00,18
5835,3853,pickup_scan,2025-06-10 09:00,21
5836,3853,dropoff_scan,2025-06-15 12:00,20
5837,3854,pickup_scan,2025-11-17 03:00,13
5838,3854,dropoff_scan,2025-11-19 10:00,8
5839,3856,pickup_scan,2025-09-05 09:00,20
5840,3857,pickup_scan,2025-08-09 17:00,4
5841,3857,dropoff_scan,2025-08-12 05:00,7
5842,3860,pickup_scan,2025-08-30 20:00,25
5843,3861,pickup_scan,2025-08-31 10:00,7
5844,3862,pickup_scan,2025-06-19 09:00,24
5845,3863,pickup_scan,2025-08-21 01:00,7
5846,3863,dropoff_scan,2025-08-20 22:00,19
5847,3865,pickup_scan,2025-01-04 08:00,5
5848,3865,dropoff_scan,2025-01-10 22:00,14
5849,3867,pickup_scan,2025-02-11 06:00,4
5850,3867,dropoff_scan,2025-02-14 08:00,9
5851,3868,pickup_scan,2025-04-25 00:00,21
5852,3868,dropoff_scan,2025-04-29 02:00,14
5853,3869,pickup_scan,2025-10-10 14:00,17
5854,3869,dropoff_scan,2025-10-17 08:00,24
5855,3870,pickup_scan,2025-07-10 01:00,15
5856,3870,dropoff_scan,2025-07-10 06:00,11
5857,3871,pickup_scan,2025-01-12 16:00,3
5858,3872,pickup_scan,2025-09-02 01:00,24
5859,3872,dropoff_scan,2025-09-07 05:00,9
5860,3873,pickup_scan,2025-05-16 11:00,22
5861,3874,pickup_scan,2025-12-05 12:00,5
5862,3875,pickup_scan,2025-01-10 03:00,13
5863,3876,pickup_scan,2025-03-16 21:00,12
5864,3876,dropoff_scan,2025-03-20 15:00,17
5865,3877,pickup_scan,2025-08-12 01:00,18
5866,3878,pickup_scan,2025-10-26 19:00,20
5867,3878,dropoff_scan,2025-11-01 23:00,21
5868,3879,pickup_scan,2025-04-27 08:00,9
5869,3879,dropoff_scan,2025-04-27 17:00,18
5870,3880,pickup_scan,2025-03-18 05:00,13
5871,3880,dropoff_scan,2025-03-22 16:00,16
5872,3881,pickup_scan,2025-02-06 10:00,16
5873,3881,dropoff_scan,2025-02-13 05:00,22
5874,3882,pickup_scan,2025-05-31 12:00,6
5875,3883,pickup_scan,2025-03-26 20:00,25
5876,3883,dropoff_scan,2025-03-28 00:00,20
5877,3884,pickup_scan,2025-12-11 09:00,3
5878,3884,dropoff_scan,2025-12-13 13:00,15
5879,3885,pickup_scan,2025-12-20 07:00,3
5880,3885,dropoff_scan,2025-12-23 22:00,10
5881,3886,pickup_scan,2025-07-08 13:00,4
5882,3886,dropoff_scan,2025-07-12 23:00,17
5883,3887,pickup_scan,2025-10-13 02:00,6
5884,3889,pickup_scan,2025-08-29 02:00,14
5885,3892,pickup_scan,2025-12-11 08:00,23
5886,3892,dropoff_scan,2025-12-11 15:00,2
5887,3893,pickup_scan,2025-06-08 17:00,17
5888,3893,dropoff_scan,2025-06-13 15:00,25
5889,3894,pickup_scan,2025-05-30 17:00,14
5890,3895,pickup_scan,2025-06-30 04:00,8
5891,3895,dropoff_scan,2025-07-04 17:00,10
5892,3896,pickup_scan,2025-01-02 09:00,8
5893,3896,dropoff_scan,2025-01-04 12:00,11
5894,3897,pickup_scan,2025-12-03 22:00,2
5895,3897,dropoff_scan,2025-12-06 03:00,22
5896,3898,pickup_scan,2025-06-10 10:00,3
5897,3898,dropoff_scan,2025-06-11 08:00,15
5898,3899,pickup_scan,2025-10-15 04:00,6
5899,3899,dropoff_scan,2025-10-17 23:00,3
5900,3900,pickup_scan,2025-12-12 23:00,20
5901,3900,dropoff_scan,2025-12-13 00:00,12
5902,3901,pickup_scan,2025-09-19 14:00,2
5903,3901,dropoff_scan,2025-09-24 00:00,17
5904,3902,pickup_scan,2025-12-14 09:00,12
5905,3902,dropoff_scan,2025-12-15 07:00,23
5906,3903,pickup_scan,2025-04-04 22:00,2
5907,3903,dropoff_scan,2025-04-05 17:00,2
5908,3904,pickup_scan,2025-02-05 18:00,11
5909,3904,dropoff_scan,2025-02-09 07:00,22
5910,3905,pickup_scan,2025-05-27 15:00,18
5911,3905,dropoff_scan,2025-05-28 12:00,10
5912,3906,pickup_scan,2025-06-03 21:00,7
5913,3906,dropoff_scan,2025-06-10 07:00,20
5914,3907,pickup_scan,2025-01-05 20:00,9
5915,3909,pickup_scan,2025-10-29 01:00,2
5916,3909,dropoff_scan,2025-11-02 23:00,14
5917,3910,pickup_scan,2025-03-21 21:00,11
5918,3911,pickup_scan,2025-03-10 13:00,19
5919,3911,dropoff_scan,2025-03-15 11:00,1
5920,3912,pickup_scan,2025-08-22 04:00,7
5921,3912,dropoff_scan,2025-08-22 03:00,19
5922,3913,pickup_scan,2025-09-11 03:00,20
5923,3913,dropoff_scan,2025-09-12 23:00,21
5924,3914,pickup_scan,2025-10-18 21:00,14
5925,3915,pickup_scan,2025-07-30 10:00,14
5926,3915,dropoff_scan,2025-07-30 18:00,7
5927,3916,pickup_scan,2025-04-21 09:00,18
5928,3916,dropoff_scan,2025-04-27 00:00,10
5929,3917,pickup_scan,2025-09-13 00:00,10
5930,3917,dropoff_scan,2025-09-19 23:00,23
5931,3918,pickup_scan,2025-10-29 04:00,13
5932,3919,pickup_scan,2025-06-30 15:00,4
5933,3919,dropoff_scan,2025-07-04 02:00,20
5934,3920,pickup_scan,2025-03-25 16:00,20
5935,3920,dropoff_scan,2025-03-29 16:00,10
5936,3921,pickup_scan,2025-01-17 18:00,16
5937,3921,dropoff_scan,2025-01-22 02:00,21
5938,3922,pickup_scan,2025-09-07 23:00,18
5939,3924,pickup_scan,2025-04-06 04:00,17
5940,3924,dropoff_scan,2025-04-10 15:00,15
5941,3925,pickup_scan,2025-03-23 19:00,2
5942,3925,dropoff_scan,2025-03-29 14:00,5
5943,3926,pickup_scan,2025-08-30 19:00,14
5944,3926,dropoff_scan,2025-09-04 01:00,22
5945,3927,pickup_scan,2025-04-04 00:00,22
5946,3927,dropoff_scan,2025-04-05 16:00,21
5947,3928,pickup_scan,2025-02-07 15:00,7
5948,3928,dropoff_scan,2025-02-13 14:00,18
5949,3929,pickup_scan,2025-11-07 19:00,7
5950,3929,dropoff_scan,2025-11-09 04:00,22
5951,3930,pickup_scan,2025-10-04 15:00,7
5952,3930,dropoff_scan,2025-10-05 08:00,11
5953,3931,pickup_scan,2025-07-19 22:00,7
5954,3931,dropoff_scan,2025-07-21 16:00,14
5955,3932,pickup_scan,2025-11-06 21:00,18
5956,3932,dropoff_scan,2025-11-10 08:00,7
5957,3933,pickup_scan,2025-09-19 03:00,23
5958,3934,pickup_scan,2025-06-30 05:00,13
5959,3934,dropoff_scan,2025-07-03 12:00,12
5960,3936,pickup_scan,2025-02-12 19:00,24
5961,3936,dropoff_scan,2025-02-13 11:00,10
5962,3937,pickup_scan,2025-12-17 22:00,14
5963,3938,pickup_scan,2025-10-21 11:00,11
5964,3939,pickup_scan,2025-06-06 15:00,12
5965,3939,dropoff_scan,2025-06-08 23:00,9
5966,3940,pickup_scan,2025-04-08 12:00,25
5967,3941,pickup_scan,2025-12-30 09:00,7
5968,3941,dropoff_scan,2026-01-04 01:00,19
5969,3942,pickup_scan,2025-01-08 23:00,5
5970,3942,dropoff_scan,2025-01-09 02:00,15
5971,3943,pickup_scan,2025-04-22 05:00,11
5972,3943,dropoff_scan,2025-04-28 11:00,20
5973,3944,pickup_scan,2025-01-14 11:00,3
5974,3944,dropoff_scan,2025-01-16 16:00,8
5975,3945,pickup_scan,2025-11-27 15:00,10
5976,3945,dropoff_scan,2025-11-29 17:00,13
5977,3946,pickup_scan,2025-02-21 03:00,8
5978,3946,dropoff_scan,2025-02-27 00:00,17
5979,3947,pickup_scan,2025-08-05 08:00,21
5980,3947,dropoff_scan,2025-08-10 23:00,4
5981,3948,pickup_scan,2025-05-06 21:00,25
5982,3948,dropoff_scan,2025-05-13 03:00,17
5983,3950,pickup_scan,2025-07-20 19:00,19
5984,3950,dropoff_scan,2025-07-21 15:00,2
5985,3951,pickup_scan,2025-04-11 13:00,17
5986,3952,pickup_scan,2025-10-23 08:00,7
5987,3952,dropoff_scan,2025-10-23 05:00,12
5988,3953,pickup_scan,2025-01-27 15:00,2
5989,3954,pickup_scan,2025-07-10 10:00,11
5990,3955,pickup_scan,2025-08-17 13:00,2
5991,3955,dropoff_scan,2025-08-22 16:00,7
5992,3956,pickup_scan,2025-05-02 11:00,17
5993,3957,pickup_scan,2025-05-29 15:00,19
5994,3958,pickup_scan,2025-10-17 18:00,19
5995,3958,dropoff_scan,2025-10-22 18:00,11
5996,3959,pickup_scan,2025-01-13 20:00,18
5997,3959,dropoff_scan,2025-01-16 00:00,16
5998,3960,pickup_scan,2025-01-15 18:00,5
5999,3962,pickup_scan,2025-06-23 16:00,7
6000,3962,dropoff_scan,2025-06-29 13:00,19
6001,3963,pickup_scan,2025-08-17 20:00,25
6002,3963,dropoff_scan,2025-08-22 08:00,15
6003,3964,pickup_scan,2025-07-09 00:00,5
6004,3964,dropoff_scan,2025-07-15 12:00,11
6005,3966,pickup_scan,2025-09-29 15:00,19
6006,3967,pickup_scan,2025-05-12 13:00,22
6007,3967,dropoff_scan,2025-05-15 07:00,20
6008,3968,pickup_scan,2025-06-07 23:00,12
6009,3969,pickup_scan,2025-05-13 17:00,10
6010,3970,pickup_scan,2025-12-30 07:00,7
6011,3970,dropoff_scan,2026-01-06 04:00,5
6012,3972,pickup_scan,2025-04-30 15:00,23
6013,3974,pickup_scan,2025-02-01 20:00,20
6014,3975,pickup_scan,2025-11-05 09:00,3
6015,3975,dropoff_scan,2025-11-11 15:00,21
6016,3976,pickup_scan,2025-03-10 20:00,16
6017,3976,dropoff_scan,2025-03-15 10:00,11
6018,3977,pickup_scan,2025-03-01 12:00,24
6019,3978,pickup_scan,2025-07-13 13:00,1
6020,3979,pickup_scan,2025-04-28 17:00,18
6021,3979,dropoff_scan,2025-04-28 12:00,6
6022,3980,pickup_scan,2025-07-04 10:00,19
6023,3980,dropoff_scan,2025-07-07 04:00,17
6024,3981,pickup_scan,2025-04-30 11:00,18
6025,3982,pickup_scan,2025-02-01 13:00,20
6026,3982,dropoff_scan,2025-02-01 17:00,1
6027,3983,pickup_scan,2025-05-23 02:00,17
6028,3983,dropoff_scan,2025-05-27 07:00,16
6029,3984,pickup_scan,2025-09-06 10:00,8
6030,3985,pickup_scan,2025-03-30 09:00,24
6031,3986,pickup_scan,2025-05-08 07:00,9
6032,3986,dropoff_scan,2025-05-12 07:00,8
6033,3987,pickup_scan,2025-05-27 11:00,2
6034,3987,dropoff_scan,2025-05-31 05:00,16
6035,3989,pickup_scan,2025-09-05 06:00,6
6036,3990,pickup_scan,2025-03-12 00:00,19
6037,3990,dropoff_scan,2025-03-16 05:00,4
6038,3991,pickup_scan,2025-12-08 05:00,9
6039,3991,dropoff_scan,2025-12-12 15:00,15
6040,3992,pickup_scan,2025-08-29 03:00,14
6041,3992,dropoff_scan,2025-09-03 16:00,2
6042,3993,pickup_scan,2025-04-11 07:00,11
6043,3993,dropoff_scan,2025-04-13 04:00,25
6044,3994,pickup_scan,2025-01-10 18:00,13
6045,3994,dropoff_scan,2025-01-12 13:00,12
6046,3995,pickup_scan,2025-02-06 02:00,4
6047,3995,dropoff_scan,2025-02-11 03:00,15
6048,3996,pickup_scan,2025-10-27 12:00,6
6049,3996,dropoff_scan,2025-11-02 19:00,15
6050,3997,pickup_scan,2025-11-01 16:00,23
6051,3998,pickup_scan,2025-05-04 17:00,13
6052,3998,dropoff_scan,2025-05-09 13:00,5
6053,3999,pickup_scan,2025-04-16 06:00,10
6054,4000,pickup_scan,2025-08-08 10:00,18
6055,4001,pickup_scan,2025-02-07 09:00,2
6056,4002,pickup_scan,2025-02-17 13:00,18
6057,4003,pickup_scan,2025-04-10 10:00,9
6058,4003,dropoff_scan,2025-04-13 12:00,11
6059,4004,pickup_scan,2025-02-14 08:00,13
6060,4006,pickup_scan,2025-12-13 17:00,17
6061,4007,pickup_scan,2025-01-04 13:00,24
6062,4008,pickup_scan,2025-05-05 08:00,18
6063,4009,pickup_scan,2025-10-10 13:00,4
6064,4009,dropoff_scan,2025-10-12 15:00,25
6065,4010,pickup_scan,2025-05-03 19:00,6
6066,4011,pickup_scan,2025-04-04 14:00,14
6067,4011,dropoff_scan,2025-04-05 19:00,15
6068,4012,pickup_scan,2025-05-17 17:00,10
6069,4012,dropoff_scan,2025-05-21 21:00,23
6070,4013,pickup_scan,2025-01-05 23:00,15
6071,4013,dropoff_scan,2025-01-10 06:00,22
6072,4015,pickup_scan,2025-06-27 05:00,18
6073,4015,dropoff_scan,2025-06-30 09:00,4
6074,4016,pickup_scan,2025-09-18 00:00,21
6075,4018,pickup_scan,2025-10-26 07:00,10
6076,4018,dropoff_scan,2025-10-26 21:00,3
6077,4019,pickup_scan,2025-12-16 02:00,15
6078,4020,pickup_scan,2025-05-14 08:00,3
6079,4022,pickup_scan,2025-01-14 16:00,9
6080,4022,dropoff_scan,2025-01-16 11:00,20
6081,4023,pickup_scan,2025-06-16 21:00,8
6082,4023,dropoff_scan,2025-06-18 20:00,4
6083,4024,pickup_scan,2025-01-30 14:00,3
6084,4024,dropoff_scan,2025-02-03 05:00,6
6085,4025,pickup_scan,2025-10-14 04:00,16
6086,4025,dropoff_scan,2025-10-17 02:00,1
6087,4026,pickup_scan,2025-05-13 22:00,1
6088,4026,dropoff_scan,2025-05-19 17:00,18
6089,4027,pickup_scan,2025-09-18 08:00,13
6090,4027,dropoff_scan,2025-09-24 18:00,3
6091,4028,pickup_scan,2025-02-16 03:00,10
6092,4028,dropoff_scan,2025-02-20 02:00,8
6093,4030,pickup_scan,2025-08-13 08:00,15
6094,4031,pickup_scan,2025-02-14 08:00,25
6095,4031,dropoff_scan,2025-02-20 23:00,4
6096,4032,pickup_scan,2025-12-08 22:00,24
6097,4032,dropoff_scan,2025-12-13 17:00,4
6098,4033,pickup_scan,2025-08-28 05:00,9
6099,4033,dropoff_scan,2025-09-01 04:00,5
6100,4034,pickup_scan,2025-07-04 10:00,24
6101,4034,dropoff_scan,2025-07-09 15:00,4
6102,4035,pickup_scan,2025-05-26 05:00,1
6103,4035,dropoff_scan,2025-06-01 14:00,3
6104,4036,pickup_scan,2025-04-02 10:00,24
6105,4036,dropoff_scan,2025-04-03 19:00,12
6106,4038,pickup_scan,2025-08-30 07:00,9
6107,4039,pickup_scan,2025-01-21 05:00,13
6108,4040,pickup_scan,2025-03-28 23:00,10
6109,4041,pickup_scan,2025-05-21 20:00,15
6110,4041,dropoff_scan,2025-05-28 11:00,3
6111,4042,pickup_scan,2025-12-16 00:00,9
6112,4042,dropoff_scan,2025-12-16 04:00,22
6113,4043,pickup_scan,2025-07-14 03:00,5
6114,4044,pickup_scan,2025-08-24 08:00,3
6115,4045,pickup_scan,2025-03-17 01:00,15
6116,4045,dropoff_scan,2025-03-23 23:00,13
6117,4046,pickup_scan,2025-11-20 00:00,7
6118,4046,dropoff_scan,2025-11-24 21:00,7
6119,4047,pickup_scan,2025-02-01 03:00,25
6120,4048,pickup_scan,2025-07-11 13:00,9
6121,4048,dropoff_scan,2025-07-14 17:00,11
6122,4049,pickup_scan,2025-01-26 17:00,25
6123,4050,pickup_scan,2025-08-02 14:00,4
6124,4050,dropoff_scan,2025-08-08 11:00,13
6125,4051,pickup_scan,2025-05-03 21:00,17
6126,4052,pickup_scan,2025-09-04 03:00,9
6127,4052,dropoff_scan,2025-09-10 23:00,4
6128,4053,pickup_scan,2025-11-13 02:00,23
6129,4053,dropoff_scan,2025-11-16 04:00,25
6130,4054,pickup_scan,2025-05-16 15:00,15
6131,4055,pickup_scan,2025-08-16 16:00,19
6132,4055,dropoff_scan,2025-08-21 18:00,6
6133,4056,pickup_scan,2025-03-06 22:00,11
6134,4056,dropoff_scan,2025-03-10 16:00,24
6135,4057,pickup_scan,2025-07-26 12:00,8
6136,4057,dropoff_scan,2025-07-27 15:00,2
6137,4058,pickup_scan,2025-03-19 11:00,19
6138,4059,pickup_scan,2025-10-29 01:00,5
6139,4059,dropoff_scan,2025-11-01 23:00,11
6140,4060,pickup_scan,2025-02-28 11:00,11
6141,4061,pickup_scan,2025-09-05 21:00,16
6142,4061,dropoff_scan,2025-09-06 22:00,9
6143,4062,pickup_scan,2025-06-06 22:00,2
6144,4063,pickup_scan,2025-04-17 09:00,21
6145,4063,dropoff_scan,2025-04-20 05:00,22
6146,4064,pickup_scan,2025-12-02 07:00,24
6147,4065,pickup_scan,2025-12-18 11:00,2
6148,4066,pickup_scan,2025-04-11 13:00,14
6149,4066,dropoff_scan,2025-04-16 07:00,12
6150,4067,pickup_scan,2025-03-04 20:00,18
6151,4067,dropoff_scan,2025-03-10 18:00,2
6152,4068,pickup_scan,2025-09-05 07:00,8
6153,4068,dropoff_scan,2025-09-08 09:00,5
6154,4069,pickup_scan,2025-05-12 00:00,7
6155,4069,dropoff_scan,2025-05-17 15:00,2
6156,4070,pickup_scan,2025-07-10 19:00,21
6157,4070,dropoff_scan,2025-07-17 01:00,3
6158,4071,pickup_scan,2025-04-21 13:00,4
6159,4072,pickup_scan,2025-06-29 20:00,7
6160,4072,dropoff_scan,2025-07-05 05:00,17
6161,4073,pickup_scan,2025-03-09 13:00,16
6162,4073,dropoff_scan,2025-03-14 01:00,17
6163,4075,pickup_scan,2025-09-25 03:00,11
6164,4076,pickup_scan,2025-12-28 19:00,16
6165,4076,dropoff_scan,2025-12-30 04:00,12
6166,4077,pickup_scan,2025-04-18 10:00,5
6167,4078,pickup_scan,2025-04-28 22:00,15
6168,4078,dropoff_scan,2025-05-01 05:00,12
6169,4080,pickup_scan,2025-08-19 21:00,13
6170,4080,dropoff_scan,2025-08-26 18:00,12
6171,4081,pickup_scan,2025-08-07 05:00,14
6172,4081,dropoff_scan,2025-08-07 22:00,11
6173,4083,pickup_scan,2025-08-12 12:00,1
6174,4083,dropoff_scan,2025-08-17 12:00,12
6175,4084,pickup_scan,2025-09-18 11:00,3
6176,4084,dropoff_scan,2025-09-22 12:00,18
6177,4085,pickup_scan,2025-05-23 17:00,20
6178,4085,dropoff_scan,2025-05-27 00:00,7
6179,4086,pickup_scan,2025-11-02 19:00,20
6180,4086,dropoff_scan,2025-11-03 18:00,4
6181,4088,pickup_scan,2025-08-11 05:00,14
6182,4088,dropoff_scan,2025-08-14 00:00,4
6183,4089,pickup_scan,2025-06-03 10:00,15
6184,4089,dropoff_scan,2025-06-05 08:00,6
6185,4090,pickup_scan,2025-05-16 13:00,7
6186,4090,dropoff_scan,2025-05-23 03:00,19
6187,4091,pickup_scan,2025-02-04 10:00,18
6188,4092,pickup_scan,2025-04-29 20:00,17
6189,4092,dropoff_scan,2025-05-06 11:00,8
6190,4094,pickup_scan,2025-12-11 06:00,1
6191,4094,dropoff_scan,2025-12-17 22:00,16
6192,4095,pickup_scan,2025-01-07 20:00,15
6193,4096,pickup_scan,2025-03-17 14:00,18
6194,4096,dropoff_scan,2025-03-17 06:00,18
6195,4097,pickup_scan,2025-11-07 12:00,21
6196,4097,dropoff_scan,2025-11-09 17:00,24
6197,4098,pickup_scan,2025-06-03 20:00,19
6198,4098,dropoff_scan,2025-06-09 19:00,20
6199,4099,pickup_scan,2025-01-19 17:00,22
6200,4099,dropoff_scan,2025-01-24 04:00,5
6201,4102,pickup_scan,2025-04-15 10:00,8
6202,4102,dropoff_scan,2025-04-20 19:00,19
6203,4103,pickup_scan,2025-02-06 19:00,18
6204,4103,dropoff_scan,2025-02-08 06:00,8
6205,4104,pickup_scan,2025-02-20 11:00,20
6206,4104,dropoff_scan,2025-02-25 11:00,7
6207,4105,pickup_scan,2025-09-26 08:00,19
6208,4105,dropoff_scan,2025-09-30 23:00,22
6209,4107,pickup_scan,2025-05-22 17:00,14
6210,4107,dropoff_scan,2025-05-28 10:00,4
6211,4108,pickup_scan,2025-01-02 14:00,9
6212,4108,dropoff_scan,2025-01-07 18:00,20
6213,4109,pickup_scan,2025-08-01 16:00,22
6214,4109,dropoff_scan,2025-08-04 21:00,24
6215,4110,pickup_scan,2025-10-18 04:00,13
6216,4111,pickup_scan,2025-06-05 21:00,11
6217,4111,dropoff_scan,2025-06-09 16:00,1
6218,4112,pickup_scan,2025-04-13 10:00,1
6219,4113,pickup_scan,2025-01-15 09:00,8
6220,4114,pickup_scan,2025-03-19 21:00,9
6221,4114,dropoff_scan,2025-03-20 05:00,9
6222,4115,pickup_scan,2025-02-02 19:00,20
6223,4115,dropoff_scan,2025-02-07 09:00,7
6224,4116,pickup_scan,2025-03-22 08:00,23
6225,4116,dropoff_scan,2025-03-23 08:00,8
6226,4117,pickup_scan,2025-12-13 13:00,24
6227,4118,pickup_scan,2025-01-25 02:00,19
6228,4118,dropoff_scan,2025-01-26 13:00,18
6229,4119,pickup_scan,2025-09-15 05:00,12
6230,4119,dropoff_scan,2025-09-15 19:00,14
6231,4120,pickup_scan,2025-05-13 17:00,11
6232,4120,dropoff_scan,2025-05-17 14:00,11
6233,4121,pickup_scan,2025-07-15 23:00,13
6234,4122,pickup_scan,2025-03-28 18:00,6
6235,4123,pickup_scan,2025-11-12 06:00,21
6236,4123,dropoff_scan,2025-11-18 06:00,6
6237,4124,pickup_scan,2025-05-11 18:00,11
6238,4124,dropoff_scan,2025-05-14 00:00,16
6239,4126,pickup_scan,2025-05-04 02:00,14
6240,4126,dropoff_scan,2025-05-04 12:00,13
6241,4127,pickup_scan,2025-12-22 15:00,5
6242,4127,dropoff_scan,2025-12-24 18:00,8
6243,4128,pickup_scan,2025-04-23 06:00,13
6244,4128,dropoff_scan,2025-04-24 13:00,15
6245,4129,pickup_scan,2025-07-30 03:00,11
6246,4130,pickup_scan,2025-10-15 22:00,5
6247,4132,pickup_scan,2025-01-30 00:00,8
6248,4132,dropoff_scan,2025-02-02 17:00,14
6249,4133,pickup_scan,2025-01-07 20:00,23
6250,4133,dropoff_scan,2025-01-14 05:00,7
6251,4134,pickup_scan,2025-12-07 12:00,1
6252,4134,dropoff_scan,2025-12-10 21:00,16
6253,4135,pickup_scan,2025-12-24 18:00,19
6254,4136,pickup_scan,2025-04-02 19:00,13
6255,4136,dropoff_scan,2025-04-06 00:00,8
6256,4137,pickup_scan,2025-07-17 15:00,13
6257,4138,pickup_scan,2025-05-31 22:00,6
6258,4138,dropoff_scan,2025-06-03 06:00,4
6259,4140,pickup_scan,2025-06-02 21:00,7
6260,4140,dropoff_scan,2025-06-08 01:00,6
6261,4141,pickup_scan,2025-04-12 14:00,15
6262,4142,pickup_scan,2025-08-27 09:00,15
6263,4142,dropoff_scan,2025-08-31 01:00,7
6264,4143,pickup_scan,2025-11-01 20:00,24
6265,4143,dropoff_scan,2025-11-03 22:00,15
6266,4144,pickup_scan,2025-04-21 04:00,22
6267,4144,dropoff_scan,2025-04-24 01:00,4
6268,4145,pickup_scan,2025-06-27 12:00,6
6269,4146,pickup_scan,2025-08-09 17:00,19
6270,4146,dropoff_scan,2025-08-15 20:00,11
6271,4147,pickup_scan,2025-04-04 02:00,16
6272,4148,pickup_scan,2025-08-13 07:00,15
6273,4148,dropoff_scan,2025-08-19 00:00,15
6274,4149,pickup_scan,2025-09-07 06:00,7
6275,4149,dropoff_scan,2025-09-12 19:00,3
6276,4150,pickup_scan,2025-07-31 17:00,4
6277,4150,dropoff_scan,2025-08-05 08:00,4
6278,4151,pickup_scan,2025-08-30 02:00,9
6279,4151,dropoff_scan,2025-09-05 14:00,22
6280,4152,pickup_scan,2025-03-09 06:00,11
6281,4153,pickup_scan,2025-05-09 13:00,4
6282,4153,dropoff_scan,2025-05-13 20:00,24
6283,4154,pickup_scan,2025-08-14 01:00,12
6284,4154,dropoff_scan,2025-08-17 21:00,10
6285,4157,pickup_scan,2025-10-23 20:00,24
6286,4157,dropoff_scan,2025-10-28 20:00,21
6287,4158,pickup_scan,2025-01-22 02:00,7
6288,4158,dropoff_scan,2025-01-25 08:00,22
6289,4159,pickup_scan,2025-03-27 06:00,7
6290,4159,dropoff_scan,2025-03-30 10:00,11
6291,4160,pickup_scan,2025-08-17 16:00,3
6292,4160,dropoff_scan,2025-08-21 21:00,22
6293,4161,pickup_scan,2025-08-10 02:00,1
6294,4161,dropoff_scan,2025-08-10 20:00,4
6295,4162,pickup_scan,2025-06-12 08:00,1
6296,4162,dropoff_scan,2025-06-14 18:00,19
6297,4163,pickup_scan,2025-08-04 04:00,24
6298,4164,pickup_scan,2025-01-17 04:00,5
6299,4164,dropoff_scan,2025-01-19 12:00,11
6300,4166,pickup_scan,2025-05-28 11:00,24
6301,4166,dropoff_scan,2025-05-31 20:00,21
6302,4167,pickup_scan,2025-04-09 14:00,20
6303,4167,dropoff_scan,2025-04-10 10:00,21
6304,4168,pickup_scan,2025-05-26 15:00,3
6305,4168,dropoff_scan,2025-06-02 01:00,11
6306,4169,pickup_scan,2025-11-20 22:00,2
6307,4170,pickup_scan,2025-11-09 13:00,10
6308,4170,dropoff_scan,2025-11-15 17:00,18
6309,4171,pickup_scan,2025-07-08 17:00,14
6310,4171,dropoff_scan,2025-07-15 11:00,20
6311,4172,pickup_scan,2025-04-13 02:00,21
6312,4172,dropoff_scan,2025-04-18 07:00,6
6313,4173,pickup_scan,2025-11-09 21:00,21
6314,4174,pickup_scan,2025-03-15 07:00,24
6315,4174,dropoff_scan,2025-03-15 15:00,23
6316,4175,pickup_scan,2025-02-08 11:00,6
6317,4175,dropoff_scan,2025-02-09 06:00,2
6318,4176,pickup_scan,2025-08-04 02:00,3
6319,4176,dropoff_scan,2025-08-06 23:00,23
6320,4177,pickup_scan,2025-04-28 11:00,1
6321,4177,dropoff_scan,2025-04-30 22:00,7
6322,4178,pickup_scan,2025-03-07 04:00,21
6323,4179,pickup_scan,2025-11-01 00:00,13
6324,4179,dropoff_scan,2025-11-01 22:00,23
6325,4180,pickup_scan,2025-10-21 05:00,24
6326,4180,dropoff_scan,2025-10-21 15:00,22
6327,4181,pickup_scan,2025-07-12 09:00,20
6328,4181,dropoff_scan,2025-07-13 22:00,9
6329,4182,pickup_scan,2025-10-14 16:00,4
6330,4182,dropoff_scan,2025-10-19 06:00,16
6331,4183,pickup_scan,2025-07-14 05:00,24
6332,4183,dropoff_scan,2025-07-20 05:00,7
6333,4184,pickup_scan,2025-01-17 05:00,2
6334,4184,dropoff_scan,2025-01-17 16:00,9
6335,4186,pickup_scan,2025-07-16 14:00,23
6336,4186,dropoff_scan,2025-07-19 04:00,23
6337,4188,pickup_scan,2025-10-11 04:00,19
6338,4188,dropoff_scan,2025-10-16 03:00,18
6339,4189,pickup_scan,2025-07-02 23:00,19
6340,4189,dropoff_scan,2025-07-02 23:00,3
6341,4190,pickup_scan,2025-05-21 10:00,6
6342,4190,dropoff_scan,2025-05-21 20:00,8
6343,4191,pickup_scan,2025-08-19 18:00,19
6344,4191,dropoff_scan,2025-08-22 04:00,2
6345,4192,pickup_scan,2025-11-02 17:00,9
6346,4192,dropoff_scan,2025-11-03 19:00,18
6347,4193,pickup_scan,2025-04-07 09:00,14
6348,4194,pickup_scan,2025-04-11 20:00,21
6349,4194,dropoff_scan,2025-04-16 19:00,8
6350,4195,pickup_scan,2025-05-22 05:00,5
6351,4195,dropoff_scan,2025-05-22 07:00,17
6352,4196,pickup_scan,2025-01-18 00:00,12
6353,4196,dropoff_scan,2025-01-21 19:00,7
6354,4197,pickup_scan,2025-08-23 04:00,14
6355,4197,dropoff_scan,2025-08-27 11:00,9
6356,4198,pickup_scan,2025-04-12 13:00,10
6357,4198,dropoff_scan,2025-04-13 02:00,4
6358,4199,pickup_scan,2025-11-21 18:00,24
6359,4201,pickup_scan,2025-03-26 20:00,10
6360,4201,dropoff_scan,2025-03-30 14:00,16
6361,4202,pickup_scan,2025-12-21 12:00,11
6362,4202,dropoff_scan,2025-12-27 12:00,17
6363,4203,pickup_scan,2025-08-21 11:00,17
6364,4204,pickup_scan,2025-05-19 05:00,3
6365,4204,dropoff_scan,2025-05-25 17:00,19
6366,4205,pickup_scan,2025-07-06 11:00,3
6367,4205,dropoff_scan,2025-07-07 13:00,25
6368,4206,pickup_scan,2025-10-01 15:00,1
6369,4206,dropoff_scan,2025-10-05 22:00,17
6370,4207,pickup_scan,2025-04-09 07:00,2
6371,4207,dropoff_scan,2025-04-13 22:00,4
6372,4208,pickup_scan,2025-07-11 22:00,17
6373,4208,dropoff_scan,2025-07-17 03:00,4
6374,4209,pickup_scan,2025-08-24 08:00,19
6375,4209,dropoff_scan,2025-08-25 05:00,24
6376,4210,pickup_scan,2025-08-23 08:00,18
6377,4211,pickup_scan,2025-06-23 08:00,22
6378,4211,dropoff_scan,2025-06-25 09:00,22
6379,4212,pickup_scan,2025-03-10 22:00,13
6380,4212,dropoff_scan,2025-03-12 08:00,16
6381,4213,pickup_scan,2025-12-05 06:00,22
6382,4214,pickup_scan,2025-12-25 20:00,13
6383,4214,dropoff_scan,2025-12-31 07:00,17
6384,4215,pickup_scan,2025-11-18 19:00,10
6385,4215,dropoff_scan,2025-11-20 07:00,15
6386,4218,pickup_scan,2025-08-10 11:00,24
6387,4219,pickup_scan,2025-08-18 06:00,9
6388,4219,dropoff_scan,2025-08-18 11:00,13
6389,4220,pickup_scan,2025-04-07 13:00,8
6390,4220,dropoff_scan,2025-04-12 03:00,4
6391,4221,pickup_scan,2025-01-01 15:00,6
6392,4221,dropoff_scan,2025-01-05 08:00,4
6393,4222,pickup_scan,2025-04-23 23:00,19
6394,4222,dropoff_scan,2025-04-25 01:00,4
6395,4225,pickup_scan,2025-02-11 00:00,5
6396,4225,dropoff_scan,2025-02-17 18:00,7
6397,4226,pickup_scan,2025-12-15 00:00,21
6398,4226,dropoff_scan,2025-12-17 03:00,14
6399,4227,pickup_scan,2025-01-13 18:00,3
6400,4228,pickup_scan,2025-05-15 20:00,15
6401,4229,pickup_scan,2025-12-08 22:00,3
6402,4229,dropoff_scan,2025-12-15 09:00,16
6403,4230,pickup_scan,2025-04-28 08:00,13
6404,4231,pickup_scan,2025-03-07 14:00,2
6405,4232,pickup_scan,2025-09-05 04:00,11
6406,4233,pickup_scan,2025-09-29 02:00,16
6407,4233,dropoff_scan,2025-10-02 23:00,7
6408,4235,pickup_scan,2025-07-03 21:00,18
6409,4236,pickup_scan,2025-02-01 05:00,25
6410,4236,dropoff_scan,2025-02-06 20:00,15
6411,4237,pickup_scan,2025-11-03 12:00,18
6412,4239,pickup_scan,2025-05-30 12:00,25
6413,4240,pickup_scan,2025-05-05 02:00,24
6414,4240,dropoff_scan,2025-05-11 20:00,5
6415,4241,pickup_scan,2025-06-12 05:00,17
6416,4241,dropoff_scan,2025-06-17 20:00,13
6417,4242,pickup_scan,2025-04-02 18:00,2
6418,4242,dropoff_scan,2025-04-06 15:00,13
6419,4243,pickup_scan,2025-05-31 10:00,16
6420,4243,dropoff_scan,2025-06-06 20:00,5
6421,4244,pickup_scan,2025-04-10 12:00,7
6422,4244,dropoff_scan,2025-04-11 21:00,12
6423,4245,pickup_scan,2025-11-15 19:00,9
6424,4246,pickup_scan,2025-07-24 12:00,15
6425,4246,dropoff_scan,2025-07-30 02:00,16
6426,4247,pickup_scan,2025-04-18 18:00,19
6427,4247,dropoff_scan,2025-04-21 12:00,13
6428,4248,pickup_scan,2025-08-18 16:00,25
6429,4248,dropoff_scan,2025-08-18 22:00,11
6430,4249,pickup_scan,2025-05-09 10:00,12
6431,4249,dropoff_scan,2025-05-10 08:00,22
6432,4250,pickup_scan,2025-08-10 18:00,4
6433,4250,dropoff_scan,2025-08-11 23:00,20
6434,4251,pickup_scan,2025-11-16 12:00,18
6435,4251,dropoff_scan,2025-11-20 20:00,19
6436,4252,pickup_scan,2025-02-20 17:00,14
6437,4252,dropoff_scan,2025-02-24 19:00,25
6438,4253,pickup_scan,2025-09-28 22:00,13
6439,4253,dropoff_scan,2025-10-03 23:00,23
6440,4254,pickup_scan,2025-12-03 08:00,5
6441,4254,dropoff_scan,2025-12-04 11:00,23
6442,4255,pickup_scan,2025-09-09 22:00,17
6443,4255,dropoff_scan,2025-09-12 16:00,16
6444,4256,pickup_scan,2025-12-18 16:00,12
6445,4256,dropoff_scan,2025-12-19 00:00,14
6446,4257,pickup_scan,2025-09-15 21:00,1
6447,4258,pickup_scan,2025-04-14 00:00,1
6448,4259,pickup_scan,2025-03-04 08:00,13
6449,4259,dropoff_scan,2025-03-09 01:00,4
6450,4260,pickup_scan,2025-11-28 08:00,3
6451,4260,dropoff_scan,2025-11-28 13:00,25
6452,4261,pickup_scan,2025-08-19 04:00,24
6453,4262,pickup_scan,2025-07-25 10:00,18
6454,4263,pickup_scan,2025-06-13 07:00,16
6455,4264,pickup_scan,2025-05-28 09:00,14
6456,4264,dropoff_scan,2025-06-01 09:00,22
6457,4265,pickup_scan,2025-09-11 05:00,24
6458,4265,dropoff_scan,2025-09-11 23:00,4
6459,4266,pickup_scan,2025-07-22 18:00,6
6460,4266,dropoff_scan,2025-07-24 22:00,17
6461,4267,pickup_scan,2025-01-25 05:00,12
6462,4268,pickup_scan,2025-04-12 11:00,17
6463,4268,dropoff_scan,2025-04-18 17:00,11
6464,4269,pickup_scan,2025-07-22 09:00,2
6465,4270,pickup_scan,2025-07-25 14:00,23
6466,4270,dropoff_scan,2025-07-25 20:00,22
6467,4271,pickup_scan,2025-09-02 05:00,16
6468,4271,dropoff_scan,2025-09-05 19:00,12
6469,4272,pickup_scan,2025-06-29 05:00,13
6470,4272,dropoff_scan,2025-06-30 23:00,10
6471,4273,pickup_scan,2025-08-06 08:00,2
6472,4273,dropoff_scan,2025-08-12 04:00,11
6473,4274,pickup_scan,2025-05-01 21:00,9
6474,4274,dropoff_scan,2025-05-07 01:00,15
6475,4276,pickup_scan,2025-11-17 22:00,7
6476,4276,dropoff_scan,2025-11-19 13:00,17
6477,4277,pickup_scan,2025-01-20 04:00,5
6478,4277,dropoff_scan,2025-01-21 22:00,25
6479,4278,pickup_scan,2025-01-03 03:00,19
6480,4278,dropoff_scan,2025-01-04 22:00,11
6481,4279,pickup_scan,2025-04-01 12:00,20
6482,4279,dropoff_scan,2025-04-05 11:00,20
6483,4280,pickup_scan,2025-02-19 11:00,10
6484,4280,dropoff_scan,2025-02-26 01:00,12
6485,4281,pickup_scan,2025-02-08 19:00,6
6486,4281,dropoff_scan,2025-02-10 05:00,23
6487,4282,pickup_scan,2025-01-22 05:00,4
6488,4283,pickup_scan,2025-09-15 12:00,4
6489,4284,pickup_scan,2025-02-08 05:00,2
6490,4285,pickup_scan,2025-07-16 09:00,20
6491,4285,dropoff_scan,2025-07-18 06:00,16
6492,4286,pickup_scan,2025-08-10 05:00,7
6493,4286,dropoff_scan,2025-08-12 09:00,12
6494,4287,pickup_scan,2025-06-14 14:00,10
6495,4287,dropoff_scan,2025-06-17 10:00,21
6496,4288,pickup_scan,2025-08-23 14:00,4
6497,4290,pickup_scan,2025-08-20 12:00,3
6498,4290,dropoff_scan,2025-08-25 19:00,22
6499,4291,pickup_scan,2025-07-06 17:00,4
6500,4292,pickup_scan,2025-08-18 16:00,24
6501,4293,pickup_scan,2025-12-20 01:00,10
6502,4293,dropoff_scan,2025-12-22 16:00,20
6503,4294,pickup_scan,2025-03-30 04:00,15
6504,4294,dropoff_scan,2025-04-05 09:00,3
6505,4295,pickup_scan,2025-02-23 09:00,2
6506,4295,dropoff_scan,2025-02-26 19:00,15
6507,4296,pickup_scan,2025-05-08 06:00,25
6508,4296,dropoff_scan,2025-05-13 06:00,25
6509,4297,pickup_scan,2025-10-27 01:00,3
6510,4297,dropoff_scan,2025-11-02 13:00,12
6511,4299,pickup_scan,2025-07-22 09:00,22
6512,4299,dropoff_scan,2025-07-26 20:00,6
6513,4300,pickup_scan,2025-02-26 18:00,22
6514,4300,dropoff_scan,2025-02-26 22:00,8
6515,4301,pickup_scan,2025-10-05 20:00,12
6516,4301,dropoff_scan,2025-10-09 15:00,13
6517,4302,pickup_scan,2025-07-16 19:00,10
6518,4303,pickup_scan,2025-02-12 01:00,6
6519,4303,dropoff_scan,2025-02-18 23:00,18
6520,4304,pickup_scan,2025-12-11 14:00,18
6521,4304,dropoff_scan,2025-12-16 21:00,8
6522,4305,pickup_scan,2025-07-01 03:00,15
6523,4305,dropoff_scan,2025-07-01 18:00,11
6524,4306,pickup_scan,2025-06-10 09:00,14
6525,4306,dropoff_scan,2025-06-15 01:00,19
6526,4307,pickup_scan,2025-05-21 13:00,2
6527,4307,dropoff_scan,2025-05-24 11:00,24
6528,4310,pickup_scan,2025-04-04 21:00,8
6529,4311,pickup_scan,2025-01-19 21:00,15
6530,4312,pickup_scan,2025-04-13 02:00,15
6531,4312,dropoff_scan,2025-04-16 12:00,3
6532,4313,pickup_scan,2025-09-04 18:00,9
6533,4314,pickup_scan,2025-02-12 14:00,8
6534,4316,pickup_scan,2025-01-07 05:00,12
6535,4316,dropoff_scan,2025-01-11 01:00,19
6536,4317,pickup_scan,2025-09-22 14:00,19
6537,4318,pickup_scan,2025-06-30 22:00,15
6538,4318,dropoff_scan,2025-07-07 09:00,10
6539,4319,pickup_scan,2025-10-10 06:00,7
6540,4319,dropoff_scan,2025-10-14 04:00,19
6541,4321,pickup_scan,2025-05-29 21:00,7
6542,4322,pickup_scan,2025-07-24 09:00,24
6543,4322,dropoff_scan,2025-07-26 18:00,1
6544,4323,pickup_scan,2025-04-20 03:00,16
6545,4324,pickup_scan,2025-11-09 11:00,23
6546,4324,dropoff_scan,2025-11-16 09:00,1
6547,4325,pickup_scan,2025-06-06 19:00,4
6548,4326,pickup_scan,2025-02-02 10:00,5
6549,4327,pickup_scan,2025-01-06 08:00,18
6550,4328,pickup_scan,2025-05-09 06:00,11
6551,4329,pickup_scan,2025-03-08 14:00,19
6552,4329,dropoff_scan,2025-03-09 18:00,18
6553,4330,pickup_scan,2025-02-03 01:00,9
6554,4330,dropoff_scan,2025-02-05 11:00,15
6555,4331,pickup_scan,2025-11-28 21:00,5
6556,4331,dropoff_scan,2025-11-30 02:00,8
6557,4332,pickup_scan,2025-10-10 10:00,6
6558,4332,dropoff_scan,2025-10-15 07:00,24
6559,4333,pickup_scan,2025-07-27 03:00,14
6560,4333,dropoff_scan,2025-07-27 16:00,4
6561,4334,pickup_scan,2025-10-05 12:00,18
6562,4334,dropoff_scan,2025-10-10 14:00,17
6563,4335,pickup_scan,2025-01-19 11:00,10
6564,4335,dropoff_scan,2025-01-19 09:00,7
6565,4336,pickup_scan,2025-03-11 07:00,11
6566,4336,dropoff_scan,2025-03-17 11:00,12
6567,4338,pickup_scan,2025-08-22 01:00,16
6568,4338,dropoff_scan,2025-08-28 08:00,22
6569,4339,pickup_scan,2025-02-14 05:00,25
6570,4339,dropoff_scan,2025-02-14 18:00,2
6571,4340,pickup_scan,2025-11-06 17:00,22
6572,4341,pickup_scan,2025-01-04 17:00,11
6573,4341,dropoff_scan,2025-01-05 07:00,1
6574,4342,pickup_scan,2025-09-23 21:00,19
6575,4343,pickup_scan,2025-03-04 07:00,23
6576,4343,dropoff_scan,2025-03-09 23:00,7
6577,4344,pickup_scan,2025-12-03 11:00,16
6578,4344,dropoff_scan,2025-12-07 01:00,21
6579,4345,pickup_scan,2025-03-26 11:00,9
6580,4347,pickup_scan,2025-02-16 08:00,25
6581,4348,pickup_scan,2025-08-26 03:00,15
6582,4349,pickup_scan,2025-11-09 23:00,10
6583,4349,dropoff_scan,2025-11-11 23:00,14
6584,4350,pickup_scan,2025-04-16 16:00,24
6585,4350,dropoff_scan,2025-04-18 20:00,16
6586,4351,pickup_scan,2025-12-05 04:00,8
6587,4352,pickup_scan,2025-11-08 00:00,8
6588,4352,dropoff_scan,2025-11-09 15:00,22
6589,4353,pickup_scan,2025-06-21 14:00,22
6590,4353,dropoff_scan,2025-06-22 11:00,2
6591,4354,pickup_scan,2025-02-17 14:00,18
6592,4354,dropoff_scan,2025-02-21 22:00,14
6593,4355,pickup_scan,2025-11-14 19:00,24
6594,4355,dropoff_scan,2025-11-18 14:00,13
6595,4356,pickup_scan,2025-09-23 23:00,17
6596,4357,pickup_scan,2025-05-15 07:00,25
6597,4357,dropoff_scan,2025-05-19 14:00,17
6598,4358,pickup_scan,2025-11-13 04:00,16
6599,4359,pickup_scan,2025-06-24 00:00,3
6600,4359,dropoff_scan,2025-06-29 20:00,18
6601,4360,pickup_scan,2025-08-08 12:00,8
6602,4360,dropoff_scan,2025-08-10 19:00,5
6603,4361,pickup_scan,2025-10-31 07:00,16
6604,4362,pickup_scan,2025-07-20 21:00,15
6605,4362,dropoff_scan,2025-07-27 10:00,6
6606,4363,pickup_scan,2025-04-19 03:00,2
6607,4363,dropoff_scan,2025-04-22 01:00,19
6608,4364,pickup_scan,2025-03-25 06:00,11
6609,4365,pickup_scan,2025-04-16 16:00,24
6610,4366,pickup_scan,2025-08-12 02:00,6
6611,4366,dropoff_scan,2025-08-18 03:00,16
6612,4367,pickup_scan,2025-10-21 12:00,24
6613,4367,dropoff_scan,2025-10-23 02:00,3
6614,4368,pickup_scan,2025-10-27 06:00,4
6615,4368,dropoff_scan,2025-10-30 17:00,11
6616,4369,pickup_scan,2025-08-08 07:00,18
6617,4370,pickup_scan,2025-12-28 12:00,24
6618,4370,dropoff_scan,2026-01-01 03:00,21
6619,4371,pickup_scan,2025-09-27 15:00,21
6620,4371,dropoff_scan,2025-10-04 12:00,7
6621,4372,pickup_scan,2025-09-30 13:00,11
6622,4372,dropoff_scan,2025-10-02 18:00,14
6623,4373,pickup_scan,2025-09-13 23:00,4
6624,4374,pickup_scan,2025-04-29 13:00,5
6625,4375,pickup_scan,2025-08-25 15:00,15
6626,4376,pickup_scan,2025-03-31 07:00,20
6627,4376,dropoff_scan,2025-04-02 17:00,18
6628,4377,pickup_scan,2025-08-12 05:00,3
6629,4377,dropoff_scan,2025-08-12 03:00,14
6630,4379,pickup_scan,2025-12-04 22:00,24
6631,4380,pickup_scan,2025-07-07 15:00,10
6632,4380,dropoff_scan,2025-07-07 22:00,9
6633,4381,pickup_scan,2025-06-15 13:00,19
6634,4382,pickup_scan,2025-01-25 22:00,5
6635,4382,dropoff_scan,2025-01-30 20:00,13
6636,4383,pickup_scan,2025-03-22 05:00,14
6637,4384,pickup_scan,2025-11-24 23:00,19
6638,4384,dropoff_scan,2025-11-26 03:00,10
6639,4385,pickup_scan,2025-06-14 15:00,22
6640,4386,pickup_scan,2025-10-12 05:00,11
6641,4387,pickup_scan,2025-03-23 23:00,16
6642,4388,pickup_scan,2025-09-23 04:00,6
6643,4389,pickup_scan,2025-04-10 23:00,17
6644,4390,pickup_scan,2025-07-22 22:00,13
6645,4390,dropoff_scan,2025-07-25 12:00,17
6646,4391,pickup_scan,2025-12-20 16:00,6
6647,4392,pickup_scan,2025-05-05 16:00,17
6648,4393,pickup_scan,2025-07-12 23:00,23
6649,4393,dropoff_scan,2025-07-17 17:00,11
6650,4395,pickup_scan,2025-12-12 15:00,13
6651,4395,dropoff_scan,2025-12-12 21:00,18
6652,4396,pickup_scan,2025-07-29 01:00,2
6653,4396,dropoff_scan,2025-08-01 09:00,17
6654,4397,pickup_scan,2025-01-29 05:00,17
6655,4398,pickup_scan,2025-07-02 03:00,14
6656,4398,dropoff_scan,2025-07-06 18:00,5
6657,4399,pickup_scan,2025-11-19 04:00,10
6658,4400,pickup_scan,2025-05-09 04:00,4
6659,4400,dropoff_scan,2025-05-15 23:00,1
6660,4401,pickup_scan,2025-06-07 22:00,23
6661,4401,dropoff_scan,2025-06-11 00:00,19
6662,4402,pickup_scan,2025-01-01 12:00,24
6663,4402,dropoff_scan,2025-01-07 21:00,10
6664,4403,pickup_scan,2025-10-15 16:00,25
6665,4404,pickup_scan,2025-08-09 14:00,1
6666,4404,dropoff_scan,2025-08-13 04:00,20
6667,4405,pickup_scan,2025-02-28 17:00,2
6668,4407,pickup_scan,2025-01-05 03:00,22
6669,4407,dropoff_scan,2025-01-12 01:00,5
6670,4408,pickup_scan,2025-03-06 14:00,7
6671,4409,pickup_scan,2025-06-01 20:00,7
6672,4409,dropoff_scan,2025-06-06 02:00,13
6673,4411,pickup_scan,2025-04-05 03:00,4
6674,4411,dropoff_scan,2025-04-09 10:00,8
6675,4412,pickup_scan,2025-01-29 06:00,19
6676,4414,pickup_scan,2025-11-04 21:00,21
6677,4415,pickup_scan,2025-02-06 15:00,19
6678,4415,dropoff_scan,2025-02-08 01:00,23
6679,4416,pickup_scan,2025-01-17 15:00,22
6680,4417,pickup_scan,2025-11-15 02:00,11
6681,4417,dropoff_scan,2025-11-20 03:00,10
6682,4418,pickup_scan,2025-08-13 00:00,12
6683,4418,dropoff_scan,2025-08-17 15:00,19
6684,4419,pickup_scan,2025-02-16 21:00,7
6685,4419,dropoff_scan,2025-02-20 11:00,8
6686,4420,pickup_scan,2025-05-20 07:00,8
6687,4421,pickup_scan,2025-11-19 07:00,10
6688,4421,dropoff_scan,2025-11-23 10:00,3
6689,4422,pickup_scan,2025-07-06 03:00,17
6690,4422,dropoff_scan,2025-07-09 18:00,9
6691,4423,pickup_scan,2025-05-25 00:00,10
6692,4424,pickup_scan,2025-12-12 08:00,18
6693,4424,dropoff_scan,2025-12-17 22:00,15
6694,4425,pickup_scan,2025-10-07 03:00,19
6695,4426,pickup_scan,2025-10-22 10:00,21
6696,4426,dropoff_scan,2025-10-29 00:00,4
6697,4427,pickup_scan,2025-02-28 05:00,18
6698,4427,dropoff_scan,2025-03-05 12:00,17
6699,4428,pickup_scan,2025-04-10 15:00,25
6700,4428,dropoff_scan,2025-04-16 14:00,24
6701,4430,pickup_scan,2025-12-13 07:00,17
6702,4431,pickup_scan,2025-08-25 09:00,20
6703,4431,dropoff_scan,2025-08-28 10:00,16
6704,4432,pickup_scan,2025-04-13 12:00,20
6705,4432,dropoff_scan,2025-04-15 11:00,4
6706,4433,pickup_scan,2025-10-02 02:00,6
6707,4435,pickup_scan,2025-03-07 15:00,23
6708,4435,dropoff_scan,2025-03-10 22:00,1
6709,4436,pickup_scan,2025-10-24 11:00,21
6710,4436,dropoff_scan,2025-10-25 10:00,11
6711,4437,pickup_scan,2025-05-16 07:00,18
6712,4437,dropoff_scan,2025-05-20 17:00,20
6713,4438,pickup_scan,2025-02-20 10:00,16
6714,4438,dropoff_scan,2025-02-24 16:00,13
6715,4439,pickup_scan,2025-05-06 16:00,19
6716,4439,dropoff_scan,2025-05-10 20:00,15
6717,4440,pickup_scan,2025-10-26 22:00,11
6718,4441,pickup_scan,2025-07-30 19:00,6
6719,4442,pickup_scan,2025-11-19 22:00,6
6720,4443,pickup_scan,2025-07-28 21:00,14
6721,4444,pickup_scan,2025-02-05 20:00,12
6722,4444,dropoff_scan,2025-02-09 10:00,10
6723,4445,pickup_scan,2025-03-08 15:00,13
6724,4445,dropoff_scan,2025-03-14 03:00,22
6725,4446,pickup_scan,2025-12-07 00:00,19
6726,4446,dropoff_scan,2025-12-13 04:00,7
6727,4447,pickup_scan,2025-12-28 04:00,11
6728,4447,dropoff_scan,2025-12-31 07:00,21
6729,4449,pickup_scan,2025-09-11 03:00,11
6730,4449,dropoff_scan,2025-09-16 10:00,20
6731,4450,pickup_scan,2025-07-09 10:00,21
6732,4450,dropoff_scan,2025-07-11 10:00,12
6733,4451,pickup_scan,2025-12-07 04:00,19
6734,4452,pickup_scan,2025-03-27 05:00,1
6735,4452,dropoff_scan,2025-04-01 09:00,1
6736,4453,pickup_scan,2025-04-11 20:00,15
6737,4454,pickup_scan,2025-07-21 06:00,15
6738,4454,dropoff_scan,2025-07-24 02:00,11
6739,4455,pickup_scan,2025-10-18 18:00,13
6740,4456,pickup_scan,2025-01-02 17:00,20
6741,4456,dropoff_scan,2025-01-05 12:00,6
6742,4457,pickup_scan,2025-03-12 16:00,16
6743,4457,dropoff_scan,2025-03-17 03:00,21
6744,4458,pickup_scan,2025-03-12 18:00,3
6745,4458,dropoff_scan,2025-03-16 15:00,8
6746,4459,pickup_scan,2025-09-04 07:00,22
6747,4460,pickup_scan,2025-01-04 16:00,16
6748,4460,dropoff_scan,2025-01-08 14:00,21
6749,4461,pickup_scan,2025-06-09 08:00,11
6750,4461,dropoff_scan,2025-06-14 12:00,2
6751,4463,pickup_scan,2025-04-03 19:00,20
6752,4464,pickup_scan,2025-11-25 05:00,20
6753,4464,dropoff_scan,2025-11-25 14:00,24
6754,4465,pickup_scan,2025-09-13 06:00,6
6755,4466,pickup_scan,2025-11-20 19:00,24
6756,4467,pickup_scan,2025-04-03 14:00,23
6757,4467,dropoff_scan,2025-04-10 11:00,4
6758,4468,pickup_scan,2025-08-14 12:00,19
6759,4468,dropoff_scan,2025-08-15 03:00,7
6760,4469,pickup_scan,2025-01-16 03:00,24
6761,4469,dropoff_scan,2025-01-20 14:00,14
6762,4472,pickup_scan,2025-02-25 00:00,2
6763,4472,dropoff_scan,2025-02-25 00:00,10
6764,4473,pickup_scan,2025-02-13 13:00,18
6765,4474,pickup_scan,2025-07-03 10:00,3
6766,4474,dropoff_scan,2025-07-07 13:00,9
6767,4475,pickup_scan,2025-11-05 05:00,11
6768,4476,pickup_scan,2025-12-22 11:00,18
6769,4476,dropoff_scan,2025-12-27 06:00,3
6770,4477,pickup_scan,2025-10-19 14:00,9
6771,4479,pickup_scan,2025-01-11 03:00,15
6772,4479,dropoff_scan,2025-01-14 11:00,6
6773,4480,pickup_scan,2025-10-02 08:00,8
6774,4480,dropoff_scan,2025-10-06 20:00,16
6775,4481,pickup_scan,2025-06-09 18:00,19
6776,4481,dropoff_scan,2025-06-11 08:00,15
6777,4482,pickup_scan,2025-07-21 08:00,20
6778,4482,dropoff_scan,2025-07-22 08:00,1
6779,4483,pickup_scan,2025-02-11 14:00,10
6780,4483,dropoff_scan,2025-02-11 20:00,22
6781,4484,pickup_scan,2025-04-19 09:00,4
6782,4484,dropoff_scan,2025-04-21 17:00,6
6783,4485,pickup_scan,2025-02-01 20:00,13
6784,4486,pickup_scan,2025-03-07 03:00,17
6785,4486,dropoff_scan,2025-03-13 17:00,1
6786,4487,pickup_scan,2025-02-10 16:00,1
6787,4488,pickup_scan,2025-06-12 02:00,3
6788,4488,dropoff_scan,2025-06-17 14:00,18
6789,4489,pickup_scan,2025-10-16 18:00,22
6790,4490,pickup_scan,2025-10-25 14:00,10
6791,4490,dropoff_scan,2025-10-26 09:00,8
6792,4491,pickup_scan,2025-03-01 16:00,16
6793,4491,dropoff_scan,2025-03-05 21:00,6
6794,4492,pickup_scan,2025-10-11 22:00,4
6795,4492,dropoff_scan,2025-10-14 12:00,4
6796,4493,pickup_scan,2025-03-19 03:00,5
6797,4494,pickup_scan,2025-01-08 04:00,3
6798,4495,pickup_scan,2025-02-22 06:00,25
6799,4496,pickup_scan,2025-07-05 11:00,24
6800,4496,dropoff_scan,2025-07-05 16:00,2
6801,4497,pickup_scan,2025-05-10 08:00,23
6802,4497,dropoff_scan,2025-05-16 15:00,9
6803,4498,pickup_scan,2025-09-06 09:00,22
6804,4499,pickup_scan,2025-06-02 05:00,13
6805,4499,dropoff_scan,2025-06-06 00:00,4
6806,4500,pickup_scan,2025-04-03 04:00,14
6807,4500,dropoff_scan,2025-04-04 21:00,7
6808,4501,pickup_scan,2025-01-17 13:00,8
6809,4501,dropoff_scan,2025-01-21 22:00,16
6810,4502,pickup_scan,2025-02-14 13:00,19
6811,4502,dropoff_scan,2025-02-15 20:00,20
6812,4504,pickup_scan,2025-09-13 19:00,20
6813,4504,dropoff_scan,2025-09-14 11:00,9
6814,4505,pickup_scan,2025-08-03 18:00,14
6815,4506,pickup_scan,2025-12-25 11:00,24
6816,4506,dropoff_scan,2025-12-25 14:00,24
6817,4507,pickup_scan,2025-08-29 11:00,20
6818,4507,dropoff_scan,2025-08-29 22:00,5
6819,4508,pickup_scan,2025-02-19 06:00,15
6820,4508,dropoff_scan,2025-02-19 05:00,1
6821,4509,pickup_scan,2025-03-16 08:00,4
6822,4509,dropoff_scan,2025-03-23 02:00,25
6823,4510,pickup_scan,2025-07-14 04:00,19
6824,4510,dropoff_scan,2025-07-18 21:00,5
6825,4511,pickup_scan,2025-06-23 03:00,10
6826,4512,pickup_scan,2025-07-23 19:00,17
6827,4513,pickup_scan,2025-02-11 12:00,10
6828,4513,dropoff_scan,2025-02-18 02:00,12
6829,4514,pickup_scan,2025-01-12 15:00,25
6830,4514,dropoff_scan,2025-01-14 07:00,12
6831,4515,pickup_scan,2025-03-05 07:00,25
6832,4516,pickup_scan,2025-05-22 00:00,1
6833,4516,dropoff_scan,2025-05-23 11:00,16
6834,4517,pickup_scan,2025-02-24 21:00,7
6835,4517,dropoff_scan,2025-02-28 21:00,3
6836,4518,pickup_scan,2025-01-23 17:00,2
6837,4519,pickup_scan,2025-03-24 07:00,11
6838,4520,pickup_scan,2025-03-17 18:00,4
6839,4520,dropoff_scan,2025-03-20 02:00,19
6840,4521,pickup_scan,2025-11-20 11:00,15
6841,4521,dropoff_scan,2025-11-25 12:00,13
6842,4522,pickup_scan,2025-11-21 02:00,4
6843,4522,dropoff_scan,2025-11-24 03:00,7
6844,4523,pickup_scan,2025-01-21 13:00,2
6845,4523,dropoff_scan,2025-01-25 05:00,9
6846,4524,pickup_scan,2025-11-22 13:00,24
6847,4525,pickup_scan,2025-10-10 22:00,25
6848,4525,dropoff_scan,2025-10-14 23:00,21
6849,4526,pickup_scan,2025-09-28 13:00,3
6850,4526,dropoff_scan,2025-10-03 07:00,10
6851,4527,pickup_scan,2025-10-03 12:00,8
6852,4527,dropoff_scan,2025-10-09 14:00,21
6853,4528,pickup_scan,2025-10-14 16:00,9
6854,4529,pickup_scan,2025-03-11 22:00,9
6855,4530,pickup_scan,2025-08-30 04:00,14
6856,4530,dropoff_scan,2025-09-03 02:00,23
6857,4531,pickup_scan,2025-04-27 08:00,15
6858,4531,dropoff_scan,2025-04-30 05:00,23
6859,4532,pickup_scan,2025-04-04 16:00,25
6860,4533,pickup_scan,2025-01-05 05:00,14
6861,4534,pickup_scan,2025-05-01 14:00,24
6862,4534,dropoff_scan,2025-05-07 12:00,13
6863,4535,pickup_scan,2025-04-15 23:00,2
6864,4535,dropoff_scan,2025-04-18 01:00,25
6865,4536,pickup_scan,2025-11-28 18:00,23
6866,4536,dropoff_scan,2025-12-05 07:00,4
6867,4537,pickup_scan,2025-09-30 23:00,20
6868,4537,dropoff_scan,2025-10-01 07:00,8
6869,4538,pickup_scan,2025-12-21 20:00,23
6870,4538,dropoff_scan,2025-12-27 23:00,9
6871,4539,pickup_scan,2025-01-02 00:00,8
6872,4539,dropoff_scan,2025-01-02 08:00,14
6873,4540,pickup_scan,2025-04-06 18:00,22
6874,4540,dropoff_scan,2025-04-12 16:00,17
6875,4541,pickup_scan,2025-06-30 23:00,8
6876,4541,dropoff_scan,2025-07-04 17:00,20
6877,4542,pickup_scan,2025-09-30 19:00,13
6878,4542,dropoff_scan,2025-10-07 08:00,22
6879,4543,pickup_scan,2025-12-14 19:00,14
6880,4543,dropoff_scan,2025-12-20 06:00,12
6881,4544,pickup_scan,2025-07-17 16:00,17
6882,4544,dropoff_scan,2025-07-23 08:00,17
6883,4545,pickup_scan,2025-12-16 17:00,8
6884,4545,dropoff_scan,2025-12-18 09:00,12
6885,4546,pickup_scan,2025-09-08 11:00,17
6886,4546,dropoff_scan,2025-09-13 02:00,6
6887,4547,pickup_scan,2025-11-01 16:00,19
6888,4548,pickup_scan,2025-07-03 23:00,2
6889,4549,pickup_scan,2025-03-14 11:00,16
6890,4549,dropoff_scan,2025-03-17 07:00,25
6891,4550,pickup_scan,2025-12-26 13:00,19
6892,4550,dropoff_scan,2025-12-28 04:00,21
6893,4551,pickup_scan,2025-06-25 17:00,14
6894,4551,dropoff_scan,2025-06-28 11:00,12
6895,4552,pickup_scan,2025-04-24 22:00,25
6896,4553,pickup_scan,2025-04-09 03:00,17
6897,4554,pickup_scan,2025-12-13 18:00,16
6898,4554,dropoff_scan,2025-12-18 06:00,21
6899,4555,pickup_scan,2025-09-06 21:00,6
6900,4555,dropoff_scan,2025-09-07 16:00,24
6901,4556,pickup_scan,2025-04-18 17:00,20
6902,4556,dropoff_scan,2025-04-19 07:00,24
6903,4557,pickup_scan,2025-05-31 09:00,14
6904,4557,dropoff_scan,2025-06-02 18:00,17
6905,4558,pickup_scan,2025-10-04 07:00,1
6906,4558,dropoff_scan,2025-10-04 07:00,17
6907,4559,pickup_scan,2025-12-16 19:00,5
6908,4559,dropoff_scan,2025-12-19 08:00,3
6909,4560,pickup_scan,2025-10-05 02:00,20
6910,4560,dropoff_scan,2025-10-09 15:00,5
6911,4565,pickup_scan,2025-02-06 08:00,17
6912,4565,dropoff_scan,2025-02-12 06:00,7
6913,4566,pickup_scan,2025-06-24 15:00,19
6914,4566,dropoff_scan,2025-06-28 12:00,19
6915,4567,pickup_scan,2025-11-03 22:00,8
6916,4567,dropoff_scan,2025-11-04 09:00,19
6917,4568,pickup_scan,2025-12-11 20:00,10
6918,4570,pickup_scan,2025-04-12 10:00,17
6919,4570,dropoff_scan,2025-04-18 13:00,21
6920,4571,pickup_scan,2025-01-23 00:00,2
6921,4572,pickup_scan,2025-03-08 06:00,5
6922,4572,dropoff_scan,2025-03-13 18:00,14
6923,4573,pickup_scan,2025-04-18 21:00,13
6924,4573,dropoff_scan,2025-04-22 13:00,3
6925,4574,pickup_scan,2025-05-05 02:00,13
6926,4578,pickup_scan,2025-09-09 19:00,8
6927,4578,dropoff_scan,2025-09-10 03:00,15
6928,4579,pickup_scan,2025-04-22 12:00,12
6929,4579,dropoff_scan,2025-04-28 18:00,2
6930,4580,pickup_scan,2025-12-11 08:00,4
6931,4580,dropoff_scan,2025-12-17 07:00,6
6932,4581,pickup_scan,2025-11-01 01:00,12
6933,4582,pickup_scan,2025-06-21 09:00,11
6934,4582,dropoff_scan,2025-06-25 02:00,10
6935,4583,pickup_scan,2025-05-02 16:00,16
6936,4583,dropoff_scan,2025-05-03 17:00,19
6937,4584,pickup_scan,2025-11-30 07:00,1
6938,4584,dropoff_scan,2025-12-03 12:00,13
6939,4585,pickup_scan,2025-10-24 12:00,2
6940,4585,dropoff_scan,2025-10-28 13:00,4
6941,4586,pickup_scan,2025-11-24 01:00,9
6942,4586,dropoff_scan,2025-11-27 18:00,6
6943,4587,pickup_scan,2025-03-19 02:00,17
6944,4588,pickup_scan,2025-08-08 15:00,1
6945,4589,pickup_scan,2025-01-08 07:00,6
6946,4589,dropoff_scan,2025-01-09 23:00,25
6947,4590,pickup_scan,2025-06-06 20:00,21
6948,4591,pickup_scan,2025-10-08 10:00,8
6949,4591,dropoff_scan,2025-10-10 03:00,22
6950,4592,pickup_scan,2025-01-21 07:00,1
6951,4594,pickup_scan,2025-10-23 16:00,21
6952,4594,dropoff_scan,2025-10-30 06:00,18
6953,4595,pickup_scan,2025-08-20 11:00,5
6954,4595,dropoff_scan,2025-08-27 00:00,13
6955,4596,pickup_scan,2025-02-02 17:00,3
6956,4596,dropoff_scan,2025-02-03 08:00,15
6957,4597,pickup_scan,2025-02-26 06:00,15
6958,4597,dropoff_scan,2025-02-28 04:00,5
6959,4598,pickup_scan,2025-08-15 02:00,5
6960,4599,pickup_scan,2025-07-16 00:00,18
6961,4600,pickup_scan,2025-07-22 07:00,23
6962,4600,dropoff_scan,2025-07-28 11:00,21
6963,4601,pickup_scan,2025-01-16 21:00,25
6964,4601,dropoff_scan,2025-01-20 12:00,13
6965,4602,pickup_scan,2025-10-16 22:00,25
6966,4602,dropoff_scan,2025-10-22 20:00,2
6967,4603,pickup_scan,2025-03-30 08:00,5
6968,4603,dropoff_scan,2025-04-02 14:00,3
6969,4604,pickup_scan,2025-12-25 15:00,4
6970,4604,dropoff_scan,2025-12-31 16:00,10
6971,4605,pickup_scan,2025-11-11 14:00,18
6972,4606,pickup_scan,2025-10-07 06:00,5
6973,4607,pickup_scan,2025-02-23 22:00,7
6974,4608,pickup_scan,2025-04-03 19:00,1
6975,4609,pickup_scan,2025-01-13 05:00,8
6976,4609,dropoff_scan,2025-01-17 10:00,20
6977,4610,pickup_scan,2025-05-26 14:00,11
6978,4610,dropoff_scan,2025-05-31 14:00,20
6979,4611,pickup_scan,2025-09-24 22:00,7
6980,4611,dropoff_scan,2025-09-26 06:00,22
6981,4613,pickup_scan,2025-06-03 22:00,9
6982,4613,dropoff_scan,2025-06-05 08:00,14
6983,4614,pickup_scan,2025-03-09 01:00,16
6984,4615,pickup_scan,2025-10-02 18:00,12
6985,4615,dropoff_scan,2025-10-03 07:00,12
6986,4616,pickup_scan,2025-11-24 01:00,19
6987,4616,dropoff_scan,2025-11-28 10:00,7
6988,4617,pickup_scan,2025-05-25 13:00,21
6989,4617,dropoff_scan,2025-05-26 22:00,16
6990,4618,pickup_scan,2025-05-25 05:00,24
6991,4618,dropoff_scan,2025-06-01 00:00,24
6992,4620,pickup_scan,2025-11-17 08:00,6
6993,4621,pickup_scan,2025-10-04 19:00,9
6994,4621,dropoff_scan,2025-10-08 23:00,3
6995,4623,pickup_scan,2025-07-28 21:00,7
6996,4623,dropoff_scan,2025-08-01 23:00,18
6997,4625,pickup_scan,2025-10-22 02:00,7
6998,4626,pickup_scan,2025-11-23 23:00,24
6999,4626,dropoff_scan,2025-11-27 01:00,21
7000,4627,pickup_scan,2025-06-28 04:00,22
7001,4629,pickup_scan,2025-10-05 22:00,10
7002,4629,dropoff_scan,2025-10-09 22:00,18
7003,4630,pickup_scan,2025-07-06 19:00,22
7004,4630,dropoff_scan,2025-07-11 13:00,19
7005,4631,pickup_scan,2025-05-09 16:00,25
7006,4631,dropoff_scan,2025-05-13 19:00,19
7007,4632,pickup_scan,2025-07-01 18:00,12
7008,4632,dropoff_scan,2025-07-03 11:00,9
7009,4633,pickup_scan,2025-11-05 23:00,20
7010,4633,dropoff_scan,2025-11-08 06:00,5
7011,4634,pickup_scan,2025-10-22 11:00,20
7012,4634,dropoff_scan,2025-10-25 00:00,4
7013,4635,pickup_scan,2025-04-10 22:00,6
7014,4635,dropoff_scan,2025-04-14 13:00,13
7015,4636,pickup_scan,2025-04-27 13:00,1
7016,4637,pickup_scan,2025-07-20 04:00,4
7017,4638,pickup_scan,2025-08-31 10:00,1
7018,4638,dropoff_scan,2025-09-06 12:00,2
7019,4639,pickup_scan,2025-02-27 19:00,19
7020,4640,pickup_scan,2025-10-17 10:00,2
7021,4640,dropoff_scan,2025-10-20 06:00,8
7022,4642,pickup_scan,2025-05-16 04:00,3
7023,4643,pickup_scan,2025-04-20 07:00,12
7024,4643,dropoff_scan,2025-04-24 07:00,10
7025,4644,pickup_scan,2025-04-28 17:00,16
7026,4645,pickup_scan,2025-03-25 20:00,13
7027,4646,pickup_scan,2025-11-18 04:00,23
7028,4646,dropoff_scan,2025-11-19 12:00,7
7029,4647,pickup_scan,2025-10-04 03:00,11
7030,4647,dropoff_scan,2025-10-09 15:00,16
7031,4648,pickup_scan,2025-10-17 05:00,15
7032,4648,dropoff_scan,2025-10-23 20:00,5
7033,4649,pickup_scan,2025-03-17 10:00,3
7034,4649,dropoff_scan,2025-03-23 12:00,18
7035,4650,pickup_scan,2025-07-19 17:00,11
7036,4650,dropoff_scan,2025-07-22 06:00,12
7037,4652,pickup_scan,2025-12-22 00:00,2
7038,4653,pickup_scan,2025-04-26 23:00,7
7039,4653,dropoff_scan,2025-05-02 12:00,16
7040,4654,pickup_scan,2025-03-22 06:00,4
7041,4654,dropoff_scan,2025-03-27 07:00,18
7042,4655,pickup_scan,2025-07-05 16:00,4
7043,4655,dropoff_scan,2025-07-07 02:00,11
7044,4656,pickup_scan,2025-08-28 11:00,7
7045,4657,pickup_scan,2025-06-20 01:00,10
7046,4657,dropoff_scan,2025-06-23 21:00,24
7047,4659,pickup_scan,2025-07-29 18:00,4
7048,4660,pickup_scan,2025-03-16 16:00,1
7049,4660,dropoff_scan,2025-03-18 15:00,1
7050,4661,pickup_scan,2025-05-23 05:00,3
7051,4661,dropoff_scan,2025-05-23 18:00,11
7052,4662,pickup_scan,2025-04-22 22:00,1
7053,4662,dropoff_scan,2025-04-26 23:00,21
7054,4663,pickup_scan,2025-01-30 03:00,20
7055,4663,dropoff_scan,2025-02-05 02:00,20
7056,4664,pickup_scan,2025-05-02 01:00,23
7057,4664,dropoff_scan,2025-05-04 07:00,13
7058,4665,pickup_scan,2025-02-07 12:00,11
7059,4665,dropoff_scan,2025-02-14 02:00,24
7060,4666,pickup_scan,2025-03-19 14:00,3
7061,4666,dropoff_scan,2025-03-21 05:00,6
7062,4667,pickup_scan,2025-03-02 11:00,20
7063,4667,dropoff_scan,2025-03-06 08:00,24
7064,4668,pickup_scan,2025-03-10 05:00,14
7065,4668,dropoff_scan,2025-03-13 18:00,11
7066,4669,pickup_scan,2025-05-29 12:00,4
7067,4669,dropoff_scan,2025-06-02 22:00,7
7068,4670,pickup_scan,2025-09-14 08:00,3
7069,4670,dropoff_scan,2025-09-18 02:00,15
7070,4671,pickup_scan,2025-03-17 18:00,17
7071,4671,dropoff_scan,2025-03-18 03:00,16
7072,4672,pickup_scan,2025-05-12 19:00,3
7073,4672,dropoff_scan,2025-05-16 10:00,5
7074,4673,pickup_scan,2025-10-28 10:00,18
7075,4673,dropoff_scan,2025-11-03 04:00,19
7076,4674,pickup_scan,2025-11-06 00:00,1
7077,4675,pickup_scan,2025-07-13 04:00,24
7078,4675,dropoff_scan,2025-07-16 02:00,13
7079,4676,pickup_scan,2025-07-02 11:00,20
7080,4677,pickup_scan,2025-09-19 13:00,7
7081,4677,dropoff_scan,2025-09-25 11:00,2
7082,4678,pickup_scan,2025-02-21 22:00,20
7083,4679,pickup_scan,2025-06-17 02:00,25
7084,4679,dropoff_scan,2025-06-22 03:00,24
7085,4680,pickup_scan,2025-05-24 23:00,3
7086,4680,dropoff_scan,2025-05-26 11:00,10
7087,4681,pickup_scan,2025-01-28 21:00,24
7088,4681,dropoff_scan,2025-02-03 05:00,17
7089,4682,pickup_scan,2025-01-11 21:00,15
7090,4682,dropoff_scan,2025-01-13 14:00,25
7091,4683,pickup_scan,2025-12-18 01:00,15
7092,4683,dropoff_scan,2025-12-24 19:00,22
7093,4684,pickup_scan,2025-07-27 17:00,3
7094,4684,dropoff_scan,2025-08-02 20:00,8
7095,4685,pickup_scan,2025-09-05 05:00,8
7096,4685,dropoff_scan,2025-09-09 04:00,1
7097,4686,pickup_scan,2025-08-09 11:00,21
7098,4686,dropoff_scan,2025-08-16 03:00,8
7099,4688,pickup_scan,2025-09-04 04:00,17
7100,4688,dropoff_scan,2025-09-05 17:00,21
7101,4690,pickup_scan,2025-12-10 21:00,2
7102,4690,dropoff_scan,2025-12-13 12:00,21
7103,4691,pickup_scan,2025-08-18 17:00,23
7104,4691,dropoff_scan,2025-08-23 21:00,3
7105,4692,pickup_scan,2025-09-09 20:00,25
7106,4692,dropoff_scan,2025-09-14 18:00,7
7107,4693,pickup_scan,2025-03-14 10:00,11
7108,4693,dropoff_scan,2025-03-18 01:00,15
7109,4694,pickup_scan,2025-08-07 19:00,6
7110,4695,pickup_scan,2025-08-28 23:00,18
7111,4695,dropoff_scan,2025-09-04 06:00,20
7112,4696,pickup_scan,2025-06-02 22:00,18
7113,4697,pickup_scan,2025-12-02 20:00,8
7114,4697,dropoff_scan,2025-12-07 12:00,3
7115,4698,pickup_scan,2025-07-01 13:00,3
7116,4698,dropoff_scan,2025-07-05 19:00,18
7117,4699,pickup_scan,2025-08-24 08:00,1
7118,4699,dropoff_scan,2025-08-24 11:00,4
7119,4700,pickup_scan,2025-06-28 22:00,15
7120,4700,dropoff_scan,2025-06-29 15:00,8
7121,4701,pickup_scan,2025-01-10 14:00,17
7122,4701,dropoff_scan,2025-01-12 19:00,14
7123,4702,pickup_scan,2025-03-01 04:00,5
7124,4703,pickup_scan,2025-03-13 15:00,7
7125,4704,pickup_scan,2025-10-18 18:00,22
7126,4705,pickup_scan,2025-04-17 15:00,9
7127,4705,dropoff_scan,2025-04-21 16:00,6
7128,4706,pickup_scan,2025-04-18 01:00,11
7129,4707,pickup_scan,2025-02-09 22:00,6
7130,4708,pickup_scan,2025-07-01 10:00,2
7131,4708,dropoff_scan,2025-07-08 04:00,1
7132,4709,pickup_scan,2025-01-31 20:00,10
7133,4709,dropoff_scan,2025-02-05 14:00,16
7134,4710,pickup_scan,2025-02-15 09:00,16
7135,4711,pickup_scan,2025-01-24 13:00,2
7136,4711,dropoff_scan,2025-01-26 23:00,6
7137,4712,pickup_scan,2025-06-04 20:00,16
7138,4712,dropoff_scan,2025-06-06 10:00,13
7139,4713,pickup_scan,2025-06-11 11:00,23
7140,4713,dropoff_scan,2025-06-16 09:00,7
7141,4715,pickup_scan,2025-01-17 09:00,1
7142,4715,dropoff_scan,2025-01-18 23:00,18
7143,4716,pickup_scan,2025-10-11 09:00,13
7144,4718,pickup_scan,2025-04-23 06:00,13
7145,4720,pickup_scan,2025-10-16 21:00,25
7146,4720,dropoff_scan,2025-10-23 02:00,24
7147,4723,pickup_scan,2025-12-07 03:00,4
7148,4723,dropoff_scan,2025-12-12 09:00,5
7149,4724,pickup_scan,2025-12-18 19:00,22
7150,4724,dropoff_scan,2025-12-25 17:00,22
7151,4725,pickup_scan,2025-03-17 10:00,9
7152,4726,pickup_scan,2025-08-25 13:00,13
7153,4727,pickup_scan,2025-12-12 08:00,8
7154,4728,pickup_scan,2025-07-06 18:00,18
7155,4729,pickup_scan,2025-10-28 07:00,4
7156,4730,pickup_scan,2025-06-13 01:00,9
7157,4730,dropoff_scan,2025-06-17 02:00,25
7158,4731,pickup_scan,2025-09-17 10:00,20
7159,4731,dropoff_scan,2025-09-23 04:00,21
7160,4732,pickup_scan,2025-04-30 15:00,19
7161,4732,dropoff_scan,2025-05-02 10:00,12
7162,4733,pickup_scan,2025-03-23 20:00,3
7163,4733,dropoff_scan,2025-03-26 13:00,17
7164,4734,pickup_scan,2025-01-21 12:00,24
7165,4734,dropoff_scan,2025-01-21 18:00,22
7166,4735,pickup_scan,2025-01-19 07:00,17
7167,4736,pickup_scan,2025-02-25 15:00,7
7168,4736,dropoff_scan,2025-02-28 02:00,10
7169,4737,pickup_scan,2025-02-11 09:00,17
7170,4737,dropoff_scan,2025-02-14 12:00,24
7171,4738,pickup_scan,2025-02-27 09:00,6
7172,4738,dropoff_scan,2025-03-02 01:00,18
7173,4739,pickup_scan,2025-01-05 18:00,16
7174,4739,dropoff_scan,2025-01-09 14:00,1
7175,4740,pickup_scan,2025-05-18 21:00,24
7176,4740,dropoff_scan,2025-05-19 12:00,21
7177,4741,pickup_scan,2025-02-12 01:00,9
7178,4741,dropoff_scan,2025-02-17 05:00,14
7179,4742,pickup_scan,2025-11-02 06:00,7
7180,4743,pickup_scan,2025-11-26 17:00,10
7181,4744,pickup_scan,2025-01-04 15:00,17
7182,4744,dropoff_scan,2025-01-07 12:00,4
7183,4745,pickup_scan,2025-10-08 05:00,3
7184,4746,pickup_scan,2025-02-21 06:00,23
7185,4746,dropoff_scan,2025-02-24 10:00,8
7186,4747,pickup_scan,2025-03-12 15:00,12
7187,4748,pickup_scan,2025-01-10 22:00,17
7188,4748,dropoff_scan,2025-01-13 22:00,12
7189,4749,pickup_scan,2025-05-11 09:00,17
7190,4749,dropoff_scan,2025-05-13 23:00,4
7191,4750,pickup_scan,2025-04-08 18:00,25
7192,4750,dropoff_scan,2025-04-13 01:00,25
7193,4751,pickup_scan,2025-01-27 01:00,11
7194,4751,dropoff_scan,2025-01-31 05:00,3
7195,4753,pickup_scan,2025-03-06 17:00,3
7196,4753,dropoff_scan,2025-03-09 16:00,25
7197,4754,pickup_scan,2025-01-16 11:00,24
7198,4754,dropoff_scan,2025-01-17 12:00,22
7199,4755,pickup_scan,2025-06-20 19:00,15
7200,4755,dropoff_scan,2025-06-26 09:00,4
7201,4756,pickup_scan,2025-02-21 23:00,1
7202,4756,dropoff_scan,2025-02-22 01:00,2
7203,4757,pickup_scan,2025-08-14 20:00,8
7204,4757,dropoff_scan,2025-08-18 14:00,9
7205,4758,pickup_scan,2025-06-17 01:00,2
7206,4758,dropoff_scan,2025-06-18 08:00,6
7207,4760,pickup_scan,2025-10-20 03:00,14
7208,4760,dropoff_scan,2025-10-23 05:00,5
7209,4761,pickup_scan,2025-02-17 11:00,9
7210,4762,pickup_scan,2025-01-09 04:00,4
7211,4763,pickup_scan,2025-12-30 05:00,23
7212,4763,dropoff_scan,2026-01-02 03:00,1
7213,4764,pickup_scan,2025-03-24 18:00,12
7214,4764,dropoff_scan,2025-03-25 18:00,4
7215,4767,pickup_scan,2025-02-28 04:00,25
7216,4768,pickup_scan,2025-06-04 16:00,14
7217,4769,pickup_scan,2025-01-10 14:00,14
7218,4769,dropoff_scan,2025-01-14 03:00,23
7219,4770,pickup_scan,2025-02-24 22:00,16
7220,4770,dropoff_scan,2025-03-02 12:00,8
7221,4771,pickup_scan,2025-08-23 00:00,25
7222,4771,dropoff_scan,2025-08-29 05:00,19
7223,4772,pickup_scan,2025-01-10 17:00,15
7224,4773,pickup_scan,2025-12-17 06:00,12
7225,4773,dropoff_scan,2025-12-21 07:00,3
7226,4774,pickup_scan,2025-04-08 16:00,20
7227,4774,dropoff_scan,2025-04-11 00:00,12
7228,4775,pickup_scan,2025-08-13 20:00,18
7229,4775,dropoff_scan,2025-08-16 01:00,10
7230,4776,pickup_scan,2025-06-11 18:00,22
7231,4777,pickup_scan,2025-11-05 05:00,5
7232,4777,dropoff_scan,2025-11-10 17:00,1
7233,4778,pickup_scan,2025-05-19 17:00,9
7234,4778,dropoff_scan,2025-05-26 10:00,16
7235,4779,pickup_scan,2025-08-19 12:00,17
7236,4780,pickup_scan,2025-08-30 03:00,23
7237,4782,pickup_scan,2025-11-03 20:00,13
7238,4782,dropoff_scan,2025-11-09 11:00,3
7239,4784,pickup_scan,2025-07-29 04:00,18
7240,4784,dropoff_scan,2025-07-31 08:00,18
7241,4785,pickup_scan,2025-08-11 23:00,5
7242,4786,pickup_scan,2025-01-08 02:00,18
7243,4787,pickup_scan,2025-05-08 10:00,6
7244,4787,dropoff_scan,2025-05-09 14:00,3
7245,4788,pickup_scan,2025-09-15 01:00,2
7246,4788,dropoff_scan,2025-09-21 04:00,6
7247,4789,pickup_scan,2025-11-26 09:00,13
7248,4790,pickup_scan,2025-03-23 23:00,9
7249,4790,dropoff_scan,2025-03-27 08:00,1
7250,4791,pickup_scan,2025-03-06 07:00,6
7251,4792,pickup_scan,2025-01-02 18:00,10
7252,4792,dropoff_scan,2025-01-03 18:00,15
7253,4793,pickup_scan,2025-07-12 02:00,5
7254,4793,dropoff_scan,2025-07-14 22:00,6
7255,4794,pickup_scan,2025-08-10 13:00,15
7256,4794,dropoff_scan,2025-08-15 06:00,14
7257,4796,pickup_scan,2025-03-18 12:00,11
7258,4797,pickup_scan,2025-06-18 05:00,14
7259,4797,dropoff_scan,2025-06-19 02:00,11
7260,4799,pickup_scan,2025-02-25 09:00,25
7261,4799,dropoff_scan,2025-02-26 06:00,23
7262,4800,pickup_scan,2025-08-30 23:00,15
7263,4801,pickup_scan,2025-09-15 13:00,2
7264,4801,dropoff_scan,2025-09-19 23:00,21
7265,4802,pickup_scan,2025-03-18 08:00,9
7266,4802,dropoff_scan,2025-03-23 13:00,15
7267,4803,pickup_scan,2025-03-16 10:00,11
7268,4803,dropoff_scan,2025-03-23 12:00,17
7269,4804,pickup_scan,2025-03-20 21:00,23
7270,4804,dropoff_scan,2025-03-21 18:00,19
7271,4805,pickup_scan,2025-08-08 19:00,9
7272,4805,dropoff_scan,2025-08-10 08:00,15
7273,4807,pickup_scan,2025-03-14 16:00,24
7274,4807,dropoff_scan,2025-03-20 20:00,16
7275,4808,pickup_scan,2025-03-21 19:00,20
7276,4808,dropoff_scan,2025-03-23 04:00,12
7277,4809,pickup_scan,2025-10-31 12:00,11
7278,4809,dropoff_scan,2025-11-01 02:00,18
7279,4810,pickup_scan,2025-09-16 10:00,23
7280,4812,pickup_scan,2025-04-05 11:00,3
7281,4814,pickup_scan,2025-08-03 04:00,2
7282,4814,dropoff_scan,2025-08-09 10:00,12
7283,4816,pickup_scan,2025-04-28 15:00,2
7284,4816,dropoff_scan,2025-04-29 13:00,2
7285,4817,pickup_scan,2025-03-11 13:00,4
7286,4817,dropoff_scan,2025-03-12 04:00,4
7287,4818,pickup_scan,2025-10-09 20:00,12
7288,4818,dropoff_scan,2025-10-14 23:00,10
7289,4819,pickup_scan,2025-05-04 15:00,4
7290,4819,dropoff_scan,2025-05-05 05:00,13
7291,4820,pickup_scan,2025-05-21 05:00,7
7292,4820,dropoff_scan,2025-05-22 12:00,23
7293,4821,pickup_scan,2025-02-03 20:00,4
7294,4821,dropoff_scan,2025-02-03 19:00,6
7295,4822,pickup_scan,2025-07-13 09:00,4
7296,4823,pickup_scan,2025-03-05 13:00,14
7297,4823,dropoff_scan,2025-03-06 10:00,5
7298,4824,pickup_scan,2025-10-19 10:00,24
7299,4824,dropoff_scan,2025-10-19 19:00,16
7300,4825,pickup_scan,2025-07-27 05:00,20
7301,4825,dropoff_scan,2025-08-02 07:00,15
7302,4826,pickup_scan,2025-11-15 02:00,16
7303,4826,dropoff_scan,2025-11-16 20:00,23
7304,4827,pickup_scan,2025-04-09 21:00,16
7305,4827,dropoff_scan,2025-04-09 22:00,2
7306,4828,pickup_scan,2025-07-19 20:00,4
7307,4830,pickup_scan,2025-08-04 18:00,6
7308,4830,dropoff_scan,2025-08-05 10:00,17
7309,4832,pickup_scan,2025-01-07 13:00,20
7310,4832,dropoff_scan,2025-01-07 17:00,20
7311,4833,pickup_scan,2025-05-25 15:00,3
7312,4833,dropoff_scan,2025-05-30 12:00,15
7313,4834,pickup_scan,2025-07-12 17:00,17
7314,4835,pickup_scan,2025-01-06 13:00,6
7315,4835,dropoff_scan,2025-01-13 01:00,14
7316,4837,pickup_scan,2025-01-22 22:00,6
7317,4837,dropoff_scan,2025-01-23 20:00,12
7318,4838,pickup_scan,2025-09-21 04:00,21
7319,4838,dropoff_scan,2025-09-21 03:00,14
7320,4839,pickup_scan,2025-02-21 20:00,5
7321,4840,pickup_scan,2025-10-21 23:00,3
7322,4841,pickup_scan,2025-02-25 00:00,19
7323,4841,dropoff_scan,2025-03-03 19:00,20
7324,4842,pickup_scan,2025-10-09 05:00,21
7325,4842,dropoff_scan,2025-10-13 22:00,14
7326,4843,pickup_scan,2025-11-13 15:00,15
7327,4843,dropoff_scan,2025-11-16 20:00,25
7328,4844,pickup_scan,2025-05-12 01:00,3
7329,4844,dropoff_scan,2025-05-14 14:00,17
7330,4845,pickup_scan,2025-07-18 04:00,1
7331,4845,dropoff_scan,2025-07-21 03:00,4
7332,4846,pickup_scan,2025-06-10 21:00,11
7333,4846,dropoff_scan,2025-06-16 07:00,17
7334,4847,pickup_scan,2025-06-09 18:00,14
7335,4847,dropoff_scan,2025-06-12 23:00,10
7336,4848,pickup_scan,2025-10-23 23:00,5
7337,4848,dropoff_scan,2025-10-28 08:00,15
7338,4849,pickup_scan,2025-12-14 09:00,22
7339,4849,dropoff_scan,2025-12-20 06:00,14
7340,4850,pickup_scan,2025-11-18 08:00,18
7341,4851,pickup_scan,2025-03-30 15:00,1
7342,4851,dropoff_scan,2025-04-02 04:00,7
7343,4852,pickup_scan,2025-10-21 06:00,14
7344,4852,dropoff_scan,2025-10-24 06:00,17
7345,4853,pickup_scan,2025-12-13 23:00,16
7346,4853,dropoff_scan,2025-12-18 03:00,9
7347,4854,pickup_scan,2025-10-21 09:00,25
7348,4855,pickup_scan,2025-05-17 01:00,14
7349,4855,dropoff_scan,2025-05-23 17:00,1
7350,4856,pickup_scan,2025-07-07 21:00,16
7351,4857,pickup_scan,2025-01-13 15:00,3
7352,4858,pickup_scan,2025-03-14 00:00,8
7353,4858,dropoff_scan,2025-03-15 08:00,22
7354,4859,pickup_scan,2025-02-03 13:00,6
7355,4859,dropoff_scan,2025-02-10 11:00,17
7356,4860,pickup_scan,2025-01-03 09:00,5
7357,4860,dropoff_scan,2025-01-09 19:00,6
7358,4861,pickup_scan,2025-03-14 08:00,15
7359,4861,dropoff_scan,2025-03-17 05:00,12
7360,4862,pickup_scan,2025-02-18 18:00,5
7361,4862,dropoff_scan,2025-02-22 17:00,21
7362,4865,pickup_scan,2025-06-28 13:00,5
7363,4865,dropoff_scan,2025-06-30 13:00,1
7364,4866,pickup_scan,2025-01-07 21:00,5
7365,4867,pickup_scan,2025-02-20 15:00,5
7366,4868,pickup_scan,2025-04-09 15:00,18
7367,4869,pickup_scan,2025-05-17 20:00,12
7368,4869,dropoff_scan,2025-05-22 16:00,3
7369,4870,pickup_scan,2025-07-12 00:00,22
7370,4870,dropoff_scan,2025-07-13 04:00,13
7371,4871,pickup_scan,2025-01-14 23:00,10
7372,4871,dropoff_scan,2025-01-15 18:00,20
7373,4872,pickup_scan,2025-11-30 23:00,4
7374,4872,dropoff_scan,2025-12-02 04:00,24
7375,4873,pickup_scan,2025-01-19 00:00,25
7376,4874,pickup_scan,2025-10-27 12:00,2
7377,4874,dropoff_scan,2025-10-29 12:00,4
7378,4875,pickup_scan,2025-12-13 12:00,1
7379,4876,pickup_scan,2025-08-03 19:00,14
7380,4878,pickup_scan,2025-04-01 20:00,23
7381,4878,dropoff_scan,2025-04-07 03:00,6
7382,4879,pickup_scan,2025-09-27 00:00,9
7383,4879,dropoff_scan,2025-10-03 07:00,13
7384,4880,pickup_scan,2025-12-06 06:00,22
7385,4880,dropoff_scan,2025-12-12 12:00,3
7386,4881,pickup_scan,2025-10-19 18:00,1
7387,4881,dropoff_scan,2025-10-23 13:00,5
7388,4882,pickup_scan,2025-11-10 17:00,5
7389,4883,pickup_scan,2025-07-10 22:00,5
7390,4883,dropoff_scan,2025-07-15 05:00,19
7391,4884,pickup_scan,2025-06-30 01:00,21
7392,4885,pickup_scan,2025-11-04 09:00,17
7393,4885,dropoff_scan,2025-11-07 22:00,21
7394,4886,pickup_scan,2025-08-23 14:00,10
7395,4886,dropoff_scan,2025-08-28 21:00,18
7396,4888,pickup_scan,2025-11-09 05:00,25
7397,4888,dropoff_scan,2025-11-12 04:00,23
7398,4889,pickup_scan,2025-05-26 06:00,10
7399,4889,dropoff_scan,2025-05-30 08:00,14
7400,4890,pickup_scan,2025-11-07 07:00,14
7401,4891,pickup_scan,2025-10-23 10:00,21
7402,4891,dropoff_scan,2025-10-25 04:00,22
7403,4892,pickup_scan,2025-04-20 01:00,16
7404,4892,dropoff_scan,2025-04-20 08:00,6
7405,4893,pickup_scan,2025-08-22 08:00,9
7406,4894,pickup_scan,2025-07-08 17:00,1
7407,4894,dropoff_scan,2025-07-09 06:00,10
7408,4895,pickup_scan,2025-11-28 02:00,22
7409,4895,dropoff_scan,2025-12-02 07:00,10
7410,4896,pickup_scan,2025-01-12 03:00,3
7411,4896,dropoff_scan,2025-01-16 23:00,2
7412,4897,pickup_scan,2025-06-01 16:00,6
7413,4897,dropoff_scan,2025-06-07 22:00,25
7414,4898,pickup_scan,2025-07-01 15:00,19
7415,4898,dropoff_scan,2025-07-03 10:00,17
7416,4899,pickup_scan,2025-03-29 20:00,23
7417,4899,dropoff_scan,2025-04-01 15:00,16
7418,4900,pickup_scan,2025-08-17 15:00,19
7419,4900,dropoff_scan,2025-08-23 16:00,2
7420,4901,pickup_scan,2025-06-20 01:00,18
7421,4902,pickup_scan,2025-07-28 23:00,21
7422,4902,dropoff_scan,2025-08-01 18:00,6
7423,4903,pickup_scan,2025-02-24 17:00,5
7424,4903,dropoff_scan,2025-02-26 09:00,16
7425,4904,pickup_scan,2025-04-19 08:00,19
7426,4904,dropoff_scan,2025-04-23 12:00,14
7427,4905,pickup_scan,2025-11-21 14:00,15
7428,4906,pickup_scan,2025-03-30 20:00,19
7429,4907,pickup_scan,2025-11-15 19:00,4
7430,4907,dropoff_scan,2025-11-21 02:00,25
7431,4908,pickup_scan,2025-09-25 17:00,15
7432,4908,dropoff_scan,2025-09-26 10:00,10
7433,4909,pickup_scan,2025-06-14 07:00,12
7434,4909,dropoff_scan,2025-06-20 20:00,3
7435,4910,pickup_scan,2025-06-14 07:00,7
7436,4910,dropoff_scan,2025-06-17 09:00,9
7437,4911,pickup_scan,2025-08-14 17:00,16
7438,4911,dropoff_scan,2025-08-15 18:00,16
7439,4912,pickup_scan,2025-01-03 18:00,25
7440,4913,pickup_scan,2025-05-16 07:00,2
7441,4913,dropoff_scan,2025-05-16 14:00,10
7442,4915,pickup_scan,2025-05-16 01:00,4
7443,4915,dropoff_scan,2025-05-18 02:00,10
7444,4916,pickup_scan,2025-03-09 19:00,22
7445,4917,pickup_scan,2025-10-02 21:00,9
7446,4917,dropoff_scan,2025-10-07 10:00,10
7447,4918,pickup_scan,2025-06-01 08:00,9
7448,4918,dropoff_scan,2025-06-05 20:00,21
7449,4919,pickup_scan,2025-06-20 02:00,24
7450,4920,pickup_scan,2025-05-07 07:00,7
7451,4920,dropoff_scan,2025-05-07 12:00,9
7452,4921,pickup_scan,2025-04-13 19:00,19
7453,4922,pickup_scan,2025-09-26 08:00,19
7454,4922,dropoff_scan,2025-09-29 16:00,2
7455,4923,pickup_scan,2025-01-05 11:00,19
7456,4923,dropoff_scan,2025-01-07 07:00,10
7457,4924,pickup_scan,2025-11-26 21:00,13
7458,4924,dropoff_scan,2025-11-27 13:00,6
7459,4925,pickup_scan,2025-07-28 23:00,11
7460,4926,pickup_scan,2025-06-05 22:00,14
7461,4926,dropoff_scan,2025-06-10 12:00,23
7462,4927,pickup_scan,2025-07-28 02:00,6
7463,4927,dropoff_scan,2025-08-02 13:00,6
7464,4928,pickup_scan,2025-06-01 15:00,5
7465,4928,dropoff_scan,2025-06-03 23:00,21
7466,4929,pickup_scan,2025-12-15 16:00,15
7467,4929,dropoff_scan,2025-12-16 18:00,15
7468,4931,pickup_scan,2025-11-19 05:00,16
7469,4932,pickup_scan,2025-11-28 20:00,3
7470,4932,dropoff_scan,2025-12-03 19:00,8
7471,4933,pickup_scan,2025-02-23 18:00,15
7472,4933,dropoff_scan,2025-02-25 11:00,10
7473,4934,pickup_scan,2025-03-30 11:00,21
7474,4934,dropoff_scan,2025-04-01 19:00,2
7475,4935,pickup_scan,2025-07-21 06:00,10
7476,4936,pickup_scan,2025-02-20 08:00,13
7477,4938,pickup_scan,2025-01-12 22:00,11
7478,4938,dropoff_scan,2025-01-14 16:00,23
7479,4939,pickup_scan,2025-05-01 12:00,16
7480,4939,dropoff_scan,2025-05-02 17:00,7
7481,4940,pickup_scan,2025-09-21 02:00,3
7482,4940,dropoff_scan,2025-09-26 18:00,4
7483,4942,pickup_scan,2025-08-15 16:00,9
7484,4942,dropoff_scan,2025-08-17 12:00,9
7485,4943,pickup_scan,2025-03-10 20:00,2
7486,4943,dropoff_scan,2025-03-12 01:00,13
7487,4944,pickup_scan,2025-05-01 06:00,23
7488,4944,dropoff_scan,2025-05-06 08:00,22
7489,4945,pickup_scan,2025-11-15 20:00,21
7490,4945,dropoff_scan,2025-11-20 06:00,7
7491,4946,pickup_scan,2025-01-14 18:00,2
7492,4946,dropoff_scan,2025-01-20 02:00,21
7493,4947,pickup_scan,2025-02-05 06:00,19
7494,4947,dropoff_scan,2025-02-08 23:00,5
7495,4948,pickup_scan,2025-09-25 01:00,14
7496,4948,dropoff_scan,2025-09-29 05:00,25
7497,4949,pickup_scan,2025-08-26 08:00,4
7498,4949,dropoff_scan,2025-08-28 19:00,4
7499,4950,pickup_scan,2025-03-04 23:00,8
7500,4950,dropoff_scan,2025-03-05 23:00,10
7501,4951,pickup_scan,2025-08-20 12:00,4
7502,4952,pickup_scan,2025-08-03 18:00,25
7503,4952,dropoff_scan,2025-08-08 08:00,13
7504,4953,pickup_scan,2025-03-13 08:00,15
7505,4953,dropoff_scan,2025-03-18 09:00,12
7506,4954,pickup_scan,2025-07-20 08:00,5
7507,4955,pickup_scan,2025-04-21 22:00,16
7508,4955,dropoff_scan,2025-04-22 12:00,24
7509,4956,pickup_scan,2025-02-10 09:00,2
7510,4957,pickup_scan,2025-09-11 12:00,8
7511,4957,dropoff_scan,2025-09-18 00:00,11
7512,4958,pickup_scan,2025-04-12 13:00,21
7513,4958,dropoff_scan,2025-04-15 04:00,12
7514,4959,pickup_scan,2025-12-20 04:00,5
7515,4960,pickup_scan,2025-06-20 18:00,12
7516,4961,pickup_scan,2025-02-27 06:00,13
7517,4963,pickup_scan,2025-11-05 01:00,8
7518,4964,pickup_scan,2025-11-10 08:00,23
7519,4964,dropoff_scan,2025-11-17 05:00,22
7520,4965,pickup_scan,2025-02-13 03:00,4
7521,4966,pickup_scan,2025-06-05 16:00,5
7522,4966,dropoff_scan,2025-06-11 03:00,24
7523,4967,pickup_scan,2025-08-11 01:00,14
7524,4967,dropoff_scan,2025-08-11 12:00,5
7525,4968,pickup_scan,2025-06-18 23:00,20
7526,4968,dropoff_scan,2025-06-19 07:00,14
7527,4969,pickup_scan,2025-03-04 08:00,12
7528,4969,dropoff_scan,2025-03-08 01:00,8
7529,4971,pickup_scan,2025-06-15 21:00,10
7530,4971,dropoff_scan,2025-06-20 13:00,15
7531,4972,pickup_scan,2025-04-20 20:00,5
7532,4973,pickup_scan,2025-06-11 03:00,14
7533,4974,pickup_scan,2025-04-01 22:00,22
7534,4974,dropoff_scan,2025-04-05 02:00,18
7535,4975,pickup_scan,2025-04-12 15:00,13
7536,4975,dropoff_scan,2025-04-14 22:00,3
7537,4976,pickup_scan,2025-02-04 00:00,17
7538,4976,dropoff_scan,2025-02-10 07:00,1
7539,4977,pickup_scan,2025-06-03 07:00,12
7540,4977,dropoff_scan,2025-06-08 00:00,20
7541,4979,pickup_scan,2025-05-13 09:00,15
7542,4979,dropoff_scan,2025-05-13 23:00,7
7543,4980,pickup_scan,2025-04-12 12:00,19
7544,4981,pickup_scan,2025-03-14 05:00,11
7545,4982,pickup_scan,2025-07-09 23:00,23
7546,4982,dropoff_scan,2025-07-13 06:00,7
7547,4983,pickup_scan,2025-02-14 00:00,23
7548,4983,dropoff_scan,2025-02-16 15:00,22
7549,4984,pickup_scan,2025-09-22 18:00,13
7550,4984,dropoff_scan,2025-09-26 09:00,1
7551,4985,pickup_scan,2025-01-19 23:00,18
7552,4986,pickup_scan,2025-07-09 22:00,21
7553,4987,pickup_scan,2025-09-28 18:00,16
7554,4987,dropoff_scan,2025-10-03 13:00,11
7555,4988,pickup_scan,2025-07-02 05:00,7
7556,4988,dropoff_scan,2025-07-04 18:00,22
7557,4989,pickup_scan,2025-01-10 06:00,25
7558,4989,dropoff_scan,2025-01-15 12:00,8
7559,4990,pickup_scan,2025-02-14 22:00,8
7560,4990,dropoff_scan,2025-02-16 11:00,21
7561,4991,pickup_scan,2025-09-21 10:00,4
7562,4991,dropoff_scan,2025-09-27 11:00,6
7563,4992,pickup_scan,2025-10-30 04:00,16
7564,4992,dropoff_scan,2025-11-04 04:00,23
7565,4993,pickup_scan,2025-09-01 03:00,10
7566,4994,pickup_scan,2025-05-30 09:00,7
7567,4994,dropoff_scan,2025-06-03 07:00,9
7568,4995,pickup_scan,2025-06-12 08:00,25
7569,4995,dropoff_scan,2025-06-12 14:00,12
7570,4996,pickup_scan,2025-03-30 23:00,2
7571,4996,dropoff_scan,2025-04-01 10:00,18
7572,4997,pickup_scan,2025-03-04 21:00,5
7573,4997,dropoff_scan,2025-03-09 01:00,2
7574,4998,pickup_scan,2025-02-07 22:00,17
7575,4998,dropoff_scan,2025-02-09 13:00,10
7576,4999,pickup_scan,2025-04-03 02:00,16
7577,4999,dropoff_scan,2025-04-08 16:00,6
7578,5000,pickup_scan,2025-03-02 01:00,11
7579,5001,pickup_scan,2025-08-10 13:00,8
7580,5001,dropoff_scan,2025-08-13 00:00,17
7581,5002,pickup_scan,2025-06-29 04:00,20
7582,5002,dropoff_scan,2025-07-03 23:00,4
7583,5003,pickup_scan,2025-05-17 20:00,14
7584,5004,pickup_scan,2025-05-31 08:00,19
7585,5004,dropoff_scan,2025-06-05 03:00,11
7586,5005,pickup_scan,2025-07-27 17:00,22
7587,5005,dropoff_scan,2025-07-29 09:00,16
7588,5006,pickup_scan,2025-02-18 07:00,12
7589,5007,pickup_scan,2025-05-16 01:00,12
7590,5007,dropoff_scan,2025-05-20 19:00,18
7591,5008,pickup_scan,2025-08-27 23:00,17
7592,5008,dropoff_scan,2025-08-30 08:00,7
7593,5010,pickup_scan,2025-03-22 23:00,10
7594,5012,pickup_scan,2025-10-06 14:00,20
7595,5012,dropoff_scan,2025-10-08 14:00,10
7596,5013,pickup_scan,2025-03-24 05:00,7
7597,5013,dropoff_scan,2025-03-30 02:00,22
7598,5014,pickup_scan,2025-02-11 05:00,16
7599,5015,pickup_scan,2025-04-22 02:00,24
7600,5015,dropoff_scan,2025-04-26 05:00,1
7601,5016,pickup_scan,2025-06-08 06:00,5
7602,5016,dropoff_scan,2025-06-11 00:00,25
7603,5017,pickup_scan,2025-04-03 17:00,19
7604,5018,pickup_scan,2025-01-22 00:00,20
7605,5019,pickup_scan,2025-11-05 06:00,10
7606,5019,dropoff_scan,2025-11-09 17:00,5
7607,5020,pickup_scan,2025-11-07 02:00,18
7608,5020,dropoff_scan,2025-11-12 03:00,15
7609,5021,pickup_scan,2025-10-27 00:00,17
7610,5021,dropoff_scan,2025-10-28 03:00,10
7611,5022,pickup_scan,2025-09-22 18:00,22
7612,5022,dropoff_scan,2025-09-24 03:00,12
7613,5023,pickup_scan,2025-12-07 11:00,10
7614,5023,dropoff_scan,2025-12-14 00:00,19
7615,5024,pickup_scan,2025-08-22 12:00,6
7616,5025,pickup_scan,2025-11-10 14:00,2
7617,5025,dropoff_scan,2025-11-14 05:00,8
7618,5026,pickup_scan,2025-06-13 04:00,14
7619,5026,dropoff_scan,2025-06-17 07:00,21
7620,5027,pickup_scan,2025-08-28 00:00,7
7621,5028,pickup_scan,2025-03-06 14:00,9
7622,5028,dropoff_scan,2025-03-08 18:00,8
7623,5029,pickup_scan,2025-04-22 09:00,19
7624,5030,pickup_scan,2025-05-30 23:00,10
7625,5030,dropoff_scan,2025-06-04 21:00,2
7626,5031,pickup_scan,2025-06-24 02:00,17
7627,5031,dropoff_scan,2025-06-30 08:00,3
7628,5032,pickup_scan,2025-09-06 08:00,14
7629,5032,dropoff_scan,2025-09-06 07:00,8
7630,5033,pickup_scan,2025-06-15 22:00,19
7631,5033,dropoff_scan,2025-06-22 07:00,12
7632,5034,pickup_scan,2025-05-06 08:00,25
7633,5034,dropoff_scan,2025-05-06 09:00,3
7634,5036,pickup_scan,2025-02-11 06:00,10
7635,5036,dropoff_scan,2025-02-17 20:00,19
7636,5037,pickup_scan,2025-06-29 08:00,11
7637,5037,dropoff_scan,2025-06-30 05:00,7
7638,5038,pickup_scan,2025-04-05 23:00,16
7639,5039,pickup_scan,2025-01-12 13:00,24
7640,5040,pickup_scan,2025-11-06 05:00,12
7641,5041,pickup_scan,2025-11-28 11:00,24
7642,5041,dropoff_scan,2025-11-28 11:00,22
7643,5042,pickup_scan,2025-03-14 18:00,13
7644,5043,pickup_scan,2025-04-28 01:00,2
7645,5044,pickup_scan,2025-03-31 04:00,3
7646,5044,dropoff_scan,2025-04-01 17:00,20
7647,5045,pickup_scan,2025-02-14 16:00,18
7648,5046,pickup_scan,2025-04-05 16:00,15
7649,5046,dropoff_scan,2025-04-10 05:00,2
7650,5047,pickup_scan,2025-12-01 23:00,5
7651,5047,dropoff_scan,2025-12-07 05:00,2
7652,5048,pickup_scan,2025-04-22 18:00,24
7653,5048,dropoff_scan,2025-04-26 03:00,22
7654,5050,pickup_scan,2025-04-22 16:00,19
7655,5050,dropoff_scan,2025-04-26 16:00,4
7656,5051,pickup_scan,2025-05-05 06:00,25
7657,5051,dropoff_scan,2025-05-09 13:00,11
7658,5052,pickup_scan,2025-11-01 09:00,20
7659,5053,pickup_scan,2025-01-07 02:00,21
7660,5053,dropoff_scan,2025-01-09 00:00,12
7661,5054,pickup_scan,2025-02-26 06:00,22
7662,5054,dropoff_scan,2025-03-03 10:00,13
7663,5055,pickup_scan,2025-10-30 18:00,4
7664,5056,pickup_scan,2025-04-23 15:00,9
7665,5058,pickup_scan,2025-04-24 05:00,20
7666,5058,dropoff_scan,2025-04-26 14:00,16
7667,5059,pickup_scan,2025-12-26 04:00,9
7668,5059,dropoff_scan,2025-12-29 14:00,11
7669,5060,pickup_scan,2025-06-16 15:00,9
7670,5060,dropoff_scan,2025-06-20 16:00,14
7671,5061,pickup_scan,2025-04-27 13:00,23
7672,5062,pickup_scan,2025-04-21 02:00,3
7673,5062,dropoff_scan,2025-04-24 11:00,6
7674,5063,pickup_scan,2025-03-04 21:00,23
7675,5064,pickup_scan,2025-05-20 15:00,23
7676,5064,dropoff_scan,2025-05-26 08:00,3
7677,5066,pickup_scan,2025-08-18 23:00,2
7678,5067,pickup_scan,2025-03-25 22:00,12
7679,5067,dropoff_scan,2025-03-25 23:00,22
7680,5068,pickup_scan,2025-06-12 19:00,22
7681,5068,dropoff_scan,2025-06-13 13:00,1
7682,5069,pickup_scan,2025-12-10 01:00,19
7683,5069,dropoff_scan,2025-12-10 16:00,16
7684,5070,pickup_scan,2025-03-11 17:00,11
7685,5070,dropoff_scan,2025-03-12 02:00,4
7686,5071,pickup_scan,2025-08-31 03:00,3
7687,5072,pickup_scan,2025-09-12 16:00,22
7688,5073,pickup_scan,2025-06-06 11:00,16
7689,5073,dropoff_scan,2025-06-11 06:00,16
7690,5075,pickup_scan,2025-06-17 06:00,25
7691,5076,pickup_scan,2025-05-12 21:00,2
7692,5076,dropoff_scan,2025-05-17 17:00,12
7693,5077,pickup_scan,2025-08-22 01:00,23
7694,5078,pickup_scan,2025-11-22 16:00,16
7695,5078,dropoff_scan,2025-11-24 22:00,20
7696,5079,pickup_scan,2025-11-07 19:00,4
7697,5080,pickup_scan,2025-06-05 00:00,10
7698,5081,pickup_scan,2025-09-22 00:00,10
7699,5081,dropoff_scan,2025-09-24 11:00,7
7700,5082,pickup_scan,2025-03-11 11:00,8
7701,5083,pickup_scan,2025-09-26 06:00,2
7702,5083,dropoff_scan,2025-09-30 01:00,23
7703,5085,pickup_scan,2025-01-07 13:00,9
7704,5086,pickup_scan,2025-04-12 10:00,10
7705,5086,dropoff_scan,2025-04-17 04:00,15
7706,5087,pickup_scan,2025-08-24 18:00,23
7707,5088,pickup_scan,2025-07-04 23:00,6
7708,5089,pickup_scan,2025-09-15 08:00,8
7709,5090,pickup_scan,2025-07-17 22:00,4
7710,5090,dropoff_scan,2025-07-18 10:00,19
7711,5091,pickup_scan,2025-10-05 07:00,17
7712,5091,dropoff_scan,2025-10-06 22:00,7
7713,5093,pickup_scan,2025-03-03 02:00,22
7714,5093,dropoff_scan,2025-03-06 18:00,5
7715,5094,pickup_scan,2025-02-18 21:00,20
7716,5094,dropoff_scan,2025-02-22 18:00,3
7717,5096,pickup_scan,2025-10-06 21:00,15
7718,5097,pickup_scan,2025-05-05 05:00,22
7719,5097,dropoff_scan,2025-05-11 17:00,17
7720,5098,pickup_scan,2025-02-05 00:00,11
7721,5099,pickup_scan,2025-04-02 14:00,18
7722,5099,dropoff_scan,2025-04-04 18:00,4
7723,5100,pickup_scan,2025-06-10 14:00,10
7724,5100,dropoff_scan,2025-06-17 08:00,13
7725,5101,pickup_scan,2025-12-04 11:00,23
7726,5101,dropoff_scan,2025-12-06 16:00,11
7727,5102,pickup_scan,2025-09-06 21:00,10
7728,5103,pickup_scan,2025-06-13 13:00,5
7729,5103,dropoff_scan,2025-06-16 22:00,9
7730,5104,pickup_scan,2025-04-29 22:00,7
7731,5104,dropoff_scan,2025-04-29 23:00,3
7732,5105,pickup_scan,2025-07-01 04:00,20
7733,5106,pickup_scan,2025-08-02 09:00,10
7734,5107,pickup_scan,2025-02-25 13:00,9
7735,5107,dropoff_scan,2025-03-01 21:00,11
7736,5108,pickup_scan,2025-05-06 11:00,22
7737,5109,pickup_scan,2025-06-20 06:00,6
7738,5109,dropoff_scan,2025-06-24 16:00,2
7739,5110,pickup_scan,2025-08-29 01:00,9
7740,5111,pickup_scan,2025-08-26 03:00,17
7741,5111,dropoff_scan,2025-08-28 08:00,16
7742,5112,pickup_scan,2025-09-22 23:00,10
7743,5112,dropoff_scan,2025-09-23 23:00,21
7744,5113,pickup_scan,2025-09-25 00:00,23
7745,5113,dropoff_scan,2025-09-29 13:00,1
7746,5114,pickup_scan,2025-05-11 10:00,22
7747,5114,dropoff_scan,2025-05-17 21:00,16
7748,5115,pickup_scan,2025-01-11 12:00,6
7749,5115,dropoff_scan,2025-01-12 14:00,18
7750,5116,pickup_scan,2025-06-21 06:00,22
7751,5117,pickup_scan,2025-04-21 13:00,17
7752,5118,pickup_scan,2025-02-22 02:00,11
7753,5118,dropoff_scan,2025-02-25 16:00,14
7754,5119,pickup_scan,2025-07-19 21:00,13
7755,5119,dropoff_scan,2025-07-26 04:00,10
7756,5120,pickup_scan,2025-04-05 18:00,9
7757,5120,dropoff_scan,2025-04-06 16:00,9
7758,5121,pickup_scan,2025-05-24 04:00,10
7759,5121,dropoff_scan,2025-05-27 05:00,15
7760,5122,pickup_scan,2025-07-28 06:00,21
7761,5122,dropoff_scan,2025-08-02 07:00,22
7762,5123,pickup_scan,2025-09-22 16:00,18
7763,5123,dropoff_scan,2025-09-26 14:00,19
7764,5125,pickup_scan,2025-02-28 11:00,7
7765,5126,pickup_scan,2025-09-10 18:00,24
7766,5127,pickup_scan,2025-09-26 05:00,22
7767,5127,dropoff_scan,2025-09-27 01:00,13
7768,5128,pickup_scan,2025-12-12 00:00,7
7769,5128,dropoff_scan,2025-12-14 15:00,3
7770,5129,pickup_scan,2025-04-19 18:00,9
7771,5129,dropoff_scan,2025-04-22 10:00,20
7772,5130,pickup_scan,2025-03-04 13:00,10
7773,5130,dropoff_scan,2025-03-05 00:00,3
7774,5131,pickup_scan,2025-08-29 04:00,19
7775,5132,pickup_scan,2025-03-15 01:00,22
7776,5132,dropoff_scan,2025-03-21 18:00,3
7777,5133,pickup_scan,2025-12-29 12:00,22
7778,5134,pickup_scan,2025-12-28 08:00,16
7779,5135,pickup_scan,2025-09-25 22:00,24
7780,5135,dropoff_scan,2025-09-30 17:00,19
7781,5136,pickup_scan,2025-05-02 06:00,20
7782,5136,dropoff_scan,2025-05-04 03:00,24
7783,5137,pickup_scan,2025-03-14 19:00,16
7784,5137,dropoff_scan,2025-03-17 17:00,15
7785,5138,pickup_scan,2025-06-02 10:00,22
7786,5139,pickup_scan,2025-10-01 10:00,21
7787,5139,dropoff_scan,2025-10-06 03:00,16
7788,5140,pickup_scan,2025-07-27 23:00,20
7789,5140,dropoff_scan,2025-08-02 02:00,6
7790,5141,pickup_scan,2025-02-15 04:00,19
7791,5141,dropoff_scan,2025-02-19 04:00,24
7792,5142,pickup_scan,2025-01-05 16:00,9
7793,5142,dropoff_scan,2025-01-09 13:00,5
7794,5143,pickup_scan,2025-01-11 18:00,8
7795,5143,dropoff_scan,2025-01-14 13:00,10
7796,5144,pickup_scan,2025-03-14 21:00,17
7797,5144,dropoff_scan,2025-03-19 07:00,3
7798,5145,pickup_scan,2025-07-15 00:00,12
7799,5147,pickup_scan,2025-09-15 06:00,10
7800,5147,dropoff_scan,2025-09-21 04:00,3
7801,5148,pickup_scan,2025-03-11 20:00,21
7802,5149,pickup_scan,2025-06-04 14:00,18
7803,5150,pickup_scan,2025-06-05 09:00,6
7804,5150,dropoff_scan,2025-06-12 00:00,16
7805,5151,pickup_scan,2025-08-22 07:00,1
7806,5152,pickup_scan,2025-08-11 06:00,13
7807,5153,pickup_scan,2025-02-22 05:00,12
7808,5153,dropoff_scan,2025-02-23 09:00,5
7809,5156,pickup_scan,2025-08-16 21:00,5
7810,5157,pickup_scan,2025-03-11 22:00,3
7811,5157,dropoff_scan,2025-03-16 09:00,20
7812,5158,pickup_scan,2025-02-07 18:00,23
7813,5158,dropoff_scan,2025-02-12 22:00,14
7814,5159,pickup_scan,2025-01-25 08:00,15
7815,5159,dropoff_scan,2025-01-27 12:00,25
7816,5160,pickup_scan,2025-04-18 14:00,9
7817,5160,dropoff_scan,2025-04-18 20:00,16
7818,5161,pickup_scan,2025-03-14 22:00,11
7819,5162,pickup_scan,2025-01-25 03:00,5
7820,5162,dropoff_scan,2025-01-25 10:00,15
7821,5163,pickup_scan,2025-05-01 13:00,18
7822,5163,dropoff_scan,2025-05-06 06:00,15
7823,5164,pickup_scan,2025-08-07 03:00,4
7824,5164,dropoff_scan,2025-08-09 08:00,17
7825,5165,pickup_scan,2025-05-09 11:00,5
7826,5165,dropoff_scan,2025-05-13 22:00,22
7827,5166,pickup_scan,2025-10-17 16:00,9
7828,5167,pickup_scan,2025-04-22 06:00,9
7829,5167,dropoff_scan,2025-04-24 11:00,25
7830,5168,pickup_scan,2025-11-02 09:00,10
7831,5168,dropoff_scan,2025-11-05 13:00,5
7832,5170,pickup_scan,2025-08-02 13:00,3
7833,5171,pickup_scan,2025-04-24 16:00,2
7834,5171,dropoff_scan,2025-04-25 16:00,4
7835,5172,pickup_scan,2025-04-16 13:00,25
7836,5173,pickup_scan,2025-12-09 18:00,7
7837,5173,dropoff_scan,2025-12-15 21:00,13
7838,5174,pickup_scan,2025-12-19 06:00,24
7839,5174,dropoff_scan,2025-12-21 10:00,17
7840,5175,pickup_scan,2025-09-06 11:00,25
7841,5176,pickup_scan,2025-05-12 00:00,15
7842,5176,dropoff_scan,2025-05-17 22:00,9
7843,5177,pickup_scan,2025-05-30 12:00,12
7844,5177,dropoff_scan,2025-06-06 06:00,12
7845,5178,pickup_scan,2025-03-28 10:00,2
7846,5178,dropoff_scan,2025-03-29 02:00,25
7847,5179,pickup_scan,2025-12-10 05:00,5
7848,5179,dropoff_scan,2025-12-12 07:00,4
7849,5180,pickup_scan,2025-08-31 22:00,11
7850,5180,dropoff_scan,2025-09-06 09:00,8
7851,5181,pickup_scan,2025-10-16 15:00,8
7852,5181,dropoff_scan,2025-10-21 21:00,20
7853,5182,pickup_scan,2025-02-26 13:00,2
7854,5182,dropoff_scan,2025-03-05 03:00,15
7855,5183,pickup_scan,2025-03-30 05:00,17
7856,5183,dropoff_scan,2025-03-31 17:00,8
7857,5184,pickup_scan,2025-12-21 18:00,2
7858,5184,dropoff_scan,2025-12-28 07:00,4
7859,5185,pickup_scan,2025-05-03 07:00,22
7860,5185,dropoff_scan,2025-05-08 07:00,11
7861,5186,pickup_scan,2025-04-13 10:00,10
7862,5186,dropoff_scan,2025-04-14 08:00,14
7863,5187,pickup_scan,2025-11-05 08:00,7
7864,5187,dropoff_scan,2025-11-06 07:00,18
7865,5188,pickup_scan,2025-06-06 08:00,18
7866,5188,dropoff_scan,2025-06-12 20:00,4
7867,5189,pickup_scan,2025-06-29 17:00,22
7868,5189,dropoff_scan,2025-07-03 11:00,17
7869,5190,pickup_scan,2025-04-02 04:00,21
7870,5191,pickup_scan,2025-05-20 03:00,18
7871,5191,dropoff_scan,2025-05-24 00:00,19
7872,5192,pickup_scan,2025-03-17 02:00,2
7873,5192,dropoff_scan,2025-03-23 13:00,10
7874,5193,pickup_scan,2025-04-27 22:00,4
7875,5193,dropoff_scan,2025-04-29 23:00,15
7876,5194,pickup_scan,2025-10-30 04:00,4
7877,5194,dropoff_scan,2025-10-31 05:00,21
7878,5195,pickup_scan,2025-08-01 14:00,5
7879,5195,dropoff_scan,2025-08-02 19:00,12
7880,5196,pickup_scan,2025-01-20 20:00,24
7881,5196,dropoff_scan,2025-01-26 09:00,8
7882,5197,pickup_scan,2025-04-14 19:00,25
7883,5197,dropoff_scan,2025-04-15 09:00,12
7884,5198,pickup_scan,2025-01-02 04:00,13
7885,5198,dropoff_scan,2025-01-07 01:00,18
7886,5199,pickup_scan,2025-12-06 16:00,4
7887,5201,pickup_scan,2025-06-25 01:00,24
7888,5201,dropoff_scan,2025-06-29 08:00,18
7889,5202,pickup_scan,2025-11-03 11:00,8
7890,5202,dropoff_scan,2025-11-04 02:00,8
7891,5203,pickup_scan,2025-02-26 12:00,16
7892,5203,dropoff_scan,2025-03-01 07:00,5
7893,5205,pickup_scan,2025-03-05 10:00,13
7894,5205,dropoff_scan,2025-03-07 16:00,10
7895,5206,pickup_scan,2025-11-17 14:00,25
7896,5206,dropoff_scan,2025-11-18 18:00,24
7897,5207,pickup_scan,2025-08-02 22:00,18
7898,5209,pickup_scan,2025-10-30 08:00,16
7899,5209,dropoff_scan,2025-11-03 23:00,10
7900,5210,pickup_scan,2025-07-23 03:00,3
7901,5210,dropoff_scan,2025-07-29 18:00,21
7902,5211,pickup_scan,2025-06-19 19:00,8
7903,5211,dropoff_scan,2025-06-23 21:00,17
7904,5212,pickup_scan,2025-02-22 23:00,14
7905,5213,pickup_scan,2025-09-13 23:00,14
7906,5213,dropoff_scan,2025-09-20 05:00,19
7907,5214,pickup_scan,2025-02-14 17:00,2
7908,5215,pickup_scan,2025-09-01 14:00,4
7909,5215,dropoff_scan,2025-09-05 10:00,4
7910,5216,pickup_scan,2025-04-17 08:00,16
7911,5217,pickup_scan,2025-08-24 13:00,13
7912,5217,dropoff_scan,2025-08-29 14:00,25
7913,5218,pickup_scan,2025-03-30 10:00,19
7914,5219,pickup_scan,2025-08-07 07:00,14
7915,5219,dropoff_scan,2025-08-10 20:00,13
7916,5220,pickup_scan,2025-04-07 19:00,6
7917,5220,dropoff_scan,2025-04-10 00:00,16
7918,5221,pickup_scan,2025-09-26 20:00,16
7919,5222,pickup_scan,2025-07-17 10:00,14
7920,5222,dropoff_scan,2025-07-18 04:00,3
7921,5224,pickup_scan,2025-03-31 05:00,24
7922,5224,dropoff_scan,2025-04-04 00:00,12
7923,5225,pickup_scan,2025-06-16 09:00,22
7924,5225,dropoff_scan,2025-06-18 15:00,21
7925,5226,pickup_scan,2025-10-29 17:00,10
7926,5227,pickup_scan,2025-05-20 17:00,16
7927,5228,pickup_scan,2025-08-11 00:00,20
7928,5228,dropoff_scan,2025-08-12 23:00,22
7929,5229,pickup_scan,2025-07-07 21:00,18
7930,5229,dropoff_scan,2025-07-12 08:00,9
7931,5230,pickup_scan,2025-10-16 11:00,2
7932,5231,pickup_scan,2025-11-06 08:00,8
7933,5231,dropoff_scan,2025-11-07 11:00,3
7934,5232,pickup_scan,2025-02-02 14:00,15
7935,5233,pickup_scan,2025-02-07 17:00,25
7936,5233,dropoff_scan,2025-02-13 08:00,18
7937,5234,pickup_scan,2025-08-03 12:00,6
7938,5235,pickup_scan,2025-06-14 12:00,21
7939,5235,dropoff_scan,2025-06-17 15:00,3
7940,5236,pickup_scan,2025-04-04 01:00,6
7941,5236,dropoff_scan,2025-04-08 12:00,20
7942,5237,pickup_scan,2025-02-16 07:00,2
7943,5237,dropoff_scan,2025-02-19 13:00,22
7944,5238,pickup_scan,2025-07-16 20:00,3
7945,5238,dropoff_scan,2025-07-19 05:00,7
7946,5239,pickup_scan,2025-11-13 02:00,18
7947,5240,pickup_scan,2025-12-18 22:00,25
7948,5240,dropoff_scan,2025-12-21 14:00,16
7949,5241,pickup_scan,2025-08-22 09:00,25
7950,5241,dropoff_scan,2025-08-22 05:00,23
7951,5242,pickup_scan,2025-01-23 14:00,16
7952,5242,dropoff_scan,2025-01-28 17:00,15
7953,5243,pickup_scan,2025-06-02 15:00,22
7954,5244,pickup_scan,2025-07-27 13:00,6
7955,5244,dropoff_scan,2025-07-31 22:00,22
7956,5245,pickup_scan,2025-03-18 02:00,1
7957,5245,dropoff_scan,2025-03-20 18:00,6
7958,5246,pickup_scan,2025-04-26 10:00,10
7959,5246,dropoff_scan,2025-04-30 11:00,9
7960,5247,pickup_scan,2025-09-11 13:00,22
7961,5247,dropoff_scan,2025-09-12 21:00,25
7962,5248,pickup_scan,2025-10-10 11:00,22
7963,5248,dropoff_scan,2025-10-10 19:00,3
7964,5249,pickup_scan,2025-08-29 10:00,6
7965,5249,dropoff_scan,2025-09-03 04:00,9
7966,5250,pickup_scan,2025-11-01 18:00,5
7967,5251,pickup_scan,2025-05-16 04:00,24
7968,5251,dropoff_scan,2025-05-17 07:00,14
7969,5252,pickup_scan,2025-04-02 02:00,16
7970,5252,dropoff_scan,2025-04-03 03:00,21
7971,5253,pickup_scan,2025-07-17 02:00,5
7972,5254,pickup_scan,2025-09-23 16:00,2
7973,5256,pickup_scan,2025-05-26 17:00,16
7974,5256,dropoff_scan,2025-06-01 17:00,14
7975,5258,pickup_scan,2025-11-03 08:00,11
7976,5258,dropoff_scan,2025-11-08 22:00,25
7977,5259,pickup_scan,2025-09-04 22:00,15
7978,5259,dropoff_scan,2025-09-10 08:00,25
7979,5261,pickup_scan,2025-08-12 16:00,23
7980,5261,dropoff_scan,2025-08-18 17:00,23
7981,5262,pickup_scan,2025-12-22 15:00,11
7982,5262,dropoff_scan,2025-12-28 06:00,15
7983,5263,pickup_scan,2025-04-25 17:00,3
7984,5263,dropoff_scan,2025-04-30 23:00,21
7985,5264,pickup_scan,2025-12-24 18:00,6
7986,5264,dropoff_scan,2025-12-26 11:00,16
7987,5265,pickup_scan,2025-10-29 13:00,20
7988,5266,pickup_scan,2025-02-12 09:00,4
7989,5266,dropoff_scan,2025-02-16 07:00,21
7990,5267,pickup_scan,2025-07-05 20:00,23
7991,5268,pickup_scan,2025-11-21 12:00,13
7992,5268,dropoff_scan,2025-11-28 06:00,25
7993,5270,pickup_scan,2025-02-05 13:00,11
7994,5270,dropoff_scan,2025-02-08 20:00,25
7995,5271,pickup_scan,2025-09-13 18:00,24
7996,5271,dropoff_scan,2025-09-15 03:00,16
7997,5272,pickup_scan,2025-06-07 22:00,20
7998,5273,pickup_scan,2025-09-20 10:00,20
7999,5273,dropoff_scan,2025-09-25 20:00,15
8000,5275,pickup_scan,2025-03-09 19:00,24
8001,5275,dropoff_scan,2025-03-10 10:00,25
8002,5276,pickup_scan,2025-04-05 04:00,1
8003,5277,pickup_scan,2025-04-13 19:00,9
8004,5277,dropoff_scan,2025-04-18 23:00,21
8005,5278,pickup_scan,2025-02-22 11:00,15
8006,5279,pickup_scan,2025-01-08 16:00,1
8007,5279,dropoff_scan,2025-01-12 10:00,19
8008,5281,pickup_scan,2025-02-20 05:00,13
8009,5281,dropoff_scan,2025-02-25 15:00,18
8010,5282,pickup_scan,2025-05-12 21:00,8
8011,5282,dropoff_scan,2025-05-18 07:00,10
8012,5283,pickup_scan,2025-11-28 20:00,5
8013,5284,pickup_scan,2025-02-02 08:00,12
8014,5284,dropoff_scan,2025-02-04 00:00,2
8015,5285,pickup_scan,2025-04-05 06:00,25
8016,5285,dropoff_scan,2025-04-08 17:00,13
8017,5286,pickup_scan,2025-06-27 02:00,16
8018,5286,dropoff_scan,2025-06-28 17:00,11
8019,5287,pickup_scan,2025-12-11 21:00,2
8020,5288,pickup_scan,2025-01-31 01:00,9
8021,5288,dropoff_scan,2025-02-06 05:00,11
8022,5289,pickup_scan,2025-06-15 17:00,24
8023,5289,dropoff_scan,2025-06-20 19:00,16
8024,5290,pickup_scan,2025-08-23 15:00,7
8025,5291,pickup_scan,2025-07-07 15:00,6
8026,5291,dropoff_scan,2025-07-12 04:00,3
8027,5292,pickup_scan,2025-06-01 21:00,5
8028,5292,dropoff_scan,2025-06-03 13:00,25
8029,5293,pickup_scan,2025-08-21 19:00,18
8030,5293,dropoff_scan,2025-08-28 15:00,19
8031,5294,pickup_scan,2025-11-16 03:00,10
8032,5295,pickup_scan,2025-11-24 06:00,4
8033,5296,pickup_scan,2025-12-02 16:00,17
8034,5297,pickup_scan,2025-04-15 05:00,11
8035,5297,dropoff_scan,2025-04-17 10:00,10
8036,5298,pickup_scan,2025-06-27 06:00,15
8037,5299,pickup_scan,2025-10-03 22:00,14
8038,5300,pickup_scan,2025-12-21 19:00,6
8039,5301,pickup_scan,2025-11-23 15:00,8
8040,5301,dropoff_scan,2025-11-24 07:00,19
8041,5302,pickup_scan,2025-03-17 19:00,16
8042,5302,dropoff_scan,2025-03-20 15:00,20
8043,5303,pickup_scan,2025-08-14 22:00,15
8044,5303,dropoff_scan,2025-08-16 13:00,14
8045,5304,pickup_scan,2025-10-29 11:00,21
8046,5304,dropoff_scan,2025-10-30 06:00,11
8047,5305,pickup_scan,2025-06-27 07:00,2
8048,5305,dropoff_scan,2025-07-04 02:00,9
8049,5306,pickup_scan,2025-03-02 13:00,19
8050,5307,pickup_scan,2025-10-04 22:00,4
8051,5308,pickup_scan,2025-11-01 07:00,7
8052,5308,dropoff_scan,2025-11-03 04:00,20
8053,5309,pickup_scan,2025-06-06 17:00,21
8054,5309,dropoff_scan,2025-06-11 04:00,25
8055,5310,pickup_scan,2025-07-23 17:00,14
8056,5311,pickup_scan,2025-03-09 22:00,9
8057,5311,dropoff_scan,2025-03-12 16:00,20
8058,5312,pickup_scan,2025-02-13 11:00,3
8059,5312,dropoff_scan,2025-02-13 18:00,10
8060,5313,pickup_scan,2025-04-01 12:00,10
8061,5313,dropoff_scan,2025-04-03 20:00,6
8062,5314,pickup_scan,2025-02-15 09:00,18
8063,5315,pickup_scan,2025-03-30 23:00,19
8064,5316,pickup_scan,2025-01-18 01:00,25
8065,5317,pickup_scan,2025-09-22 21:00,18
8066,5318,pickup_scan,2025-09-22 05:00,25
8067,5318,dropoff_scan,2025-09-25 02:00,8
8068,5319,pickup_scan,2025-09-23 19:00,16
8069,5319,dropoff_scan,2025-09-24 10:00,13
8070,5320,pickup_scan,2025-08-02 23:00,21
8071,5321,pickup_scan,2025-11-11 17:00,6
8072,5321,dropoff_scan,2025-11-17 21:00,2
8073,5322,pickup_scan,2025-05-17 16:00,4
8074,5322,dropoff_scan,2025-05-20 21:00,10
8075,5323,pickup_scan,2025-04-29 02:00,18
8076,5324,pickup_scan,2025-05-22 04:00,18
8077,5325,pickup_scan,2025-02-27 20:00,7
8078,5325,dropoff_scan,2025-03-04 08:00,13
8079,5326,pickup_scan,2025-02-11 17:00,13
8080,5326,dropoff_scan,2025-02-14 16:00,8
8081,5328,pickup_scan,2025-05-23 06:00,24
8082,5328,dropoff_scan,2025-05-29 15:00,2
8083,5329,pickup_scan,2025-08-08 17:00,24
8084,5329,dropoff_scan,2025-08-08 23:00,17
8085,5330,pickup_scan,2025-10-30 05:00,16
8086,5330,dropoff_scan,2025-11-06 01:00,13
8087,5331,pickup_scan,2025-05-31 02:00,20
8088,5331,dropoff_scan,2025-06-05 17:00,9
8089,5332,pickup_scan,2025-07-27 12:00,7
8090,5332,dropoff_scan,2025-08-02 15:00,11
8091,5335,pickup_scan,2025-06-25 16:00,23
8092,5336,pickup_scan,2025-12-23 06:00,4
8093,5337,pickup_scan,2025-01-27 22:00,12
8094,5337,dropoff_scan,2025-02-01 09:00,6
8095,5338,pickup_scan,2025-06-13 17:00,15
8096,5338,dropoff_scan,2025-06-17 12:00,14
8097,5339,pickup_scan,2025-02-09 02:00,14
8098,5339,dropoff_scan,2025-02-11 04:00,20
8099,5340,pickup_scan,2025-07-02 03:00,9
8100,5340,dropoff_scan,2025-07-05 08:00,21
8101,5341,pickup_scan,2025-08-17 05:00,1
8102,5341,dropoff_scan,2025-08-17 05:00,18
8103,5342,pickup_scan,2025-06-30 18:00,17
8104,5342,dropoff_scan,2025-06-30 17:00,5
8105,5343,pickup_scan,2025-09-21 22:00,11
8106,5344,pickup_scan,2025-01-10 13:00,9
8107,5345,pickup_scan,2025-03-14 04:00,23
8108,5345,dropoff_scan,2025-03-17 16:00,8
8109,5346,pickup_scan,2025-06-06 06:00,21
8110,5346,dropoff_scan,2025-06-12 12:00,6
8111,5347,pickup_scan,2025-12-19 03:00,3
8112,5348,pickup_scan,2025-07-10 00:00,12
8113,5348,dropoff_scan,2025-07-13 13:00,7
8114,5349,pickup_scan,2025-05-16 00:00,3
8115,5349,dropoff_scan,2025-05-20 00:00,14
8116,5350,pickup_scan,2025-10-21 11:00,20
8117,5350,dropoff_scan,2025-10-27 07:00,6
8118,5351,pickup_scan,2025-10-13 23:00,8
8119,5351,dropoff_scan,2025-10-17 15:00,25
8120,5352,pickup_scan,2025-03-10 22:00,9
8121,5352,dropoff_scan,2025-03-12 14:00,24
8122,5353,pickup_scan,2025-03-06 02:00,9
8123,5353,dropoff_scan,2025-03-12 03:00,22
8124,5354,pickup_scan,2025-03-07 03:00,7
8125,5354,dropoff_scan,2025-03-12 08:00,11
8126,5355,pickup_scan,2025-09-28 17:00,23
8127,5357,pickup_scan,2025-03-01 19:00,22
8128,5358,pickup_scan,2025-04-09 23:00,16
8129,5358,dropoff_scan,2025-04-12 03:00,21
8130,5359,pickup_scan,2025-12-16 07:00,12
8131,5359,dropoff_scan,2025-12-17 21:00,3
8132,5360,pickup_scan,2025-06-20 11:00,5
8133,5360,dropoff_scan,2025-06-23 09:00,24
8134,5361,pickup_scan,2025-08-30 15:00,13
8135,5361,dropoff_scan,2025-09-06 06:00,10
8136,5362,pickup_scan,2025-06-09 03:00,21
8137,5362,dropoff_scan,2025-06-09 05:00,25
8138,5363,pickup_scan,2025-05-25 06:00,2
8139,5363,dropoff_scan,2025-05-29 06:00,18
8140,5364,pickup_scan,2025-10-07 22:00,6
8141,5365,pickup_scan,2025-09-07 21:00,11
8142,5366,pickup_scan,2025-02-15 13:00,21
8143,5366,dropoff_scan,2025-02-17 12:00,9
8144,5368,pickup_scan,2025-10-16 14:00,12
8145,5368,dropoff_scan,2025-10-17 18:00,15
8146,5369,pickup_scan,2025-10-24 00:00,24
8147,5370,pickup_scan,2025-06-20 13:00,9
8148,5370,dropoff_scan,2025-06-26 21:00,20
8149,5371,pickup_scan,2025-03-10 19:00,10
8150,5371,dropoff_scan,2025-03-17 00:00,5
8151,5373,pickup_scan,2025-06-14 04:00,4
8152,5373,dropoff_scan,2025-06-16 17:00,9
8153,5374,pickup_scan,2025-09-25 18:00,4
8154,5374,dropoff_scan,2025-10-01 17:00,19
8155,5375,pickup_scan,2025-12-17 23:00,4
8156,5375,dropoff_scan,2025-12-21 09:00,2
8157,5376,pickup_scan,2025-11-28 10:00,25
8158,5376,dropoff_scan,2025-12-04 21:00,14
8159,5377,pickup_scan,2025-12-22 17:00,15
8160,5377,dropoff_scan,2025-12-24 18:00,7
8161,5378,pickup_scan,2025-09-15 07:00,14
8162,5379,pickup_scan,2025-08-26 03:00,18
8163,5379,dropoff_scan,2025-08-28 09:00,5
8164,5380,pickup_scan,2025-08-29 12:00,4
8165,5380,dropoff_scan,2025-08-29 21:00,13
8166,5381,pickup_scan,2025-03-27 08:00,5
8167,5381,dropoff_scan,2025-04-02 02:00,9
8168,5383,pickup_scan,2025-02-25 03:00,4
8169,5383,dropoff_scan,2025-03-02 13:00,16
8170,5384,pickup_scan,2025-01-24 18:00,11
8171,5384,dropoff_scan,2025-01-29 09:00,1
8172,5385,pickup_scan,2025-04-16 22:00,16
8173,5385,dropoff_scan,2025-04-18 02:00,23
8174,5386,pickup_scan,2025-01-21 14:00,2
8175,5386,dropoff_scan,2025-01-24 23:00,20
8176,5387,pickup_scan,2025-09-04 12:00,4
8177,5387,dropoff_scan,2025-09-07 18:00,16
8178,5389,pickup_scan,2025-11-24 00:00,7
8179,5390,pickup_scan,2025-07-15 17:00,17
8180,5390,dropoff_scan,2025-07-16 21:00,23
8181,5391,pickup_scan,2025-11-22 01:00,16
8182,5392,pickup_scan,2025-02-16 21:00,2
8183,5392,dropoff_scan,2025-02-20 15:00,9
8184,5393,pickup_scan,2025-12-30 08:00,5
8185,5393,dropoff_scan,2026-01-01 12:00,10
8186,5394,pickup_scan,2025-05-17 11:00,2
8187,5394,dropoff_scan,2025-05-19 07:00,7
8188,5395,pickup_scan,2025-03-30 10:00,22
8189,5395,dropoff_scan,2025-03-31 21:00,9
8190,5396,pickup_scan,2025-03-11 05:00,24
8191,5396,dropoff_scan,2025-03-13 18:00,10
8192,5397,pickup_scan,2025-12-11 07:00,10
8193,5398,pickup_scan,2025-06-22 09:00,11
8194,5398,dropoff_scan,2025-06-23 17:00,2
8195,5399,pickup_scan,2025-02-03 08:00,17
8196,5400,pickup_scan,2025-11-08 03:00,19
8197,5400,dropoff_scan,2025-11-13 17:00,11
8198,5401,pickup_scan,2025-07-28 08:00,21
8199,5404,pickup_scan,2025-08-28 08:00,10
8200,5404,dropoff_scan,2025-09-03 22:00,8
8201,5405,pickup_scan,2025-12-29 12:00,8
8202,5405,dropoff_scan,2025-12-30 08:00,10
8203,5406,pickup_scan,2025-12-11 09:00,21
8204,5406,dropoff_scan,2025-12-12 12:00,22
8205,5407,pickup_scan,2025-01-08 16:00,15
8206,5407,dropoff_scan,2025-01-09 16:00,24
8207,5408,pickup_scan,2025-12-09 05:00,21
8208,5408,dropoff_scan,2025-12-15 02:00,22
8209,5409,pickup_scan,2025-11-03 14:00,6
8210,5411,pickup_scan,2025-06-21 08:00,21
8211,5411,dropoff_scan,2025-06-24 07:00,19
8212,5412,pickup_scan,2025-08-20 15:00,4
8213,5412,dropoff_scan,2025-08-21 03:00,25
8214,5413,pickup_scan,2025-08-01 00:00,21
8215,5413,dropoff_scan,2025-08-06 09:00,14
8216,5414,pickup_scan,2025-09-21 20:00,21
8217,5414,dropoff_scan,2025-09-27 15:00,8
8218,5415,pickup_scan,2025-06-04 04:00,19
8219,5416,pickup_scan,2025-10-06 12:00,8
8220,5416,dropoff_scan,2025-10-11 17:00,7
8221,5417,pickup_scan,2025-11-22 05:00,9
8222,5417,dropoff_scan,2025-11-22 09:00,4
8223,5418,pickup_scan,2025-12-18 01:00,13
8224,5419,pickup_scan,2025-05-20 08:00,21
8225,5420,pickup_scan,2025-07-05 01:00,15
8226,5420,dropoff_scan,2025-07-10 00:00,10
8227,5421,pickup_scan,2025-09-12 03:00,4
8228,5421,dropoff_scan,2025-09-18 13:00,14
8229,5422,pickup_scan,2025-09-16 08:00,3
8230,5422,dropoff_scan,2025-09-17 14:00,19
8231,5423,pickup_scan,2025-07-11 23:00,4
8232,5423,dropoff_scan,2025-07-13 13:00,16
8233,5424,pickup_scan,2025-08-07 02:00,3
8234,5424,dropoff_scan,2025-08-13 02:00,23
8235,5425,pickup_scan,2025-01-25 20:00,1
8236,5425,dropoff_scan,2025-01-29 23:00,5
8237,5426,pickup_scan,2025-01-02 13:00,1
8238,5427,pickup_scan,2025-08-02 05:00,17
8239,5429,pickup_scan,2025-06-01 05:00,11
8240,5429,dropoff_scan,2025-06-05 02:00,19
8241,5430,pickup_scan,2025-07-09 23:00,5
8242,5431,pickup_scan,2025-03-05 20:00,10
8243,5432,pickup_scan,2025-05-23 02:00,3
8244,5432,dropoff_scan,2025-05-27 20:00,22
8245,5433,pickup_scan,2025-07-26 05:00,2
8246,5434,pickup_scan,2025-01-29 09:00,6
8247,5435,pickup_scan,2025-08-25 11:00,16
8248,5435,dropoff_scan,2025-08-26 09:00,4
8249,5436,pickup_scan,2025-01-05 05:00,19
8250,5436,dropoff_scan,2025-01-11 00:00,8
8251,5437,pickup_scan,2025-08-26 03:00,7
8252,5437,dropoff_scan,2025-09-01 08:00,1
8253,5438,pickup_scan,2025-12-23 08:00,16
8254,5438,dropoff_scan,2025-12-29 11:00,2
8255,5439,pickup_scan,2025-09-25 09:00,24
8256,5439,dropoff_scan,2025-09-28 02:00,23
8257,5440,pickup_scan,2025-07-25 01:00,7
8258,5440,dropoff_scan,2025-07-29 01:00,12
8259,5441,pickup_scan,2025-06-16 19:00,2
8260,5441,dropoff_scan,2025-06-19 09:00,1
8261,5442,pickup_scan,2025-03-06 05:00,13
8262,5442,dropoff_scan,2025-03-12 16:00,8
8263,5443,pickup_scan,2025-09-23 08:00,10
8264,5444,pickup_scan,2025-03-17 05:00,22
8265,5445,pickup_scan,2025-03-31 14:00,18
8266,5445,dropoff_scan,2025-04-06 13:00,25
8267,5447,pickup_scan,2025-10-17 19:00,6
8268,5448,pickup_scan,2025-08-18 15:00,5
8269,5448,dropoff_scan,2025-08-21 16:00,20
8270,5449,pickup_scan,2025-02-13 17:00,5
8271,5449,dropoff_scan,2025-02-19 13:00,3
8272,5450,pickup_scan,2025-05-01 22:00,17
8273,5450,dropoff_scan,2025-05-07 06:00,4
8274,5451,pickup_scan,2025-12-23 10:00,17
8275,5452,pickup_scan,2025-04-25 00:00,23
8276,5452,dropoff_scan,2025-04-29 17:00,16
8277,5453,pickup_scan,2025-02-04 00:00,17
8278,5453,dropoff_scan,2025-02-04 05:00,8
8279,5454,pickup_scan,2025-01-05 07:00,14
8280,5454,dropoff_scan,2025-01-07 11:00,19
8281,5455,pickup_scan,2025-12-25 09:00,9
8282,5455,dropoff_scan,2025-12-28 16:00,18
8283,5456,pickup_scan,2025-08-03 04:00,8
8284,5456,dropoff_scan,2025-08-08 03:00,9
8285,5457,pickup_scan,2025-04-01 02:00,24
8286,5457,dropoff_scan,2025-04-06 00:00,15
8287,5458,pickup_scan,2025-01-05 20:00,16
8288,5458,dropoff_scan,2025-01-06 20:00,1
8289,5459,pickup_scan,2025-04-12 12:00,18
8290,5459,dropoff_scan,2025-04-13 08:00,16
8291,5460,pickup_scan,2025-09-09 07:00,2
8292,5460,dropoff_scan,2025-09-11 23:00,17
8293,5461,pickup_scan,2025-03-31 03:00,7
8294,5461,dropoff_scan,2025-04-01 11:00,3
8295,5462,pickup_scan,2025-08-06 07:00,14
8296,5462,dropoff_scan,2025-08-10 03:00,2
8297,5463,pickup_scan,2025-03-22 00:00,24
8298,5463,dropoff_scan,2025-03-24 03:00,25
8299,5464,pickup_scan,2025-05-02 14:00,6
8300,5464,dropoff_scan,2025-05-02 15:00,16
8301,5465,pickup_scan,2025-10-09 06:00,21
8302,5465,dropoff_scan,2025-10-12 15:00,25
8303,5466,pickup_scan,2025-02-17 22:00,12
8304,5466,dropoff_scan,2025-02-20 12:00,21
8305,5467,pickup_scan,2025-05-09 18:00,24
8306,5467,dropoff_scan,2025-05-11 11:00,6
8307,5468,pickup_scan,2025-02-10 02:00,4
8308,5468,dropoff_scan,2025-02-13 07:00,8
8309,5469,pickup_scan,2025-11-26 02:00,20
8310,5471,pickup_scan,2025-02-09 17:00,6
8311,5471,dropoff_scan,2025-02-16 00:00,18
8312,5472,pickup_scan,2025-05-04 23:00,10
8313,5472,dropoff_scan,2025-05-11 11:00,7
8314,5473,pickup_scan,2025-07-04 02:00,10
8315,5473,dropoff_scan,2025-07-08 07:00,14
8316,5474,pickup_scan,2025-04-12 08:00,8
8317,5475,pickup_scan,2025-12-01 13:00,5
8318,5475,dropoff_scan,2025-12-02 05:00,3
8319,5476,pickup_scan,2025-11-15 19:00,22
8320,5476,dropoff_scan,2025-11-18 17:00,13
8321,5478,pickup_scan,2025-08-04 07:00,22
8322,5478,dropoff_scan,2025-08-07 12:00,16
8323,5479,pickup_scan,2025-04-24 17:00,4
8324,5479,dropoff_scan,2025-04-29 03:00,16
8325,5480,pickup_scan,2025-04-08 09:00,3
8326,5480,dropoff_scan,2025-04-10 14:00,20
8327,5481,pickup_scan,2025-07-09 06:00,8
8328,5482,pickup_scan,2025-02-13 15:00,2
8329,5482,dropoff_scan,2025-02-19 19:00,9
8330,5483,pickup_scan,2025-10-20 11:00,2
8331,5483,dropoff_scan,2025-10-20 06:00,20
8332,5484,pickup_scan,2025-07-31 23:00,10
8333,5484,dropoff_scan,2025-08-02 04:00,21
8334,5485,pickup_scan,2025-08-23 11:00,25
8335,5486,pickup_scan,2025-12-27 07:00,3
8336,5486,dropoff_scan,2025-12-28 06:00,19
8337,5487,pickup_scan,2025-07-12 08:00,16
8338,5488,pickup_scan,2025-08-30 18:00,9
8339,5488,dropoff_scan,2025-09-04 02:00,6
8340,5489,pickup_scan,2025-08-10 19:00,7
8341,5489,dropoff_scan,2025-08-11 01:00,25
8342,5490,pickup_scan,2025-11-05 14:00,2
8343,5490,dropoff_scan,2025-11-11 19:00,13
8344,5491,pickup_scan,2025-10-04 12:00,22
8345,5491,dropoff_scan,2025-10-07 09:00,16
8346,5492,pickup_scan,2025-04-27 09:00,11
8347,5492,dropoff_scan,2025-05-01 06:00,8
8348,5493,pickup_scan,2025-12-13 18:00,18
8349,5493,dropoff_scan,2025-12-19 15:00,7
8350,5494,pickup_scan,2025-08-27 13:00,12
8351,5494,dropoff_scan,2025-08-31 06:00,7
8352,5495,pickup_scan,2025-01-08 07:00,17
8353,5495,dropoff_scan,2025-01-10 22:00,8
8354,5497,pickup_scan,2025-05-28 15:00,19
8355,5497,dropoff_scan,2025-05-31 06:00,16
8356,5499,pickup_scan,2025-02-01 23:00,1
8357,5500,pickup_scan,2025-06-04 05:00,17
8358,5500,dropoff_scan,2025-06-08 18:00,2
8359,5502,pickup_scan,2025-11-11 13:00,21
8360,5502,dropoff_scan,2025-11-14 03:00,20
8361,5503,pickup_scan,2025-02-24 04:00,21
8362,5503,dropoff_scan,2025-02-28 21:00,19
8363,5507,pickup_scan,2025-11-22 10:00,1
8364,5507,dropoff_scan,2025-11-28 22:00,1
8365,5508,pickup_scan,2025-08-05 14:00,5
8366,5508,dropoff_scan,2025-08-11 02:00,23
8367,5509,pickup_scan,2025-05-19 02:00,11
8368,5509,dropoff_scan,2025-05-19 12:00,8
8369,5511,pickup_scan,2025-12-20 16:00,4
8370,5511,dropoff_scan,2025-12-24 06:00,8
8371,5512,pickup_scan,2025-08-23 20:00,14
8372,5512,dropoff_scan,2025-08-29 03:00,8
8373,5513,pickup_scan,2025-05-24 09:00,19
8374,5513,dropoff_scan,2025-05-28 14:00,10
8375,5514,pickup_scan,2025-03-17 13:00,23
8376,5514,dropoff_scan,2025-03-20 18:00,13
8377,5515,pickup_scan,2025-12-19 11:00,5
8378,5515,dropoff_scan,2025-12-19 13:00,12
8379,5516,pickup_scan,2025-03-12 02:00,19
8380,5516,dropoff_scan,2025-03-16 07:00,21
8381,5517,pickup_scan,2025-12-02 12:00,13
8382,5517,dropoff_scan,2025-12-05 00:00,8
8383,5518,pickup_scan,2025-04-20 07:00,15
8384,5519,pickup_scan,2025-04-03 16:00,23
8385,5519,dropoff_scan,2025-04-04 20:00,23
8386,5520,pickup_scan,2025-05-06 07:00,12
8387,5520,dropoff_scan,2025-05-12 12:00,18
8388,5521,pickup_scan,2025-04-08 22:00,3
8389,5522,pickup_scan,2025-05-25 09:00,13
8390,5523,pickup_scan,2025-01-09 23:00,19
8391,5523,dropoff_scan,2025-01-14 20:00,8
8392,5524,pickup_scan,2025-09-29 23:00,18
8393,5525,pickup_scan,2025-04-13 00:00,19
8394,5526,pickup_scan,2025-12-03 01:00,4
8395,5527,pickup_scan,2025-07-27 00:00,8
8396,5527,dropoff_scan,2025-08-02 10:00,12
8397,5528,pickup_scan,2025-03-10 04:00,25
8398,5529,pickup_scan,2025-06-17 06:00,24
8399,5529,dropoff_scan,2025-06-18 08:00,17
8400,5530,pickup_scan,2025-10-11 14:00,7
8401,5530,dropoff_scan,2025-10-16 09:00,2
8402,5531,pickup_scan,2025-07-01 00:00,10
8403,5531,dropoff_scan,2025-07-05 00:00,15
8404,5532,pickup_scan,2025-12-02 20:00,12
8405,5532,dropoff_scan,2025-12-07 10:00,22
8406,5533,pickup_scan,2025-03-14 09:00,17
8407,5533,dropoff_scan,2025-03-18 10:00,12
8408,5536,pickup_scan,2025-06-15 05:00,2
8409,5537,pickup_scan,2025-07-03 08:00,12
8410,5537,dropoff_scan,2025-07-07 16:00,12
8411,5538,pickup_scan,2025-11-14 08:00,1
8412,5538,dropoff_scan,2025-11-15 17:00,6
8413,5539,pickup_scan,2025-01-10 21:00,4
8414,5539,dropoff_scan,2025-01-15 07:00,23
8415,5540,pickup_scan,2025-09-17 09:00,5
8416,5540,dropoff_scan,2025-09-22 23:00,18
8417,5541,pickup_scan,2025-06-29 07:00,24
8418,5541,dropoff_scan,2025-07-04 10:00,12
8419,5542,pickup_scan,2025-01-07 14:00,23
8420,5542,dropoff_scan,2025-01-12 13:00,15
8421,5543,pickup_scan,2025-08-04 07:00,9
8422,5544,pickup_scan,2025-03-31 10:00,17
8423,5544,dropoff_scan,2025-04-05 16:00,5
8424,5545,pickup_scan,2025-12-30 19:00,5
8425,5546,pickup_scan,2025-10-17 21:00,16
8426,5547,pickup_scan,2025-01-01 09:00,20
8427,5547,dropoff_scan,2025-01-02 04:00,23
8428,5548,pickup_scan,2025-03-22 22:00,11
8429,5548,dropoff_scan,2025-03-24 12:00,16
8430,5549,pickup_scan,2025-01-19 22:00,21
8431,5549,dropoff_scan,2025-01-25 20:00,14
8432,5550,pickup_scan,2025-07-07 23:00,11
8433,5551,pickup_scan,2025-03-15 13:00,15
8434,5551,dropoff_scan,2025-03-18 02:00,19
8435,5552,pickup_scan,2025-11-02 11:00,8
8436,5552,dropoff_scan,2025-11-07 08:00,18
8437,5553,pickup_scan,2025-09-14 17:00,13
8438,5553,dropoff_scan,2025-09-20 14:00,23
8439,5555,pickup_scan,2025-09-20 11:00,23
8440,5556,pickup_scan,2025-11-10 08:00,3
8441,5556,dropoff_scan,2025-11-14 20:00,23
8442,5558,pickup_scan,2025-11-11 00:00,20
8443,5558,dropoff_scan,2025-11-11 16:00,14
8444,5559,pickup_scan,2025-09-08 20:00,13
8445,5560,pickup_scan,2025-04-20 12:00,22
8446,5561,pickup_scan,2025-06-06 18:00,2
8447,5561,dropoff_scan,2025-06-13 16:00,13
8448,5562,pickup_scan,2025-04-03 13:00,9
8449,5562,dropoff_scan,2025-04-06 17:00,24
8450,5563,pickup_scan,2026-01-01 04:00,20
8451,5563,dropoff_scan,2026-01-07 00:00,6
8452,5564,pickup_scan,2025-09-13 17:00,1
8453,5565,pickup_scan,2025-08-23 19:00,8
8454,5565,dropoff_scan,2025-08-25 18:00,10
8455,5566,pickup_scan,2025-03-20 11:00,17
8456,5566,dropoff_scan,2025-03-22 20:00,22
8457,5567,pickup_scan,2025-04-07 00:00,17
8458,5567,dropoff_scan,2025-04-11 07:00,2
8459,5568,pickup_scan,2025-01-08 07:00,5
8460,5568,dropoff_scan,2025-01-11 09:00,16
8461,5569,pickup_scan,2025-10-03 05:00,12
8462,5570,pickup_scan,2025-06-03 23:00,23
8463,5570,dropoff_scan,2025-06-08 11:00,1
8464,5571,pickup_scan,2025-11-10 19:00,14
8465,5571,dropoff_scan,2025-11-17 17:00,4
8466,5572,pickup_scan,2025-01-13 10:00,11
8467,5572,dropoff_scan,2025-01-15 21:00,1
8468,5574,pickup_scan,2025-06-15 08:00,11
8469,5575,pickup_scan,2025-07-07 22:00,1
8470,5576,pickup_scan,2025-09-25 21:00,20
8471,5576,dropoff_scan,2025-09-28 12:00,3
8472,5577,pickup_scan,2025-02-10 04:00,25
8473,5577,dropoff_scan,2025-02-15 14:00,22
8474,5578,pickup_scan,2025-01-03 07:00,15
8475,5578,dropoff_scan,2025-01-08 22:00,24
8476,5579,pickup_scan,2025-01-03 18:00,13
8477,5579,dropoff_scan,2025-01-09 09:00,5
8478,5580,pickup_scan,2025-04-10 21:00,21
8479,5580,dropoff_scan,2025-04-12 18:00,14
8480,5582,pickup_scan,2025-01-26 12:00,11
8481,5582,dropoff_scan,2025-01-28 23:00,6
8482,5583,pickup_scan,2025-08-15 00:00,24
8483,5583,dropoff_scan,2025-08-20 07:00,13
8484,5584,pickup_scan,2025-10-04 14:00,21
8485,5584,dropoff_scan,2025-10-05 19:00,12
8486,5585,pickup_scan,2025-11-15 00:00,15
8487,5587,pickup_scan,2025-03-19 02:00,20
8488,5587,dropoff_scan,2025-03-19 02:00,20
8489,5588,pickup_scan,2025-04-25 22:00,25
8490,5588,dropoff_scan,2025-05-02 16:00,9
8491,5589,pickup_scan,2025-07-12 13:00,21
8492,5589,dropoff_scan,2025-07-18 19:00,22
8493,5590,pickup_scan,2025-12-25 13:00,14
8494,5591,pickup_scan,2025-03-19 18:00,18
8495,5591,dropoff_scan,2025-03-23 09:00,1
8496,5592,pickup_scan,2025-03-12 22:00,7
8497,5592,dropoff_scan,2025-03-14 11:00,9
8498,5593,pickup_scan,2025-02-03 01:00,18
8499,5593,dropoff_scan,2025-02-08 03:00,21
8500,5594,pickup_scan,2025-04-09 13:00,14
8501,5595,pickup_scan,2025-08-19 14:00,13
8502,5596,pickup_scan,2025-01-10 01:00,16
8503,5597,pickup_scan,2025-05-15 05:00,6
8504,5597,dropoff_scan,2025-05-15 20:00,18
8505,5598,pickup_scan,2025-03-22 19:00,2
8506,5598,dropoff_scan,2025-03-23 21:00,13
8507,5599,pickup_scan,2025-03-23 23:00,7
8508,5599,dropoff_scan,2025-03-24 06:00,8
8509,5600,pickup_scan,2025-04-30 00:00,6
8510,5600,dropoff_scan,2025-05-01 20:00,20
8511,5601,pickup_scan,2025-11-18 23:00,5
8512,5602,pickup_scan,2025-10-08 09:00,15
8513,5602,dropoff_scan,2025-10-10 07:00,1
8514,5603,pickup_scan,2025-07-18 08:00,3
8515,5603,dropoff_scan,2025-07-24 00:00,14
8516,5604,pickup_scan,2025-05-14 22:00,2
8517,5604,dropoff_scan,2025-05-14 22:00,16
8518,5605,pickup_scan,2025-10-22 07:00,4
8519,5606,pickup_scan,2025-01-29 19:00,9
8520,5606,dropoff_scan,2025-02-05 07:00,3
8521,5607,pickup_scan,2025-03-21 16:00,5
8522,5607,dropoff_scan,2025-03-23 01:00,3
8523,5608,pickup_scan,2025-11-01 07:00,24
8524,5608,dropoff_scan,2025-11-07 14:00,9
8525,5609,pickup_scan,2025-05-30 14:00,18
8526,5609,dropoff_scan,2025-05-30 20:00,10
8527,5610,pickup_scan,2025-12-20 12:00,17
8528,5610,dropoff_scan,2025-12-25 06:00,2
8529,5611,pickup_scan,2025-04-09 13:00,20
8530,5611,dropoff_scan,2025-04-13 18:00,13
8531,5612,pickup_scan,2025-06-07 12:00,8
8532,5612,dropoff_scan,2025-06-11 17:00,9
8533,5613,pickup_scan,2025-12-21 08:00,25
8534,5613,dropoff_scan,2025-12-27 17:00,16
8535,5614,pickup_scan,2025-01-16 21:00,8
8536,5614,dropoff_scan,2025-01-22 07:00,2
8537,5615,pickup_scan,2025-06-11 22:00,22
8538,5616,pickup_scan,2025-06-26 10:00,18
8539,5616,dropoff_scan,2025-07-01 13:00,22
8540,5618,pickup_scan,2025-02-26 07:00,6
8541,5618,dropoff_scan,2025-02-28 11:00,4
8542,5619,pickup_scan,2025-01-26 00:00,21
8543,5619,dropoff_scan,2025-01-30 13:00,8
8544,5620,pickup_scan,2025-06-25 06:00,10
8545,5620,dropoff_scan,2025-06-29 17:00,8
8546,5621,pickup_scan,2025-03-15 11:00,24
8547,5621,dropoff_scan,2025-03-17 02:00,1
8548,5622,pickup_scan,2025-06-19 10:00,8
8549,5622,dropoff_scan,2025-06-21 09:00,23
8550,5623,pickup_scan,2025-10-21 05:00,9
8551,5623,dropoff_scan,2025-10-25 01:00,3
8552,5624,pickup_scan,2025-04-08 01:00,22
8553,5624,dropoff_scan,2025-04-09 21:00,25
8554,5625,pickup_scan,2025-06-07 21:00,24
8555,5626,pickup_scan,2025-01-21 00:00,22
8556,5627,pickup_scan,2025-03-29 09:00,8
8557,5627,dropoff_scan,2025-04-01 19:00,10
8558,5628,pickup_scan,2025-10-01 08:00,24
8559,5628,dropoff_scan,2025-10-06 20:00,13
8560,5629,pickup_scan,2025-12-16 18:00,17
8561,5630,pickup_scan,2025-08-08 14:00,12
8562,5631,pickup_scan,2025-08-13 23:00,18
8563,5632,pickup_scan,2025-03-30 09:00,13
8564,5632,dropoff_scan,2025-04-02 00:00,3
8565,5633,pickup_scan,2025-01-30 14:00,17
8566,5633,dropoff_scan,2025-02-02 13:00,9
8567,5634,pickup_scan,2025-01-30 22:00,3
8568,5634,dropoff_scan,2025-01-31 00:00,6
8569,5635,pickup_scan,2025-03-11 18:00,22
8570,5635,dropoff_scan,2025-03-14 22:00,18
8571,5636,pickup_scan,2025-02-14 05:00,14
8572,5637,pickup_scan,2025-07-01 22:00,4
8573,5637,dropoff_scan,2025-07-07 01:00,1
8574,5638,pickup_scan,2025-07-25 21:00,19
8575,5638,dropoff_scan,2025-07-29 20:00,19
8576,5639,pickup_scan,2025-06-22 03:00,5
8577,5640,pickup_scan,2025-01-23 04:00,15
8578,5641,pickup_scan,2025-09-27 08:00,22
8579,5641,dropoff_scan,2025-09-29 21:00,20
8580,5642,pickup_scan,2025-04-26 23:00,13
8581,5642,dropoff_scan,2025-04-29 17:00,24
8582,5643,pickup_scan,2025-11-16 12:00,19
8583,5644,pickup_scan,2025-03-12 21:00,3
8584,5645,pickup_scan,2025-11-21 09:00,25
8585,5645,dropoff_scan,2025-11-22 12:00,17
8586,5646,pickup_scan,2025-05-25 12:00,8
8587,5646,dropoff_scan,2025-06-01 09:00,13
8588,5647,pickup_scan,2025-05-06 11:00,9
8589,5647,dropoff_scan,2025-05-10 08:00,4
8590,5649,pickup_scan,2025-07-12 07:00,22
8591,5650,pickup_scan,2025-04-19 07:00,12
8592,5650,dropoff_scan,2025-04-25 16:00,24
8593,5651,pickup_scan,2025-05-25 16:00,19
8594,5651,dropoff_scan,2025-05-30 00:00,11
8595,5652,pickup_scan,2025-02-17 05:00,19
8596,5652,dropoff_scan,2025-02-17 13:00,16
8597,5653,pickup_scan,2025-01-02 15:00,23
8598,5653,dropoff_scan,2025-01-04 19:00,10
8599,5654,pickup_scan,2025-11-25 18:00,8
8600,5654,dropoff_scan,2025-11-30 04:00,24
8601,5655,pickup_scan,2025-07-14 00:00,18
8602,5656,pickup_scan,2025-04-18 21:00,8
8603,5656,dropoff_scan,2025-04-18 16:00,9
8604,5657,pickup_scan,2025-04-11 03:00,8
8605,5657,dropoff_scan,2025-04-17 15:00,22
8606,5658,pickup_scan,2025-11-25 05:00,18
8607,5658,dropoff_scan,2025-11-27 02:00,18
8608,5659,pickup_scan,2025-05-08 18:00,23
8609,5659,dropoff_scan,2025-05-10 02:00,5
8610,5661,pickup_scan,2025-06-09 16:00,8
8611,5661,dropoff_scan,2025-06-13 12:00,15
8612,5662,pickup_scan,2025-02-14 08:00,2
8613,5662,dropoff_scan,2025-02-20 10:00,20
8614,5663,pickup_scan,2025-08-01 03:00,18
8615,5664,pickup_scan,2025-02-05 07:00,10
8616,5664,dropoff_scan,2025-02-06 03:00,9
8617,5665,pickup_scan,2025-02-24 02:00,10
8618,5666,pickup_scan,2025-02-09 01:00,24
8619,5667,pickup_scan,2025-09-26 00:00,7
8620,5667,dropoff_scan,2025-09-30 23:00,20
8621,5668,pickup_scan,2025-01-27 10:00,19
8622,5668,dropoff_scan,2025-01-27 20:00,10
8623,5669,pickup_scan,2025-09-22 05:00,1
8624,5669,dropoff_scan,2025-09-25 14:00,21
8625,5670,pickup_scan,2025-11-12 22:00,8
8626,5670,dropoff_scan,2025-11-18 03:00,13
8627,5671,pickup_scan,2025-10-28 00:00,18
8628,5671,dropoff_scan,2025-10-29 02:00,24
8629,5672,pickup_scan,2025-11-07 22:00,8
8630,5672,dropoff_scan,2025-11-09 19:00,19
8631,5673,pickup_scan,2025-06-28 06:00,8
8632,5673,dropoff_scan,2025-06-29 18:00,9
8633,5674,pickup_scan,2025-12-22 02:00,2
8634,5674,dropoff_scan,2025-12-22 12:00,25
8635,5675,pickup_scan,2025-10-10 12:00,1
8636,5675,dropoff_scan,2025-10-13 04:00,7
8637,5676,pickup_scan,2025-04-24 03:00,8
8638,5676,dropoff_scan,2025-04-27 01:00,23
8639,5677,pickup_scan,2025-05-18 11:00,9
8640,5677,dropoff_scan,2025-05-22 21:00,5
8641,5679,pickup_scan,2025-06-09 00:00,24
8642,5679,dropoff_scan,2025-06-12 12:00,19
8643,5680,pickup_scan,2025-04-17 12:00,2
8644,5680,dropoff_scan,2025-04-20 15:00,23
8645,5681,pickup_scan,2025-08-25 01:00,12
8646,5681,dropoff_scan,2025-08-25 04:00,10
8647,5682,pickup_scan,2025-07-23 22:00,2
8648,5682,dropoff_scan,2025-07-24 09:00,24
8649,5684,pickup_scan,2025-07-20 09:00,9
8650,5685,pickup_scan,2025-06-07 22:00,10
8651,5685,dropoff_scan,2025-06-07 23:00,14
8652,5686,pickup_scan,2025-08-02 02:00,15
8653,5686,dropoff_scan,2025-08-06 15:00,9
8654,5687,pickup_scan,2025-02-01 18:00,5
8655,5687,dropoff_scan,2025-02-03 10:00,5
8656,5688,pickup_scan,2025-04-16 16:00,19
8657,5689,pickup_scan,2025-11-04 12:00,19
8658,5689,dropoff_scan,2025-11-05 21:00,14
8659,5690,pickup_scan,2025-09-20 22:00,6
8660,5690,dropoff_scan,2025-09-24 12:00,13
8661,5691,pickup_scan,2025-05-03 10:00,2
8662,5691,dropoff_scan,2025-05-05 15:00,18
8663,5692,pickup_scan,2025-04-08 04:00,4
8664,5692,dropoff_scan,2025-04-08 06:00,15
8665,5693,pickup_scan,2025-10-21 03:00,22
8666,5695,pickup_scan,2025-08-13 18:00,18
8667,5696,pickup_scan,2025-02-16 05:00,9
8668,5696,dropoff_scan,2025-02-22 17:00,7
8669,5697,pickup_scan,2025-07-23 17:00,2
8670,5698,pickup_scan,2025-09-22 09:00,14
8671,5698,dropoff_scan,2025-09-28 19:00,25
8672,5700,pickup_scan,2025-06-18 21:00,14
8673,5700,dropoff_scan,2025-06-20 02:00,23
8674,5701,pickup_scan,2025-03-04 16:00,2
8675,5702,pickup_scan,2025-08-15 00:00,12
8676,5703,pickup_scan,2025-08-30 15:00,9
8677,5703,dropoff_scan,2025-09-06 04:00,10
8678,5704,pickup_scan,2025-05-27 18:00,17
8679,5704,dropoff_scan,2025-05-27 20:00,6
8680,5706,pickup_scan,2025-11-08 04:00,20
8681,5706,dropoff_scan,2025-11-08 00:00,14
8682,5707,pickup_scan,2025-10-28 10:00,1
8683,5708,pickup_scan,2025-07-02 19:00,19
8684,5708,dropoff_scan,2025-07-05 02:00,24
8685,5709,pickup_scan,2025-07-08 17:00,8
8686,5709,dropoff_scan,2025-07-15 01:00,1
8687,5710,pickup_scan,2025-09-15 03:00,15
8688,5711,pickup_scan,2025-05-12 20:00,6
8689,5711,dropoff_scan,2025-05-18 09:00,12
8690,5712,pickup_scan,2025-02-15 17:00,3
8691,5713,pickup_scan,2025-01-15 02:00,16
8692,5713,dropoff_scan,2025-01-19 18:00,23
8693,5714,pickup_scan,2025-01-05 12:00,3
8694,5715,pickup_scan,2025-08-07 14:00,6
8695,5716,pickup_scan,2025-05-24 20:00,5
8696,5716,dropoff_scan,2025-05-31 15:00,1
8697,5717,pickup_scan,2025-04-04 16:00,11
8698,5717,dropoff_scan,2025-04-08 15:00,24
8699,5718,pickup_scan,2025-03-10 03:00,16
8700,5718,dropoff_scan,2025-03-16 22:00,24
8701,5719,pickup_scan,2025-04-30 09:00,23
8702,5720,pickup_scan,2025-09-27 02:00,1
8703,5722,pickup_scan,2025-01-13 16:00,11
8704,5722,dropoff_scan,2025-01-15 13:00,8
8705,5723,pickup_scan,2025-01-08 01:00,21
8706,5723,dropoff_scan,2025-01-11 07:00,3
8707,5725,pickup_scan,2025-04-11 06:00,10
8708,5725,dropoff_scan,2025-04-14 01:00,2
8709,5726,pickup_scan,2025-05-25 18:00,4
8710,5726,dropoff_scan,2025-05-28 18:00,11
8711,5727,pickup_scan,2025-06-07 20:00,2
8712,5728,pickup_scan,2025-03-31 17:00,15
8713,5728,dropoff_scan,2025-04-04 05:00,12
8714,5729,pickup_scan,2025-06-10 02:00,16
8715,5729,dropoff_scan,2025-06-10 00:00,4
8716,5730,pickup_scan,2025-01-04 16:00,21
8717,5730,dropoff_scan,2025-01-07 04:00,14
8718,5731,pickup_scan,2025-01-06 04:00,4
8719,5732,pickup_scan,2025-10-10 16:00,18
8720,5732,dropoff_scan,2025-10-16 12:00,8
8721,5734,pickup_scan,2025-01-19 04:00,23
8722,5734,dropoff_scan,2025-01-24 14:00,2
8723,5735,pickup_scan,2025-01-18 08:00,14
8724,5735,dropoff_scan,2025-01-21 19:00,25
8725,5736,pickup_scan,2025-02-25 02:00,13
8726,5736,dropoff_scan,2025-03-02 05:00,18
8727,5737,pickup_scan,2025-12-04 08:00,17
8728,5737,dropoff_scan,2025-12-08 23:00,11
8729,5738,pickup_scan,2025-02-05 04:00,25
8730,5738,dropoff_scan,2025-02-11 09:00,14
8731,5739,pickup_scan,2025-03-22 05:00,18
8732,5740,pickup_scan,2025-07-14 11:00,3
8733,5740,dropoff_scan,2025-07-17 07:00,22
8734,5742,pickup_scan,2025-12-20 02:00,8
8735,5743,pickup_scan,2025-03-20 14:00,22
8736,5744,pickup_scan,2025-12-28 09:00,17
8737,5744,dropoff_scan,2025-12-29 19:00,24
8738,5746,pickup_scan,2025-10-17 21:00,25
8739,5746,dropoff_scan,2025-10-19 09:00,5
8740,5747,pickup_scan,2025-05-31 03:00,3
8741,5747,dropoff_scan,2025-06-02 05:00,2
8742,5748,pickup_scan,2025-09-18 21:00,2
8743,5748,dropoff_scan,2025-09-22 20:00,7
8744,5749,pickup_scan,2025-06-15 23:00,19
8745,5749,dropoff_scan,2025-06-16 18:00,23
8746,5750,pickup_scan,2025-05-30 11:00,23
8747,5750,dropoff_scan,2025-06-02 12:00,15
8748,5751,pickup_scan,2025-08-28 04:00,22
8749,5752,pickup_scan,2025-06-19 10:00,6
8750,5752,dropoff_scan,2025-06-23 04:00,25
8751,5753,pickup_scan,2025-12-05 17:00,7
8752,5753,dropoff_scan,2025-12-10 11:00,1
8753,5754,pickup_scan,2025-07-13 00:00,2
8754,5754,dropoff_scan,2025-07-16 17:00,15
8755,5755,pickup_scan,2025-12-07 23:00,14
8756,5755,dropoff_scan,2025-12-11 05:00,9
8757,5756,pickup_scan,2025-03-27 13:00,9
8758,5756,dropoff_scan,2025-04-02 11:00,4
8759,5757,pickup_scan,2025-07-01 11:00,9
8760,5758,pickup_scan,2025-09-10 00:00,13
8761,5758,dropoff_scan,2025-09-15 15:00,11
8762,5759,pickup_scan,2025-08-12 12:00,5
8763,5759,dropoff_scan,2025-08-14 20:00,12
8764,5760,pickup_scan,2025-02-01 03:00,20
8765,5761,pickup_scan,2025-03-25 09:00,22
8766,5762,pickup_scan,2025-06-25 19:00,7
8767,5762,dropoff_scan,2025-06-26 00:00,20
8768,5763,pickup_scan,2025-01-08 14:00,16
8769,5763,dropoff_scan,2025-01-10 17:00,18
8770,5764,pickup_scan,2025-12-04 17:00,19
8771,5764,dropoff_scan,2025-12-04 15:00,11
8772,5765,pickup_scan,2025-11-23 22:00,18
8773,5766,pickup_scan,2025-04-25 20:00,17
8774,5766,dropoff_scan,2025-04-29 09:00,10
8775,5767,pickup_scan,2025-07-30 11:00,24
8776,5767,dropoff_scan,2025-08-05 12:00,6
8777,5768,pickup_scan,2025-06-04 16:00,24
8778,5769,pickup_scan,2025-10-06 16:00,9
8779,5769,dropoff_scan,2025-10-13 02:00,2
8780,5771,pickup_scan,2025-04-19 19:00,13
8781,5771,dropoff_scan,2025-04-26 12:00,17
8782,5772,pickup_scan,2025-01-12 00:00,3
8783,5772,dropoff_scan,2025-01-15 03:00,10
8784,5773,pickup_scan,2025-06-30 18:00,6
8785,5774,pickup_scan,2025-03-30 15:00,22
8786,5775,pickup_scan,2025-12-17 14:00,2
8787,5775,dropoff_scan,2025-12-24 13:00,8
8788,5776,pickup_scan,2025-04-20 08:00,18
8789,5776,dropoff_scan,2025-04-26 18:00,19
8790,5777,pickup_scan,2025-09-20 10:00,25
8791,5777,dropoff_scan,2025-09-22 12:00,12
8792,5779,pickup_scan,2025-06-26 01:00,20
8793,5779,dropoff_scan,2025-06-29 11:00,17
8794,5780,pickup_scan,2025-03-02 09:00,22
8795,5780,dropoff_scan,2025-03-04 04:00,22
8796,5781,pickup_scan,2025-05-28 03:00,20
8797,5782,pickup_scan,2025-08-15 19:00,10
8798,5782,dropoff_scan,2025-08-21 09:00,14
8799,5783,pickup_scan,2025-12-25 17:00,19
8800,5783,dropoff_scan,2025-12-30 02:00,12
8801,5784,pickup_scan,2025-02-15 23:00,9
8802,5785,pickup_scan,2025-05-15 02:00,1
8803,5785,dropoff_scan,2025-05-20 08:00,7
8804,5786,pickup_scan,2025-06-27 10:00,4
8805,5788,pickup_scan,2025-01-13 04:00,13
8806,5789,pickup_scan,2025-07-11 23:00,14
8807,5790,pickup_scan,2025-02-04 18:00,12
8808,5790,dropoff_scan,2025-02-05 15:00,25
8809,5791,pickup_scan,2025-08-24 11:00,1
8810,5792,pickup_scan,2025-03-19 14:00,19
8811,5793,pickup_scan,2025-09-11 17:00,4
8812,5793,dropoff_scan,2025-09-16 03:00,20
8813,5794,pickup_scan,2025-08-20 03:00,23
8814,5796,pickup_scan,2025-07-19 06:00,21
8815,5796,dropoff_scan,2025-07-25 00:00,9
8816,5797,pickup_scan,2025-09-04 02:00,8
8817,5797,dropoff_scan,2025-09-05 12:00,16
8818,5798,pickup_scan,2025-08-25 20:00,10
8819,5799,pickup_scan,2025-06-22 22:00,5
8820,5799,dropoff_scan,2025-06-28 06:00,11
8821,5800,pickup_scan,2025-07-16 07:00,8
8822,5800,dropoff_scan,2025-07-22 21:00,3
8823,5801,pickup_scan,2025-01-21 10:00,21
8824,5801,dropoff_scan,2025-01-26 06:00,11
8825,5802,pickup_scan,2025-10-24 10:00,3
8826,5802,dropoff_scan,2025-10-27 04:00,13
8827,5803,pickup_scan,2025-08-07 20:00,1
8828,5803,dropoff_scan,2025-08-14 15:00,16
8829,5804,pickup_scan,2025-04-02 02:00,16
8830,5804,dropoff_scan,2025-04-04 03:00,22
8831,5805,pickup_scan,2025-03-02 02:00,18
8832,5806,pickup_scan,2025-04-22 08:00,1
8833,5806,dropoff_scan,2025-04-28 22:00,15
8834,5807,pickup_scan,2025-02-11 12:00,19
8835,5808,pickup_scan,2025-11-04 06:00,13
8836,5809,pickup_scan,2025-06-27 00:00,16
8837,5809,dropoff_scan,2025-07-02 11:00,8
8838,5810,pickup_scan,2025-09-22 11:00,21
8839,5810,dropoff_scan,2025-09-25 11:00,21
8840,5811,pickup_scan,2025-08-14 13:00,24
8841,5812,pickup_scan,2025-01-16 14:00,9
8842,5815,pickup_scan,2025-06-03 12:00,4
8843,5815,dropoff_scan,2025-06-06 03:00,24
8844,5816,pickup_scan,2025-01-13 16:00,24
8845,5816,dropoff_scan,2025-01-14 00:00,7
8846,5817,pickup_scan,2025-06-24 12:00,5
8847,5817,dropoff_scan,2025-06-24 20:00,1
8848,5818,pickup_scan,2025-12-19 14:00,3
8849,5818,dropoff_scan,2025-12-22 22:00,13
8850,5819,pickup_scan,2025-06-02 23:00,4
8851,5819,dropoff_scan,2025-06-03 19:00,2
8852,5820,pickup_scan,2025-09-15 02:00,17
8853,5820,dropoff_scan,2025-09-17 05:00,5
8854,5821,pickup_scan,2025-07-18 01:00,21
8855,5821,dropoff_scan,2025-07-23 12:00,7
8856,5822,pickup_scan,2025-11-21 18:00,4
8857,5822,dropoff_scan,2025-11-24 12:00,14
8858,5823,pickup_scan,2025-10-12 13:00,14
8859,5823,dropoff_scan,2025-10-16 02:00,3
8860,5824,pickup_scan,2025-09-10 01:00,1
8861,5824,dropoff_scan,2025-09-11 07:00,7
8862,5825,pickup_scan,2025-02-28 05:00,10
8863,5826,pickup_scan,2025-03-31 06:00,16
8864,5826,dropoff_scan,2025-04-04 15:00,8
8865,5827,pickup_scan,2025-08-27 13:00,18
8866,5827,dropoff_scan,2025-08-27 12:00,14
8867,5828,pickup_scan,2025-11-02 22:00,25
8868,5828,dropoff_scan,2025-11-08 02:00,5
8869,5829,pickup_scan,2025-11-10 19:00,4
8870,5829,dropoff_scan,2025-11-15 19:00,13
8871,5831,pickup_scan,2025-06-23 03:00,1
8872,5831,dropoff_scan,2025-06-23 12:00,4
8873,5832,pickup_scan,2025-05-27 17:00,14
8874,5833,pickup_scan,2025-10-16 08:00,6
8875,5833,dropoff_scan,2025-10-17 23:00,4
8876,5834,pickup_scan,2025-05-12 03:00,7
8877,5834,dropoff_scan,2025-05-15 19:00,8
8878,5835,pickup_scan,2025-05-03 07:00,15
8879,5835,dropoff_scan,2025-05-07 15:00,18
8880,5836,pickup_scan,2025-03-30 09:00,22
8881,5836,dropoff_scan,2025-04-03 05:00,5
8882,5837,pickup_scan,2025-07-05 14:00,18
8883,5837,dropoff_scan,2025-07-06 22:00,15
8884,5840,pickup_scan,2025-07-06 04:00,4
8885,5840,dropoff_scan,2025-07-07 04:00,22
8886,5842,pickup_scan,2025-09-21 02:00,18
8887,5842,dropoff_scan,2025-09-22 09:00,20
8888,5843,pickup_scan,2025-11-14 19:00,25
8889,5843,dropoff_scan,2025-11-19 22:00,7
8890,5844,pickup_scan,2025-12-16 07:00,10
8891,5844,dropoff_scan,2025-12-16 21:00,17
8892,5845,pickup_scan,2025-05-04 05:00,12
8893,5845,dropoff_scan,2025-05-04 17:00,8
8894,5847,pickup_scan,2025-05-05 08:00,20
8895,5847,dropoff_scan,2025-05-08 04:00,8
8896,5848,pickup_scan,2025-12-07 09:00,7
8897,5848,dropoff_scan,2025-12-09 13:00,19
8898,5850,pickup_scan,2025-07-23 09:00,11
8899,5850,dropoff_scan,2025-07-25 14:00,18
8900,5851,pickup_scan,2025-04-13 16:00,16
8901,5852,pickup_scan,2025-09-12 08:00,2
8902,5853,pickup_scan,2025-09-24 00:00,16
8903,5855,pickup_scan,2025-11-22 11:00,24
8904,5857,pickup_scan,2025-06-12 21:00,25
8905,5857,dropoff_scan,2025-06-15 03:00,4
8906,5858,pickup_scan,2025-05-04 03:00,2
8907,5860,pickup_scan,2025-02-24 11:00,5
8908,5860,dropoff_scan,2025-02-28 08:00,19
8909,5861,pickup_scan,2025-02-20 21:00,16
8910,5861,dropoff_scan,2025-02-26 07:00,11
8911,5862,pickup_scan,2025-01-14 02:00,5
8912,5863,pickup_scan,2025-06-28 17:00,4
8913,5863,dropoff_scan,2025-07-02 10:00,5
8914,5865,pickup_scan,2025-09-28 09:00,20
8915,5865,dropoff_scan,2025-10-04 11:00,21
8916,5866,pickup_scan,2025-07-29 14:00,15
8917,5866,dropoff_scan,2025-07-31 13:00,17
8918,5867,pickup_scan,2025-12-11 11:00,13
8919,5867,dropoff_scan,2025-12-14 16:00,9
8920,5868,pickup_scan,2025-03-24 14:00,13
8921,5868,dropoff_scan,2025-03-28 09:00,18
8922,5869,pickup_scan,2025-06-20 21:00,13
8923,5869,dropoff_scan,2025-06-26 17:00,16
8924,5870,pickup_scan,2025-06-10 17:00,2
8925,5870,dropoff_scan,2025-06-17 03:00,10
8926,5871,pickup_scan,2025-09-26 20:00,17
8927,5872,pickup_scan,2025-04-13 11:00,14
8928,5872,dropoff_scan,2025-04-15 04:00,22
8929,5873,pickup_scan,2025-03-25 02:00,2
8930,5873,dropoff_scan,2025-03-29 13:00,1
8931,5874,pickup_scan,2025-11-07 05:00,25
8932,5875,pickup_scan,2025-11-06 23:00,15
8933,5876,pickup_scan,2025-03-13 09:00,19
8934,5876,dropoff_scan,2025-03-16 21:00,9
8935,5877,pickup_scan,2025-02-10 21:00,5
8936,5877,dropoff_scan,2025-02-10 17:00,25
8937,5878,pickup_scan,2025-04-14 04:00,21
8938,5878,dropoff_scan,2025-04-20 17:00,14
8939,5880,pickup_scan,2025-03-31 10:00,14
8940,5880,dropoff_scan,2025-04-05 04:00,1
8941,5881,pickup_scan,2025-07-28 21:00,6
8942,5882,pickup_scan,2025-05-04 02:00,20
8943,5882,dropoff_scan,2025-05-08 16:00,16
8944,5883,pickup_scan,2025-09-24 18:00,12
8945,5884,pickup_scan,2025-07-19 20:00,25
8946,5886,pickup_scan,2025-05-07 03:00,5
8947,5886,dropoff_scan,2025-05-07 10:00,18
8948,5887,pickup_scan,2025-03-16 11:00,4
8949,5887,dropoff_scan,2025-03-17 18:00,7
8950,5888,pickup_scan,2025-02-15 10:00,11
8951,5888,dropoff_scan,2025-02-16 09:00,7
8952,5889,pickup_scan,2025-10-31 09:00,9
8953,5889,dropoff_scan,2025-11-06 08:00,14
8954,5890,pickup_scan,2025-02-25 02:00,18
8955,5890,dropoff_scan,2025-02-26 14:00,11
8956,5891,pickup_scan,2025-01-16 11:00,7
8957,5891,dropoff_scan,2025-01-21 12:00,2
8958,5892,pickup_scan,2025-06-22 22:00,13
8959,5892,dropoff_scan,2025-06-23 22:00,10
8960,5893,pickup_scan,2025-04-02 05:00,20
8961,5893,dropoff_scan,2025-04-07 21:00,14
8962,5894,pickup_scan,2025-05-18 19:00,10
8963,5894,dropoff_scan,2025-05-24 00:00,18
8964,5895,pickup_scan,2025-04-30 15:00,7
8965,5895,dropoff_scan,2025-05-06 15:00,9
8966,5896,pickup_scan,2025-07-27 20:00,15
8967,5896,dropoff_scan,2025-07-31 22:00,19
8968,5897,pickup_scan,2025-07-20 12:00,3
8969,5897,dropoff_scan,2025-07-26 14:00,5
8970,5898,pickup_scan,2025-04-19 04:00,13
8971,5898,dropoff_scan,2025-04-25 17:00,4
8972,5899,pickup_scan,2025-01-29 08:00,8
8973,5899,dropoff_scan,2025-02-02 23:00,14
8974,5900,pickup_scan,2025-03-27 03:00,13
8975,5901,pickup_scan,2025-12-11 18:00,13
8976,5902,pickup_scan,2025-04-16 21:00,2
8977,5902,dropoff_scan,2025-04-22 16:00,8
8978,5903,pickup_scan,2025-07-16 12:00,16
8979,5904,pickup_scan,2025-06-14 17:00,12
8980,5904,dropoff_scan,2025-06-16 13:00,11
8981,5905,pickup_scan,2025-01-23 14:00,23
8982,5906,pickup_scan,2025-06-23 10:00,24
8983,5906,dropoff_scan,2025-06-29 16:00,25
8984,5907,pickup_scan,2025-10-25 07:00,12
8985,5907,dropoff_scan,2025-10-26 09:00,24
8986,5908,pickup_scan,2025-11-21 00:00,1
8987,5908,dropoff_scan,2025-11-20 20:00,5
8988,5910,pickup_scan,2025-08-07 04:00,1
8989,5910,dropoff_scan,2025-08-12 08:00,3
8990,5911,pickup_scan,2025-08-30 09:00,13
8991,5911,dropoff_scan,2025-08-30 07:00,13
8992,5912,pickup_scan,2025-08-04 00:00,22
8993,5912,dropoff_scan,2025-08-04 16:00,15
8994,5913,pickup_scan,2025-04-17 04:00,21
8995,5914,pickup_scan,2025-08-20 00:00,20
8996,5914,dropoff_scan,2025-08-26 05:00,17
8997,5915,pickup_scan,2025-11-20 21:00,21
8998,5915,dropoff_scan,2025-11-20 23:00,3
8999,5917,pickup_scan,2025-07-20 00:00,16
9000,5917,dropoff_scan,2025-07-23 19:00,14
9001,5918,pickup_scan,2025-06-02 11:00,8
9002,5918,dropoff_scan,2025-06-04 02:00,21
9003,5919,pickup_scan,2025-07-14 15:00,2
9004,5919,dropoff_scan,2025-07-15 12:00,19
9005,5920,pickup_scan,2025-09-06 06:00,22
9006,5920,dropoff_scan,2025-09-09 10:00,13
9007,5921,pickup_scan,2025-11-10 07:00,22
9008,5922,pickup_scan,2025-06-06 13:00,20
9009,5922,dropoff_scan,2025-06-13 05:00,4
9010,5923,pickup_scan,2025-03-06 02:00,1
9011,5923,dropoff_scan,2025-03-06 16:00,3
9012,5924,pickup_scan,2025-03-10 06:00,14
9013,5924,dropoff_scan,2025-03-11 09:00,16
9014,5925,pickup_scan,2025-10-10 00:00,19
9015,5925,dropoff_scan,2025-10-13 11:00,25
9016,5926,pickup_scan,2025-07-08 21:00,6
9017,5926,dropoff_scan,2025-07-09 13:00,2
9018,5927,pickup_scan,2025-07-29 14:00,5
9019,5928,pickup_scan,2025-07-02 08:00,4
9020,5928,dropoff_scan,2025-07-05 16:00,19
9021,5929,pickup_scan,2025-01-03 20:00,6
9022,5930,pickup_scan,2025-05-08 12:00,1
9023,5930,dropoff_scan,2025-05-12 15:00,2
9024,5932,pickup_scan,2025-11-06 03:00,22
9025,5932,dropoff_scan,2025-11-08 20:00,22
9026,5933,pickup_scan,2025-04-13 12:00,13
9027,5934,pickup_scan,2025-02-24 14:00,2
9028,5934,dropoff_scan,2025-02-27 10:00,7
9029,5935,pickup_scan,2025-09-25 05:00,18
9030,5936,pickup_scan,2025-02-25 11:00,22
9031,5936,dropoff_scan,2025-03-04 03:00,12
9032,5937,pickup_scan,2025-01-26 23:00,23
9033,5937,dropoff_scan,2025-01-29 04:00,7
9034,5938,pickup_scan,2026-01-01 04:00,8
9035,5938,dropoff_scan,2026-01-03 14:00,3
9036,5939,pickup_scan,2025-01-13 03:00,1
9037,5939,dropoff_scan,2025-01-18 09:00,14
9038,5940,pickup_scan,2025-03-22 12:00,14
9039,5940,dropoff_scan,2025-03-26 10:00,20
9040,5941,pickup_scan,2025-01-09 16:00,14
9041,5941,dropoff_scan,2025-01-11 15:00,21
9042,5942,pickup_scan,2025-09-20 19:00,22
9043,5942,dropoff_scan,2025-09-22 05:00,23
9044,5943,pickup_scan,2025-09-06 13:00,17
9045,5944,pickup_scan,2025-01-27 05:00,6
9046,5944,dropoff_scan,2025-01-30 17:00,10
9047,5945,pickup_scan,2025-12-01 10:00,23
9048,5945,dropoff_scan,2025-12-07 17:00,3
9049,5946,pickup_scan,2025-04-29 01:00,17
9050,5946,dropoff_scan,2025-05-03 09:00,10
9051,5947,pickup_scan,2025-08-19 12:00,4
9052,5947,dropoff_scan,2025-08-20 22:00,19
9053,5948,pickup_scan,2025-05-07 23:00,7
9054,5948,dropoff_scan,2025-05-12 10:00,10
9055,5950,pickup_scan,2025-07-02 10:00,7
9056,5950,dropoff_scan,2025-07-09 00:00,14
9057,5951,pickup_scan,2025-07-15 20:00,16
9058,5951,dropoff_scan,2025-07-18 01:00,5
9059,5952,pickup_scan,2025-03-04 15:00,1
9060,5952,dropoff_scan,2025-03-06 11:00,23
9061,5953,pickup_scan,2025-12-07 15:00,3
9062,5953,dropoff_scan,2025-12-10 07:00,21
9063,5955,pickup_scan,2025-09-04 15:00,15
9064,5957,pickup_scan,2025-12-05 01:00,8
9065,5957,dropoff_scan,2025-12-08 10:00,11
9066,5958,pickup_scan,2025-06-21 20:00,24
9067,5958,dropoff_scan,2025-06-25 03:00,2
9068,5959,pickup_scan,2025-04-21 23:00,14
9069,5959,dropoff_scan,2025-04-27 06:00,18
9070,5960,pickup_scan,2025-10-16 03:00,17
9071,5961,pickup_scan,2025-05-05 08:00,3
9072,5961,dropoff_scan,2025-05-08 03:00,14
9073,5962,pickup_scan,2025-09-18 15:00,19
9074,5962,dropoff_scan,2025-09-23 19:00,2
9075,5963,pickup_scan,2025-10-23 22:00,4
9076,5963,dropoff_scan,2025-10-24 08:00,7
9077,5964,pickup_scan,2025-06-21 00:00,6
9078,5964,dropoff_scan,2025-06-23 15:00,24
9079,5965,pickup_scan,2025-05-23 21:00,10
9080,5965,dropoff_scan,2025-05-28 09:00,4
9081,5966,pickup_scan,2025-03-29 22:00,10
9082,5966,dropoff_scan,2025-03-30 16:00,4
9083,5967,pickup_scan,2025-06-24 08:00,2
9084,5967,dropoff_scan,2025-06-25 07:00,16
9085,5968,pickup_scan,2025-05-30 17:00,21
9086,5970,pickup_scan,2025-05-23 22:00,1
9087,5970,dropoff_scan,2025-05-25 10:00,12
9088,5971,pickup_scan,2025-02-08 20:00,21
9089,5971,dropoff_scan,2025-02-13 13:00,2
9090,5972,pickup_scan,2025-03-28 01:00,22
9091,5972,dropoff_scan,2025-03-28 21:00,5
9092,5973,pickup_scan,2025-07-28 18:00,11
9093,5973,dropoff_scan,2025-07-31 12:00,8
9094,5974,pickup_scan,2025-07-04 10:00,15
9095,5975,pickup_scan,2025-11-10 15:00,4
9096,5975,dropoff_scan,2025-11-11 23:00,23
9097,5977,pickup_scan,2025-05-06 21:00,14
9098,5977,dropoff_scan,2025-05-10 18:00,15
9099,5978,pickup_scan,2025-11-09 18:00,16
9100,5978,dropoff_scan,2025-11-14 14:00,1
9101,5979,pickup_scan,2025-07-06 15:00,9
9102,5979,dropoff_scan,2025-07-07 17:00,5
9103,5981,pickup_scan,2025-05-27 20:00,23
9104,5981,dropoff_scan,2025-06-03 05:00,11
9105,5982,pickup_scan,2025-07-10 01:00,7
9106,5982,dropoff_scan,2025-07-11 11:00,19
9107,5983,pickup_scan,2025-04-03 00:00,6
9108,5984,pickup_scan,2025-07-07 14:00,3
9109,5985,pickup_scan,2025-06-12 07:00,8
9110,5985,dropoff_scan,2025-06-15 10:00,16
9111,5986,pickup_scan,2025-09-02 19:00,24
9112,5986,dropoff_scan,2025-09-03 22:00,13
9113,5987,pickup_scan,2025-02-07 23:00,1
9114,5988,pickup_scan,2025-10-05 04:00,2
9115,5989,pickup_scan,2025-08-12 22:00,12
9116,5989,dropoff_scan,2025-08-16 06:00,4
9117,5990,pickup_scan,2025-04-24 11:00,18
9118,5991,pickup_scan,2025-06-05 14:00,16
9119,5992,pickup_scan,2025-01-05 23:00,19
9120,5992,dropoff_scan,2025-01-05 22:00,16
9121,5993,pickup_scan,2025-07-07 23:00,21
9122,5994,pickup_scan,2025-05-20 14:00,11
9123,5996,pickup_scan,2025-04-30 07:00,14
9124,5996,dropoff_scan,2025-05-01 08:00,24
9125,5997,pickup_scan,2025-01-31 23:00,15
9126,5998,pickup_scan,2025-09-26 14:00,22
9127,5998,dropoff_scan,2025-09-28 12:00,16
9128,5999,pickup_scan,2025-11-13 18:00,24
9129,5999,dropoff_scan,2025-11-19 04:00,14
9130,6000,pickup_scan,2025-11-22 21:00,25
