order_id,customer_id,driver_id,vehicle_id,pickup_city_id,delivery_city_id,order_date,delivery_date,distance_km,declared_value_naira,payment_method,delivery_status
1,1595,32,10,13,19,19/06/2025,21/06/2025,141.7,841829,Wallet,RETURNED
2,805,25,13,13,20,2025/02/02,2025/02/07,74.6,293082,Bank Transfer,dlvrd
3,1558,24,39,13,20,22/10/2025,28/10/2025,140.2,725724,Card,Del.
4,251,17,11,10,2,"November 30, 2025",,205.1,799933,Bank Transfer,pending
5,633,27,47,7,2,23.04.2025,29.04.2025,270.1,579208,Cash on Delivery,dlvrd
6,247,29,34,3,12,"February 17, 2025","February 21, 2025",99.7,824103,Wallet,delivered
7,1317,44,51,6,21,13/01/2025,17/01/2025,186.1,697662,Wallet,Del.
8,7,42,53,4,9,24.01.2025,30.01.2025,245.7,792700,Cash on Delivery,RETURNED
9,1494,21,14,5,3,"August 26, 2025","September 01, 2025",296.6,514375,Card,dlvrd
10,72,40,2,7,4,27.06.2025,29.06.2025,248.8,770699,Wallet,Delvered
11,1695,16,50,22,22,2025/03/17,,54.5,194360,Card,PENDING
12,3,15,6,10,12,2025/07/01,2025/07/01,47.0,298807,Wallet,Del.
13,1566,13,35,17,6,2025/07/15,2025/07/19,36.3,86611,Card,failed
14,1449,26,44,9,18,02/09/2025,03/09/2025,114.9,179928,Cash on Delivery,Delvered
15,316,37,46,12,18,20-Mar-2025,23-Mar-2025,285.9,158144,Card,RETURNED
16,798,31,15,8,21,2025-05-06,2025-05-06,299.6,338503,Wallet,RETURNED
17,1582,10,7,4,21,"January 07, 2025","January 09, 2025",27.0,562611,Wallet,Del.
18,93,5,30,12,11,03-31-2025,04-07-2025,231.6,612882,Bank Transfer,dlvrd
19,188,14,1,19,13,2025-10-30,,158.9,53048,Bank Transfer,Pending
20,346,5,30,14,6,"November 15, 2025","November 20, 2025",174.7,128921,Wallet,delivered
21,832,31,15,2,19,21.04.2025,22.04.2025,59.4,69758,Wallet,delivered
22,1329,41,22,18,14,04-17-2025,04-23-2025,240.4,263835,Bank Transfer,Delivered
23,373,11,4,8,4,03-Mar-2025,08-Mar-2025,26.1,414374,Bank Transfer,DELIVERED
24,811,28,55,10,10,"September 12, 2025",,105.6,264464,Card,In-Transit
25,527,16,50,11,2,30-Jun-2025,02-Jul-2025,245.3,,Cash on Delivery,dlvrd
26,457,24,39,11,7,31-Oct-2025,05-Nov-2025,252.2,138962,Bank Transfer,Del.
27,1253,27,47,13,12,03.12.2025,,88.3,743711,Card,IN TRANSIT
28,1622,37,46,10,20,05/11/2025,09/11/2025,87.1,803148,Bank Transfer,dlvrd
29,300,33,43,8,2,04/08/2025,04/08/2025,212.7,840101,Cash on Delivery,FAILED
30,265,31,15,2,6,23-Jan-2025,26-Jan-2025,115.7,165424,Card,Faild
31,619,20,31,9,19,2025-07-15,2025-07-21,53.6,699871,Card,Delvered
32,1083,38,24,20,13,2025/06/22,,237.8,,Card,In Transit
33,532,6,16,11,13,"February 07, 2025",,327.2,175589,Wallet,Pending
34,323,16,50,22,5,10-Apr-2025,16-Apr-2025,161.2,558308,Wallet,Faild
35,1456,25,13,5,19,10-26-2025,10-26-2025,55.2,563939,Card,DELIVERED
36,1099,36,49,12,2,09/11/2025,,148.9,287584,Card,Pending
37,274,15,6,17,5,05/01/2025,06/01/2025,7.7,93420,Card,Delivered
38,1373,1,9,14,15,08-13-2025,08-13-2025,51.4,638766,Bank Transfer,Delvered
39,1505,32,10,19,18,2025-03-29,2025-03-31,12.1,673958,Cash on Delivery,dlvrd
40,600,27,47,2,12,05-13-2025,,309.3,88149,Bank Transfer,In-Transit
41,541,35,40,2,13,27/04/2025,03/05/2025,305.6,399848,Card,dlvrd
42,790,17,11,13,18,2025-09-17,2025-09-24,259.3,533866,Card,Delivered
43,483,40,2,12,18,01-26-2025,,320.9,727089,Cash on Delivery,pending
44,1635,23,45,21,8,23/02/2025,26/02/2025,340.1,153116,Card,Delivered
45,1142,24,39,15,6,29.05.2025,,52.2,273786,Wallet,PENDING
46,1741,1,9,7,7,12-21-2025,,286.1,258132,Wallet,Pending
47,1042,1,9,20,19,2025-05-19,2025-05-25,9.2,522545,Bank Transfer,dlvrd
48,814,11,4,14,21,2025/11/03,2025/11/05,112.2,783247,Card,delivered
49,291,24,39,20,5,21/10/2025,,324.8,62493,Cash on Delivery,In-Transit
50,651,26,44,11,22,30-Apr-2025,01-May-2025,87.0,549598,Cash on Delivery,returned
51,1324,13,35,22,18,15.04.2025,22.04.2025,39.2,36299,Card,dlvrd
52,1698,19,32,6,3,19-Sep-2025,24-Sep-2025,319.3,132298,Bank Transfer,Del.
53,1140,20,31,18,2,10-Mar-2025,,2.3,789002,Wallet,In-Transit
54,1307,26,44,13,10,09/06/2025,16/06/2025,43.3,253173,Cash on Delivery,Faild
55,94,35,40,10,6,"April 22, 2025","April 22, 2025",99.9,748218,Wallet,Returned
56,1179,33,43,17,4,24.12.2025,30.12.2025,40.6,744156,Card,Delivered
57,1532,35,40,6,18,2025/07/22,2025/07/26,-305.8,278989,Cash on Delivery,delivered
58,1352,29,34,19,20,23/07/2025,25/07/2025,244.7,371853,Wallet,delivered
59,171,41,22,17,11,2025-10-05,,63.6,470223,Cash on Delivery,In Transit
60,1360,15,6,17,6,2025/11/08,2025/11/12,36.5,825252,Cash on Delivery,delivered
61,832,42,53,16,16,"January 23, 2025",,264.9,143657,Bank Transfer,In Transit
62,957,8,29,20,15,08-24-2025,08-29-2025,243.8,493463,Bank Transfer,delivered
63,1437,26,44,13,13,2025/10/01,2025/10/04,267.8,705359,Card,returned
64,1287,20,31,21,1,03-11-2025,03-15-2025,301.9,404952,Cash on Delivery,Retund
65,993,1001,30,1,18,2025/06/07,2025/06/09,238.5,525900,Card,Del.
66,592,22,26,15,17,04-16-2025,04-20-2025,257.1,847661,Bank Transfer,dlvrd
67,1794,8,29,1,11,"January 17, 2025","January 17, 2025",140.7,,Card,dlvrd
68,1140,43,54,18,19,2025-01-22,2025-01-25,169.9,202943,Bank Transfer,Del.
69,916,14,1,12,1,01-24-2025,,122.0,88345,Card,PENDING
70,36,36,49,12,13,14-May-2025,,68.7,718281,Cash on Delivery,In-Transit
71,983,31,15,1,21,24/03/2025,24/03/2025,307.6,0,Bank Transfer,Delvered
72,992,28,55,9,22,10-14-2025,10-14-2025,286.8,34749,Wallet,delivered
73,1752,22,26,6,4,05-01-2025,05-04-2025,326.3,674573,Bank Transfer,DELIVERED
74,350,21,14,4,8,2025-01-04,2025-01-10,291.0,619899,Cash on Delivery,delivered
75,188,41,22,3,16,2025/03/15,2025/03/20,339.5,231554,Bank Transfer,failed
76,1197,23,45,22,10,2025-03-13,2025-03-14,301.0,427999,Cash on Delivery,dlvrd
77,744,29,34,10,20,21.08.2025,25.08.2025,95.7,184171,Bank Transfer,RETURNED
78,1439,19,32,19,15,2025-11-05,2025-11-06,14.8,27682,Cash on Delivery,dlvrd
79,875,35,40,2,17,03-31-2025,04-03-2025,25.8,404985,Cash on Delivery,dlvrd
80,837,21,14,11,22,26-Apr-2025,,284.6,436078,Wallet,pending
81,386,32,10,10,9,14/02/2025,17/02/2025,168.8,504431,Wallet,Delivered
82,1289,22,26,14,9,01-27-2025,02-01-2025,206.5,0,Wallet,dlvrd
83,1706,6,16,22,11,"October 04, 2025","October 10, 2025",144.5,146331,Bank Transfer,DELIVERED
84,898,24,39,6,18,2025-09-09,2025-09-16,223.0,109203,Card,Delivered
85,1680,13,35,5,10,11-24-2025,11-29-2025,317.7,14202,Bank Transfer,dlvrd
86,1072,12,42,13,17,2025/04/22,2025/04/27,12.3,370386,Wallet,Delivered
87,1512,37,46,20,22,19/11/2025,22/11/2025,292.0,316105,Card,Del.
88,1546,43,54,15,1,13/06/2025,13/06/2025,46.0,105064,Card,dlvrd
89,716,3,12,4,8,10-21-2025,10-21-2025,242.1,87703,Cash on Delivery,Delivered
90,424,34,52,13,3,12/09/2025,16/09/2025,133.9,68878,Bank Transfer,Faild
91,1284,28,55,11,18,16/02/2025,22/02/2025,222.2,74884,Wallet,Del.
92,208,44,51,13,10,2025/11/11,2025/11/17,231.7,401863,Wallet,Delivered
93,605,17,11,6,17,12/05/2025,14/05/2025,286.3,759520,Bank Transfer,Faild
94,839,8,29,9,2,20/01/2025,23/01/2025,234.9,833150,Wallet,delivered
95,929,15,6,4,17,31.10.2025,03.11.2025,278.4,489713,Cash on Delivery,Del.
96,1257,21,14,17,15,2025-06-29,2025-06-30,299.8,280696,Wallet,Retund
97,1651,7,5,18,18,2025/07/16,,271.9,,Wallet,In Transit
98,1049,19,32,8,8,2025/09/01,2025/09/03,6.8,9148,Wallet,Delivered
99,542,5,30,6,2,2025-12-02,2025-12-05,302.1,31553,Bank Transfer,Faild
100,1413,14,1,19,9,03-23-2025,03-29-2025,131.2,547473,Cash on Delivery,Del.
101,58,25,13,19,18,11/05/2025,,143.6,843094,Bank Transfer,Pending
102,29,12,42,9,21,03-Aug-2025,04-Aug-2025,39.5,165171,Card,Del.
103,1423,10,7,21,6,18-Jan-2025,20-Jan-2025,208.9,759487,Cash on Delivery,dlvrd
104,62,9,36,2,4,20/06/2025,26/06/2025,338.1,523805,Card,Delivered
105,1523,42,53,17,16,"July 19, 2025","July 25, 2025",51.6,217295,Cash on Delivery,FAILED
106,1121,30,38,3,16,12/05/2025,18/05/2025,87.2,701645,Bank Transfer,RETURNED
107,296,38,24,11,6,"May 19, 2025","May 24, 2025",51.4,621401,Wallet,DELIVERED
108,862,7,5,21,21,04-26-2025,05-01-2025,165.7,695953,Bank Transfer,Returned
109,783,37,46,2,5,"December 08, 2025","December 12, 2025",113.2,715671,Bank Transfer,Del.
110,1621,14,1,17,22,26/08/2025,31/08/2025,349.7,230311,Wallet,Delivered
111,598,28,55,20,19,03-Jun-2025,,19.5,450665,Card,Pending
112,1708,18,27,7,11,04-Oct-2025,09-Oct-2025,179.4,35134,Bank Transfer,delivered
113,345,32,10,3,6,2025-12-18,2025-12-19,-53.6,3264,Cash on Delivery,delivered
114,1524,8,29,13,15,"November 10, 2025","November 10, 2025",3.2,483773,Cash on Delivery,DELIVERED
115,1681,13,35,8,5,22-Aug-2025,27-Aug-2025,291.4,491440,Cash on Delivery,Delvered
116,1751,17,11,18,14,18/07/2025,23/07/2025,16.1,715302,Wallet,DELIVERED
117,1072,39,19,3,11,12/10/2025,,130.5,645827,Cash on Delivery,IN TRANSIT
118,533,14,1,22,1,2025/06/15,2025/06/17,98.7,320052,Bank Transfer,dlvrd
119,120,42,53,18,5,2025-01-09,2025-01-13,247.8,431932,Card,Faild
120,1026,21,14,3,16,2025-03-11,2025-03-14,81.1,165370,Cash on Delivery,delivered
121,1581,22,26,18,5,2025-02-24,2025-02-27,42.4,151833,Bank Transfer,FAILED
122,952,17,11,20,6,07.08.2025,08.08.2025,10.2,444971,Card,Delivered
123,1285,9,36,14,3,16/01/2025,23/01/2025,316.7,11776,Bank Transfer,Retund
124,1342,27,47,6,5,23.04.2025,26.04.2025,106.3,0,Card,Delivered
125,171,11,4,16,14,"June 12, 2025","June 16, 2025",262.8,809902,Wallet,Delivered
126,157,27,47,20,15,2025/10/07,2025/10/12,179.7,250847,Cash on Delivery,Delivered
127,223,31,15,17,10,"June 04, 2025","June 08, 2025",45.7,179635,Wallet,Delvered
128,1728,23,45,9,20,25.03.2025,31.03.2025,91.4,,Cash on Delivery,FAILED
129,1255,6,16,16,7,2025/09/29,2025/10/03,-163.3,200009,Card,Delvered
130,1100,2,28,1,13,27/06/2025,,286.2,138526,Bank Transfer,pending
131,169,8,29,6,8,29-Dec-2025,,19.7,361454,Card,Pending
132,206,4,18,21,17,2025/04/14,,23.7,380820,Cash on Delivery,PENDING
133,165,1,9,3,9,"April 18, 2025","April 22, 2025",321.8,92683,Wallet,Failed
134,319,4,18,12,22,"September 17, 2025",,36.3,541440,Bank Transfer,pending
135,20,29,34,21,4,2025/06/24,2025/06/29,119.5,402721,Cash on Delivery,dlvrd
136,1465,27,47,8,15,24/02/2025,,11.6,524003,Card,in transit
137,515,35,40,16,16,12/04/2025,,119.9,357503,Bank Transfer,Pending
138,1121,36,49,1,22,07/07/2025,08/07/2025,164.0,0,Wallet,FAILED
139,249,25,13,13,19,05.11.2025,09.11.2025,267.7,222125,Bank Transfer,Failed
140,504,10,7,19,12,15/02/2025,18/02/2025,21.1,254867,Card,Failed
141,578,15,6,7,4,2025/10/23,2025/10/28,102.4,188891,Cash on Delivery,Delivered
142,207,24,39,12,3,"October 09, 2025",,245.0,197963,Bank Transfer,PENDING
143,477,1,9,10,18,"June 16, 2025","June 19, 2025",287.4,424871,Wallet,delivered
144,1525,5,30,4,5,08-18-2025,08-19-2025,116.7,317554,Bank Transfer,dlvrd
145,330,19,32,8,13,05-30-2025,05-31-2025,265.9,239596,Cash on Delivery,Retund
146,126,25,13,17,15,05-15-2025,05-16-2025,169.3,410019,Bank Transfer,returned
147,906,33,43,10,3,16-Jun-2025,22-Jun-2025,161.7,479104,Card,Del.
148,919,1,9,14,14,17/08/2025,,312.5,803865,Bank Transfer,PENDING
149,427,9,36,18,13,03.07.2025,07.07.2025,45.6,429349,Cash on Delivery,Delivered
150,362,16,50,2,11,2025-05-13,2025-05-16,122.7,709439,Bank Transfer,dlvrd
151,393,27,47,22,21,"August 19, 2025","August 20, 2025",258.4,425840,Cash on Delivery,DELIVERED
152,302,26,44,6,16,"March 08, 2025","March 14, 2025",255.6,150774,Wallet,Delivered
153,219,19,32,14,6,03-22-2025,03-23-2025,309.3,711903,Card,dlvrd
154,384,37,46,1,6,2025/10/09,2025/10/09,35.3,577460,Cash on Delivery,Delivered
155,443,29,34,3,13,01-21-2025,01-22-2025,240.5,170145,Wallet,Del.
156,1603,36,49,15,14,2025/01/03,2025/01/05,79.4,643285,Bank Transfer,Delivered
157,261,32,10,15,6,"April 03, 2025","April 04, 2025",301.7,699265,Wallet,Delvered
158,1323,11,4,11,6,11.10.2025,12.10.2025,107.7,226529,Cash on Delivery,RETURNED
159,1672,24,39,1,14,31/07/2025,04/08/2025,61.0,784166,Card,delivered
160,531,38,24,18,19,2025-04-26,2025-04-27,314.8,176934,Cash on Delivery,delivered
161,233,19,32,20,8,06-18-2025,,239.7,494599,Card,PENDING
162,1278,11,4,7,8,31.05.2025,05.06.2025,139.2,8142,Card,DELIVERED
163,1188,39,19,2,15,21/07/2025,24/07/2025,317.9,808769,Cash on Delivery,delivered
164,570,25,13,6,3,2025/04/04,2025/04/10,271.7,174271,Card,dlvrd
165,987,9,36,12,8,05.08.2025,05.08.2025,166.8,535863,Cash on Delivery,Del.
166,55,43,54,1,19,"September 30, 2025","October 05, 2025",111.8,142951,Bank Transfer,DELIVERED
167,206,16,50,19,21,08.12.2025,10.12.2025,182.1,392924,Bank Transfer,returned
168,1287,35,40,22,11,26-Feb-2025,02-Mar-2025,64.8,,Card,Del.
169,196,11,4,12,20,24.06.2025,,251.3,235147,Bank Transfer,pending
170,1506,35,40,17,17,29-Mar-2025,02-Apr-2025,245.4,345042,Wallet,Delvered
171,444,6,16,21,11,"October 27, 2025","October 30, 2025",60.7,299108,Wallet,returned
172,916,38,24,6,18,2025/05/09,2025/05/09,226.8,674395,Card,DELIVERED
173,808,27,47,6,15,24-Jul-2025,,93.3,713594,Card,IN TRANSIT
174,1326,40,2,2,1,08/02/2025,09/02/2025,258.6,316384,Bank Transfer,dlvrd
175,1424,34,52,2,14,"March 15, 2025",,171.1,341398,Cash on Delivery,In-Transit
176,1783,34,52,5,13,01.07.2025,07.07.2025,7.1,171503,Card,Del.
177,406,1001,17,14,4,2025-05-25,2025-05-28,34.4,171642,Card,DELIVERED
178,1072,3,12,12,16,05-Aug-2025,09-Aug-2025,74.5,530877,Bank Transfer,DELIVERED
179,1712,13,35,16,20,2025-03-30,2025-04-05,244.7,477187,Wallet,DELIVERED
180,1631,37,46,7,17,11-May-2025,16-May-2025,200.5,743276,Card,RETURNED
181,1410,28,55,15,6,28-Dec-2025,02-Jan-2026,-24.0,507086,Bank Transfer,DELIVERED
182,1598,3,12,19,20,25.10.2025,30.10.2025,168.0,44324,Cash on Delivery,Delvered
183,565,25,13,7,15,12/02/2025,19/02/2025,263.8,299989,Wallet,Del.
184,1422,34,52,3,17,11-08-2025,11-09-2025,13.7,785978,Bank Transfer,Delivered
185,42,28,55,10,8,2025-01-18,2025-01-19,315.0,228424,Wallet,dlvrd
186,965,12,42,4,18,04-Apr-2025,11-Apr-2025,144.8,546732,Wallet,Returned
187,1385,14,1,20,2,21-Oct-2025,28-Oct-2025,73.1,438752,Cash on Delivery,dlvrd
188,1170,30,38,5,5,31-Jan-2025,06-Feb-2025,227.5,650586,Cash on Delivery,Del.
189,1562,37,46,3,13,2025-12-13,,167.1,152360,Card,PENDING
190,1005,21,14,4,18,15/04/2025,19/04/2025,163.4,7152,Wallet,DELIVERED
191,179,20,31,22,8,18-Dec-2025,21-Dec-2025,-211.3,659274,Card,Del.
192,754,18,27,9,20,29/04/2025,,319.5,668825,Cash on Delivery,PENDING
193,955,33,43,18,4,"January 03, 2025","January 08, 2025",222.6,190081,Cash on Delivery,Delvered
194,1741,1,9,21,17,13-Apr-2025,15-Apr-2025,271.6,510017,Cash on Delivery,Delvered
195,1061,26,44,21,3,03-18-2025,,59.6,554287,Cash on Delivery,PENDING
196,1353,33,43,1,15,2025/12/04,2025/12/05,338.1,550525,Cash on Delivery,Failed
197,1473,11,4,20,13,2025/08/30,,-138.4,0,Cash on Delivery,Pending
198,935,12,42,2,21,04.08.2025,,236.0,187154,Card,pending
199,1315,44,51,9,11,09-06-2025,,-30.3,689309,Card,in transit
200,1200,30,38,3,5,2025-07-06,,5.1,384744,Card,PENDING
201,1250,1,9,13,21,09.03.2025,11.03.2025,86.3,757905,Wallet,DELIVERED
202,1618,16,50,12,9,2025/07/24,2025/07/28,96.6,126546,Bank Transfer,Faild
203,405,25,13,5,8,2025/07/26,2025/07/30,212.3,242581,Wallet,DELIVERED
204,378,9,36,6,14,06-Jan-2025,07-Jan-2025,147.1,791841,Card,delivered
205,657,26,44,18,16,2025/10/12,2025/10/14,163.5,317599,Card,Delivered
206,671,13,35,7,20,11-03-2025,,55.9,0,Cash on Delivery,pending
207,1337,10,7,22,15,12.11.2025,,262.0,630530,Cash on Delivery,pending
208,446,34,52,10,4,22.10.2025,27.10.2025,113.8,400626,Bank Transfer,dlvrd
209,608,42,53,1,11,2025/03/19,,182.5,28271,Cash on Delivery,In-Transit
210,1145,37,46,20,13,07/10/2025,12/10/2025,227.9,113689,Cash on Delivery,Del.
211,1078,31,15,14,19,20-Mar-2025,27-Mar-2025,320.5,722439,Bank Transfer,delivered
212,1345,21,14,7,16,27-Jul-2025,27-Jul-2025,6.4,546724,Cash on Delivery,DELIVERED
213,1424,38,24,11,20,"November 02, 2025","November 08, 2025",26.7,180052,Bank Transfer,DELIVERED
214,1597,29,34,9,16,01.10.2025,,303.4,57704,Wallet,In Transit
215,1611,36,49,16,21,02-Jul-2025,04-Jul-2025,170.2,734569,Card,Delivered
216,1043,6,16,1,12,18.02.2025,20.02.2025,313.5,681050,Cash on Delivery,DELIVERED
217,104,1,9,10,1,"June 09, 2025","June 10, 2025",312.7,17582,Cash on Delivery,returned
218,1575,24,39,6,2,2025-10-06,2025-10-11,141.0,589980,Card,Del.
219,783,14,1,10,14,"April 15, 2025","April 18, 2025",84.4,49059,Cash on Delivery,Del.
220,999,39,19,2,17,"October 13, 2025","October 18, 2025",347.4,832233,Bank Transfer,Failed
221,1661,22,26,13,13,2025/10/03,2025/10/03,194.6,680690,Wallet,Delvered
222,301,31,15,1,11,"December 14, 2025","December 20, 2025",167.7,238181,Card,Delvered
223,1528,16,50,3,20,23.10.2025,24.10.2025,148.6,848136,Wallet,returned
224,151,24,39,18,10,2025-09-06,2025-09-10,-317.7,440362,Wallet,Delivered
225,1497,41,22,17,21,08/08/2025,12/08/2025,293.4,11285,Cash on Delivery,Delivered
226,278,11,4,1,20,2025/12/19,2025/12/25,269.1,398432,Card,delivered
227,89,32,10,5,15,2025/06/01,2025/06/04,113.9,502774,Bank Transfer,DELIVERED
228,1292,39,19,18,4,19/07/2025,22/07/2025,221.0,713445,Card,DELIVERED
229,108,16,50,11,14,29-Jul-2025,30-Jul-2025,284.2,360752,Cash on Delivery,Delvered
230,1033,13,35,12,1,2025-12-15,2025-12-17,25.6,808556,Bank Transfer,Delivered
231,524,38,24,10,3,17.06.2025,18.06.2025,155.9,823398,Bank Transfer,RETURNED
232,253,34,52,19,3,23-Nov-2025,27-Nov-2025,187.0,256692,Cash on Delivery,failed
233,661,43,54,20,16,14-Oct-2025,20-Oct-2025,139.8,399464,Wallet,returned
234,1651,11,4,21,4,14-Jan-2025,19-Jan-2025,127.2,723062,Card,Delvered
235,382,11,4,18,5,22/07/2025,27/07/2025,132.9,221028,Card,delivered
236,45,1,9,19,4,03.02.2025,06.02.2025,216.7,439793,Cash on Delivery,delivered
237,1638,21,14,22,16,02-13-2025,,295.3,331875,Wallet,In-Transit
238,414,1,9,18,8,21/07/2025,26/07/2025,344.7,657891,Wallet,Delvered
239,849,26,44,17,2,06-02-2025,06-05-2025,168.4,177820,Card,Delivered
240,1491,20,31,2,21,28-Jan-2025,01-Feb-2025,314.4,738524,Wallet,DELIVERED
241,1725,999,16,14,6,28-Dec-2025,03-Jan-2026,68.4,539880,Cash on Delivery,Retund
242,646,14,1,20,16,23.02.2025,02.03.2025,324.0,485982,Bank Transfer,dlvrd
243,1037,40,2,14,2,06-11-2025,06-17-2025,6.9,563239,Card,Del.
244,208,36,49,5,4,2025/10/27,,327.2,562132,Bank Transfer,IN TRANSIT
245,9,28,55,3,6,12-24-2025,,49.8,452334,Card,In-Transit
246,1529,33,43,17,16,14.09.2025,15.09.2025,51.2,447929,Bank Transfer,Del.
247,1498,24,39,7,9,2025-07-25,,164.7,826652,Bank Transfer,In-Transit
248,1162,35,40,13,7,"May 04, 2025",,300.0,172728,Cash on Delivery,Pending
249,1176,26,44,5,14,09.03.2025,11.03.2025,36.4,623122,Wallet,DELIVERED
250,522,1,9,16,14,2025-01-27,2025-01-30,184.3,353856,Bank Transfer,delivered
251,316,17,11,6,9,05/02/2025,,206.9,123875,Wallet,Pending
252,1095,15,6,14,1,"June 12, 2025","June 17, 2025",303.8,814665,Bank Transfer,Delivered
253,93,35,40,11,2,"April 25, 2025","April 25, 2025",344.1,60650,Wallet,dlvrd
254,277,36,49,9,11,05-18-2025,05-21-2025,75.0,13179,Wallet,Delivered
255,1312,44,51,21,8,10/01/2025,,205.4,121022,Bank Transfer,In Transit
256,1642,34,52,8,3,04/11/2025,05/11/2025,117.6,16893,Cash on Delivery,DELIVERED
257,965,24,39,10,18,09.11.2025,15.11.2025,334.6,437436,Card,DELIVERED
258,1719,34,52,20,11,2025-07-22,2025-07-24,181.0,358401,Bank Transfer,delivered
259,861,14,1,16,10,02-20-2025,02-25-2025,-69.0,717224,Cash on Delivery,Delvered
260,604,22,26,5,13,16/10/2025,,146.2,793662,Wallet,in transit
261,923,2,28,20,17,03-19-2025,,81.3,32453,Bank Transfer,pending
262,1788,4,18,18,21,10-Dec-2025,17-Dec-2025,99.6,275871,Wallet,Delvered
263,1727,5,30,15,7,30.06.2025,07.07.2025,24.6,494714,Wallet,dlvrd
264,842,10,7,7,17,09.01.2025,15.01.2025,168.7,340478,Cash on Delivery,Failed
265,1736,9,36,21,4,2025-01-14,,-290.0,608548,Cash on Delivery,PENDING
266,97,31,15,15,19,"March 17, 2025","March 22, 2025",195.1,197861,Wallet,Delvered
267,91,33,43,14,16,2025-11-11,2025-11-17,302.1,847069,Wallet,DELIVERED
268,206,3,12,11,11,15.12.2025,20.12.2025,155.1,547864,Card,dlvrd
269,1043,5,30,18,7,"June 09, 2025","June 10, 2025",109.4,781945,Bank Transfer,delivered
270,234,35,40,11,21,05/11/2025,05/11/2025,260.8,742059,Bank Transfer,dlvrd
271,969,15,6,19,10,05-Aug-2025,10-Aug-2025,300.0,58302,Card,delivered
272,750,43,54,15,6,"March 17, 2025","March 19, 2025",154.8,476507,Cash on Delivery,Returned
273,1445,15,6,22,10,2025/04/27,2025/05/02,106.4,318175,Card,Delvered
274,425,31,15,10,10,30.12.2025,04.01.2026,137.3,538097,Wallet,DELIVERED
275,7,11,4,11,1,09/02/2025,,233.2,549410,Bank Transfer,In Transit
276,1445,14,1,19,9,2025/12/22,,284.2,110935,Wallet,Pending
277,592,13,35,22,21,15-Jan-2025,20-Jan-2025,149.8,793034,Card,Delvered
278,253,27,47,20,13,11/08/2025,12/08/2025,2.5,778149,Card,Delivered
279,1486,27,47,15,14,09-07-2025,09-12-2025,-216.8,385584,Wallet,delivered
280,503,26,44,12,3,04-Jul-2025,07-Jul-2025,308.8,691896,Card,returned
281,1255,11,4,21,11,24/11/2025,24/11/2025,171.1,224777,Bank Transfer,dlvrd
282,1704,17,11,9,10,09/10/2025,15/10/2025,169.4,195932,Cash on Delivery,Del.
283,766,13,35,22,16,18/03/2025,24/03/2025,34.3,390374,Cash on Delivery,dlvrd
284,1195,32,10,11,10,30.11.2025,30.11.2025,149.9,450029,Wallet,Delivered
285,189,31,15,3,9,2025-10-01,2025-10-04,61.4,414031,Wallet,dlvrd
286,1719,42,53,2,14,02.01.2025,04.01.2025,302.6,209244,Card,DELIVERED
287,379,42,53,17,14,2025-12-20,2025-12-22,-318.7,706639,Wallet,Failed
288,655,7,5,19,19,2025-07-25,2025-07-27,312.7,121271,Bank Transfer,delivered
289,763,7,5,13,5,2025/12/06,2025/12/08,215.7,644924,Cash on Delivery,DELIVERED
290,1059,11,4,13,4,2025/05/05,2025/05/08,210.0,578025,Wallet,delivered
291,355,28,55,9,19,09-Apr-2025,15-Apr-2025,62.5,808241,Card,Del.
292,364,23,45,20,16,07-27-2025,07-31-2025,118.4,815924,Wallet,DELIVERED
293,1269,18,27,14,14,"August 31, 2025","September 06, 2025",78.3,316498,Wallet,Del.
294,1150,41,22,19,14,23-Oct-2025,,311.1,173761,Card,In-Transit
295,321,27,47,21,15,2025/04/11,2025/04/16,219.6,182202,Wallet,Faild
296,1608,10,7,4,13,06-01-2025,06-04-2025,165.7,639739,Card,Returned
297,1423,2,28,15,3,2025-09-12,,166.9,142807,Bank Transfer,Pending
298,1099,36,49,20,14,"December 31, 2025","January 02, 2026",195.5,488617,Card,Delivered
299,663,38,24,21,9,2025/11/21,,137.2,345830,Cash on Delivery,in transit
300,1533,20,31,19,19,06/01/2025,,139.6,565872,Wallet,In Transit
301,182,44,51,20,14,14/01/2025,17/01/2025,239.3,189131,Bank Transfer,Delivered
302,1163,3,12,20,9,11.02.2025,16.02.2025,80.8,405850,Bank Transfer,Faild
303,182,32,10,2,3,04.11.2025,09.11.2025,15.1,79287,Cash on Delivery,DELIVERED
304,80,27,47,5,17,2025-08-02,,142.7,0,Card,PENDING
305,598,13,35,5,4,13/05/2025,15/05/2025,313.6,223441,Cash on Delivery,Delivered
306,995,35,40,19,4,15/07/2025,15/07/2025,29.8,597203,Cash on Delivery,Del.
307,622,11,4,15,22,24/09/2025,27/09/2025,281.4,114377,Wallet,Delvered
308,976,19,32,17,12,08-08-2025,,212.6,69578,Cash on Delivery,In-Transit
309,1603,42,53,19,10,19.03.2025,22.03.2025,123.2,203373,Wallet,Delivered
310,691,42,53,6,11,12-Sep-2025,,110.5,310065,Bank Transfer,PENDING
311,1067,39,19,17,12,25.05.2025,31.05.2025,200.4,51484,Bank Transfer,dlvrd
312,427,19,32,12,12,03-16-2025,03-18-2025,158.0,332479,Cash on Delivery,Delvered
313,1359,42,53,2,3,"May 21, 2025","May 23, 2025",-293.9,433839,Wallet,delivered
314,844,44,51,14,18,2025-05-20,2025-05-25,171.1,,Bank Transfer,dlvrd
315,582,21,14,1,18,"March 21, 2025","March 22, 2025",69.0,253992,Bank Transfer,Delivered
316,1443,2,28,4,8,"June 10, 2025","June 16, 2025",112.9,125485,Wallet,returned
317,1003,30,38,18,2,09-26-2025,09-27-2025,12.2,0,Bank Transfer,DELIVERED
318,1344,27,47,9,10,21/08/2025,21/08/2025,257.0,150643,Bank Transfer,failed
319,1380,8,29,8,15,08-Dec-2025,15-Dec-2025,35.9,769356,Cash on Delivery,delivered
320,1010,2,28,12,19,2025-10-06,2025-10-11,66.9,,Bank Transfer,Del.
321,137,30,38,2,13,2025-05-04,2025-05-07,159.4,38660,Card,delivered
322,287,33,43,12,8,05-24-2025,,168.7,544845,Bank Transfer,pending
323,942,1,9,16,6,09-30-2025,09-30-2025,237.0,214451,Cash on Delivery,dlvrd
324,1475,26,44,11,11,2025/11/04,2025/11/10,116.0,719276,Wallet,delivered
325,490,40,2,7,8,2025/06/23,2025/06/30,210.7,721378,Wallet,dlvrd
326,287,40,2,20,14,2025-11-04,2025-11-04,156.0,135114,Wallet,delivered
327,1210,14,1,6,13,"September 01, 2025",,139.9,639293,Card,In Transit
328,1089,3,12,12,1,2025/08/03,2025/08/04,235.7,547253,Wallet,dlvrd
329,377,7,5,19,21,07-12-2025,07-17-2025,66.1,576109,Bank Transfer,Failed
330,1187,19,32,20,5,"June 26, 2025","June 30, 2025",281.7,72252,Cash on Delivery,Delvered
331,1504,8,29,10,8,11-Nov-2025,16-Nov-2025,330.9,595006,Wallet,Delivered
332,1350,27,47,16,21,04-Feb-2025,08-Feb-2025,11.2,698519,Cash on Delivery,Faild
333,504,31,15,3,22,17/11/2025,20/11/2025,238.6,702368,Card,failed
334,1200,25,13,5,3,2025/11/22,2025/11/24,252.7,189128,Bank Transfer,Delivered
335,502,16,50,15,11,2025/10/19,2025/10/23,198.5,598177,Wallet,FAILED
336,1547,43,54,18,9,2025/10/11,,280.9,62698,Card,in transit
337,1367,11,4,1,13,25-Dec-2025,25-Dec-2025,138.7,674478,Card,DELIVERED
338,510,21,14,16,12,"July 17, 2025","July 19, 2025",165.3,435590,Bank Transfer,delivered
339,645,37,46,1,14,"August 03, 2025","August 09, 2025",135.3,123259,Wallet,Faild
340,1515,38,24,11,1,04-21-2025,04-28-2025,240.3,113080,Cash on Delivery,Del.
341,946,1,9,18,22,27.05.2025,30.05.2025,340.4,745883,Cash on Delivery,dlvrd
342,192,10,7,10,15,05-May-2025,06-May-2025,156.8,49573,Wallet,FAILED
343,810,43,54,7,14,13.03.2025,13.03.2025,-150.4,119294,Bank Transfer,returned
344,1584,14,1,18,7,05-Aug-2025,,237.1,434063,Cash on Delivery,In-Transit
345,18,39,19,11,21,2025/05/27,,307.1,,Cash on Delivery,IN TRANSIT
346,299,6,16,9,20,2025-10-16,2025-10-18,132.2,743678,Wallet,DELIVERED
347,1073,3,12,17,19,2025-05-27,2025-05-31,224.0,207208,Card,Del.
348,1055,30,38,21,7,13-Jun-2025,,178.0,12195,Bank Transfer,IN TRANSIT
349,1125,39,19,9,2,20.01.2025,25.01.2025,311.2,345269,Card,Delvered
350,1057,34,52,13,14,05/08/2025,10/08/2025,31.6,328802,Card,Delvered
351,1772,35,40,1,11,2025/04/17,2025/04/22,68.0,500677,Bank Transfer,Del.
352,579,10,7,6,13,2025/02/18,2025/02/22,317.1,38731,Wallet,DELIVERED
353,1616,30,38,17,11,"April 02, 2025","April 08, 2025",264.4,550952,Cash on Delivery,Delivered
354,615,1,9,14,4,06.10.2025,12.10.2025,286.7,,Wallet,Delvered
355,248,9,36,17,10,21/12/2025,25/12/2025,169.3,2930,Cash on Delivery,Delivered
356,605,44,51,22,10,"January 27, 2025",,259.1,563558,Wallet,In Transit
357,222,28,55,13,12,29/06/2025,03/07/2025,142.1,516953,Bank Transfer,Retund
358,312,44,51,6,10,2025/07/14,2025/07/20,250.0,171847,Cash on Delivery,failed
359,1441,19,32,1,15,2025-09-02,2025-09-03,86.6,419930,Cash on Delivery,Failed
360,1698,1001,3,5,14,"March 10, 2025","March 15, 2025",123.3,223883,Card,DELIVERED
361,734,7,5,16,3,26.05.2025,,142.2,327975,Wallet,In-Transit
362,47,32,10,7,3,12-21-2025,12-25-2025,286.4,662321,Card,Del.
363,1412,35,40,22,22,"July 20, 2025","July 21, 2025",19.3,671844,Bank Transfer,dlvrd
364,1335,13,35,7,2,2025-05-01,2025-05-07,314.7,325418,Cash on Delivery,failed
365,108,5,30,17,20,11/10/2025,,183.3,264645,Card,Pending
366,688,39,19,9,3,2025-04-03,2025-04-07,239.7,785096,Card,Faild
367,1049,44,51,3,5,"November 22, 2025","November 27, 2025",182.9,647355,Wallet,Del.
368,1768,44,51,3,2,2025/10/08,2025/10/12,236.7,,Bank Transfer,delivered
369,1530,39,19,10,5,30-Apr-2025,07-May-2025,349.5,26407,Wallet,Retund
370,1782,14,1,5,22,29/07/2025,02/08/2025,152.5,305190,Wallet,Delvered
371,891,33,43,15,17,2025/01/06,2025/01/07,245.3,74610,Cash on Delivery,DELIVERED
372,1656,9,36,11,19,2025-06-15,2025-06-18,218.6,275663,Card,Del.
373,1456,7,5,10,4,07-18-2025,07-24-2025,170.0,810481,Cash on Delivery,DELIVERED
374,1724,4,18,10,17,30-Nov-2025,02-Dec-2025,-271.3,224083,Wallet,Delvered
375,1586,8,29,5,19,22-Feb-2025,,307.3,,Bank Transfer,Pending
376,351,42,53,19,1,2025/11/04,,53.9,162300,Cash on Delivery,PENDING
377,788,1000,41,6,2,11.04.2025,12.04.2025,329.3,769184,Wallet,Faild
378,51,6,16,11,16,25.11.2025,27.11.2025,108.2,313622,Wallet,Del.
379,764,5,30,8,9,24.05.2025,26.05.2025,230.1,563936,Bank Transfer,dlvrd
380,1355,28,55,12,21,11-19-2025,,299.4,831885,Card,PENDING
381,316,31,15,1,22,2025/07/06,2025/07/10,165.9,248537,Card,Delvered
382,1775,20,31,18,2,2025-06-13,2025-06-18,127.7,453146,Wallet,delivered
383,1162,32,10,2,15,14/03/2025,,111.5,567577,Cash on Delivery,In Transit
384,283,8,29,11,18,2025-07-01,2025-07-02,237.5,256313,Bank Transfer,Delvered
385,1222,44,51,9,22,2025-04-30,2025-05-05,263.2,282359,Card,Delvered
386,822,17,11,12,6,03-18-2025,03-19-2025,153.1,685593,Wallet,Delvered
387,714,17,11,10,11,20-Nov-2025,20-Nov-2025,341.9,532687,Bank Transfer,DELIVERED
388,1431,12,42,2,14,"October 06, 2025",,146.7,328710,Cash on Delivery,in transit
389,768,17,11,14,6,21-Feb-2025,,264.1,102512,Card,In-Transit
390,869,28,55,19,8,05-04-2025,05-07-2025,277.0,286951,Bank Transfer,Delvered
391,1682,27,47,5,22,2025/08/14,2025/08/20,237.5,646979,Cash on Delivery,delivered
392,1332,39,19,5,2,05-05-2025,05-05-2025,105.6,470925,Card,returned
393,776,5,30,15,6,26/02/2025,03/03/2025,117.3,535147,Bank Transfer,Delivered
394,79,43,54,22,21,27-Oct-2025,28-Oct-2025,170.3,15398,Card,dlvrd
395,1043,40,2,4,14,12-Feb-2025,17-Feb-2025,20.6,526533,Cash on Delivery,dlvrd
396,892,23,45,16,4,"March 12, 2025","March 18, 2025",180.8,,Cash on Delivery,dlvrd
397,22,42,53,6,1,2025-07-13,2025-07-19,282.8,521754,Card,RETURNED
398,1560,4,18,13,2,2025-05-20,2025-05-22,212.4,348058,Card,FAILED
399,92,43,54,3,8,2025/03/09,2025/03/09,62.0,86909,Bank Transfer,Del.
400,741,36,49,8,6,"April 11, 2025","April 13, 2025",256.5,445480,Cash on Delivery,Retund
401,1368,31,15,22,3,06/05/2025,10/05/2025,-134.4,504449,Cash on Delivery,Del.
402,527,1,9,4,2,22/08/2025,22/08/2025,152.9,675547,Wallet,RETURNED
403,1600,42,53,19,3,05-Jun-2025,09-Jun-2025,92.3,122219,Wallet,Delivered
404,1410,10,7,22,17,2025/08/06,,205.5,342663,Card,In-Transit
405,940,34,52,4,7,2025-09-02,2025-09-08,101.7,120542,Bank Transfer,FAILED
406,1013,1,9,14,7,06-01-2025,06-07-2025,40.4,84054,Card,Delvered
407,425,17,11,14,9,2025/07/18,2025/07/19,133.2,434916,Card,Delivered
408,823,37,46,8,3,2025-04-03,2025-04-05,333.3,805938,Wallet,Delvered
409,103,7,5,13,22,2025-02-11,2025-02-12,159.2,408882,Wallet,Delivered
410,686,34,52,22,15,"December 02, 2025","December 04, 2025",291.8,522927,Card,Failed
411,1119,23,45,14,11,22-Sep-2025,,35.0,845676,Cash on Delivery,Pending
412,1009,21,14,7,21,28-Jul-2025,03-Aug-2025,35.0,144602,Card,DELIVERED
413,447,6,16,16,18,21.10.2025,25.10.2025,184.9,494486,Cash on Delivery,Del.
414,1024,23,45,3,14,2025-04-07,2025-04-14,244.1,836152,Wallet,Delivered
415,636,44,51,20,2,25.03.2025,29.03.2025,126.3,284306,Cash on Delivery,Delvered
416,1237,21,14,21,5,25.06.2025,25.06.2025,154.4,596078,Bank Transfer,dlvrd
417,1448,8,29,7,13,"December 23, 2025",,139.5,220960,Bank Transfer,PENDING
418,652,14,1,8,4,2025-01-27,2025-01-30,86.3,508948,Wallet,Delvered
419,1494,40,2,2,18,2025/11/06,2025/11/09,246.5,758446,Cash on Delivery,Delivered
420,394,9,36,14,15,03.03.2025,08.03.2025,230.6,600982,Card,delivered
421,1661,16,50,2,14,05/04/2025,08/04/2025,83.7,81835,Bank Transfer,FAILED
422,323,24,39,9,8,04-Jan-2025,10-Jan-2025,211.1,760490,Cash on Delivery,Delvered
423,212,40,2,10,16,10-04-2025,,247.9,273291,Bank Transfer,Pending
424,192,33,43,22,21,2025/04/02,2025/04/05,301.3,61868,Bank Transfer,FAILED
425,73,25,13,21,6,2025/12/31,2026/01/01,152.6,510756,Wallet,RETURNED
426,1281,2,28,18,7,15.11.2025,18.11.2025,274.6,537025,Card,Delivered
427,1651,39,19,10,22,28.04.2025,02.05.2025,91.6,813592,Cash on Delivery,Del.
428,583,40,2,8,18,"March 10, 2025",,116.8,290342,Bank Transfer,PENDING
429,335,34,52,18,21,2025/11/15,,213.9,717312,Wallet,Pending
430,1653,14,1,20,14,2025-06-15,2025-06-20,35.5,39992,Cash on Delivery,dlvrd
431,1128,18,27,17,15,2025/05/26,2025/05/31,255.9,439860,Bank Transfer,Del.
432,1787,17,11,14,19,11-15-2025,11-18-2025,318.0,184229,Wallet,Delvered
433,1337,33,43,11,3,05/08/2025,,240.8,223124,Card,PENDING
434,582,41,22,7,12,"August 11, 2025","August 17, 2025",-182.0,787546,Wallet,Delivered
435,94,36,49,5,9,08-11-2025,,166.1,764783,Cash on Delivery,Pending
436,1730,44,51,5,11,04.05.2025,08.05.2025,114.7,633394,Wallet,RETURNED
437,1554,43,54,14,18,17-Jul-2025,23-Jul-2025,114.4,0,Wallet,Delivered
438,1317,32,10,17,12,24.08.2025,24.08.2025,184.4,185367,Wallet,delivered
439,826,16,50,17,20,2025-04-30,2025-05-06,189.0,190553,Wallet,Del.
440,945,27,47,15,14,"March 11, 2025","March 16, 2025",87.3,592734,Wallet,dlvrd
441,1332,22,26,8,10,"March 12, 2025",,125.2,669555,Card,Pending
442,976,31,15,13,15,25-May-2025,27-May-2025,94.3,409056,Bank Transfer,Delivered
443,1570,4,18,7,21,11-15-2025,11-22-2025,22.2,486187,Wallet,Delivered
444,1480,22,26,9,11,02-Dec-2025,,149.1,776892,Wallet,Pending
445,66,43,54,21,22,2025/01/07,2025/01/08,92.6,626859,Bank Transfer,Delvered
446,1708,7,5,11,3,12-16-2025,12-19-2025,176.8,789918,Wallet,Delivered
447,1047,1001,30,16,22,2025/10/26,,141.2,327123,Cash on Delivery,PENDING
448,1517,22,26,12,5,2025-11-04,2025-11-10,132.5,236240,Card,delivered
449,1752,31,15,1,11,2025/12/15,2025/12/16,218.9,58888,Wallet,Delivered
450,437,17,11,18,19,08-21-2025,08-22-2025,259.7,255749,Bank Transfer,delivered
451,1479,15,6,8,17,2025-07-02,2025-07-05,189.0,730772,Card,Del.
452,18,13,35,5,12,17.05.2025,22.05.2025,270.8,180112,Cash on Delivery,FAILED
453,704,37,46,20,20,09-25-2025,,247.6,779339,Bank Transfer,In-Transit
454,1553,14,1,20,6,19.02.2025,,78.7,79761,Cash on Delivery,Pending
455,402,25,13,18,3,2025/04/07,2025/04/11,46.2,266370,Wallet,Delvered
456,356,31,15,3,17,04-09-2025,04-14-2025,33.6,76727,Card,DELIVERED
457,1656,1000,35,10,10,15.02.2025,20.02.2025,249.8,755023,Bank Transfer,dlvrd
458,487,20,31,10,11,03-03-2025,,260.2,121872,Card,IN TRANSIT
459,1266,7,5,4,1,22.12.2025,28.12.2025,135.1,81104,Card,Delvered
460,829,33,43,18,5,"March 06, 2025","March 12, 2025",241.1,788834,Wallet,Delvered
461,1174,1001,15,3,1,13-Mar-2025,18-Mar-2025,280.3,539251,Cash on Delivery,delivered
462,1322,18,27,22,15,10-14-2025,10-16-2025,216.3,164286,Cash on Delivery,Delivered
463,679,42,53,22,17,"January 12, 2025","January 13, 2025",325.6,340720,Card,dlvrd
464,540,39,19,15,13,24-Jun-2025,,251.9,540111,Wallet,IN TRANSIT
465,675,9,36,21,12,23-Apr-2025,,196.5,377492,Card,pending
466,152,4,18,7,13,"August 02, 2025","August 09, 2025",46.5,21530,Card,Delivered
467,1363,40,2,15,3,08.01.2025,12.01.2025,179.1,613434,Card,dlvrd
468,532,24,39,15,19,30-Apr-2025,,155.3,750534,Card,In-Transit
469,259,36,49,22,13,11.05.2025,15.05.2025,266.2,636486,Card,DELIVERED
470,1788,35,40,6,17,01-01-2025,,185.4,37391,Wallet,PENDING
471,1097,28,55,10,22,09-06-2025,09-08-2025,224.4,340542,Bank Transfer,dlvrd
472,474,31,15,12,21,2025/06/15,2025/06/18,239.9,136527,Wallet,dlvrd
473,1401,8,29,6,14,2025-11-30,2025-12-02,276.9,285779,Bank Transfer,Del.
474,487,14,1,1,2,06-29-2025,06-30-2025,177.5,337810,Wallet,Delivered
475,1556,43,54,18,7,2025-11-04,2025-11-10,168.9,534908,Cash on Delivery,Retund
476,1626,36,49,7,7,03.01.2025,06.01.2025,293.8,636093,Wallet,dlvrd
477,707,26,44,8,19,2025-01-21,2025-01-24,311.9,636082,Bank Transfer,failed
478,1747,7,5,10,20,11-03-2025,11-10-2025,55.3,348635,Cash on Delivery,returned
479,732,14,1,11,21,13/10/2025,14/10/2025,301.6,743790,Wallet,Delivered
480,591,40,2,13,1,2025-01-12,2025-01-17,290.9,479065,Wallet,Delivered
481,613,11,4,4,10,2025/06/23,2025/06/29,235.9,461190,Bank Transfer,Delvered
482,777,31,15,11,19,2025/01/10,2025/01/12,115.5,675135,Wallet,DELIVERED
483,289,40,2,1,19,28-Jan-2025,02-Feb-2025,142.9,735629,Cash on Delivery,DELIVERED
484,683,15,6,21,9,28/05/2025,31/05/2025,336.4,760478,Bank Transfer,dlvrd
485,458,41,22,11,9,07/09/2025,09/09/2025,35.1,319230,Card,Delvered
486,996,24,39,20,10,2025-09-14,2025-09-19,229.5,763441,Card,DELIVERED
487,910,7,5,1,10,09-May-2025,15-May-2025,282.8,609437,Card,Del.
488,86,19,32,17,7,2025-07-10,,268.8,163937,Cash on Delivery,Pending
489,943,43,54,12,20,21-Jan-2025,24-Jan-2025,154.5,487716,Card,Failed
490,815,24,39,5,4,"October 24, 2025","October 26, 2025",233.3,361739,Wallet,delivered
491,94,9,36,16,2,2025/10/01,2025/10/07,76.6,197450,Cash on Delivery,Delivered
492,1756,20,31,10,6,11.11.2025,14.11.2025,152.4,267974,Bank Transfer,Faild
493,1361,15,6,2,15,06/07/2025,13/07/2025,154.1,332577,Wallet,delivered
494,1450,34,52,3,5,2025-07-19,,328.8,572042,Bank Transfer,in transit
495,170,42,53,4,19,07-Oct-2025,,282.5,526654,Bank Transfer,IN TRANSIT
496,1434,21,14,7,6,24/05/2025,26/05/2025,323.7,657051,Wallet,Delvered
497,119,42,53,7,18,2025-10-04,2025-10-10,242.1,614491,Bank Transfer,RETURNED
498,153,13,35,9,22,05/05/2025,08/05/2025,94.9,158527,Cash on Delivery,delivered
499,989,1000,43,2,19,07-Dec-2025,09-Dec-2025,153.6,396347,Wallet,dlvrd
500,1022,34,52,5,2,22/09/2025,24/09/2025,197.2,332661,Wallet,Delivered
501,957,6,16,10,4,2025-07-25,2025-07-31,114.4,518624,Wallet,DELIVERED
502,1445,8,29,20,15,2025/10/10,,258.6,161278,Wallet,in transit
503,242,16,50,11,8,23.11.2025,27.11.2025,255.6,147748,Cash on Delivery,Delivered
504,1624,1001,15,9,17,2025-04-12,,191.7,164921,Cash on Delivery,PENDING
505,837,21,14,12,15,13/02/2025,13/02/2025,110.4,186586,Cash on Delivery,FAILED
506,1568,16,50,3,5,07-Apr-2025,09-Apr-2025,200.8,496305,Cash on Delivery,delivered
507,394,29,34,2,12,2025/01/30,2025/02/03,107.6,594453,Card,Delivered
508,1145,30,38,9,4,"July 26, 2025","July 29, 2025",163.7,9963,Wallet,DELIVERED
509,463,27,47,6,9,"August 20, 2025",,319.5,225895,Cash on Delivery,Pending
510,619,3,12,18,9,2025-10-28,2025-10-30,245.9,186200,Bank Transfer,Delivered
511,1675,27,47,19,10,02.03.2025,04.03.2025,39.4,402813,Bank Transfer,Del.
512,311,14,1,6,13,01.06.2025,06.06.2025,119.6,644964,Wallet,dlvrd
513,1482,42,53,19,20,2025/07/28,2025/07/31,78.0,466586,Bank Transfer,Retund
514,296,38,24,13,8,04-05-2025,04-12-2025,283.1,667955,Cash on Delivery,Del.
515,384,42,53,22,2,27/03/2025,01/04/2025,72.2,660316,Bank Transfer,failed
516,1710,17,11,13,19,12-29-2025,01-02-2026,-238.7,556902,Card,Del.
517,988,17,11,2,2,2025-05-10,,310.3,408087,Cash on Delivery,in transit
518,1544,24,39,17,1,"June 29, 2025",,316.8,0,Bank Transfer,In-Transit
519,1128,35,40,17,21,2025-07-23,2025-07-23,238.2,808410,Cash on Delivery,delivered
520,850,43,54,7,19,09/03/2025,,284.3,137239,Cash on Delivery,pending
521,516,27,47,6,10,30/03/2025,31/03/2025,286.5,334672,Card,Del.
522,664,32,10,3,2,09-Jun-2025,10-Jun-2025,240.3,0,Bank Transfer,Returned
523,137,40,2,13,9,12.03.2025,15.03.2025,303.0,230163,Cash on Delivery,Del.
524,518,15,6,9,6,23/07/2025,,169.5,625233,Cash on Delivery,in transit
525,1040,36,49,16,5,21-Apr-2025,,188.1,676687,Card,pending
526,470,18,27,5,13,2025/12/06,2025/12/11,121.1,392337,Wallet,Delivered
527,718,8,29,3,19,"October 15, 2025","October 18, 2025",193.3,194364,Bank Transfer,dlvrd
528,1036,22,26,6,19,02.10.2025,,318.2,67572,Wallet,PENDING
529,171,2,28,10,20,2025/08/27,2025/08/28,291.0,95873,Wallet,RETURNED
530,267,35,40,12,20,02/05/2025,08/05/2025,26.4,830268,Wallet,Retund
531,609,41,22,7,21,25-Jun-2025,,218.7,513854,Cash on Delivery,pending
532,692,34,52,13,10,2025/12/13,,17.0,41750,Cash on Delivery,pending
533,1313,38,24,10,5,03/08/2025,05/08/2025,220.0,10042,Wallet,Delvered
534,258,3,12,12,9,2025-04-24,,274.1,73680,Bank Transfer,In Transit
535,1541,26,44,15,6,2025-06-09,,92.0,486698,Bank Transfer,PENDING
536,258,22,26,20,8,"November 09, 2025","November 11, 2025",344.8,140719,Bank Transfer,Delvered
537,1633,39,19,3,12,2025-01-11,2025-01-14,59.8,257413,Cash on Delivery,returned
538,33,41,22,19,2,29-Jan-2025,02-Feb-2025,106.6,714923,Card,delivered
539,1464,8,29,10,6,2025/07/25,2025/08/01,173.5,53868,Card,DELIVERED
540,1204,14,1,1,9,10-Dec-2025,12-Dec-2025,303.1,149991,Card,Delvered
541,477,44,51,9,11,17.04.2025,19.04.2025,64.9,718673,Bank Transfer,Del.
542,711,26,44,2,11,"January 25, 2025","January 27, 2025",88.5,26030,Wallet,DELIVERED
543,108,42,53,9,5,18/12/2025,24/12/2025,106.1,68734,Bank Transfer,DELIVERED
544,1201,23,45,3,8,"January 11, 2025","January 16, 2025",251.0,520332,Wallet,Delivered
545,249,12,42,13,14,21/09/2025,27/09/2025,228.1,16797,Cash on Delivery,Returned
546,1467,1,9,14,8,2025/01/01,2025/01/07,153.7,132459,Bank Transfer,dlvrd
547,389,28,55,22,7,13.01.2025,20.01.2025,16.6,0,Cash on Delivery,DELIVERED
548,1102,26,44,20,7,"December 03, 2025","December 03, 2025",136.3,347672,Bank Transfer,FAILED
549,1286,22,26,2,22,24/07/2025,30/07/2025,188.6,446357,Cash on Delivery,delivered
550,1295,27,47,7,15,2025-05-25,,164.2,664346,Wallet,in transit
551,1066,37,46,20,19,10-Jul-2025,12-Jul-2025,225.3,467234,Bank Transfer,Delivered
552,921,22,26,12,3,09/09/2025,15/09/2025,31.2,299728,Bank Transfer,DELIVERED
553,430,3,12,19,5,10-Mar-2025,16-Mar-2025,186.2,645142,Card,Del.
554,222,7,5,19,6,07-10-2025,07-10-2025,192.5,0,Bank Transfer,Delvered
555,1039,36,49,2,22,17-Apr-2025,20-Apr-2025,296.6,443323,Card,DELIVERED
556,57,15,6,1,19,2025/06/10,2025/06/10,216.1,17061,Wallet,FAILED
557,313,13,35,17,20,2025-07-03,2025-07-08,183.6,287627,Cash on Delivery,DELIVERED
558,460,30,38,10,2,"August 20, 2025","August 20, 2025",66.2,480155,Card,DELIVERED
559,89,14,1,18,4,"October 24, 2025","October 28, 2025",171.8,414055,Card,dlvrd
560,1699,10,7,18,10,08.01.2025,,57.7,128501,Cash on Delivery,Pending
561,501,20,31,15,8,07.07.2025,08.07.2025,80.8,95175,Wallet,Delvered
562,1372,999,2,19,14,"May 16, 2025","May 23, 2025",325.9,483546,Card,Returned
563,1386,32,10,20,5,29/07/2025,31/07/2025,194.2,823561,Cash on Delivery,Delivered
564,640,15,6,1,11,22-Mar-2025,26-Mar-2025,223.4,3888,Cash on Delivery,Delivered
565,929,33,43,4,10,23-Aug-2025,26-Aug-2025,76.0,688307,Card,Del.
566,1229,18,27,9,2,14/01/2025,15/01/2025,76.7,221014,Card,Faild
567,1532,41,22,20,10,2025-07-27,2025-07-29,26.6,0,Cash on Delivery,Del.
568,167,42,53,1,18,06-20-2025,06-22-2025,143.6,337948,Wallet,Delivered
569,1042,1,9,9,17,29-Nov-2025,29-Nov-2025,143.0,783307,Wallet,Del.
570,1220,3,12,7,7,2025-08-16,2025-08-22,37.9,92411,Bank Transfer,Faild
571,549,23,45,10,10,21-Jun-2025,26-Jun-2025,149.2,566415,Bank Transfer,Delvered
572,984,15,6,22,1,04-Jul-2025,08-Jul-2025,317.6,265827,Bank Transfer,failed
573,1515,30,38,20,16,01-May-2025,03-May-2025,348.1,259316,Card,delivered
574,1757,40,2,11,22,20/03/2025,23/03/2025,231.3,80430,Cash on Delivery,failed
575,69,36,49,14,1,25/11/2025,25/11/2025,168.2,517181,Bank Transfer,Delvered
576,1537,14,1,9,13,10-31-2025,,243.5,252983,Wallet,IN TRANSIT
577,514,7,5,22,5,2025-10-04,2025-10-04,140.3,309074,Card,Delvered
578,1367,28,55,2,3,2025/02/07,2025/02/12,26.5,220719,Cash on Delivery,Delvered
579,1378,13,35,18,17,29/09/2025,02/10/2025,233.8,45446,Card,Faild
580,1084,30,38,4,16,18/11/2025,19/11/2025,220.6,309655,Card,Del.
581,43,34,52,14,7,23-Jul-2025,24-Jul-2025,44.3,534017,Bank Transfer,Failed
582,868,41,22,17,7,09.11.2025,16.11.2025,25.0,14678,Cash on Delivery,delivered
583,704,41,22,5,18,2025/07/25,2025/08/01,319.2,205859,Bank Transfer,dlvrd
584,849,34,52,9,9,2025-05-23,2025-05-23,280.9,598547,Bank Transfer,dlvrd
585,657,22,26,18,16,"June 12, 2025","June 18, 2025",123.0,49307,Wallet,Faild
586,107,10,7,6,12,2025-01-09,2025-01-13,255.9,398832,Card,Faild
587,359,40,2,20,11,2025/10/29,,333.1,388156,Bank Transfer,in transit
588,139,17,11,19,21,20.08.2025,20.08.2025,239.4,185653,Wallet,Del.
589,214,36,49,4,6,2025-05-30,2025-06-03,297.9,0,Card,DELIVERED
590,1718,31,15,6,4,2025/12/16,2025/12/23,183.6,376287,Bank Transfer,FAILED
591,14,2,28,3,20,09.10.2025,13.10.2025,49.9,60813,Wallet,failed
592,322,6,16,20,11,"December 17, 2025","December 23, 2025",8.8,29442,Bank Transfer,DELIVERED
593,27,1000,9,7,14,08.03.2025,13.03.2025,114.1,197815,Card,failed
594,678,28,55,7,19,21-Oct-2025,22-Oct-2025,297.6,96855,Wallet,Del.
595,19,17,11,8,7,2025-07-11,2025-07-15,318.6,0,Cash on Delivery,DELIVERED
596,205,27,47,11,21,06-03-2025,06-03-2025,203.9,439334,Cash on Delivery,DELIVERED
597,203,11,4,7,4,"December 29, 2025","January 01, 2026",131.6,114919,Card,Returned
598,482,20,31,12,9,09-12-2025,09-12-2025,62.7,170309,Card,Delivered
599,949,12,42,15,18,07-25-2025,,78.9,500252,Bank Transfer,In Transit
600,242,20,31,18,14,09.03.2025,,214.0,597735,Bank Transfer,IN TRANSIT
601,1155,32,10,14,15,2025-11-03,,343.9,667896,Bank Transfer,in transit
602,906,44,51,9,11,2025-02-23,2025-02-27,-349.1,758588,Cash on Delivery,dlvrd
603,1591,34,52,7,7,2025/11/01,2025/11/03,23.2,390813,Card,Failed
604,1016,8,29,9,13,07/05/2025,,293.3,491564,Wallet,PENDING
605,216,4,18,21,11,23.04.2025,27.04.2025,183.3,442154,Wallet,delivered
606,1590,16,50,8,19,27.01.2025,01.02.2025,318.5,400784,Bank Transfer,dlvrd
607,1351,3,12,9,10,20/08/2025,23/08/2025,204.4,116851,Bank Transfer,FAILED
608,224,17,11,13,1,"May 08, 2025","May 14, 2025",203.7,520318,Cash on Delivery,Delvered
609,1037,15,6,11,15,12-11-2025,12-17-2025,116.8,63093,Cash on Delivery,DELIVERED
610,1336,30,38,22,4,2025/08/27,2025/08/31,34.7,165923,Card,Failed
611,405,16,50,17,11,"April 07, 2025","April 08, 2025",204.4,472068,Card,delivered
612,1423,19,32,22,11,2025-11-16,2025-11-20,56.2,120427,Bank Transfer,DELIVERED
613,643,3,12,12,12,"March 18, 2025",,16.3,166988,Bank Transfer,IN TRANSIT
614,228,16,50,6,4,2025-12-06,,34.4,623091,Wallet,pending
615,1506,11,4,13,4,03-18-2025,03-23-2025,227.9,311247,Card,Del.
616,1190,27,47,11,2,19/04/2025,22/04/2025,-117.8,653400,Card,Delvered
617,539,34,52,22,14,02-Apr-2025,,260.2,613300,Cash on Delivery,in transit
618,377,24,39,5,2,2025-06-22,2025-06-23,10.1,33483,Bank Transfer,Faild
619,1197,3,12,7,9,"August 23, 2025","August 28, 2025",210.5,326269,Card,returned
620,1517,25,13,20,6,"November 29, 2025","December 02, 2025",-53.1,23107,Cash on Delivery,delivered
621,1337,12,42,15,15,2025/08/21,2025/08/27,111.8,625567,Card,Del.
622,163,36,49,6,14,2025-01-28,2025-01-31,92.0,493492,Wallet,DELIVERED
623,1673,14,1,11,6,20.08.2025,21.08.2025,164.1,770407,Bank Transfer,Del.
624,889,33,43,3,5,"September 14, 2025","September 16, 2025",159.9,133494,Card,dlvrd
625,527,22,26,4,15,2025-04-11,2025-04-16,27.9,285816,Card,Retund
626,775,37,46,10,16,08/07/2025,,24.3,763137,Bank Transfer,pending
627,488,6,16,12,22,2025-07-24,2025-07-28,31.5,473799,Cash on Delivery,Delivered
628,996,31,15,4,12,2025/08/28,2025/09/01,38.0,243877,Bank Transfer,delivered
629,845,5,30,3,22,16.02.2025,19.02.2025,324.4,,Bank Transfer,Delivered
630,1158,41,22,16,6,"April 28, 2025","May 01, 2025",239.6,841314,Wallet,Del.
631,1311,39,19,8,20,20/08/2025,26/08/2025,109.6,130343,Cash on Delivery,FAILED
632,232,3,12,12,7,"December 15, 2025","December 22, 2025",34.3,390881,Wallet,returned
633,777,25,13,18,4,2025/01/03,2025/01/04,113.4,676766,Bank Transfer,Delvered
634,559,4,18,19,20,2025/04/19,2025/04/21,177.2,573417,Wallet,DELIVERED
635,298,8,29,15,19,02-16-2025,,337.1,680977,Wallet,PENDING
636,1388,43,54,14,17,2025-06-14,2025-06-20,79.4,703086,Wallet,dlvrd
637,1090,10,7,1,2,"December 03, 2025","December 06, 2025",94.1,422048,Card,DELIVERED
638,132,17,11,10,16,08.11.2025,09.11.2025,189.9,251895,Bank Transfer,Del.
639,376,18,27,16,11,2025/06/26,,218.3,734903,Wallet,PENDING
640,1208,31,15,18,17,06-19-2025,,99.0,645201,Cash on Delivery,in transit
641,279,1,9,19,7,12-20-2025,,337.0,284275,Wallet,in transit
642,314,19,32,9,17,09-03-2025,,86.4,347241,Wallet,In Transit
643,1437,30,38,8,2,15-Jan-2025,,147.8,736698,Cash on Delivery,In Transit
644,268,16,50,15,21,08-May-2025,08-May-2025,76.2,687545,Card,Faild
645,857,7,5,7,3,08-Mar-2025,12-Mar-2025,28.6,0,Wallet,Del.
646,772,19,32,8,12,10.02.2025,10.02.2025,325.7,579201,Wallet,delivered
647,799,20,31,19,20,2025-03-31,2025-04-02,176.5,453658,Card,Delivered
648,187,2,28,6,7,17-Apr-2025,21-Apr-2025,330.7,109506,Card,Delvered
649,1514,10,7,13,1,04/01/2025,05/01/2025,347.9,706825,Card,Delvered
650,984,12,42,8,11,04-09-2025,04-10-2025,46.9,425750,Card,Failed
651,448,15,6,2,5,22/11/2025,25/11/2025,289.1,785949,Bank Transfer,Delivered
652,841,44,51,17,20,2025/04/25,2025/04/29,278.9,552555,Cash on Delivery,Delivered
653,819,26,44,21,15,25.06.2025,29.06.2025,213.8,438635,Card,Delvered
654,581,35,40,18,20,2025/08/27,2025/08/30,-154.3,757710,Bank Transfer,dlvrd
655,1303,4,18,18,20,13.02.2025,13.02.2025,330.5,209708,Wallet,Delvered
656,729,21,14,14,18,10-08-2025,10-10-2025,15.3,312347,Wallet,Del.
657,340,21,14,17,15,07-15-2025,07-18-2025,213.6,592918,Bank Transfer,DELIVERED
658,664,25,13,21,8,2025-03-10,,249.1,437826,Card,pending
659,1279,9,36,12,6,06-Dec-2025,12-Dec-2025,51.9,760299,Bank Transfer,returned
660,190,19,32,10,12,06-13-2025,06-19-2025,22.9,565760,Wallet,Del.
661,615,24,39,2,7,16.12.2025,17.12.2025,62.0,627677,Card,DELIVERED
662,1180,6,16,9,3,2025-10-10,2025-10-10,127.9,407510,Bank Transfer,dlvrd
663,316,6,16,11,10,11.10.2025,14.10.2025,32.3,680329,Bank Transfer,returned
664,1418,27,47,6,15,14.02.2025,18.02.2025,173.8,653267,Card,delivered
665,1148,39,19,2,6,2025-01-26,2025-01-27,191.7,324110,Cash on Delivery,DELIVERED
666,144,26,44,22,7,15-Oct-2025,,286.2,130561,Wallet,PENDING
667,111,6,16,10,3,01-06-2025,,77.7,526387,Cash on Delivery,pending
668,658,14,1,1,4,2025-03-23,2025-03-23,267.7,679563,Bank Transfer,Del.
669,930,42,53,12,5,24-Aug-2025,,80.7,179204,Cash on Delivery,PENDING
670,191,4,18,21,22,2025-06-11,2025-06-18,264.8,811082,Wallet,Retund
671,1217,39,19,20,9,2025-07-23,2025-07-26,240.9,838819,Wallet,Delvered
672,1188,4,18,16,3,"October 14, 2025","October 17, 2025",70.9,718034,Wallet,Retund
673,1277,22,26,21,6,"November 04, 2025",,3.8,446860,Card,PENDING
674,1405,18,27,12,18,02/07/2025,08/07/2025,349.6,98950,Bank Transfer,Del.
675,1122,37,46,16,7,11-22-2025,11-24-2025,52.6,,Bank Transfer,Faild
676,1512,15,6,16,9,09-Sep-2025,,47.3,284313,Wallet,PENDING
677,819,33,43,2,4,2025-06-04,2025-06-05,180.5,216596,Bank Transfer,Del.
678,243,2,28,4,10,12.04.2025,14.04.2025,28.5,636741,Bank Transfer,DELIVERED
679,778,15,6,17,9,09-13-2025,,33.1,,Bank Transfer,PENDING
680,576,27,47,11,19,06/08/2025,,5.1,80623,Wallet,in transit
681,771,44,51,19,16,06-Mar-2025,,36.4,379378,Card,Pending
682,1096,4,18,12,22,2025-10-25,2025-10-30,293.5,0,Wallet,Delvered
683,1754,34,52,1,8,18/11/2025,23/11/2025,197.6,403834,Wallet,Delivered
684,625,17,11,6,20,26-May-2025,02-Jun-2025,262.6,119184,Bank Transfer,Delvered
685,25,5,30,4,14,28/11/2025,02/12/2025,73.2,666116,Bank Transfer,FAILED
686,1687,33,43,6,14,2025-11-07,2025-11-11,252.0,41163,Card,Delivered
687,1511,37,46,8,2,06-04-2025,06-07-2025,100.1,149323,Card,failed
688,347,23,45,22,18,07-27-2025,,173.2,178485,Wallet,In-Transit
689,197,9,36,3,11,03.02.2025,05.02.2025,303.1,574515,Cash on Delivery,dlvrd
690,854,26,44,4,3,"May 12, 2025","May 15, 2025",134.9,849456,Bank Transfer,dlvrd
691,1455,43,54,6,8,05.09.2025,09.09.2025,196.7,390801,Card,dlvrd
692,322,36,49,3,21,16-Jan-2025,20-Jan-2025,339.2,486845,Wallet,dlvrd
693,1125,24,39,7,19,"August 24, 2025",,144.6,451106,Cash on Delivery,In Transit
694,1526,38,24,16,1,"January 11, 2025","January 17, 2025",18.2,53534,Wallet,Faild
695,1640,33,43,2,19,"May 01, 2025","May 05, 2025",177.6,588447,Wallet,DELIVERED
696,1636,22,26,10,22,2025/07/22,2025/07/26,155.7,576081,Cash on Delivery,dlvrd
697,1183,3,12,12,1,2025/04/10,,118.2,159645,Card,In-Transit
698,1359,24,39,9,12,"August 15, 2025",,86.0,29990,Cash on Delivery,IN TRANSIT
699,687,10,7,3,14,2025/11/28,2025/12/05,96.6,105602,Cash on Delivery,Del.
700,1482,13,35,14,20,11/03/2025,,153.2,128732,Card,In-Transit
701,1019,38,24,22,6,17.04.2025,17.04.2025,14.3,701220,Bank Transfer,Returned
702,419,13,35,15,1,30.04.2025,02.05.2025,239.6,689472,Cash on Delivery,DELIVERED
703,552,38,24,15,8,26-Sep-2025,01-Oct-2025,225.3,576547,Cash on Delivery,Del.
704,630,32,10,10,5,07/12/2025,09/12/2025,189.7,135426,Wallet,DELIVERED
705,1264,9,36,7,9,27.09.2025,01.10.2025,76.3,,Card,dlvrd
706,1552,23,45,19,22,05-Jul-2025,10-Jul-2025,239.0,11907,Cash on Delivery,Delvered
707,1013,20,31,14,16,18/10/2025,23/10/2025,238.1,496872,Bank Transfer,Returned
708,781,23,45,6,5,2025/10/17,,86.2,487701,Bank Transfer,in transit
709,592,23,45,1,7,14-Jun-2025,15-Jun-2025,101.5,555675,Card,Del.
710,1357,25,13,5,15,10.12.2025,12.12.2025,79.1,625984,Card,Faild
711,549,5,30,19,7,07-Aug-2025,12-Aug-2025,138.2,30311,Cash on Delivery,dlvrd
712,624,41,22,15,18,"December 20, 2025","December 23, 2025",233.2,536326,Cash on Delivery,Del.
713,600,36,49,22,22,02-25-2025,03-03-2025,101.4,608975,Wallet,dlvrd
714,1525,37,46,11,5,16.01.2025,23.01.2025,117.5,76519,Wallet,dlvrd
715,1106,18,27,17,8,06.05.2025,09.05.2025,125.5,272437,Bank Transfer,Delivered
716,575,11,4,13,20,"May 16, 2025","May 16, 2025",105.8,450074,Cash on Delivery,delivered
717,131,14,1,1,17,19-Jun-2025,21-Jun-2025,148.0,769194,Bank Transfer,Delivered
718,1346,12,42,3,14,"March 01, 2025","March 04, 2025",17.4,694093,Wallet,DELIVERED
719,87,39,19,10,4,2025/04/24,2025/04/24,77.4,608022,Bank Transfer,Failed
720,343,31,15,19,11,"April 09, 2025",,6.0,60156,Wallet,pending
721,194,36,49,18,3,29-Jan-2025,29-Jan-2025,262.2,252333,Bank Transfer,dlvrd
722,1707,6,16,19,14,14.09.2025,18.09.2025,278.6,456755,Card,failed
723,1736,7,5,12,1,11-04-2025,11-07-2025,31.1,691238,Card,delivered
724,1364,44,51,2,7,07-Feb-2025,08-Feb-2025,174.6,133016,Cash on Delivery,dlvrd
725,1477,4,18,2,21,2025/07/18,2025/07/18,348.8,271665,Wallet,failed
726,249,42,53,22,5,2025/04/28,2025/05/03,215.9,52276,Card,Delvered
727,1672,36,49,22,11,03.12.2025,09.12.2025,177.7,91426,Cash on Delivery,dlvrd
728,591,6,16,12,1,03.02.2025,09.02.2025,264.6,6991,Cash on Delivery,DELIVERED
729,1417,17,11,20,16,2025-01-20,2025-01-21,294.6,225543,Bank Transfer,DELIVERED
730,538,36,49,11,13,04-23-2025,04-25-2025,217.1,486631,Cash on Delivery,DELIVERED
731,595,42,53,20,12,2025/08/15,2025/08/19,64.3,533781,Bank Transfer,Del.
732,586,41,22,16,5,25-Jul-2025,27-Jul-2025,165.4,756836,Card,Delivered
733,793,1,9,5,18,08-Apr-2025,15-Apr-2025,209.7,341217,Wallet,Delvered
734,1528,11,4,16,22,02/02/2025,,288.0,75553,Bank Transfer,IN TRANSIT
735,1696,1000,48,13,2,2025-09-25,2025-09-27,109.5,154430,Bank Transfer,Delivered
736,1055,2,28,9,12,2025-06-18,2025-06-24,336.3,128703,Cash on Delivery,Delvered
737,529,18,27,8,4,24.12.2025,30.12.2025,280.0,,Wallet,DELIVERED
738,198,10,7,4,14,2025-04-27,2025-05-02,77.5,579874,Wallet,Delivered
739,1064,44,51,20,14,"June 20, 2025","June 23, 2025",177.4,802648,Bank Transfer,delivered
740,1688,19,32,21,5,2025/04/06,,224.5,764383,Cash on Delivery,in transit
741,512,36,49,9,11,27-Sep-2025,30-Sep-2025,179.8,,Cash on Delivery,Del.
742,658,43,54,17,15,2025/03/08,2025/03/12,219.8,716019,Card,Del.
743,985,17,11,10,3,23/04/2025,,223.2,71213,Wallet,IN TRANSIT
744,556,40,2,7,7,03-Sep-2025,09-Sep-2025,284.1,194565,Card,DELIVERED
745,1537,20,31,2,7,26.04.2025,01.05.2025,106.9,605301,Cash on Delivery,Faild
746,1456,38,24,5,4,"March 20, 2025","March 23, 2025",213.2,780728,Cash on Delivery,Del.
747,382,36,49,8,20,2025/01/21,2025/01/28,6.8,833515,Wallet,returned
748,524,26,44,1,15,"July 17, 2025","July 18, 2025",301.2,12618,Card,Delvered
749,1759,35,40,17,14,26/03/2025,30/03/2025,195.3,363809,Cash on Delivery,failed
750,1319,43,54,19,14,19/01/2025,19/01/2025,141.5,,Bank Transfer,delivered
751,231,28,55,17,22,2025-06-29,2025-07-04,55.6,742235,Wallet,Retund
752,1617,34,52,13,9,18/02/2025,22/02/2025,241.9,787007,Cash on Delivery,RETURNED
753,1546,27,47,7,4,04-10-2025,04-14-2025,139.1,340987,Card,Del.
754,183,5,30,16,9,"October 27, 2025","October 29, 2025",78.6,816023,Wallet,FAILED
755,1392,2,28,16,13,01-17-2025,,28.1,263140,Card,IN TRANSIT
756,1023,17,11,20,6,"October 27, 2025","November 03, 2025",-6.4,808245,Wallet,Del.
757,1349,22,26,20,19,04-Sep-2025,09-Sep-2025,186.5,521906,Wallet,Del.
758,1641,28,55,6,7,2025/06/06,2025/06/08,236.8,330137,Wallet,delivered
759,910,32,10,20,7,28.08.2025,,43.3,526553,Wallet,pending
760,422,27,47,21,6,2025/01/03,,149.6,585305,Wallet,PENDING
761,1545,34,52,3,2,"June 25, 2025",,212.5,322970,Card,IN TRANSIT
762,105,32,10,6,13,2025/07/22,2025/07/28,230.9,299351,Wallet,DELIVERED
763,907,41,22,3,12,"May 03, 2025","May 05, 2025",299.1,551313,Bank Transfer,failed
764,1146,34,52,9,22,11-09-2025,11-15-2025,111.6,284186,Cash on Delivery,Del.
765,1090,24,39,7,7,26.07.2025,30.07.2025,67.6,347205,Bank Transfer,Delvered
766,179,25,13,12,1,04-22-2025,04-23-2025,284.2,268464,Card,Delvered
767,809,18,27,15,9,21/12/2025,,302.6,723448,Wallet,In-Transit
768,1603,5,30,2,19,01-28-2025,02-03-2025,9.4,411532,Cash on Delivery,Delvered
769,975,34,52,19,21,"April 11, 2025",,302.3,215366,Bank Transfer,pending
770,553,22,26,16,17,12-Jan-2025,13-Jan-2025,234.7,349590,Wallet,Del.
771,328,26,44,20,6,18.02.2025,23.02.2025,200.4,217013,Card,DELIVERED
772,1421,5,30,17,1,23-Jan-2025,25-Jan-2025,281.3,103002,Cash on Delivery,Del.
773,904,13,35,17,9,06.01.2025,,90.5,182681,Bank Transfer,IN TRANSIT
774,982,1,9,6,17,07/04/2025,13/04/2025,303.7,209640,Cash on Delivery,Faild
775,667,17,11,20,17,17.05.2025,18.05.2025,193.7,847045,Cash on Delivery,Delivered
776,1731,40,2,11,5,2025/01/28,,260.6,552330,Wallet,PENDING
777,781,39,19,7,8,26-Mar-2025,,126.7,823757,Cash on Delivery,In Transit
778,1649,14,1,2,6,03-25-2025,03-25-2025,42.9,304976,Card,DELIVERED
779,1060,8,29,5,2,21/12/2025,26/12/2025,199.2,816704,Bank Transfer,DELIVERED
780,1202,22,26,17,5,23/11/2025,25/11/2025,115.9,729602,Card,Del.
781,1034,24,39,11,6,28/11/2025,02/12/2025,240.6,562853,Cash on Delivery,DELIVERED
782,1731,30,38,10,9,2025-07-18,2025-07-23,237.0,648352,Bank Transfer,DELIVERED
783,834,22,26,10,2,01-14-2025,01-20-2025,326.6,295976,Bank Transfer,Delvered
784,1360,22,26,5,15,03.06.2025,05.06.2025,269.1,420200,Cash on Delivery,delivered
785,1744,16,50,10,19,09-05-2025,,165.5,604669,Bank Transfer,PENDING
786,1166,7,5,14,15,12/08/2025,,48.1,359664,Bank Transfer,Pending
787,746,2,28,19,8,28-Mar-2025,03-Apr-2025,152.0,19657,Card,delivered
788,1674,13,35,12,4,22/05/2025,24/05/2025,174.8,49388,Bank Transfer,DELIVERED
789,892,36,49,6,4,06-Dec-2025,,72.8,412139,Cash on Delivery,In-Transit
790,730,38,24,1,10,16-Feb-2025,18-Feb-2025,177.0,172383,Bank Transfer,DELIVERED
791,801,40,2,18,13,16.12.2025,,304.9,445938,Cash on Delivery,IN TRANSIT
792,755,6,16,12,18,17.02.2025,22.02.2025,130.6,346201,Card,dlvrd
793,379,16,50,1,22,2025/10/06,2025/10/09,223.4,845152,Cash on Delivery,FAILED
794,509,35,40,9,5,30/04/2025,03/05/2025,180.4,631943,Wallet,DELIVERED
795,1570,39,19,22,6,08-11-2025,08-14-2025,85.4,441504,Card,Faild
796,627,14,1,9,13,19/10/2025,24/10/2025,246.7,282078,Bank Transfer,DELIVERED
797,550,43,54,19,13,"September 23, 2025","September 24, 2025",335.6,156388,Card,delivered
798,464,36,49,15,7,05-19-2025,05-24-2025,343.5,438450,Wallet,DELIVERED
799,1197,21,14,13,22,2025/12/12,2025/12/17,232.6,672602,Cash on Delivery,Del.
800,811,17,11,21,16,2025-11-24,2025-11-26,329.3,778334,Bank Transfer,Delivered
801,87,44,51,2,10,2025/09/19,2025/09/20,156.2,314623,Cash on Delivery,DELIVERED
802,1648,7,5,11,14,01.05.2025,02.05.2025,112.2,462823,Wallet,failed
803,382,4,18,16,22,23.05.2025,,74.1,0,Wallet,In Transit
804,1083,42,53,9,12,2025/06/01,2025/06/03,291.5,19748,Wallet,Delvered
805,92,31,15,10,1,2025-07-07,,78.8,0,Wallet,Pending
806,1126,13,35,19,15,24-Aug-2025,28-Aug-2025,100.3,133438,Bank Transfer,Delivered
807,816,26,44,2,6,14-Feb-2025,16-Feb-2025,338.9,0,Card,DELIVERED
808,295,1,9,15,11,02-Jul-2025,03-Jul-2025,296.2,468281,Cash on Delivery,dlvrd
809,1740,39,19,13,15,14.04.2025,15.04.2025,340.2,489048,Bank Transfer,Delvered
810,168,4,18,14,11,15.08.2025,17.08.2025,105.3,449755,Bank Transfer,DELIVERED
811,1514,3,12,4,19,2025-06-05,2025-06-11,300.0,604160,Cash on Delivery,Delivered
812,1587,27,47,12,8,2025-04-14,2025-04-20,4.3,595517,Bank Transfer,Delvered
813,68,30,38,21,21,"January 06, 2025","January 11, 2025",95.8,291176,Card,failed
814,190,35,40,15,21,11/07/2025,15/07/2025,186.2,319979,Card,Delivered
815,1691,39,19,19,3,08.10.2025,,88.1,181676,Wallet,pending
816,58,17,11,17,20,"June 03, 2025",,136.2,253021,Card,IN TRANSIT
817,957,25,13,1,22,08-Jul-2025,,202.6,399690,Card,pending
818,1337,43,54,6,15,2025-03-23,2025-03-29,11.1,537580,Wallet,Delvered
819,1614,38,24,8,14,29/11/2025,29/11/2025,207.2,0,Wallet,Failed
820,953,6,16,16,16,2025/05/23,,206.9,111767,Bank Transfer,In Transit
821,627,29,34,14,1,04-14-2025,04-15-2025,112.6,678837,Cash on Delivery,failed
822,1753,19,32,19,22,2025/09/29,2025/10/02,214.2,304672,Wallet,Delvered
823,1497,17,11,4,16,2025/09/18,,330.5,204467,Bank Transfer,PENDING
824,1341,16,50,18,10,2025-07-10,2025-07-14,212.3,152472,Wallet,Failed
825,230,38,24,19,3,22/10/2025,25/10/2025,75.4,0,Cash on Delivery,dlvrd
826,766,22,26,8,8,2025/04/02,2025/04/05,242.0,236697,Cash on Delivery,Del.
827,1211,24,39,22,19,2025/03/04,2025/03/10,82.3,118553,Wallet,Del.
828,765,21,14,21,21,04.09.2025,05.09.2025,231.7,479037,Bank Transfer,delivered
829,141,38,24,11,16,14-Mar-2025,20-Mar-2025,57.0,623646,Bank Transfer,dlvrd
830,834,30,38,18,13,01-03-2025,01-09-2025,188.9,645646,Cash on Delivery,dlvrd
831,299,40,2,16,19,2025/04/09,2025/04/15,98.9,814150,Wallet,dlvrd
832,1562,29,34,21,19,"June 14, 2025","June 17, 2025",186.0,67774,Card,Delvered
833,1784,44,51,14,10,2025-03-24,2025-03-24,67.2,276188,Card,delivered
834,296,1,9,22,8,09-08-2025,09-14-2025,263.3,236213,Bank Transfer,Delivered
835,104,5,30,8,19,2025-01-27,2025-02-02,203.2,163023,Card,DELIVERED
836,693,3,12,13,3,2025-11-07,,153.8,622678,Card,IN TRANSIT
837,737,39,19,1,5,02-04-2025,02-05-2025,316.9,470033,Wallet,dlvrd
838,1511,6,16,10,19,2025/10/27,,225.8,485724,Cash on Delivery,IN TRANSIT
839,583,33,43,1,3,05/07/2025,09/07/2025,246.7,494254,Cash on Delivery,delivered
840,619,33,43,2,5,11-28-2025,12-01-2025,246.2,437439,Cash on Delivery,Del.
841,507,43,54,22,13,"June 17, 2025","June 20, 2025",333.2,233598,Card,Failed
842,202,9,36,7,2,22/04/2025,,127.0,146860,Bank Transfer,IN TRANSIT
843,809,6,16,6,13,19/11/2025,,349.7,267538,Card,IN TRANSIT
844,1667,20,31,15,16,10-Mar-2025,16-Mar-2025,321.7,793740,Wallet,Faild
845,997,42,53,5,3,2025-06-23,2025-06-29,278.1,206454,Wallet,FAILED
846,886,28,55,12,10,08.12.2025,15.12.2025,208.2,848380,Card,Delvered
847,1649,33,43,18,6,23-Oct-2025,28-Oct-2025,317.9,533321,Cash on Delivery,Retund
848,562,23,45,6,21,22.08.2025,28.08.2025,82.4,492834,Card,Delivered
849,1475,1000,55,2,12,02.12.2025,06.12.2025,174.5,469739,Wallet,RETURNED
850,1443,16,50,14,5,07.10.2025,09.10.2025,284.5,520033,Card,Delvered
851,1674,40,2,7,2,2025-02-04,2025-02-09,104.4,586072,Wallet,Delvered
852,470,1,9,13,12,21/06/2025,,12.6,750702,Bank Transfer,in transit
853,1728,3,12,17,15,30-Dec-2025,03-Jan-2026,309.5,539039,Cash on Delivery,delivered
854,724,44,51,10,22,"June 13, 2025","June 16, 2025",334.1,376168,Wallet,dlvrd
855,489,33,43,4,1,2025-07-26,2025-07-31,340.9,652287,Card,RETURNED
856,499,24,39,14,10,2025-02-17,2025-02-18,15.0,131800,Wallet,DELIVERED
857,129,35,40,14,21,17/08/2025,23/08/2025,277.8,240753,Card,Del.
858,524,9,36,7,7,2025-02-23,,145.2,19647,Cash on Delivery,Pending
859,1289,16,50,10,4,22/06/2025,28/06/2025,118.2,114918,Card,returned
860,268,5,30,22,3,30-Dec-2025,04-Jan-2026,280.7,799920,Wallet,Delvered
861,1025,9,36,16,15,2025/04/20,2025/04/21,188.9,523286,Wallet,failed
862,1203,33,43,9,11,2025/07/29,2025/07/30,283.4,388896,Cash on Delivery,RETURNED
863,1596,41,22,10,22,21.11.2025,21.11.2025,123.0,283071,Bank Transfer,dlvrd
864,572,16,50,10,20,26/10/2025,29/10/2025,157.9,28370,Cash on Delivery,Del.
865,404,12,42,15,18,"January 29, 2025","February 01, 2025",313.6,611702,Cash on Delivery,RETURNED
866,1058,30,38,19,22,"December 24, 2025","December 29, 2025",306.3,788205,Cash on Delivery,Delvered
867,1391,2,28,22,1,11-13-2025,11-18-2025,174.1,665383,Wallet,Delivered
868,1422,31,15,10,18,2025-02-11,2025-02-18,147.6,369526,Bank Transfer,RETURNED
869,236,30,38,1,4,08-Jan-2025,14-Jan-2025,86.3,589612,Card,failed
870,1583,31,15,17,19,2025/12/03,2025/12/09,211.1,183294,Cash on Delivery,RETURNED
871,1799,17,11,17,19,2025-07-26,2025-07-27,58.0,449232,Wallet,Delvered
872,732,8,29,13,12,03-27-2025,04-03-2025,129.8,50225,Card,delivered
873,1665,21,14,11,7,"February 16, 2025","February 17, 2025",235.8,287400,Cash on Delivery,Delivered
874,210,14,1,8,13,"January 28, 2025","February 03, 2025",127.4,574312,Wallet,Delvered
875,648,27,47,14,4,2025-02-25,2025-03-01,110.8,520221,Bank Transfer,delivered
876,1097,42,53,5,13,16/11/2025,17/11/2025,22.9,494289,Card,Delivered
877,1047,41,22,2,7,20.06.2025,27.06.2025,61.6,787297,Cash on Delivery,Delivered
878,531,18,27,10,5,27/12/2025,30/12/2025,166.7,662257,Cash on Delivery,Del.
879,891,33,43,1,13,11-Mar-2025,17-Mar-2025,105.6,571513,Wallet,DELIVERED
880,1773,2,28,10,21,26.10.2025,28.10.2025,50.6,22655,Card,DELIVERED
881,1175,41,22,20,8,05-10-2025,05-16-2025,12.8,117392,Card,Failed
882,446,15,6,5,12,12-15-2025,,272.4,508669,Card,IN TRANSIT
883,1405,32,10,8,14,2025/10/30,2025/11/02,200.3,679076,Bank Transfer,Delvered
884,1487,19,32,4,16,2025-12-15,2025-12-21,302.4,92287,Card,delivered
885,975,18,27,13,4,2025-12-30,2026-01-01,268.7,619684,Card,Delvered
886,33,9,36,12,1,30.09.2025,02.10.2025,211.9,249577,Card,FAILED
887,861,12,42,16,16,16/04/2025,,75.1,639703,Card,pending
888,1466,39,19,15,17,03-Aug-2025,04-Aug-2025,203.3,103500,Card,Del.
889,1797,22,26,19,22,2025/04/21,2025/04/22,25.8,96466,Card,delivered
890,106,15,6,16,20,28.08.2025,30.08.2025,297.8,112392,Bank Transfer,delivered
891,1372,2,28,12,20,27.09.2025,27.09.2025,145.4,0,Wallet,delivered
892,712,42,53,6,8,2025/12/25,,200.4,179830,Wallet,PENDING
893,719,40,2,4,15,2025/01/16,2025/01/22,-60.2,447857,Bank Transfer,Del.
894,250,33,43,8,1,2025-11-17,2025-11-22,149.3,664602,Bank Transfer,Delvered
895,1267,26,44,15,6,31/07/2025,03/08/2025,103.4,427446,Cash on Delivery,Delivered
896,95,10,7,22,9,2025-02-24,,307.1,252918,Wallet,pending
897,1606,3,12,13,15,2025/08/15,2025/08/22,313.3,357706,Bank Transfer,Delvered
898,177,28,55,2,13,08-23-2025,08-28-2025,54.6,429395,Card,Faild
899,571,8,29,19,7,09/08/2025,,94.6,848594,Wallet,IN TRANSIT
900,600,13,35,2,16,19/07/2025,25/07/2025,25.8,336038,Cash on Delivery,Del.
901,702,25,13,16,4,"September 05, 2025","September 10, 2025",346.2,24781,Bank Transfer,Retund
902,1446,25,13,10,6,"July 14, 2025",,4.4,2712,Card,pending
903,835,14,1,21,20,01-16-2025,,315.9,829256,Card,pending
904,257,35,40,19,17,17.05.2025,,311.7,736150,Wallet,Pending
905,1641,32,10,2,14,20.05.2025,26.05.2025,36.6,741354,Cash on Delivery,Delivered
906,1147,41,22,15,3,15.07.2025,,177.3,743988,Wallet,In-Transit
907,768,34,52,17,14,2025-03-18,2025-03-20,266.6,234398,Bank Transfer,DELIVERED
908,857,12,42,7,9,"February 12, 2025",,58.0,739352,Card,PENDING
909,252,1,9,11,19,08-25-2025,08-28-2025,288.1,563221,Bank Transfer,Delvered
910,227,25,13,15,21,04.01.2025,,111.8,491067,Bank Transfer,pending
911,759,43,54,15,21,19-Aug-2025,,326.4,328367,Cash on Delivery,pending
912,1152,1001,48,12,5,06-25-2025,06-27-2025,50.6,273916,Wallet,Del.
913,959,10,7,12,10,27-Mar-2025,02-Apr-2025,152.0,589106,Card,dlvrd
914,287,28,55,10,14,14/04/2025,19/04/2025,15.0,219888,Card,Delivered
915,1641,26,44,17,9,01-Jul-2025,03-Jul-2025,176.6,273176,Cash on Delivery,RETURNED
916,1247,34,52,15,9,19.04.2025,24.04.2025,27.4,465184,Card,Faild
917,869,16,50,20,14,03-Dec-2025,05-Dec-2025,283.1,303380,Card,Delvered
918,1588,28,55,14,5,05/11/2025,09/11/2025,222.6,503941,Wallet,Delvered
919,938,39,19,7,14,2025/01/25,,-284.8,791105,Cash on Delivery,Pending
920,1392,44,51,20,11,2025/03/07,2025/03/12,67.4,87529,Cash on Delivery,DELIVERED
921,1671,10,7,9,14,2025-01-19,,138.0,673608,Card,IN TRANSIT
922,263,6,16,11,8,2025-05-22,2025-05-28,83.8,802851,Bank Transfer,dlvrd
923,1543,24,39,12,2,2025/01/08,2025/01/14,210.9,158114,Wallet,dlvrd
924,177,1000,7,1,20,09-Dec-2025,,62.5,206814,Card,In-Transit
925,903,29,34,13,3,02-Jul-2025,04-Jul-2025,331.6,787886,Wallet,Delivered
926,1244,4,18,9,6,13.03.2025,,122.3,752228,Card,Pending
927,1167,40,2,2,14,"October 04, 2025","October 06, 2025",226.1,246242,Cash on Delivery,delivered
928,922,29,34,4,20,"June 27, 2025",,86.4,393742,Card,IN TRANSIT
929,364,44,51,2,13,06-16-2025,06-20-2025,-32.9,215212,Bank Transfer,delivered
930,302,30,38,6,1,2025-11-19,2025-11-22,59.5,610697,Wallet,delivered
931,386,1,9,18,12,23.01.2025,29.01.2025,17.1,539748,Wallet,dlvrd
932,247,20,31,16,6,08-25-2025,08-28-2025,11.7,542789,Wallet,Delvered
933,1505,21,14,7,11,11-Sep-2025,17-Sep-2025,111.1,840956,Wallet,Delvered
934,837,1001,50,11,14,28.04.2025,03.05.2025,78.2,484825,Card,DELIVERED
935,668,31,15,3,9,2025-10-28,2025-10-29,130.2,112632,Bank Transfer,Del.
936,95,32,10,18,3,21/03/2025,24/03/2025,207.4,0,Card,delivered
937,1163,2,28,13,5,24/08/2025,28/08/2025,237.6,170020,Bank Transfer,dlvrd
938,898,26,44,17,5,09/08/2025,14/08/2025,133.3,367852,Wallet,dlvrd
939,687,41,22,19,6,"August 07, 2025",,200.7,481599,Card,Pending
940,671,41,22,15,6,05.06.2025,06.06.2025,290.1,610537,Bank Transfer,Faild
941,519,28,55,21,9,2025-08-02,2025-08-03,38.7,254926,Wallet,Retund
942,1552,40,2,17,17,28-Mar-2025,29-Mar-2025,340.2,756291,Bank Transfer,RETURNED
943,560,15,6,2,18,23-Dec-2025,25-Dec-2025,83.9,25455,Wallet,Delvered
944,1012,16,50,16,20,2025-11-20,2025-11-24,-193.8,745406,Bank Transfer,Failed
945,746,13,35,5,7,05/05/2025,06/05/2025,223.7,248843,Wallet,dlvrd
946,992,12,42,6,2,15-Nov-2025,20-Nov-2025,212.3,84835,Cash on Delivery,Retund
947,1344,6,16,19,21,2025/08/26,2025/09/01,304.3,698063,Card,DELIVERED
948,149,20,31,11,10,11-Aug-2025,11-Aug-2025,42.1,763427,Card,Faild
949,1729,16,50,9,2,03/12/2025,10/12/2025,-252.2,793262,Cash on Delivery,failed
950,1764,5,30,20,7,"October 07, 2025","October 09, 2025",50.3,605266,Cash on Delivery,DELIVERED
951,895,19,32,15,19,26-Mar-2025,31-Mar-2025,334.2,329565,Wallet,Failed
952,960,39,19,18,14,"January 04, 2025","January 07, 2025",113.3,743723,Cash on Delivery,Retund
953,1175,22,26,10,3,"April 17, 2025","April 22, 2025",300.3,308140,Cash on Delivery,dlvrd
954,661,33,43,11,1,2025/06/13,2025/06/16,192.6,54817,Wallet,RETURNED
955,49,43,54,21,15,31/05/2025,01/06/2025,120.2,610767,Wallet,Del.
956,1157,36,49,1,4,"May 01, 2025","May 04, 2025",5.8,55603,Wallet,Delivered
957,61,21,14,6,10,02-Feb-2025,07-Feb-2025,236.7,727770,Cash on Delivery,Delivered
958,1161,13,35,14,17,2025-11-19,2025-11-25,33.2,217915,Bank Transfer,Delvered
959,1183,18,27,2,4,21/06/2025,,143.6,374253,Bank Transfer,IN TRANSIT
960,992,7,5,2,19,19.08.2025,20.08.2025,108.6,739761,Card,Delivered
961,472,11,4,10,15,14.08.2025,20.08.2025,230.7,128156,Card,DELIVERED
962,739,30,38,17,16,03-29-2025,03-31-2025,213.5,616591,Cash on Delivery,Failed
963,822,39,19,22,14,09-28-2025,10-02-2025,268.5,116747,Wallet,dlvrd
964,1355,10,7,15,13,2025-08-31,2025-09-05,118.1,201004,Cash on Delivery,Del.
965,1597,9,36,2,4,17/02/2025,18/02/2025,140.6,837237,Wallet,Del.
966,566,8,29,9,12,12-01-2025,12-04-2025,72.8,73277,Bank Transfer,DELIVERED
967,1294,12,42,18,18,"November 17, 2025","November 20, 2025",133.7,65256,Wallet,Failed
968,1353,39,19,13,10,09-14-2025,,62.4,183818,Cash on Delivery,In-Transit
969,1750,8,29,1,2,14/05/2025,16/05/2025,343.6,188765,Cash on Delivery,dlvrd
970,665,33,43,7,3,16/02/2025,21/02/2025,89.3,204343,Bank Transfer,Delvered
971,1295,38,24,14,1,2025-07-19,2025-07-21,254.4,533404,Card,Del.
972,1288,28,55,2,13,2025-02-09,,154.3,0,Card,IN TRANSIT
973,1560,31,15,2,6,26.03.2025,,325.1,845786,Card,Pending
974,232,6,16,6,2,2025/05/16,2025/05/23,246.3,33110,Wallet,Del.
975,1326,18,27,3,10,11.03.2025,14.03.2025,138.5,416110,Bank Transfer,dlvrd
976,1516,21,14,20,20,2025-12-04,2025-12-08,244.7,417331,Bank Transfer,returned
977,1352,14,1,20,21,19.07.2025,23.07.2025,153.2,86550,Cash on Delivery,delivered
978,485,9,36,11,14,29-Sep-2025,06-Oct-2025,269.1,819328,Card,Delivered
979,669,6,16,3,6,"September 14, 2025","September 18, 2025",47.1,265560,Card,Failed
980,1028,21,14,12,20,27.07.2025,28.07.2025,85.7,209058,Wallet,RETURNED
981,458,23,45,16,9,"March 21, 2025","March 25, 2025",28.5,695468,Cash on Delivery,DELIVERED
982,1746,41,22,6,16,"March 31, 2025",,97.3,365033,Wallet,Pending
983,1017,37,46,9,22,11-12-2025,11-12-2025,51.5,289827,Cash on Delivery,Delivered
984,294,31,15,14,19,13/06/2025,17/06/2025,293.3,844226,Bank Transfer,Faild
985,640,2,28,5,14,2025/05/19,2025/05/19,179.9,210666,Wallet,Del.
986,1333,13,35,13,12,2025-12-04,2025-12-10,242.7,811372,Card,Delivered
987,598,20,31,10,3,08/05/2025,09/05/2025,229.1,155263,Wallet,dlvrd
988,65,32,10,19,8,07-31-2025,08-04-2025,329.0,725608,Bank Transfer,Del.
989,1257,8,29,11,9,25.02.2025,01.03.2025,50.6,317001,Card,Delivered
990,422,5,30,12,22,09/06/2025,10/06/2025,183.0,395905,Wallet,DELIVERED
991,1295,33,43,4,10,02.09.2025,07.09.2025,56.7,358216,Card,delivered
992,1195,21,14,10,2,02/09/2025,07/09/2025,122.0,629967,Wallet,RETURNED
993,1119,36,49,6,18,05-Nov-2025,07-Nov-2025,207.9,810752,Bank Transfer,dlvrd
994,643,20,31,13,22,"August 10, 2025","August 11, 2025",269.1,7007,Card,DELIVERED
995,1012,31,15,1,3,07.09.2025,13.09.2025,241.2,582758,Card,Delivered
996,92,4,18,5,17,"December 20, 2025","December 23, 2025",233.8,29519,Wallet,failed
997,201,32,10,8,22,28-Oct-2025,04-Nov-2025,46.4,752686,Bank Transfer,DELIVERED
998,1781,32,10,5,18,2025/12/18,,119.8,46291,Cash on Delivery,In-Transit
999,1522,24,39,15,4,2025/08/01,,146.9,837928,Card,Pending
1000,862,41,22,8,13,08/01/2025,,199.9,352496,Card,Pending
1001,1203,12,42,11,14,2025-03-09,2025-03-13,317.4,318467,Card,Delivered
1002,1188,31,15,16,18,20/10/2025,21/10/2025,220.4,74313,Wallet,delivered
1003,370,28,55,12,19,2025-05-09,2025-05-15,83.8,240769,Wallet,Delvered
1004,500,34,52,15,22,07-05-2025,07-09-2025,122.4,0,Wallet,Delivered
1005,341,5,30,20,17,01/01/2025,02/01/2025,308.2,186091,Card,Retund
1006,624,21,14,13,7,2025-03-07,2025-03-14,254.2,70572,Card,Delvered
1007,1036,43,54,22,14,2025/02/04,2025/02/09,118.5,743679,Cash on Delivery,Failed
1008,62,25,13,7,21,21-Jul-2025,22-Jul-2025,138.5,409177,Bank Transfer,Delvered
1009,1401,12,42,16,20,08.12.2025,11.12.2025,211.2,0,Card,delivered
1010,1732,7,5,15,11,2025/10/26,2025/10/31,121.1,622381,Cash on Delivery,Del.
1011,676,40,2,5,10,2025/05/30,,212.1,615297,Card,in transit
1012,567,27,47,19,15,18/05/2025,20/05/2025,33.1,728836,Card,DELIVERED
1013,1451,9,36,19,22,16.10.2025,,197.5,162876,Bank Transfer,pending
1014,939,5,30,16,14,"May 02, 2025","May 08, 2025",188.5,15954,Cash on Delivery,Returned
1015,820,14,1,15,17,2025-10-16,2025-10-19,228.6,815464,Bank Transfer,returned
1016,851,21,14,13,4,2025-12-10,,144.6,37267,Card,in transit
1017,1459,7,5,7,18,2025-02-04,2025-02-07,6.0,337823,Card,delivered
1018,769,30,38,12,14,2025/11/24,2025/11/30,203.6,561131,Wallet,DELIVERED
1019,413,17,11,20,8,2025/11/02,,207.4,839598,Wallet,PENDING
1020,1529,23,45,8,22,2025/09/22,,151.2,282277,Card,in transit
1021,1015,37,46,17,2,"June 17, 2025","June 22, 2025",-20.0,251211,Cash on Delivery,DELIVERED
1022,72,21,14,15,7,"May 12, 2025","May 19, 2025",155.5,264058,Card,delivered
1023,432,37,46,4,19,13.07.2025,19.07.2025,25.6,815280,Bank Transfer,delivered
1024,403,1,9,12,20,"October 23, 2025","October 28, 2025",59.8,155862,Cash on Delivery,dlvrd
1025,1392,28,55,14,15,2025-01-19,2025-01-21,136.8,491498,Card,Delivered
1026,588,13,35,10,22,"January 11, 2025","January 17, 2025",36.8,587613,Wallet,delivered
1027,1798,20,31,1,16,2025-10-14,2025-10-18,193.7,737319,Bank Transfer,Del.
1028,1443,9,36,22,18,01-18-2025,01-20-2025,22.6,842344,Card,Del.
1029,897,39,19,16,17,26-Nov-2025,26-Nov-2025,94.7,150372,Bank Transfer,Del.
1030,1423,23,45,10,11,"April 01, 2025",,156.3,576879,Bank Transfer,in transit
1031,1449,7,5,4,17,22-Feb-2025,22-Feb-2025,111.5,669670,Wallet,DELIVERED
1032,1330,35,40,12,2,05.01.2025,09.01.2025,191.5,59419,Cash on Delivery,DELIVERED
1033,106,23,45,8,21,07-12-2025,07-14-2025,241.5,492215,Bank Transfer,dlvrd
1034,1480,41,22,16,17,"March 10, 2025","March 16, 2025",68.9,173745,Card,DELIVERED
1035,1583,25,13,6,17,24.10.2025,,335.6,685007,Wallet,in transit
1036,1335,29,34,9,16,22.12.2025,23.12.2025,145.8,162450,Bank Transfer,dlvrd
1037,1776,44,51,13,6,2025/10/24,2025/10/31,303.9,234839,Card,Delivered
1038,105,2,28,8,12,04-14-2025,,177.8,568242,Wallet,Pending
1039,1187,7,5,18,13,07-Aug-2025,08-Aug-2025,205.3,167105,Card,RETURNED
1040,643,14,1,13,10,02/06/2025,03/06/2025,136.5,742496,Bank Transfer,delivered
1041,810,14,1,15,22,09/02/2025,15/02/2025,-72.4,330553,Cash on Delivery,delivered
1042,1056,37,46,10,22,2025-02-11,2025-02-12,33.4,725542,Cash on Delivery,Failed
1043,769,10,7,14,6,26/09/2025,02/10/2025,128.3,638111,Card,dlvrd
1044,1048,3,12,10,17,15-Jul-2025,16-Jul-2025,343.9,561531,Cash on Delivery,Del.
1045,409,25,13,17,21,"March 10, 2025","March 13, 2025",98.6,533261,Card,DELIVERED
1046,1400,34,52,9,5,20.10.2025,25.10.2025,122.6,13860,Wallet,Delivered
1047,1355,41,22,22,1,16-Jan-2025,22-Jan-2025,152.9,200419,Cash on Delivery,delivered
1048,731,36,49,9,3,22/12/2025,25/12/2025,103.9,6907,Cash on Delivery,Returned
1049,1393,29,34,12,5,"July 20, 2025","July 27, 2025",3.2,516971,Cash on Delivery,Delivered
1050,571,39,19,20,3,2025/06/01,2025/06/04,20.9,145113,Wallet,delivered
1051,606,31,15,2,22,"November 25, 2025",,125.5,227583,Bank Transfer,PENDING
1052,1511,2,28,17,1,2025-09-25,2025-09-30,224.9,350922,Bank Transfer,delivered
1053,1354,21,14,4,11,03-02-2025,03-05-2025,45.6,90847,Wallet,Del.
1054,966,1,9,4,16,16-Jan-2025,19-Jan-2025,249.1,756435,Card,Faild
1055,830,15,6,13,1,2025-07-21,2025-07-22,255.9,676099,Cash on Delivery,delivered
1056,1027,9,36,21,5,2025-10-01,2025-10-02,330.6,0,Card,DELIVERED
1057,765,19,32,5,14,10-14-2025,10-16-2025,77.5,341525,Cash on Delivery,Del.
1058,549,33,43,6,20,28.04.2025,30.04.2025,78.6,831410,Wallet,DELIVERED
1059,485,17,11,10,1,14-Nov-2025,20-Nov-2025,172.1,281029,Wallet,returned
1060,1180,39,19,14,15,2025/06/08,,288.4,489570,Wallet,in transit
1061,1359,22,26,7,22,2025-08-29,2025-09-03,318.2,620447,Bank Transfer,Delivered
1062,440,11,4,2,16,2025/02/23,2025/02/27,177.0,386927,Cash on Delivery,Delvered
1063,475,5,30,14,8,02-Mar-2025,02-Mar-2025,93.8,473430,Bank Transfer,Faild
1064,1134,11,4,5,19,2025-09-09,2025-09-15,219.1,775203,Wallet,dlvrd
1065,1388,13,35,18,11,08-27-2025,09-01-2025,81.0,388462,Wallet,Delivered
1066,523,20,31,18,4,"January 02, 2025","January 03, 2025",22.6,,Cash on Delivery,Delivered
1067,911,27,47,20,16,26/09/2025,28/09/2025,58.1,763822,Bank Transfer,RETURNED
1068,1770,42,53,12,4,"November 02, 2025","November 05, 2025",242.0,700760,Wallet,Delvered
1069,123,10,7,11,7,2025-07-01,2025-07-07,250.5,685984,Cash on Delivery,delivered
1070,527,4,18,2,6,"January 24, 2025","January 26, 2025",44.1,338525,Cash on Delivery,DELIVERED
1071,211,21,14,15,14,05.01.2025,09.01.2025,305.9,592463,Bank Transfer,Delvered
1072,946,11,4,13,5,08-13-2025,08-17-2025,52.1,62939,Bank Transfer,failed
1073,688,25,13,14,2,28.08.2025,29.08.2025,56.8,371590,Bank Transfer,Delvered
1074,487,31,15,9,1,26-Apr-2025,,303.1,48999,Wallet,pending
1075,892,1,9,13,11,16/06/2025,20/06/2025,258.1,825946,Bank Transfer,Del.
1076,956,1001,5,18,22,"May 03, 2025","May 10, 2025",13.1,100151,Wallet,Del.
1077,646,23,45,4,1,2025/12/07,,-343.7,134661,Wallet,In Transit
1078,593,22,26,3,5,2025/12/11,2025/12/16,204.7,501749,Card,FAILED
1079,72,43,54,13,21,27/06/2025,27/06/2025,129.4,500097,Wallet,RETURNED
1080,138,18,27,6,15,05-09-2025,05-09-2025,-186.4,844560,Wallet,delivered
1081,305,10,7,14,11,2025/03/07,2025/03/08,277.2,35179,Cash on Delivery,Delivered
1082,90,43,54,18,20,"May 09, 2025",,157.7,566790,Card,In Transit
1083,17,21,14,1,17,21/09/2025,21/09/2025,282.6,0,Bank Transfer,DELIVERED
1084,695,42,53,13,8,2025-09-23,,288.6,502574,Cash on Delivery,in transit
1085,850,9,36,19,10,22/11/2025,28/11/2025,57.9,366779,Cash on Delivery,Del.
1086,813,18,27,6,2,15-Nov-2025,21-Nov-2025,288.6,766433,Cash on Delivery,Returned
1087,162,44,51,9,14,01/07/2025,06/07/2025,251.0,333350,Cash on Delivery,dlvrd
1088,621,26,44,8,17,"May 29, 2025","June 05, 2025",36.9,,Card,returned
1089,1490,7,5,18,16,06-Apr-2025,,36.4,310735,Bank Transfer,pending
1090,657,1,9,18,13,19.12.2025,21.12.2025,299.6,752066,Bank Transfer,delivered
1091,1208,25,13,6,1,10-Jul-2025,,215.4,509021,Card,pending
1092,285,6,16,8,14,31-Mar-2025,03-Apr-2025,120.5,176570,Cash on Delivery,RETURNED
1093,37,44,51,3,15,14/01/2025,17/01/2025,47.2,17035,Bank Transfer,RETURNED
1094,1427,14,1,8,20,06.04.2025,13.04.2025,258.1,712606,Cash on Delivery,Retund
1095,1526,41,22,9,16,11/03/2025,15/03/2025,249.9,54166,Wallet,delivered
1096,961,42,53,16,20,24/04/2025,25/04/2025,303.5,114996,Bank Transfer,failed
1097,517,4,18,12,15,26-Mar-2025,30-Mar-2025,231.1,160323,Cash on Delivery,DELIVERED
1098,1193,33,43,13,18,2025/06/02,2025/06/08,-284.3,567746,Card,Delvered
1099,115,16,50,13,19,"December 16, 2025","December 19, 2025",63.8,543846,Wallet,RETURNED
1100,1321,5,30,15,17,09-24-2025,10-01-2025,181.8,634856,Bank Transfer,delivered
1101,236,12,42,18,11,28/04/2025,03/05/2025,117.6,240105,Wallet,Del.
1102,599,44,51,19,20,2025-08-26,,31.9,132338,Cash on Delivery,Pending
1103,1127,2,28,21,4,02-19-2025,02-22-2025,90.9,354952,Wallet,delivered
1104,1158,43,54,13,15,08/01/2025,10/01/2025,-179.9,799180,Card,Del.
1105,868,20,31,12,22,2025-09-22,2025-09-27,299.0,389229,Card,delivered
1106,671,44,51,8,14,"August 18, 2025",,170.5,614413,Bank Transfer,pending
1107,1090,43,54,16,11,05.02.2025,05.02.2025,106.2,80143,Card,Del.
1108,1181,17,11,20,2,2025-07-21,2025-07-23,310.8,423911,Wallet,Faild
1109,594,33,43,8,12,03/12/2025,06/12/2025,274.4,297329,Bank Transfer,dlvrd
1110,1003,31,15,7,11,"October 14, 2025","October 20, 2025",261.6,585910,Wallet,FAILED
1111,376,40,2,22,13,"December 24, 2025","December 28, 2025",276.5,792366,Wallet,dlvrd
1112,1195,22,26,11,3,07-21-2025,07-27-2025,-77.8,172322,Cash on Delivery,Delivered
1113,1783,33,43,21,2,25.02.2025,02.03.2025,73.2,758412,Card,Delvered
1114,1568,35,40,20,11,20-Jul-2025,26-Jul-2025,162.4,254873,Cash on Delivery,Delvered
1115,1248,36,49,20,4,04-Apr-2025,05-Apr-2025,5.3,185924,Card,Failed
1116,132,35,40,8,14,28/05/2025,,127.2,631088,Bank Transfer,IN TRANSIT
1117,1542,24,39,3,16,22-Jun-2025,25-Jun-2025,210.8,308578,Cash on Delivery,dlvrd
1118,1573,12,42,5,18,08.11.2025,08.11.2025,279.5,726075,Card,Del.
1119,841,32,10,17,22,2025-05-17,,98.4,0,Cash on Delivery,Pending
1120,252,4,18,18,12,"September 27, 2025",,19.1,629549,Cash on Delivery,pending
1121,1531,42,53,22,11,2025/01/07,,186.4,546204,Wallet,pending
1122,1647,6,16,9,9,10-29-2025,11-05-2025,157.4,811653,Wallet,Del.
1123,907,15,6,9,19,2025/04/12,2025/04/16,202.9,735782,Cash on Delivery,failed
1124,994,41,22,10,7,2025-09-13,2025-09-16,102.3,141572,Bank Transfer,Delivered
1125,336,38,24,20,3,2025/09/07,2025/09/11,84.2,487175,Cash on Delivery,RETURNED
1126,1476,14,1,8,13,11-11-2025,11-17-2025,226.6,685691,Bank Transfer,dlvrd
1127,538,5,30,9,20,11.08.2025,12.08.2025,295.8,214826,Card,DELIVERED
1128,911,5,30,12,13,2025/11/14,2025/11/20,324.9,399776,Card,dlvrd
1129,123,1000,23,11,19,02-28-2025,03-04-2025,82.1,29490,Bank Transfer,Returned
1130,212,16,50,5,7,29.01.2025,01.02.2025,119.0,167147,Cash on Delivery,Del.
1131,1496,1,9,4,20,"September 26, 2025","October 03, 2025",196.9,401145,Wallet,failed
1132,507,30,38,2,19,23.04.2025,28.04.2025,225.1,372868,Wallet,Delivered
1133,1406,24,39,21,10,"December 05, 2025",,156.4,803491,Cash on Delivery,PENDING
1134,1406,40,2,3,1,29/04/2025,02/05/2025,65.3,127263,Cash on Delivery,DELIVERED
1135,1512,5,30,12,14,23/08/2025,,113.2,813741,Bank Transfer,In-Transit
1136,1374,20,31,2,17,01-04-2025,01-10-2025,116.6,468926,Wallet,delivered
1137,69,13,35,15,1,2025/01/24,2025/01/28,212.9,110961,Wallet,Del.
1138,460,36,49,15,19,2025-03-21,2025-03-24,102.5,265033,Wallet,Delivered
1139,69,33,43,14,18,04-15-2025,04-19-2025,272.9,361030,Wallet,dlvrd
1140,1156,21,14,12,15,29.05.2025,,284.2,543706,Card,pending
1141,725,22,26,1,10,2025/12/19,2025/12/26,187.6,56859,Wallet,FAILED
1142,1549,3,12,12,16,27.09.2025,03.10.2025,55.2,,Bank Transfer,Delivered
1143,877,41,22,22,4,07-07-2025,07-13-2025,135.1,243284,Cash on Delivery,Faild
1144,639,42,53,11,18,2025/10/11,2025/10/18,49.9,0,Card,dlvrd
1145,1389,36,49,8,21,2025/04/22,2025/04/25,103.9,309671,Card,Returned
1146,1785,18,27,21,22,28.11.2025,04.12.2025,305.4,347112,Cash on Delivery,Failed
1147,1455,36,49,18,1,06.10.2025,10.10.2025,147.2,90607,Wallet,dlvrd
1148,432,38,24,3,16,2025/09/14,2025/09/15,310.9,774554,Bank Transfer,Delivered
1149,748,21,14,2,4,14-May-2025,,136.0,96724,Cash on Delivery,Pending
1150,261,29,34,15,13,22.07.2025,29.07.2025,270.1,753650,Bank Transfer,Del.
1151,246,6,16,15,8,06-22-2025,,34.7,148271,Bank Transfer,In Transit
1152,76,24,39,9,9,04-05-2025,04-11-2025,92.9,426191,Bank Transfer,Faild
1153,1711,17,11,8,15,01-Nov-2025,,170.8,0,Card,Pending
1154,1217,20,31,13,11,"March 30, 2025","April 02, 2025",-235.2,240558,Bank Transfer,FAILED
1155,390,21,14,12,7,06-30-2025,07-02-2025,136.1,803069,Cash on Delivery,Failed
1156,19,9,36,19,22,2025/11/18,,270.9,313887,Bank Transfer,In Transit
1157,321,13,35,16,3,16/04/2025,21/04/2025,13.4,181684,Wallet,Delivered
1158,257,28,55,15,15,13.08.2025,,153.2,674882,Bank Transfer,PENDING
1159,1562,41,22,13,18,28/12/2025,29/12/2025,263.9,489751,Wallet,dlvrd
1160,1699,39,19,13,14,2025-01-03,2025-01-04,117.0,374391,Wallet,delivered
1161,700,14,1,8,10,2025/10/11,,187.8,272426,Cash on Delivery,In Transit
1162,825,11,4,9,18,08.05.2025,14.05.2025,49.0,508249,Bank Transfer,Delvered
1163,1154,24,39,16,18,2025-09-06,2025-09-12,92.5,683340,Wallet,Del.
1164,78,42,53,5,14,31.03.2025,05.04.2025,110.2,515146,Card,Returned
1165,852,19,32,5,3,17-Jan-2025,,114.4,495480,Card,In Transit
1166,1316,28,55,12,6,29/09/2025,04/10/2025,147.6,183831,Cash on Delivery,Del.
1167,402,30,38,2,17,2025-02-12,,264.5,10490,Cash on Delivery,Pending
1168,699,3,12,22,13,2025/09/04,2025/09/09,222.1,419587,Card,DELIVERED
1169,677,14,1,6,5,30.03.2025,01.04.2025,202.1,655685,Card,Delivered
1170,598,35,40,8,21,25/07/2025,,127.6,50701,Bank Transfer,PENDING
1171,1544,39,19,14,7,2025/09/25,2025/10/01,168.4,552833,Card,FAILED
1172,1791,40,2,16,15,"October 25, 2025",,256.6,82551,Bank Transfer,Pending
1173,1204,14,1,17,1,02-May-2025,02-May-2025,282.6,358605,Cash on Delivery,Delivered
1174,381,12,42,1,14,16/07/2025,19/07/2025,240.9,632268,Cash on Delivery,Del.
1175,390,6,16,4,1,2025/12/20,2025/12/22,44.1,396414,Bank Transfer,Returned
1176,12,15,6,11,14,23/11/2025,24/11/2025,56.7,509190,Bank Transfer,Del.
1177,981,21,14,4,2,05.08.2025,07.08.2025,60.6,312650,Bank Transfer,Del.
1178,393,44,51,5,5,16-Nov-2025,19-Nov-2025,296.8,653632,Cash on Delivery,Delivered
1179,978,8,29,4,11,02-17-2025,,91.8,250263,Bank Transfer,pending
1180,853,44,51,15,7,15-Apr-2025,16-Apr-2025,27.9,752293,Wallet,dlvrd
1181,975,8,29,1,7,2025-11-29,2025-12-04,326.7,393357,Cash on Delivery,delivered
1182,1756,41,22,3,22,11-29-2025,12-05-2025,160.4,271580,Cash on Delivery,DELIVERED
1183,596,29,34,5,13,11.10.2025,12.10.2025,298.4,239575,Cash on Delivery,Delvered
1184,1350,34,52,13,14,16.03.2025,,81.6,760583,Cash on Delivery,Pending
1185,1632,17,11,3,14,24/07/2025,26/07/2025,80.1,687989,Card,Delvered
1186,1732,21,14,16,10,07.04.2025,07.04.2025,36.3,494254,Bank Transfer,Del.
1187,1338,19,32,4,8,"November 25, 2025","November 30, 2025",260.5,643863,Cash on Delivery,Del.
1188,928,34,52,13,2,"April 27, 2025","April 30, 2025",97.5,730149,Wallet,DELIVERED
1189,510,7,5,14,20,07-Dec-2025,14-Dec-2025,176.7,309665,Bank Transfer,Delvered
1190,170,26,44,4,17,10-13-2025,10-19-2025,244.4,,Cash on Delivery,FAILED
1191,1087,25,13,9,15,23-Jul-2025,25-Jul-2025,19.3,516179,Cash on Delivery,failed
1192,552,25,13,2,21,01-Apr-2025,,171.8,23988,Card,In Transit
1193,943,36,49,19,11,18.03.2025,19.03.2025,75.0,332868,Card,DELIVERED
1194,1433,18,27,4,9,31/03/2025,03/04/2025,229.1,269585,Cash on Delivery,Delvered
1195,380,31,15,2,15,05-14-2025,05-15-2025,130.6,603155,Card,DELIVERED
1196,1412,39,19,22,18,28/12/2025,31/12/2025,79.9,416302,Cash on Delivery,DELIVERED
1197,175,43,54,8,11,"November 22, 2025","November 22, 2025",85.3,405160,Bank Transfer,Delvered
1198,1458,9,36,4,6,2025-04-03,2025-04-08,299.9,667979,Bank Transfer,DELIVERED
1199,1151,40,2,15,17,2025-03-28,2025-03-31,80.4,804484,Cash on Delivery,delivered
1200,763,29,34,4,20,06.10.2025,07.10.2025,95.9,657172,Bank Transfer,Delivered
1201,1625,17,11,7,15,10-22-2025,10-22-2025,139.7,263681,Card,Del.
1202,541,33,43,18,4,"January 15, 2025",,195.3,199026,Card,In Transit
1203,698,15,6,17,16,26/08/2025,,347.3,274316,Cash on Delivery,Pending
1204,914,44,51,1,13,10.09.2025,14.09.2025,226.3,651187,Wallet,Delivered
1205,53,8,29,20,8,08.04.2025,12.04.2025,240.4,67444,Card,delivered
1206,30,3,12,10,12,2025/09/02,2025/09/04,282.6,382553,Bank Transfer,failed
1207,125,37,46,14,11,05/12/2025,,10.4,686394,Cash on Delivery,In Transit
1208,1532,36,49,2,20,2025/12/05,2025/12/06,9.9,597056,Wallet,dlvrd
1209,1442,29,34,15,18,2025-05-15,,348.6,49091,Bank Transfer,IN TRANSIT
1210,20,26,44,19,6,2025-11-27,2025-11-30,280.0,207839,Bank Transfer,delivered
1211,40,18,27,19,3,2025-08-10,,109.6,13492,Bank Transfer,Pending
1212,1461,17,11,14,9,16/11/2025,,136.0,822669,Bank Transfer,pending
1213,833,36,49,1,10,2025-10-25,2025-10-27,51.4,270185,Wallet,Delivered
1214,230,25,13,6,22,30/06/2025,30/06/2025,239.1,101641,Cash on Delivery,dlvrd
1215,526,18,27,3,21,04.09.2025,,300.2,746624,Cash on Delivery,Pending
1216,1415,8,29,8,6,10-26-2025,10-28-2025,141.9,818971,Wallet,dlvrd
1217,515,43,54,22,10,05.10.2025,11.10.2025,66.5,76640,Card,returned
1218,1572,11,4,16,20,10-24-2025,10-29-2025,262.4,610512,Cash on Delivery,DELIVERED
1219,1743,16,50,18,9,24-Oct-2025,30-Oct-2025,226.2,680867,Wallet,Del.
1220,928,18,27,17,2,03-17-2025,03-22-2025,40.8,105981,Wallet,dlvrd
1221,1544,8,29,2,20,2025-11-04,2025-11-08,313.2,109000,Wallet,Delvered
1222,862,2,28,15,11,18.11.2025,21.11.2025,296.3,677435,Bank Transfer,Retund
1223,1690,29,34,4,9,2025/08/28,2025/08/30,48.9,17494,Bank Transfer,DELIVERED
1224,939,41,22,11,5,21.04.2025,24.04.2025,91.9,468039,Wallet,Delvered
1225,1413,1000,2,9,6,17/10/2025,,333.3,138145,Card,In-Transit
1226,124,11,4,18,19,27/11/2025,04/12/2025,286.3,361271,Wallet,Delivered
1227,403,31,15,12,2,05-Nov-2025,06-Nov-2025,281.1,422379,Cash on Delivery,RETURNED
1228,133,44,51,19,4,2025-08-08,2025-08-10,118.1,682789,Wallet,delivered
1229,984,4,18,20,17,"September 02, 2025","September 04, 2025",18.0,641574,Wallet,Returned
1230,1176,7,5,6,9,10.10.2025,10.10.2025,33.4,300885,Card,Delivered
1231,220,39,19,18,5,"February 18, 2025","February 24, 2025",153.3,830737,Card,Failed
1232,753,44,51,20,13,10.08.2025,,203.7,788250,Card,PENDING
1233,1477,44,51,16,12,"May 27, 2025","June 01, 2025",186.4,612141,Bank Transfer,Delvered
1234,1791,44,51,15,16,02-10-2025,,202.3,305372,Card,IN TRANSIT
1235,570,33,43,21,21,06.05.2025,12.05.2025,164.1,393239,Bank Transfer,failed
1236,907,17,11,6,17,"September 12, 2025","September 17, 2025",135.5,17274,Wallet,delivered
1237,452,10,7,3,22,10/01/2025,14/01/2025,9.0,392243,Card,failed
1238,597,23,45,20,13,2025/06/12,2025/06/17,29.5,55509,Bank Transfer,Delivered
1239,188,3,12,8,16,2025-12-24,2025-12-27,24.8,483009,Wallet,Del.
1240,437,39,19,15,7,04-Sep-2025,09-Sep-2025,231.3,6827,Card,FAILED
1241,1772,1,9,6,22,01.01.2025,01.01.2025,28.9,719812,Bank Transfer,Del.
1242,1710,36,49,9,16,31/12/2025,,347.9,46598,Cash on Delivery,PENDING
1243,1450,40,2,4,19,"November 18, 2025","November 24, 2025",22.2,511161,Wallet,Delvered
1244,526,21,14,17,11,08-30-2025,09-03-2025,4.9,341803,Wallet,Delivered
1245,1513,32,10,17,6,2025/02/25,2025/02/25,106.4,326515,Wallet,dlvrd
1246,1008,21,14,18,13,"January 24, 2025","January 28, 2025",96.2,770404,Card,delivered
1247,1737,8,29,2,3,2025-04-27,2025-05-02,234.8,749924,Bank Transfer,DELIVERED
1248,604,25,13,5,1,04-Dec-2025,,29.4,455574,Bank Transfer,in transit
1249,1221,7,5,21,15,2025-12-16,2025-12-19,110.9,72842,Wallet,Del.
1250,12,12,42,15,16,17-Sep-2025,20-Sep-2025,340.9,450994,Wallet,Del.
1251,1134,8,29,8,10,2025/05/13,2025/05/18,5.7,95912,Wallet,delivered
1252,950,44,51,9,2,23.10.2025,28.10.2025,61.4,497230,Wallet,DELIVERED
1253,1375,9,36,6,11,2025-02-01,2025-02-08,77.2,0,Cash on Delivery,Del.
1254,1472,24,39,8,15,22-Jun-2025,28-Jun-2025,124.4,106516,Wallet,Del.
1255,1789,4,18,7,13,09/03/2025,13/03/2025,86.7,161430,Bank Transfer,Delivered
1256,41,40,2,13,20,13/08/2025,14/08/2025,280.7,814899,Bank Transfer,Faild
1257,1311,35,40,1,14,05-30-2025,05-30-2025,101.9,724199,Wallet,returned
1258,1714,1001,39,21,14,"December 23, 2025","December 26, 2025",174.8,733148,Cash on Delivery,Faild
1259,1251,21,14,2,21,11-Oct-2025,17-Oct-2025,22.1,557316,Bank Transfer,delivered
1260,657,8,29,21,2,2025/11/16,2025/11/20,324.8,255367,Bank Transfer,dlvrd
1261,1027,23,45,11,1,11/06/2025,11/06/2025,66.0,456735,Bank Transfer,DELIVERED
1262,1133,23,45,17,16,2025-01-07,2025-01-13,127.8,634755,Cash on Delivery,dlvrd
1263,261,41,22,1,1,22/01/2025,,257.8,494245,Card,in transit
1264,1607,38,24,13,18,16/05/2025,,80.7,37652,Card,IN TRANSIT
1265,752,3,12,14,7,13/08/2025,17/08/2025,53.8,174641,Bank Transfer,DELIVERED
1266,1185,14,1,10,7,08-07-2025,,237.9,766156,Wallet,IN TRANSIT
1267,1545,7,5,18,19,31-May-2025,05-Jun-2025,246.0,93405,Card,dlvrd
1268,319,34,52,7,8,26.09.2025,01.10.2025,266.1,5449,Card,Delivered
1269,503,28,55,18,14,21.09.2025,24.09.2025,164.6,331616,Wallet,Retund
1270,731,4,18,7,16,"October 12, 2025","October 13, 2025",341.7,726569,Card,Delivered
1271,742,26,44,4,17,2025/03/12,2025/03/15,3.1,677071,Card,delivered
1272,24,26,44,1,13,16.09.2025,18.09.2025,318.0,414419,Bank Transfer,FAILED
1273,1388,41,22,15,20,2025-05-27,2025-05-27,233.7,514620,Card,Delivered
1274,1486,30,38,9,9,"October 10, 2025","October 13, 2025",17.5,762979,Bank Transfer,delivered
1275,123,43,54,6,4,16-Sep-2025,21-Sep-2025,12.3,353939,Bank Transfer,Delvered
1276,1725,42,53,7,15,2025-06-21,2025-06-22,322.8,356691,Bank Transfer,Del.
1277,411,8,29,3,10,02/09/2025,05/09/2025,119.7,505882,Cash on Delivery,Delvered
1278,1480,40,2,2,12,02.09.2025,,153.3,13901,Wallet,IN TRANSIT
1279,906,25,13,15,10,03-13-2025,03-14-2025,210.8,270487,Bank Transfer,Delvered
1280,931,39,19,6,20,01-29-2025,01-29-2025,58.4,524276,Bank Transfer,Delvered
1281,1141,14,1,14,22,02.05.2025,04.05.2025,49.0,638529,Bank Transfer,delivered
1282,883,26,44,3,2,"July 10, 2025",,95.5,266709,Card,IN TRANSIT
1283,9,5,30,21,13,2025/03/18,2025/03/18,145.6,704107,Cash on Delivery,Del.
1284,881,38,24,13,12,"June 15, 2025","June 21, 2025",120.3,34855,Wallet,dlvrd
1285,1648,9,36,1,21,2025-06-24,,236.8,390171,Wallet,in transit
1286,765,3,12,13,19,2025-08-18,,220.3,771710,Card,pending
1287,1371,23,45,9,1,18/01/2025,,143.7,844868,Bank Transfer,IN TRANSIT
1288,694,23,45,5,14,01/02/2025,04/02/2025,340.7,571781,Bank Transfer,Delivered
1289,704,36,49,12,20,10.09.2025,12.09.2025,198.2,615645,Card,FAILED
1290,818,43,54,9,8,07/05/2025,14/05/2025,338.2,390371,Card,Delvered
1291,1022,4,18,21,10,"June 01, 2025","June 03, 2025",330.2,650311,Card,Faild
1292,840,43,54,15,21,2025/02/08,2025/02/09,13.2,249249,Card,dlvrd
1293,868,39,19,12,17,29-Aug-2025,03-Sep-2025,338.7,439329,Cash on Delivery,DELIVERED
1294,469,25,13,9,22,29.06.2025,04.07.2025,228.4,175480,Cash on Delivery,Delivered
1295,146,42,53,8,19,30/05/2025,04/06/2025,114.3,558137,Cash on Delivery,Delivered
1296,1627,41,22,3,6,19/03/2025,23/03/2025,340.3,224664,Wallet,dlvrd
1297,910,42,53,1,20,11/01/2025,,142.0,159306,Wallet,in transit
1298,1242,32,10,17,2,21.01.2025,25.01.2025,180.7,545389,Bank Transfer,dlvrd
1299,1712,7,5,7,13,23-Sep-2025,27-Sep-2025,128.0,685911,Card,delivered
1300,207,39,19,14,12,2025-10-23,,59.7,681211,Bank Transfer,pending
1301,1317,14,1,11,8,02-06-2025,02-13-2025,157.2,674446,Wallet,DELIVERED
1302,778,8,29,12,21,11.01.2025,13.01.2025,275.5,262923,Wallet,dlvrd
1303,667,4,18,8,17,2025/11/29,,69.3,0,Card,pending
1304,350,44,51,18,15,2025/03/27,2025/03/29,305.1,716477,Wallet,delivered
1305,335,14,1,22,9,10-03-2025,10-06-2025,48.6,380264,Bank Transfer,Delivered
1306,1352,37,46,9,11,"November 30, 2025",,63.2,237705,Wallet,in transit
1307,923,34,52,8,22,"June 19, 2025","June 24, 2025",227.2,761553,Cash on Delivery,Delivered
1308,268,7,5,1,16,21.05.2025,26.05.2025,290.4,775227,Wallet,Del.
1309,558,999,26,1,3,12-01-2025,,121.1,315880,Wallet,pending
1310,395,31,15,5,19,04/06/2025,05/06/2025,268.1,277113,Cash on Delivery,Delvered
1311,241,27,47,10,16,"February 20, 2025","February 22, 2025",332.9,762962,Bank Transfer,Delivered
1312,1453,27,47,17,3,"March 18, 2025","March 21, 2025",72.4,322401,Cash on Delivery,Delivered
1313,452,37,46,14,15,31.01.2025,04.02.2025,43.2,544538,Card,Faild
1314,845,40,2,15,2,2025/07/18,,18.9,703633,Card,Pending
1315,38,35,40,17,22,22-Sep-2025,28-Sep-2025,249.8,433158,Bank Transfer,DELIVERED
1316,363,12,42,15,9,"December 23, 2025","December 25, 2025",6.2,,Bank Transfer,DELIVERED
1317,788,6,16,15,5,02-03-2025,02-07-2025,134.9,58082,Wallet,delivered
1318,861,43,54,11,2,2025/11/24,2025/11/25,233.0,318898,Cash on Delivery,Delvered
1319,218,25,13,17,3,2025-10-25,2025-10-29,11.2,259677,Bank Transfer,RETURNED
1320,1263,37,46,9,5,2025/02/17,2025/02/18,219.8,138133,Wallet,Returned
1321,1706,28,55,10,10,24-Nov-2025,25-Nov-2025,305.1,645836,Wallet,FAILED
1322,702,18,27,17,12,14.12.2025,,90.7,582172,Wallet,IN TRANSIT
1323,69,24,39,8,2,03.02.2025,05.02.2025,275.7,296722,Bank Transfer,Del.
1324,1250,23,45,9,19,09-17-2025,09-18-2025,65.0,34138,Card,Del.
1325,1089,44,51,11,19,03-26-2025,03-31-2025,178.1,307628,Card,delivered
1326,642,39,19,21,11,22/05/2025,24/05/2025,235.9,180691,Card,DELIVERED
1327,497,11,4,4,15,2025/06/13,2025/06/18,239.1,201049,Bank Transfer,Failed
1328,896,999,15,6,18,"July 11, 2025","July 11, 2025",6.3,278190,Card,dlvrd
1329,1064,23,45,13,6,25.09.2025,01.10.2025,262.5,637283,Bank Transfer,Del.
1330,753,44,51,12,18,2025-03-11,2025-03-13,52.0,72125,Cash on Delivery,Del.
1331,1531,7,5,1,7,27.05.2025,30.05.2025,167.9,593873,Wallet,Delvered
1332,17,22,26,17,1,08.05.2025,13.05.2025,66.1,846838,Wallet,returned
1333,1731,25,13,7,21,2025-05-19,,117.6,327165,Card,in transit
1334,1386,44,51,9,5,17.07.2025,,75.0,576755,Wallet,In Transit
1335,1240,3,12,20,9,16.07.2025,21.07.2025,297.4,524667,Wallet,delivered
1336,1629,42,53,4,2,08.04.2025,,6.3,810538,Cash on Delivery,IN TRANSIT
1337,1257,21,14,10,3,2025/03/28,2025/04/03,186.0,699857,Cash on Delivery,Faild
1338,579,14,1,20,6,27/12/2025,29/12/2025,10.9,26885,Wallet,FAILED
1339,356,27,47,14,16,19/04/2025,20/04/2025,273.9,608408,Bank Transfer,dlvrd
1340,675,17,11,13,17,01-Apr-2025,04-Apr-2025,195.3,57719,Card,Delvered
1341,731,1,9,20,15,22.04.2025,24.04.2025,47.6,416944,Card,Delivered
1342,1788,11,4,3,18,13-Jan-2025,,78.1,293771,Cash on Delivery,Pending
1343,1134,1000,15,19,4,2025-02-19,,8.5,512467,Card,pending
1344,813,35,40,21,6,2025/11/30,,28.2,151780,Cash on Delivery,PENDING
1345,1706,1000,25,20,10,2025-11-12,2025-11-15,30.7,32405,Bank Transfer,delivered
1346,1413,14,1,22,12,07-05-2025,,41.0,113976,Bank Transfer,In Transit
1347,1800,22,26,12,22,02-21-2025,02-27-2025,79.0,377774,Cash on Delivery,dlvrd
1348,693,27,47,19,21,22-Jun-2025,,84.3,193044,Bank Transfer,IN TRANSIT
1349,1790,2,28,17,1,10/10/2025,14/10/2025,37.5,307772,Cash on Delivery,DELIVERED
1350,462,24,39,19,9,2025/07/04,2025/07/04,251.4,331457,Cash on Delivery,returned
1351,347,23,45,1,4,"February 23, 2025",,183.8,0,Wallet,Pending
1352,1569,22,26,12,2,2025-03-03,2025-03-06,203.3,393332,Wallet,Failed
1353,402,28,55,20,22,03/10/2025,,304.9,425183,Cash on Delivery,In Transit
1354,996,25,13,3,1,"December 11, 2025","December 17, 2025",81.2,76952,Wallet,delivered
1355,691,24,39,7,3,2025/10/25,2025/10/29,125.6,44180,Bank Transfer,Failed
1356,870,9,36,9,5,2025-10-31,2025-11-02,72.7,0,Cash on Delivery,delivered
1357,309,1000,8,7,14,2025-09-09,2025-09-14,-275.0,145990,Card,delivered
1358,1119,5,30,1,19,09-09-2025,09-12-2025,94.5,830890,Card,Delivered
1359,1547,7,5,20,13,"January 14, 2025","January 15, 2025",58.9,829310,Wallet,Delivered
1360,771,23,45,9,15,15/07/2025,20/07/2025,117.2,301337,Card,Returned
1361,1054,1001,23,14,4,2025-11-18,2025-11-20,268.1,575404,Card,Delvered
1362,1100,34,52,4,19,19/01/2025,,66.6,656122,Cash on Delivery,pending
1363,887,43,54,16,8,05-Oct-2025,10-Oct-2025,284.5,247504,Wallet,Del.
1364,1505,1000,7,1,11,2025-10-24,2025-10-29,14.2,825880,Wallet,RETURNED
1365,1045,36,49,15,14,26-Nov-2025,,87.5,271179,Wallet,pending
1366,1246,40,2,11,20,"March 25, 2025","March 27, 2025",133.2,609165,Cash on Delivery,DELIVERED
1367,669,44,51,14,13,25/02/2025,03/03/2025,23.9,759080,Wallet,Delvered
1368,69,7,5,12,21,30/08/2025,04/09/2025,57.7,364740,Wallet,DELIVERED
1369,1077,13,35,9,7,06-26-2025,06-27-2025,169.6,478184,Wallet,Delivered
1370,1104,20,31,16,8,03/03/2025,,289.0,794345,Cash on Delivery,pending
1371,1336,21,14,4,13,10-31-2025,11-05-2025,142.8,17971,Card,Delvered
1372,971,28,55,17,4,06.01.2025,,186.3,802511,Cash on Delivery,PENDING
1373,1539,26,44,22,5,"April 05, 2025","April 08, 2025",185.3,176031,Wallet,dlvrd
1374,1058,9,36,3,7,2025/03/19,2025/03/20,258.9,261088,Card,delivered
1375,1004,31,15,14,9,12/04/2025,16/04/2025,242.3,174538,Card,Delvered
1376,708,24,39,7,22,19/12/2025,20/12/2025,188.2,171683,Card,Del.
1377,827,20,31,1,5,2025-11-03,2025-11-05,166.3,214742,Card,Delivered
1378,1088,40,2,17,22,"November 21, 2025",,211.4,483091,Card,In Transit
1379,561,38,24,14,19,2025-06-12,,290.0,128051,Wallet,in transit
1380,204,44,51,22,3,23-Mar-2025,25-Mar-2025,347.7,470554,Cash on Delivery,dlvrd
1381,523,11,4,10,15,"January 20, 2025","January 21, 2025",72.1,380577,Wallet,Del.
1382,454,27,47,5,15,13-Jan-2025,19-Jan-2025,146.8,553336,Cash on Delivery,Delivered
1383,1430,42,53,14,19,04-23-2025,04-30-2025,142.8,405332,Bank Transfer,Delivered
1384,1075,40,2,12,19,22/05/2025,,177.8,579607,Wallet,PENDING
1385,598,11,4,10,18,08-Apr-2025,11-Apr-2025,310.6,229835,Cash on Delivery,delivered
1386,1266,5,30,11,19,"July 23, 2025","July 23, 2025",253.7,350558,Cash on Delivery,RETURNED
1387,185,36,49,21,6,05-Jan-2025,10-Jan-2025,256.4,14872,Cash on Delivery,Delivered
1388,1390,20,31,3,8,17-Jan-2025,,237.3,156006,Bank Transfer,In Transit
1389,618,10,7,17,13,10-12-2025,10-12-2025,340.4,569853,Wallet,Retund
1390,238,2,28,2,19,09-Aug-2025,10-Aug-2025,290.2,573591,Wallet,DELIVERED
1391,772,6,16,20,15,19-Sep-2025,22-Sep-2025,104.1,747244,Bank Transfer,dlvrd
1392,550,13,35,6,14,01-May-2025,,192.2,599356,Cash on Delivery,In-Transit
1393,1601,21,14,22,4,2025/09/22,,14.6,165633,Wallet,IN TRANSIT
1394,248,40,2,19,8,29/01/2025,31/01/2025,57.0,747539,Cash on Delivery,Delvered
1395,677,2,28,15,20,21-Jan-2025,22-Jan-2025,66.6,725004,Card,delivered
1396,906,7,5,3,21,"January 27, 2025",,36.5,811327,Card,IN TRANSIT
1397,556,30,38,20,13,02-10-2025,02-11-2025,148.7,496063,Bank Transfer,delivered
1398,611,34,52,7,18,03-12-2025,03-16-2025,294.5,812655,Wallet,Del.
1399,1064,37,46,16,17,10.02.2025,14.02.2025,44.5,34369,Bank Transfer,RETURNED
1400,939,20,31,2,15,20/05/2025,27/05/2025,254.8,53654,Wallet,Del.
1401,1787,17,11,20,8,2025/07/15,2025/07/18,85.3,799653,Cash on Delivery,DELIVERED
1402,984,31,15,15,1,03/07/2025,,39.0,184738,Bank Transfer,PENDING
1403,807,31,15,15,20,2025-12-21,,271.1,80008,Wallet,In-Transit
1404,1505,15,6,17,14,26/04/2025,03/05/2025,138.5,10777,Bank Transfer,Delvered
1405,825,18,27,13,12,"October 18, 2025",,159.5,253808,Bank Transfer,in transit
1406,271,11,4,4,21,2025/01/25,2025/01/29,228.9,734703,Cash on Delivery,DELIVERED
1407,728,19,32,8,13,21/11/2025,,141.0,35436,Card,in transit
1408,30,41,22,9,4,22-Aug-2025,27-Aug-2025,180.9,393920,Wallet,Delivered
1409,893,2,28,20,10,2025/02/17,2025/02/22,95.2,818756,Bank Transfer,Delvered
1410,160,42,53,18,10,07.09.2025,,234.6,121189,Bank Transfer,IN TRANSIT
1411,1676,35,40,22,2,"May 24, 2025","May 31, 2025",342.6,222742,Card,Failed
1412,1392,22,26,7,11,"November 24, 2025","November 29, 2025",289.3,696083,Cash on Delivery,dlvrd
1413,1602,30,38,17,10,06-20-2025,06-25-2025,87.2,394792,Cash on Delivery,Delivered
1414,107,18,27,12,22,2025/08/02,2025/08/03,124.3,21575,Bank Transfer,Faild
1415,319,15,6,11,8,2025/03/02,2025/03/08,188.2,649722,Cash on Delivery,RETURNED
1416,126,14,1,19,6,2025/02/25,2025/03/03,125.5,477050,Cash on Delivery,DELIVERED
1417,382,10,7,20,6,2025/01/13,,239.1,295571,Bank Transfer,in transit
1418,1502,15,6,15,18,2025/11/01,2025/11/05,211.6,27003,Bank Transfer,Failed
1419,1609,37,46,17,1,2025/06/24,2025/06/29,64.7,514191,Wallet,Delivered
1420,828,19,32,21,1,2025-06-24,2025-06-26,56.8,545000,Wallet,delivered
1421,1361,43,54,5,2,2025-03-06,2025-03-07,89.7,41853,Wallet,DELIVERED
1422,390,20,31,20,6,2025-11-19,2025-11-23,289.0,,Cash on Delivery,Delivered
1423,1001,42,53,6,20,06-Feb-2025,,139.4,108276,Wallet,In-Transit
1424,1001,29,34,19,8,2025-06-24,2025-06-30,129.6,463064,Cash on Delivery,Delvered
1425,366,37,46,3,11,24.01.2025,,294.0,628117,Bank Transfer,PENDING
1426,432,19,32,2,18,03-17-2025,03-21-2025,300.3,120970,Bank Transfer,DELIVERED
1427,126,16,50,14,15,2025-09-09,2025-09-11,185.9,218780,Bank Transfer,Del.
1428,1343,23,45,4,15,20-Jul-2025,26-Jul-2025,163.8,282724,Cash on Delivery,Faild
1429,1288,18,27,15,11,2025/09/08,2025/09/13,342.1,0,Wallet,Retund
1430,592,14,1,11,7,2025-01-13,,214.9,,Card,Pending
1431,805,29,34,15,12,27/06/2025,28/06/2025,284.7,248441,Bank Transfer,Faild
1432,1680,23,45,21,7,2025/09/17,2025/09/23,33.2,331270,Cash on Delivery,delivered
1433,1423,24,39,3,4,2025-09-15,2025-09-18,107.3,339341,Cash on Delivery,Del.
1434,1058,7,5,4,1,04-Dec-2025,06-Dec-2025,349.7,776105,Card,DELIVERED
1435,809,28,55,18,14,21-May-2025,27-May-2025,347.3,402815,Bank Transfer,dlvrd
1436,703,25,13,6,11,03.10.2025,04.10.2025,292.4,411063,Wallet,RETURNED
1437,1345,44,51,16,1,"January 09, 2025","January 12, 2025",124.8,375031,Cash on Delivery,Failed
1438,1492,10,7,22,21,25.04.2025,27.04.2025,228.4,287597,Bank Transfer,Delivered
1439,258,2,28,22,19,"August 11, 2025","August 12, 2025",192.5,612254,Card,Retund
1440,172,13,35,21,17,21-May-2025,,73.3,53929,Card,In-Transit
1441,193,7,5,14,15,02/10/2025,07/10/2025,261.3,244570,Wallet,dlvrd
1442,1196,11,4,11,4,14/10/2025,18/10/2025,207.1,448229,Card,delivered
1443,806,17,11,13,8,"February 23, 2025","March 01, 2025",155.9,782184,Card,DELIVERED
1444,1562,5,30,4,14,02.09.2025,04.09.2025,27.1,559179,Wallet,FAILED
1445,15,29,34,21,1,2025-05-14,2025-05-19,117.7,354757,Card,Del.
1446,96,13,35,16,18,29/06/2025,,101.6,664568,Bank Transfer,IN TRANSIT
1447,1359,20,31,7,12,25.02.2025,03.03.2025,149.5,92424,Cash on Delivery,Delivered
1448,1771,44,51,8,19,02-10-2025,,61.0,201533,Bank Transfer,PENDING
1449,1147,30,38,1,22,01/09/2025,05/09/2025,49.1,91133,Cash on Delivery,Delvered
1450,999,1001,1,19,9,2025-12-03,2025-12-08,12.0,458105,Wallet,returned
1451,668,37,46,18,10,06/05/2025,10/05/2025,148.4,544682,Card,delivered
1452,90,1001,35,1,18,01-14-2025,01-14-2025,304.4,435716,Card,delivered
1453,1773,42,53,17,16,18/11/2025,23/11/2025,19.8,387249,Card,Faild
1454,343,23,45,4,12,23/12/2025,27/12/2025,341.5,4212,Card,returned
1455,1357,35,40,18,14,05-02-2025,05-08-2025,205.1,476410,Bank Transfer,Retund
1456,1580,34,52,8,8,2025/09/16,2025/09/18,160.5,552741,Cash on Delivery,Delvered
1457,658,2,28,18,16,"December 24, 2025","December 31, 2025",54.1,498238,Bank Transfer,Failed
1458,1285,12,42,22,6,"August 26, 2025","August 30, 2025",273.7,586885,Cash on Delivery,DELIVERED
1459,1052,20,31,9,11,02/10/2025,,170.3,39407,Wallet,pending
1460,710,32,10,18,1,03-Dec-2025,03-Dec-2025,345.6,563379,Bank Transfer,Delivered
1461,1347,24,39,20,5,11-22-2025,11-22-2025,176.1,361847,Cash on Delivery,Delivered
1462,560,44,51,6,10,27-May-2025,31-May-2025,-238.1,294521,Card,Delivered
1463,1657,19,32,16,16,09-30-2025,10-04-2025,170.6,763424,Wallet,Delvered
1464,1759,27,47,22,2,2025-05-08,2025-05-14,225.0,70265,Card,DELIVERED
1465,1794,28,55,12,15,12.10.2025,,263.3,322668,Bank Transfer,IN TRANSIT
1466,1142,24,39,11,13,01-13-2025,01-19-2025,334.9,822645,Wallet,delivered
1467,722,22,26,9,13,2025-05-08,2025-05-10,101.4,498051,Bank Transfer,FAILED
1468,73,14,1,11,22,11.04.2025,16.04.2025,16.0,91807,Cash on Delivery,Delivered
1469,668,37,46,19,9,"September 26, 2025","September 30, 2025",233.5,130693,Wallet,Delvered
1470,905,13,35,15,10,2025-07-14,2025-07-15,290.8,736426,Bank Transfer,dlvrd
1471,518,20,31,20,7,2025-09-03,2025-09-09,244.6,608599,Wallet,Del.
1472,1106,40,2,10,7,"August 01, 2025","August 06, 2025",112.7,381077,Bank Transfer,Delivered
1473,41,32,10,12,11,2025/06/03,2025/06/07,50.7,640120,Wallet,DELIVERED
1474,1312,15,6,6,14,01-18-2025,01-21-2025,182.4,664536,Cash on Delivery,failed
1475,1523,12,42,9,11,2025-04-14,2025-04-20,284.2,637274,Cash on Delivery,DELIVERED
1476,682,33,43,4,10,30.07.2025,31.07.2025,48.6,86490,Cash on Delivery,Delivered
1477,795,14,1,8,10,05-24-2025,05-26-2025,146.5,753815,Wallet,delivered
1478,78,24,39,6,11,15/02/2025,,237.9,299651,Card,pending
1479,1370,17,11,13,17,12-04-2025,12-05-2025,188.5,751313,Wallet,Delvered
1480,1645,5,30,8,2,01/03/2025,04/03/2025,-215.3,452141,Card,Del.
1481,858,22,26,18,22,2025/07/07,2025/07/09,141.8,55684,Wallet,RETURNED
1482,90,14,1,12,12,04-14-2025,04-19-2025,3.1,108656,Cash on Delivery,Failed
1483,759,21,14,1,4,2025-01-08,2025-01-14,145.5,276109,Wallet,dlvrd
1484,336,3,12,7,6,"May 10, 2025",,8.3,488882,Wallet,pending
1485,1717,16,50,4,8,2025/06/24,2025/06/30,29.3,718672,Wallet,Delivered
1486,1392,999,41,4,9,28.05.2025,29.05.2025,105.7,134457,Card,Delivered
1487,1079,44,51,20,6,24/03/2025,25/03/2025,232.5,711076,Card,Delvered
1488,842,34,52,6,19,21-May-2025,28-May-2025,257.9,764871,Bank Transfer,dlvrd
1489,1,4,18,21,15,20-Jul-2025,25-Jul-2025,313.9,413411,Wallet,Delivered
1490,880,21,14,6,19,11-03-2025,11-05-2025,191.7,387741,Card,Delvered
1491,340,15,6,6,6,2025/04/11,2025/04/13,252.8,788776,Cash on Delivery,delivered
1492,1580,3,12,19,10,"December 18, 2025","December 19, 2025",349.5,288958,Bank Transfer,dlvrd
1493,1179,18,27,8,21,"August 01, 2025","August 03, 2025",243.6,547029,Bank Transfer,Delivered
1494,1042,40,2,21,19,10-Feb-2025,13-Feb-2025,317.2,0,Bank Transfer,RETURNED
1495,708,44,51,16,5,2025/04/08,2025/04/14,-4.0,755432,Bank Transfer,dlvrd
1496,345,16,50,20,4,2025-07-07,2025-07-11,134.5,655899,Card,failed
1497,1645,41,22,21,22,2025-02-22,2025-02-27,261.6,314027,Card,returned
1498,1321,37,46,17,1,"May 16, 2025","May 17, 2025",259.2,32021,Bank Transfer,DELIVERED
1499,1742,41,22,8,5,04-Feb-2025,,346.0,566557,Cash on Delivery,Pending
1500,708,8,29,5,9,01-23-2025,01-28-2025,24.6,454405,Card,Failed
1501,335,26,44,12,6,2025/05/22,2025/05/24,156.6,370766,Wallet,FAILED
1502,943,5,30,17,3,01-19-2025,01-23-2025,49.1,446107,Card,Del.
1503,53,4,18,9,9,2025/12/03,,23.5,62536,Card,pending
1504,64,2,28,10,19,2025-08-01,2025-08-06,21.7,52029,Cash on Delivery,DELIVERED
1505,747,21,14,17,17,2025/01/20,2025/01/20,146.5,688759,Card,FAILED
1506,1161,9,36,12,4,2025-08-23,2025-08-25,20.0,197323,Cash on Delivery,Delivered
1507,426,8,29,12,20,19/01/2025,26/01/2025,38.6,10834,Bank Transfer,Delvered
1508,1023,29,34,3,6,2025/03/16,2025/03/18,257.3,274107,Wallet,returned
1509,651,7,5,8,8,"December 11, 2025","December 17, 2025",323.1,489678,Bank Transfer,Returned
1510,338,8,29,20,15,10-28-2025,11-02-2025,232.3,439863,Bank Transfer,DELIVERED
1511,1450,28,55,11,2,05-14-2025,05-21-2025,62.5,369602,Cash on Delivery,Del.
1512,1159,30,38,21,5,17-Mar-2025,20-Mar-2025,67.8,424038,Cash on Delivery,Delvered
1513,515,15,6,2,17,21/11/2025,25/11/2025,31.0,163964,Cash on Delivery,RETURNED
1514,1621,25,13,14,13,26.11.2025,,7.6,130073,Cash on Delivery,pending
1515,1392,26,44,5,13,2025-01-30,2025-02-04,197.7,360933,Card,Failed
1516,801,2,28,16,7,28-Sep-2025,29-Sep-2025,81.5,496566,Wallet,FAILED
1517,726,42,53,1,17,19.01.2025,20.01.2025,291.4,467042,Cash on Delivery,FAILED
1518,1639,19,32,3,19,2025-02-04,2025-02-07,92.9,317288,Cash on Delivery,Failed
1519,636,32,10,20,18,2025-09-25,2025-10-02,214.3,81436,Cash on Delivery,dlvrd
1520,48,32,10,22,2,23/06/2025,30/06/2025,305.0,696109,Bank Transfer,Delvered
1521,74,28,55,7,19,"September 11, 2025",,195.2,337499,Bank Transfer,in transit
1522,583,32,10,7,20,2025-01-01,2025-01-05,38.4,648645,Cash on Delivery,failed
1523,294,16,50,1,17,"May 12, 2025","May 16, 2025",284.8,523111,Bank Transfer,Delvered
1524,812,39,19,9,10,2025-01-25,,79.7,600766,Wallet,PENDING
1525,1325,30,38,5,5,20-Dec-2025,22-Dec-2025,48.0,663883,Cash on Delivery,Returned
1526,1744,38,24,14,12,2025/03/14,2025/03/20,248.1,432057,Card,DELIVERED
1527,722,35,40,7,20,22.01.2025,24.01.2025,83.2,73451,Card,FAILED
1528,1271,22,26,2,17,25/04/2025,01/05/2025,164.8,185231,Cash on Delivery,delivered
1529,1316,22,26,16,18,22-Mar-2025,22-Mar-2025,104.8,271108,Wallet,returned
1530,838,28,55,2,3,06-12-2025,06-19-2025,310.2,600417,Card,DELIVERED
1531,1287,41,22,22,10,22.06.2025,,241.9,166205,Bank Transfer,Pending
1532,773,34,52,13,20,03.03.2025,04.03.2025,104.4,118554,Card,FAILED
1533,46,39,19,16,1,2025-02-23,2025-02-24,16.8,422769,Card,Delivered
1534,1235,6,16,21,9,09-18-2025,09-20-2025,71.4,260063,Cash on Delivery,Delvered
1535,94,44,51,7,20,2025-01-31,,249.4,381258,Cash on Delivery,pending
1536,1592,21,14,11,7,05-Sep-2025,07-Sep-2025,222.0,555159,Cash on Delivery,Del.
1537,174,15,6,12,3,18/03/2025,,112.0,235414,Bank Transfer,PENDING
1538,1337,22,26,8,14,2025-02-08,2025-02-15,185.6,633404,Bank Transfer,Delivered
1539,1220,4,18,13,10,2025/02/01,,206.7,671980,Wallet,IN TRANSIT
1540,979,1,9,16,13,10.03.2025,13.03.2025,105.6,242086,Cash on Delivery,delivered
1541,1634,12,42,21,14,"October 19, 2025","October 22, 2025",319.8,153576,Bank Transfer,DELIVERED
1542,1240,22,26,15,12,02-May-2025,,230.5,583592,Cash on Delivery,pending
1543,680,26,44,9,9,2025/07/03,,307.0,831713,Wallet,In Transit
1544,1710,16,50,15,2,19.09.2025,22.09.2025,117.2,442508,Bank Transfer,returned
1545,1469,18,27,8,18,04-01-2025,,23.1,222084,Wallet,Pending
1546,1056,41,22,17,13,14-Nov-2025,20-Nov-2025,335.3,605925,Card,DELIVERED
1547,1127,35,40,15,7,"February 13, 2025","February 17, 2025",311.5,135017,Cash on Delivery,returned
1548,1015,41,22,7,3,04-21-2025,04-24-2025,200.1,354252,Wallet,Returned
1549,983,5,30,13,6,2025/09/15,2025/09/19,64.7,536237,Wallet,Del.
1550,189,37,46,21,9,2025/07/03,2025/07/05,214.2,588694,Cash on Delivery,DELIVERED
1551,457,18,27,15,8,"March 07, 2025","March 11, 2025",168.5,819532,Card,DELIVERED
1552,189,2,28,20,1,2025-08-11,,166.3,169411,Wallet,Pending
1553,1769,13,35,10,11,09.04.2025,10.04.2025,311.6,8883,Card,DELIVERED
1554,1430,39,19,13,15,05-Feb-2025,,203.6,486073,Cash on Delivery,pending
1555,477,1000,35,4,16,12-03-2025,12-06-2025,45.8,58794,Wallet,delivered
1556,895,41,22,17,14,"June 03, 2025","June 05, 2025",110.5,745152,Wallet,Del.
1557,773,38,24,1,9,31-May-2025,,216.4,77964,Bank Transfer,pending
1558,436,28,55,21,21,2025-11-05,2025-11-07,170.2,493014,Card,Del.
1559,1204,1,9,20,2,08.12.2025,12.12.2025,341.8,417580,Wallet,Del.
1560,13,18,27,11,22,04/08/2025,,7.9,102493,Card,pending
1561,853,13,35,1,12,06.04.2025,12.04.2025,257.9,293740,Card,dlvrd
1562,1222,4,18,13,20,2025-11-05,,83.8,355020,Bank Transfer,in transit
1563,1611,2,28,13,1,08.02.2025,,-288.9,290598,Wallet,in transit
1564,1247,13,35,10,12,02/12/2025,02/12/2025,313.4,4529,Bank Transfer,Delivered
1565,885,36,49,6,10,2025-10-07,2025-10-12,300.7,823669,Bank Transfer,DELIVERED
1566,200,14,1,22,13,2025-03-25,2025-04-01,100.4,543553,Cash on Delivery,Delvered
1567,1284,38,24,1,8,2025/02/07,2025/02/09,140.0,584764,Bank Transfer,FAILED
1568,535,38,24,7,20,01-08-2025,01-14-2025,348.8,499751,Wallet,dlvrd
1569,393,31,15,16,1,04-16-2025,04-18-2025,55.4,472613,Card,Delvered
1570,1647,38,24,7,9,"June 28, 2025","June 30, 2025",229.5,0,Wallet,Returned
1571,1055,7,5,12,10,11/03/2025,17/03/2025,68.9,9117,Bank Transfer,RETURNED
1572,300,18,27,11,12,"May 18, 2025","May 18, 2025",328.0,589140,Cash on Delivery,Retund
1573,249,7,5,11,5,2025-09-12,2025-09-19,40.1,438810,Wallet,DELIVERED
1574,270,27,47,4,13,16/10/2025,21/10/2025,181.7,53175,Cash on Delivery,delivered
1575,691,42,53,12,21,08-26-2025,08-28-2025,67.0,836722,Bank Transfer,Returned
1576,541,21,14,22,20,2025/04/13,2025/04/15,236.5,545308,Bank Transfer,dlvrd
1577,313,6,16,11,15,2025/01/14,,176.7,785829,Cash on Delivery,IN TRANSIT
1578,944,6,16,19,17,07-11-2025,07-15-2025,119.0,611019,Card,returned
1579,407,17,11,5,18,26.09.2025,30.09.2025,324.3,52643,Wallet,delivered
1580,1473,41,22,9,5,06-21-2025,06-23-2025,181.5,92473,Card,Del.
1581,450,14,1,1,1,"February 03, 2025","February 08, 2025",149.7,241133,Cash on Delivery,Del.
1582,980,9,36,16,1,07-Aug-2025,12-Aug-2025,259.7,794907,Card,dlvrd
1583,160,29,34,3,7,2025/12/20,2025/12/21,275.6,144373,Wallet,Del.
1584,1262,43,54,10,16,02.07.2025,08.07.2025,66.0,751937,Bank Transfer,Retund
1585,757,9,36,19,8,18-Apr-2025,,31.8,346527,Wallet,In Transit
1586,1798,32,10,14,19,28-Feb-2025,28-Feb-2025,212.1,282266,Wallet,Delivered
1587,1014,34,52,4,11,2025/07/25,2025/07/27,65.3,739824,Bank Transfer,RETURNED
1588,914,36,49,3,9,2025/09/12,2025/09/19,302.8,,Bank Transfer,Failed
1589,1691,11,4,9,17,2025/05/22,2025/05/24,328.1,346300,Wallet,Delivered
1590,139,29,34,17,6,11-27-2025,,105.0,356143,Card,IN TRANSIT
1591,1316,34,52,21,21,"September 24, 2025","September 26, 2025",112.5,104530,Bank Transfer,DELIVERED
1592,1483,4,18,15,20,2025-09-01,,225.4,318542,Cash on Delivery,In Transit
1593,213,12,42,9,4,2025-06-29,2025-07-01,63.0,471980,Bank Transfer,Delvered
1594,1021,23,45,16,10,09/08/2025,,56.3,134032,Wallet,pending
1595,631,10,7,5,17,01-13-2025,01-14-2025,46.3,,Card,Del.
1596,1276,29,34,14,15,"March 29, 2025","April 02, 2025",13.7,828158,Card,RETURNED
1597,866,37,46,12,2,18/07/2025,24/07/2025,41.5,778152,Card,DELIVERED
1598,1640,35,40,2,22,"October 19, 2025","October 20, 2025",173.1,805602,Bank Transfer,delivered
1599,969,27,47,19,6,2025-01-15,2025-01-16,184.0,231478,Wallet,RETURNED
1600,933,36,49,15,6,08-27-2025,08-30-2025,217.0,775830,Card,Delvered
1601,1416,34,52,21,16,08-19-2025,08-20-2025,317.1,102136,Card,delivered
1602,303,3,12,7,15,2025/05/19,2025/05/24,278.9,207347,Wallet,DELIVERED
1603,1461,24,39,6,14,06-16-2025,06-17-2025,110.2,560568,Wallet,Delivered
1604,639,4,18,16,22,2025-03-18,2025-03-23,300.3,839543,Bank Transfer,Delivered
1605,939,1000,27,2,11,2025-03-28,2025-04-03,332.4,234547,Bank Transfer,FAILED
1606,1787,3,12,3,3,2025-07-27,2025-07-27,264.0,159843,Wallet,dlvrd
1607,1396,38,24,15,6,02-09-2025,,209.7,112868,Card,Pending
1608,1119,22,26,9,3,"September 02, 2025","September 09, 2025",32.2,139203,Card,FAILED
1609,482,13,35,22,10,10-Apr-2025,17-Apr-2025,179.9,300227,Wallet,failed
1610,986,16,50,19,12,"January 27, 2025","January 29, 2025",19.2,311177,Cash on Delivery,Failed
1611,481,17,11,8,15,14/03/2025,16/03/2025,40.8,700767,Card,dlvrd
1612,533,9,36,6,16,09/11/2025,,255.7,621856,Card,PENDING
1613,1541,12,42,10,1,2025/09/21,2025/09/21,274.1,427986,Cash on Delivery,Faild
1614,64,4,18,20,18,05-15-2025,,219.5,373078,Card,IN TRANSIT
1615,279,9,36,13,16,20/12/2025,,249.4,127253,Card,pending
1616,656,38,24,2,4,"April 07, 2025","April 10, 2025",199.2,83919,Cash on Delivery,Faild
1617,356,7,5,10,19,04-26-2025,,204.2,807042,Card,In-Transit
1618,981,6,16,3,22,19-Apr-2025,23-Apr-2025,231.1,488201,Bank Transfer,Delivered
1619,1614,27,47,3,13,"November 29, 2025",,125.6,65793,Wallet,In-Transit
1620,283,20,31,7,13,10-20-2025,10-21-2025,201.5,720719,Card,Delvered
1621,319,30,38,14,7,2025-08-29,2025-08-31,248.5,85753,Wallet,DELIVERED
1622,477,30,38,9,15,17.06.2025,17.06.2025,12.9,460301,Card,RETURNED
1623,612,21,14,11,7,14-Feb-2025,15-Feb-2025,112.6,571922,Cash on Delivery,delivered
1624,1652,41,22,7,12,2025-02-13,2025-02-16,126.8,208156,Wallet,failed
1625,1412,35,40,22,5,03-10-2025,03-12-2025,331.4,291161,Bank Transfer,Delivered
1626,1550,6,16,19,22,07/08/2025,,63.2,167762,Wallet,IN TRANSIT
1627,228,19,32,8,14,17-Jul-2025,22-Jul-2025,152.0,,Card,Del.
1628,856,5,30,20,12,"March 31, 2025","April 03, 2025",159.8,258585,Wallet,Delvered
1629,1750,28,55,2,9,28.03.2025,,70.0,548843,Wallet,PENDING
1630,643,32,10,18,13,05-13-2025,05-13-2025,311.3,123960,Bank Transfer,delivered
1631,1446,18,27,8,18,26.01.2025,30.01.2025,211.8,406298,Cash on Delivery,Del.
1632,729,26,44,22,2,11/04/2025,11/04/2025,237.7,550084,Wallet,failed
1633,1098,38,24,22,22,2025/02/25,2025/03/03,163.2,436385,Card,Del.
1634,402,32,10,14,13,"February 19, 2025","February 21, 2025",162.6,316535,Bank Transfer,Delvered
1635,1653,34,52,2,14,12.11.2025,17.11.2025,176.9,458325,Wallet,Delivered
1636,249,40,2,15,19,06-03-2025,,31.6,225286,Bank Transfer,IN TRANSIT
1637,302,24,39,10,5,11-Sep-2025,17-Sep-2025,13.5,136734,Cash on Delivery,Faild
1638,946,15,6,14,13,2025-01-26,2025-02-01,276.7,690516,Cash on Delivery,Delivered
1639,1273,15,6,10,1,2025/05/24,2025/05/28,37.7,605897,Card,Delivered
1640,1551,12,42,7,20,27/10/2025,03/11/2025,125.9,259665,Cash on Delivery,Delvered
1641,987,2,28,17,7,10/05/2025,13/05/2025,336.1,654950,Wallet,dlvrd
1642,1496,3,12,14,11,"April 17, 2025","April 18, 2025",103.3,118920,Cash on Delivery,Delivered
1643,1648,41,22,19,2,17.10.2025,18.10.2025,306.3,820482,Card,failed
1644,228,7,5,18,5,2025/11/17,2025/11/18,57.5,752115,Wallet,failed
1645,1383,2,28,3,22,06.10.2025,,55.7,474428,Wallet,PENDING
1646,13,43,54,22,5,02.07.2025,03.07.2025,213.6,360776,Card,Delivered
1647,510,11,4,19,19,06.06.2025,06.06.2025,232.9,822730,Bank Transfer,delivered
1648,1232,40,2,21,1,"December 12, 2025","December 17, 2025",269.0,524125,Cash on Delivery,delivered
1649,437,21,14,17,6,21.04.2025,26.04.2025,190.0,256356,Card,dlvrd
1650,1514,44,51,6,1,2025/02/27,2025/03/06,245.4,578467,Bank Transfer,FAILED
1651,556,36,49,2,12,2025-08-27,2025-08-31,340.8,614743,Card,DELIVERED
1652,1176,14,1,3,1,"April 01, 2025","April 01, 2025",242.5,544639,Wallet,Delivered
1653,235,4,18,5,14,"November 26, 2025","December 01, 2025",173.9,792242,Card,returned
1654,880,12,42,14,18,2025/03/02,2025/03/07,172.2,178302,Card,dlvrd
1655,1188,21,14,6,20,"November 03, 2025","November 05, 2025",205.0,253847,Wallet,Retund
1656,715,23,45,14,10,06.10.2025,,318.6,496856,Wallet,pending
1657,996,27,47,1,11,07-07-2025,07-07-2025,139.9,352697,Cash on Delivery,DELIVERED
1658,1031,11,4,15,1,06.08.2025,12.08.2025,133.5,41336,Wallet,Returned
1659,452,3,12,17,6,2025/06/01,2025/06/01,147.3,730368,Card,failed
1660,1569,1001,53,8,18,11-Dec-2025,,100.0,839153,Card,pending
1661,664,17,11,4,10,10-30-2025,,221.3,572641,Card,IN TRANSIT
1662,679,39,19,17,22,18.11.2025,25.11.2025,239.5,502650,Bank Transfer,DELIVERED
1663,163,3,12,5,1,2025/02/03,2025/02/04,33.3,389970,Wallet,Returned
1664,1157,4,18,18,20,11-Jun-2025,16-Jun-2025,3.0,515180,Bank Transfer,Delivered
1665,537,18,27,22,10,28/03/2025,,7.7,,Wallet,PENDING
1666,657,30,38,9,19,2025/10/08,2025/10/12,62.6,265586,Card,Delivered
1667,1713,43,54,15,19,16/01/2025,23/01/2025,141.9,235704,Bank Transfer,DELIVERED
1668,1205,32,10,12,18,2025-08-26,2025-09-02,23.4,113427,Bank Transfer,dlvrd
1669,1743,28,55,17,21,03-05-2025,03-11-2025,5.7,67260,Wallet,dlvrd
1670,1231,41,22,9,7,2025/12/05,2025/12/07,71.8,436104,Wallet,Returned
1671,1150,43,54,17,3,19/12/2025,21/12/2025,238.9,677323,Cash on Delivery,Delvered
1672,1290,7,5,15,1,"March 16, 2025","March 21, 2025",177.1,210341,Cash on Delivery,dlvrd
1673,1701,4,18,17,5,2025-06-06,2025-06-11,182.6,732573,Wallet,Del.
1674,1641,22,26,10,5,15-Nov-2025,17-Nov-2025,7.9,160048,Cash on Delivery,delivered
1675,489,14,1,16,16,"May 12, 2025","May 14, 2025",80.0,291502,Cash on Delivery,failed
1676,712,33,43,17,4,2025/03/25,,18.3,134252,Wallet,In-Transit
1677,828,29,34,6,3,2025-01-05,,20.6,803368,Wallet,pending
1678,1720,41,22,22,13,11-22-2025,11-24-2025,234.4,489634,Cash on Delivery,Delvered
1679,1241,38,24,13,18,06-17-2025,06-21-2025,207.3,701818,Bank Transfer,dlvrd
1680,955,4,18,5,22,2025/05/28,2025/05/31,89.2,577697,Bank Transfer,DELIVERED
1681,617,24,39,9,10,2025/09/06,2025/09/13,181.9,137723,Wallet,dlvrd
1682,51,31,15,9,8,10-13-2025,10-18-2025,56.0,191791,Bank Transfer,dlvrd
1683,272,17,11,15,4,19.03.2025,25.03.2025,91.6,648645,Card,returned
1684,973,30,38,5,6,16.03.2025,,156.7,295016,Cash on Delivery,Pending
1685,1753,39,19,14,8,2025-11-06,2025-11-07,233.1,388728,Bank Transfer,DELIVERED
1686,851,34,52,8,6,2025/11/06,2025/11/09,280.4,86880,Cash on Delivery,dlvrd
1687,372,36,49,18,4,"May 01, 2025","May 03, 2025",48.9,162865,Bank Transfer,FAILED
1688,1459,41,22,4,20,"January 07, 2025","January 09, 2025",19.6,802039,Cash on Delivery,delivered
1689,461,9,36,4,13,31-May-2025,03-Jun-2025,81.1,565871,Card,returned
1690,244,11,4,5,3,07/07/2025,,217.6,794490,Bank Transfer,In Transit
1691,1713,11,4,22,6,05-24-2025,05-30-2025,228.7,375674,Card,Delvered
1692,1159,23,45,15,16,02-24-2025,02-26-2025,143.2,92383,Cash on Delivery,Delivered
1693,240,25,13,22,5,"March 12, 2025","March 18, 2025",295.6,0,Bank Transfer,Del.
1694,1124,6,16,9,15,21/12/2025,22/12/2025,95.8,736182,Cash on Delivery,Delivered
1695,1748,8,29,16,5,2025-02-17,,209.3,0,Card,In Transit
1696,786,12,42,15,22,12-13-2025,,57.7,278455,Bank Transfer,pending
1697,1013,28,55,13,8,05.11.2025,06.11.2025,105.3,716334,Bank Transfer,DELIVERED
1698,524,25,13,14,14,"March 06, 2025","March 08, 2025",144.5,420073,Bank Transfer,Failed
1699,1418,28,55,2,12,14-May-2025,19-May-2025,129.4,320374,Cash on Delivery,Delivered
1700,455,8,29,3,4,28.06.2025,29.06.2025,296.4,513329,Bank Transfer,Delivered
1701,1386,30,38,9,7,09.11.2025,13.11.2025,246.9,452478,Bank Transfer,DELIVERED
1702,1298,40,2,18,15,18.08.2025,24.08.2025,198.7,114772,Cash on Delivery,returned
1703,344,17,11,16,11,"October 27, 2025",,310.4,589479,Wallet,In-Transit
1704,1556,1,9,17,4,06/10/2025,07/10/2025,337.3,753480,Card,Delivered
1705,951,7,5,11,6,11-Jan-2025,,253.9,673605,Card,PENDING
1706,652,23,45,3,18,2025-08-20,2025-08-25,129.5,611142,Cash on Delivery,delivered
1707,1274,43,54,16,6,28/05/2025,04/06/2025,230.9,451937,Card,dlvrd
1708,935,16,50,3,7,28/12/2025,01/01/2026,11.7,351468,Wallet,Del.
1709,917,20,31,12,20,2025-07-31,2025-08-03,-31.3,518651,Cash on Delivery,Faild
1710,130,41,22,17,7,"December 12, 2025","December 17, 2025",274.3,463463,Card,Delivered
1711,206,9,36,1,5,2025-03-01,2025-03-02,246.4,832010,Cash on Delivery,DELIVERED
1712,1160,8,29,7,9,01-03-2025,01-06-2025,320.7,406373,Cash on Delivery,Delivered
1713,1145,37,46,5,5,15-Jul-2025,15-Jul-2025,271.0,796487,Card,Del.
1714,1665,39,19,11,9,19.07.2025,20.07.2025,115.7,785171,Card,Delvered
1715,708,999,19,20,11,14.03.2025,19.03.2025,228.5,820195,Bank Transfer,Delivered
1716,1729,10,7,22,7,"January 09, 2025","January 13, 2025",33.4,112459,Wallet,Retund
1717,365,32,10,17,16,10-Apr-2025,15-Apr-2025,23.5,521094,Wallet,Delvered
1718,1296,42,53,6,20,06-09-2025,06-12-2025,210.2,219952,Bank Transfer,Del.
1719,705,8,29,15,15,06/05/2025,12/05/2025,285.7,169498,Card,dlvrd
1720,1591,28,55,6,15,14-Jun-2025,20-Jun-2025,265.2,425677,Bank Transfer,dlvrd
1721,1475,20,31,1,5,30/04/2025,05/05/2025,146.7,479811,Card,delivered
1722,715,11,4,13,14,09.03.2025,12.03.2025,210.3,311388,Card,DELIVERED
1723,477,5,30,21,15,2025-11-10,,315.3,8809,Cash on Delivery,In Transit
1724,1582,10,7,17,4,2025-04-19,2025-04-22,125.1,64167,Cash on Delivery,Delvered
1725,47,39,19,12,15,03-12-2025,03-16-2025,305.4,0,Card,Delvered
1726,1388,19,32,13,11,16/03/2025,22/03/2025,225.8,709413,Wallet,Del.
1727,634,30,38,8,3,2025-06-23,,301.1,732239,Bank Transfer,IN TRANSIT
1728,275,25,13,19,8,12-10-2025,12-13-2025,256.2,170542,Card,Returned
1729,637,43,54,2,12,"August 31, 2025","September 04, 2025",87.7,745799,Card,dlvrd
1730,1139,19,32,19,18,24.06.2025,24.06.2025,242.8,239072,Wallet,Delivered
1731,762,42,53,7,19,17/01/2025,24/01/2025,122.5,327918,Bank Transfer,returned
1732,1341,39,19,12,12,21.06.2025,,65.8,176811,Card,pending
1733,217,24,39,6,12,09-29-2025,09-30-2025,294.4,849842,Cash on Delivery,Returned
1734,748,19,32,18,7,16-Oct-2025,20-Oct-2025,63.4,493113,Cash on Delivery,dlvrd
1735,714,6,16,22,17,29-Jan-2025,31-Jan-2025,274.6,660145,Card,Del.
1736,1753,10,7,4,14,01.01.2025,03.01.2025,210.6,562475,Wallet,FAILED
1737,814,4,18,22,15,21.12.2025,25.12.2025,155.0,32638,Card,dlvrd
1738,597,37,46,3,14,02/05/2025,04/05/2025,36.6,325530,Wallet,FAILED
1739,1468,27,47,22,1,08-May-2025,13-May-2025,82.4,277886,Bank Transfer,dlvrd
1740,1505,29,34,8,20,10-Feb-2025,10-Feb-2025,235.2,810342,Bank Transfer,delivered
1741,249,23,45,21,10,21/02/2025,27/02/2025,75.1,150418,Cash on Delivery,delivered
1742,828,12,42,2,15,2025-06-22,2025-06-27,160.9,39830,Bank Transfer,Delvered
1743,763,17,11,12,7,12/09/2025,18/09/2025,303.2,155179,Wallet,Delvered
1744,103,36,49,1,1,04/12/2025,05/12/2025,56.1,330581,Card,dlvrd
1745,1145,39,19,4,20,07.03.2025,10.03.2025,-145.8,811923,Cash on Delivery,DELIVERED
1746,1460,9,36,15,22,2025-03-06,2025-03-08,47.6,111134,Wallet,delivered
1747,412,40,2,3,7,"August 24, 2025","August 29, 2025",200.1,606788,Card,Retund
1748,867,34,52,22,12,07/03/2025,08/03/2025,154.2,288252,Wallet,dlvrd
1749,847,13,35,6,18,28-May-2025,30-May-2025,83.5,242197,Wallet,Del.
1750,1434,35,40,11,10,2025-03-14,,181.3,186585,Card,in transit
1751,965,23,45,9,2,30.01.2025,04.02.2025,269.8,649997,Wallet,Delivered
1752,1413,18,27,8,18,2025-05-31,2025-06-02,309.8,142209,Wallet,returned
1753,1252,25,13,20,15,2025-07-07,,268.0,745441,Card,PENDING
1754,1243,29,34,8,7,2025/12/15,,160.0,733260,Bank Transfer,PENDING
1755,416,8,29,19,16,24.09.2025,25.09.2025,345.2,,Card,Delvered
1756,1671,1,9,2,7,12-Aug-2025,,139.3,83785,Wallet,IN TRANSIT
1757,717,32,10,17,21,2025/11/14,2025/11/15,308.0,74336,Bank Transfer,dlvrd
1758,1207,37,46,6,8,01.07.2025,02.07.2025,9.2,614852,Wallet,returned
1759,300,25,13,1,1,2025-06-19,2025-06-21,225.2,778652,Wallet,Delivered
1760,1719,31,15,19,10,"August 12, 2025","August 16, 2025",88.6,356109,Card,Failed
1761,422,26,44,17,14,02-05-2025,02-08-2025,243.8,321484,Wallet,FAILED
1762,1363,20,31,17,21,"October 13, 2025",,202.6,209781,Cash on Delivery,in transit
1763,1569,20,31,11,19,25/01/2025,27/01/2025,303.9,384587,Wallet,Delvered
1764,638,29,34,3,10,2025/03/05,2025/03/12,201.2,139757,Bank Transfer,Del.
1765,1014,35,40,5,16,10.03.2025,,248.6,652101,Wallet,In-Transit
1766,1408,18,27,2,22,28-Oct-2025,02-Nov-2025,286.1,548005,Card,Failed
1767,106,35,40,14,11,"December 19, 2025","December 22, 2025",273.0,784772,Wallet,dlvrd
1768,1750,32,10,21,20,14.07.2025,16.07.2025,-260.5,833516,Wallet,Failed
1769,627,19,32,11,6,11-Apr-2025,14-Apr-2025,-245.4,423438,Bank Transfer,Failed
1770,1349,20,31,18,14,04/11/2025,10/11/2025,179.9,166012,Card,delivered
1771,964,32,10,12,12,2025/09/30,2025/10/01,275.6,590216,Card,DELIVERED
1772,456,30,38,5,5,2025/07/09,2025/07/14,92.0,261411,Bank Transfer,DELIVERED
1773,1351,43,54,14,14,2025-05-10,2025-05-13,-154.6,131083,Cash on Delivery,Failed
1774,1583,18,27,17,22,"February 27, 2025","March 01, 2025",162.0,712574,Card,dlvrd
1775,1080,14,1,15,14,"October 10, 2025","October 12, 2025",279.2,128905,Wallet,Del.
1776,511,41,22,11,2,2025/11/05,2025/11/07,221.9,417934,Cash on Delivery,RETURNED
1777,1223,14,1,13,1,29/05/2025,31/05/2025,208.8,299537,Wallet,Del.
1778,828,29,34,15,15,10-03-2025,10-07-2025,336.7,512287,Wallet,Delivered
1779,445,32,10,2,12,05-24-2025,05-25-2025,234.7,330951,Wallet,delivered
1780,1598,27,47,20,4,21/07/2025,,75.6,0,Bank Transfer,In-Transit
1781,975,34,52,5,13,15.06.2025,,5.9,601462,Bank Transfer,PENDING
1782,1075,38,24,1,1,19.09.2025,24.09.2025,152.9,138567,Cash on Delivery,FAILED
1783,1263,30,38,1,10,25/04/2025,,252.9,711220,Wallet,IN TRANSIT
1784,1466,37,46,2,16,2025-11-06,2025-11-12,156.7,593594,Bank Transfer,Del.
1785,279,31,15,15,12,2025-08-03,,165.7,479426,Bank Transfer,PENDING
1786,222,36,49,9,12,"July 13, 2025",,-208.8,439332,Cash on Delivery,Pending
1787,1020,26,44,11,1,"November 10, 2025","November 16, 2025",240.1,752158,Card,dlvrd
1788,694,7,5,6,7,05.06.2025,10.06.2025,340.5,652237,Cash on Delivery,dlvrd
1789,428,21,14,2,8,11.08.2025,16.08.2025,115.8,298144,Cash on Delivery,Faild
1790,428,5,30,14,4,2025-03-13,2025-03-19,298.4,428112,Wallet,Del.
1791,644,34,52,5,18,2025-10-26,,265.7,430506,Card,in transit
1792,154,25,13,17,12,2025/01/27,2025/02/02,327.6,129005,Bank Transfer,DELIVERED
1793,1123,39,19,9,9,"May 04, 2025","May 08, 2025",330.4,263058,Cash on Delivery,delivered
1794,1085,25,13,16,2,03-20-2025,03-25-2025,11.6,708964,Bank Transfer,Delivered
1795,1721,4,18,22,8,2025-08-02,,220.7,48890,Bank Transfer,IN TRANSIT
1796,1319,32,10,12,15,10-03-2025,10-06-2025,76.0,822327,Card,dlvrd
1797,667,37,46,5,3,18/07/2025,24/07/2025,208.2,770728,Bank Transfer,Delivered
1798,268,44,51,14,21,2025/03/10,2025/03/11,170.8,470279,Card,returned
1799,512,1,9,16,18,17-Apr-2025,18-Apr-2025,136.3,155210,Bank Transfer,Delvered
1800,1532,3,12,22,11,2025/01/17,,251.0,298523,Cash on Delivery,Pending
1801,671,4,18,16,12,2025/02/17,,95.8,634892,Cash on Delivery,In-Transit
1802,102,18,27,16,15,11-14-2025,,322.1,832931,Cash on Delivery,Pending
1803,605,39,19,9,14,03-Dec-2025,,120.7,5162,Card,pending
1804,811,24,39,13,14,05-29-2025,06-01-2025,234.1,582863,Bank Transfer,Del.
1805,577,36,49,5,8,22.02.2025,23.02.2025,65.0,434796,Wallet,Delvered
1806,828,4,18,7,11,04-Dec-2025,05-Dec-2025,263.6,71591,Cash on Delivery,Delvered
1807,1038,20,31,10,16,2025-08-22,2025-08-26,276.5,194210,Wallet,Failed
1808,1070,34,52,18,11,2025/05/20,2025/05/22,70.6,268348,Wallet,Faild
1809,400,41,22,20,16,2025/08/03,2025/08/06,261.6,413369,Card,Delivered
1810,1224,5,30,11,9,2025-10-27,2025-11-01,45.9,437763,Cash on Delivery,DELIVERED
1811,99,39,19,21,22,"March 02, 2025","March 02, 2025",108.5,586353,Bank Transfer,delivered
1812,778,23,45,22,10,2025-08-31,2025-09-01,67.4,231069,Wallet,Returned
1813,998,42,53,4,19,2025/02/22,2025/02/27,335.1,496278,Wallet,RETURNED
1814,957,5,30,6,20,22/09/2025,24/09/2025,188.2,752401,Wallet,dlvrd
1815,36,22,26,10,13,2025/01/02,2025/01/08,-9.6,223935,Cash on Delivery,Failed
1816,982,12,42,8,7,10/09/2025,12/09/2025,288.8,686990,Wallet,delivered
1817,1330,4,18,13,2,14/05/2025,17/05/2025,83.4,141331,Cash on Delivery,RETURNED
1818,1154,24,39,15,7,"February 19, 2025","February 24, 2025",237.6,370323,Cash on Delivery,Delivered
1819,321,21,14,15,9,"February 15, 2025","February 20, 2025",229.8,329966,Cash on Delivery,Delivered
1820,1469,11,4,2,21,2025/12/24,2025/12/31,323.6,36532,Card,dlvrd
1821,1248,39,19,20,7,"June 13, 2025","June 17, 2025",106.6,143806,Wallet,Delvered
1822,728,11,4,13,12,21-Sep-2025,25-Sep-2025,236.3,371423,Bank Transfer,Del.
1823,344,15,6,5,21,11-26-2025,11-28-2025,338.0,545573,Bank Transfer,FAILED
1824,591,30,38,22,11,28/05/2025,02/06/2025,178.3,362357,Bank Transfer,delivered
1825,700,5,30,8,11,"June 30, 2025",,172.6,324050,Wallet,In Transit
1826,1534,23,45,9,16,01/09/2025,07/09/2025,146.5,565464,Card,delivered
1827,219,27,47,6,4,"November 02, 2025","November 04, 2025",80.1,774716,Card,delivered
1828,416,3,12,16,4,"May 17, 2025","May 23, 2025",45.4,732868,Cash on Delivery,dlvrd
1829,427,12,42,6,14,11/04/2025,11/04/2025,247.8,674546,Wallet,Delvered
1830,911,12,42,3,19,13-Apr-2025,,192.8,118724,Card,In-Transit
1831,676,44,51,14,10,10-26-2025,10-31-2025,7.1,369685,Cash on Delivery,Delivered
1832,1166,37,46,13,19,2025/04/22,,184.6,549875,Bank Transfer,PENDING
1833,1151,8,29,22,15,2025-03-30,2025-04-01,337.2,9445,Wallet,Delivered
1834,432,31,15,11,7,01-18-2025,01-24-2025,177.6,348324,Bank Transfer,Del.
1835,122,6,16,22,13,06.06.2025,12.06.2025,216.3,522366,Card,DELIVERED
1836,1358,43,54,2,7,2025/03/15,,117.0,535933,Wallet,IN TRANSIT
1837,1777,11,4,17,10,07-Apr-2025,13-Apr-2025,93.1,631035,Cash on Delivery,Delvered
1838,1130,42,53,2,22,10-22-2025,10-24-2025,255.6,270787,Cash on Delivery,Delivered
1839,1442,41,22,8,22,"May 20, 2025","May 22, 2025",58.2,187860,Wallet,Delivered
1840,1433,14,1,19,6,11-04-2025,,140.4,24190,Bank Transfer,In-Transit
1841,1082,12,42,21,11,"August 20, 2025","August 21, 2025",177.1,466775,Wallet,delivered
1842,1240,39,19,16,1,2025/08/28,,247.7,305540,Cash on Delivery,IN TRANSIT
1843,700,29,34,21,7,01-29-2025,02-01-2025,235.4,425031,Card,dlvrd
1844,1575,32,10,12,7,2025/03/12,2025/03/14,240.3,23041,Wallet,delivered
1845,144,27,47,4,12,15/09/2025,20/09/2025,214.3,589116,Cash on Delivery,Del.
1846,423,37,46,21,21,02-Mar-2025,,28.5,168196,Wallet,pending
1847,181,13,35,7,13,18.06.2025,19.06.2025,261.9,438752,Card,failed
1848,1688,37,46,20,15,04-19-2025,04-25-2025,91.0,373531,Card,delivered
1849,603,10,7,1,14,2025-04-11,2025-04-16,330.9,240195,Wallet,Retund
1850,1300,37,46,1,7,02-28-2025,03-01-2025,-37.6,324595,Card,Del.
1851,832,19,32,9,22,14.04.2025,,171.3,409940,Bank Transfer,In-Transit
1852,792,13,35,20,17,"January 03, 2025","January 07, 2025",242.4,523562,Cash on Delivery,Delvered
1853,1365,25,13,16,4,06-Feb-2025,09-Feb-2025,300.1,459978,Cash on Delivery,Delvered
1854,1195,27,47,11,5,"September 21, 2025","September 27, 2025",294.6,267751,Cash on Delivery,DELIVERED
1855,1260,11,4,6,20,2025/06/22,,185.7,286070,Cash on Delivery,pending
1856,392,31,15,2,8,06.02.2025,12.02.2025,66.0,707043,Bank Transfer,failed
1857,1422,10,7,22,5,2025/01/19,2025/01/24,55.1,207660,Bank Transfer,delivered
1858,1563,43,54,16,8,23/08/2025,,56.8,833274,Wallet,in transit
1859,374,27,47,5,19,18/06/2025,18/06/2025,108.0,321529,Cash on Delivery,delivered
1860,1658,38,24,19,20,2025/09/16,2025/09/22,154.8,437815,Bank Transfer,Delivered
1861,173,5,30,19,18,2025/12/25,2025/12/29,154.4,19930,Bank Transfer,Delivered
1862,904,36,49,4,19,2025-11-29,2025-12-05,51.4,553082,Wallet,Returned
1863,837,34,52,6,9,27/09/2025,01/10/2025,343.6,554636,Wallet,delivered
1864,157,11,4,2,8,03-31-2025,04-02-2025,298.9,611477,Cash on Delivery,dlvrd
1865,1637,18,27,4,14,"August 11, 2025","August 11, 2025",288.2,699989,Cash on Delivery,dlvrd
1866,1404,34,52,4,4,02-11-2025,02-13-2025,289.7,40704,Wallet,Delvered
1867,99,16,50,18,4,2025/06/22,2025/06/26,81.3,326400,Card,Returned
1868,1050,35,40,22,15,2025-02-09,,71.2,424853,Bank Transfer,PENDING
1869,182,17,11,1,21,31.08.2025,01.09.2025,347.0,158675,Cash on Delivery,Delivered
1870,1702,19,32,10,8,2025/06/08,2025/06/09,199.3,126388,Cash on Delivery,Del.
1871,1078,24,39,20,8,"January 04, 2025","January 04, 2025",91.9,75479,Wallet,failed
1872,1440,26,44,4,13,12-Oct-2025,17-Oct-2025,95.1,458621,Card,Returned
1873,1049,26,44,4,18,06/11/2025,09/11/2025,80.8,49278,Cash on Delivery,DELIVERED
1874,1332,38,24,13,5,08.02.2025,12.02.2025,4.6,576120,Card,Delivered
1875,1432,34,52,13,14,2025/07/12,2025/07/18,286.6,675116,Bank Transfer,returned
1876,1421,11,4,15,3,02-Aug-2025,04-Aug-2025,137.1,589623,Wallet,Del.
1877,171,32,10,4,5,2025/01/10,2025/01/16,183.8,532852,Wallet,returned
1878,1647,22,26,14,6,2025/03/12,2025/03/19,162.2,0,Bank Transfer,dlvrd
1879,1540,10,7,1,9,24/03/2025,25/03/2025,211.8,318852,Card,Failed
1880,575,27,47,1,2,06-26-2025,,109.6,483026,Cash on Delivery,Pending
1881,1794,1,9,11,14,2025-03-17,2025-03-20,158.6,694700,Card,dlvrd
1882,396,39,19,13,20,22/10/2025,23/10/2025,181.7,748996,Wallet,dlvrd
1883,912,30,38,22,16,2025/12/30,2026/01/05,112.8,579561,Cash on Delivery,failed
1884,1296,35,40,20,15,2025-02-15,2025-02-22,223.5,280049,Bank Transfer,Del.
1885,84,19,32,11,14,01-Oct-2025,,191.1,743828,Bank Transfer,In-Transit
1886,1182,29,34,7,17,"May 23, 2025","May 30, 2025",30.1,0,Bank Transfer,dlvrd
1887,35,31,15,10,13,30/09/2025,04/10/2025,241.2,375159,Wallet,returned
1888,496,20,31,10,11,2025-07-23,,176.0,647542,Bank Transfer,PENDING
1889,607,7,5,20,13,2025-09-07,2025-09-12,281.2,767419,Bank Transfer,Delivered
1890,242,23,45,3,2,2025-07-26,2025-08-01,339.4,114780,Card,Delvered
1891,766,17,11,1,1,02-Jun-2025,05-Jun-2025,27.6,653636,Card,Failed
1892,45,35,40,6,4,18/10/2025,19/10/2025,288.2,20558,Wallet,Delivered
1893,1376,18,27,7,5,23-Sep-2025,,69.3,396751,Wallet,IN TRANSIT
1894,770,12,42,13,18,22-May-2025,,338.7,356948,Wallet,In Transit
1895,896,29,34,12,17,09/10/2025,13/10/2025,139.3,591810,Bank Transfer,delivered
1896,187,43,54,13,12,24.09.2025,25.09.2025,341.4,469051,Cash on Delivery,Del.
1897,904,13,35,10,15,27-Oct-2025,30-Oct-2025,231.3,17451,Wallet,dlvrd
1898,898,12,42,22,10,05/01/2025,08/01/2025,240.7,277097,Cash on Delivery,DELIVERED
1899,677,21,14,3,18,2025/02/28,,83.0,62841,Card,PENDING
1900,1288,31,15,20,17,16-Nov-2025,21-Nov-2025,187.0,433636,Wallet,Delivered
1901,1161,3,12,8,20,02-24-2025,02-27-2025,118.5,330734,Bank Transfer,delivered
1902,1626,35,40,7,11,2025-05-03,2025-05-05,4.0,751323,Cash on Delivery,Failed
1903,570,35,40,20,17,11.05.2025,14.05.2025,340.9,307203,Card,failed
1904,386,5,30,5,22,2025/10/09,2025/10/12,85.9,843580,Cash on Delivery,failed
1905,1057,30,38,16,7,11/06/2025,12/06/2025,97.0,92760,Bank Transfer,Faild
1906,713,2,28,19,18,05/11/2025,05/11/2025,134.1,,Wallet,delivered
1907,364,25,13,9,9,05-May-2025,,51.5,120543,Bank Transfer,in transit
1908,1207,10,7,17,3,2025/03/12,2025/03/13,65.2,83702,Bank Transfer,Returned
1909,339,1001,29,8,16,13-Sep-2025,16-Sep-2025,131.4,176384,Card,Delvered
1910,330,35,40,14,15,08/06/2025,,96.7,54461,Card,Pending
1911,476,17,11,18,22,2025-05-05,2025-05-09,250.9,48746,Wallet,DELIVERED
1912,860,14,1,18,5,2025/02/17,2025/02/21,238.8,809845,Card,dlvrd
1913,548,22,26,4,5,28.08.2025,02.09.2025,232.7,424490,Card,Delvered
1914,668,5,30,21,20,22/02/2025,,294.2,845738,Cash on Delivery,pending
1915,1380,25,13,2,5,06-01-2025,06-05-2025,211.3,486964,Card,Del.
1916,1137,31,15,22,12,11.03.2025,,68.3,298777,Cash on Delivery,pending
1917,1241,8,29,5,13,04/01/2025,04/01/2025,83.9,790087,Wallet,dlvrd
1918,86,21,14,13,21,24.10.2025,,217.9,101216,Bank Transfer,PENDING
1919,452,10,7,22,8,2025-04-07,2025-04-12,118.0,67556,Cash on Delivery,Returned
1920,736,3,12,8,5,05-Oct-2025,06-Oct-2025,83.8,651855,Wallet,dlvrd
1921,963,30,38,18,6,2025-06-30,2025-07-04,215.6,415052,Wallet,Del.
1922,1596,13,35,2,6,"March 04, 2025","March 05, 2025",8.9,132363,Card,DELIVERED
1923,1424,18,27,22,12,15-Feb-2025,19-Feb-2025,339.8,661681,Wallet,FAILED
1924,844,33,43,20,4,06-Jun-2025,08-Jun-2025,8.0,711683,Bank Transfer,Del.
1925,1040,10,7,6,7,16/06/2025,22/06/2025,329.7,191276,Card,returned
1926,702,26,44,9,4,2025-07-08,2025-07-11,189.6,68574,Cash on Delivery,Delivered
1927,1024,41,22,20,8,16/04/2025,,178.9,110879,Cash on Delivery,In-Transit
1928,712,4,18,21,12,2025/11/29,2025/11/30,177.2,392867,Card,Delvered
1929,563,41,22,9,13,2025/06/13,2025/06/15,38.7,209381,Bank Transfer,Delvered
1930,1516,5,30,9,11,2025-08-29,2025-08-31,88.9,34237,Bank Transfer,DELIVERED
1931,1183,35,40,8,3,2025-03-21,2025-03-25,59.4,356804,Bank Transfer,Returned
1932,22,7,5,20,12,13-Feb-2025,16-Feb-2025,301.2,734284,Bank Transfer,Faild
1933,46,13,35,19,16,2025/12/20,2025/12/25,71.0,834680,Cash on Delivery,Delvered
1934,655,14,1,21,13,09-May-2025,10-May-2025,231.5,795975,Card,failed
1935,112,23,45,1,7,10-01-2025,10-04-2025,233.0,314267,Cash on Delivery,failed
1936,1727,35,40,8,10,"May 03, 2025",,313.0,375673,Wallet,In-Transit
1937,1194,9,36,22,21,14.09.2025,,328.7,74951,Cash on Delivery,In-Transit
1938,463,32,10,10,2,2025/04/23,2025/04/27,25.0,845243,Bank Transfer,Delvered
1939,1796,44,51,3,8,2025-11-23,,253.1,17631,Card,In Transit
1940,1189,10,7,5,15,2025/05/17,2025/05/19,88.9,247068,Cash on Delivery,Delvered
1941,423,29,34,13,11,2025-06-08,2025-06-14,309.6,502787,Card,Del.
1942,1070,8,29,5,13,18.10.2025,22.10.2025,188.1,462847,Cash on Delivery,Del.
1943,1493,44,51,15,15,15-Sep-2025,18-Sep-2025,149.7,782355,Wallet,Retund
1944,951,43,54,16,14,17.11.2025,19.11.2025,7.5,623047,Card,delivered
1945,1582,12,42,10,3,"August 11, 2025","August 13, 2025",197.7,46263,Wallet,dlvrd
1946,1798,14,1,7,5,"January 02, 2025","January 04, 2025",117.6,497052,Card,Returned
1947,1592,14,1,16,13,"January 29, 2025","February 03, 2025",183.9,29036,Cash on Delivery,dlvrd
1948,709,19,32,10,8,16-Nov-2025,21-Nov-2025,197.9,387102,Wallet,FAILED
1949,601,38,24,20,17,07-13-2025,,91.1,827919,Cash on Delivery,PENDING
1950,856,26,44,5,21,"August 22, 2025","August 23, 2025",94.6,476577,Cash on Delivery,Delvered
1951,130,30,38,22,20,02.03.2025,,40.7,519381,Cash on Delivery,Pending
1952,976,36,49,3,17,09/12/2025,11/12/2025,54.1,472856,Bank Transfer,Failed
1953,971,31,15,8,10,28/12/2025,03/01/2026,319.1,294942,Card,Delivered
1954,1528,27,47,20,3,2025-07-27,2025-07-29,10.2,436626,Wallet,Faild
1955,1646,1001,6,11,21,"July 31, 2025","August 07, 2025",82.4,,Wallet,Faild
1956,543,10,7,3,10,21.05.2025,25.05.2025,192.5,56974,Bank Transfer,Delivered
1957,428,17,11,20,5,2025/11/23,2025/11/24,142.6,124775,Cash on Delivery,Delivered
1958,1058,40,2,9,16,15-Oct-2025,,202.4,0,Card,In Transit
1959,1676,15,6,13,5,2025/03/10,2025/03/16,151.1,96232,Cash on Delivery,failed
1960,1583,28,55,7,1,2025-03-30,2025-04-01,265.8,785246,Wallet,failed
1961,820,28,55,4,22,05/01/2025,,217.8,521773,Card,in transit
1962,741,16,50,7,3,"June 30, 2025",,60.3,612163,Bank Transfer,In Transit
1963,1625,28,55,15,22,09/10/2025,12/10/2025,187.1,456666,Cash on Delivery,DELIVERED
1964,9,42,53,7,17,26/05/2025,28/05/2025,303.6,543882,Card,Delvered
1965,805,17,11,17,3,23-Feb-2025,,121.1,413399,Bank Transfer,pending
1966,1252,19,32,1,9,23.12.2025,25.12.2025,156.1,68110,Cash on Delivery,dlvrd
1967,445,9,36,6,19,05-18-2025,05-22-2025,292.9,237538,Cash on Delivery,dlvrd
1968,652,35,40,9,16,03.03.2025,04.03.2025,114.1,361143,Wallet,Delvered
1969,909,19,32,4,9,08.10.2025,13.10.2025,59.4,111660,Card,delivered
1970,1762,2,28,18,2,08-31-2025,09-05-2025,-176.8,763190,Card,Delivered
1971,1301,37,46,12,22,02-11-2025,02-11-2025,19.3,494726,Cash on Delivery,dlvrd
1972,1225,30,38,18,5,20-Oct-2025,21-Oct-2025,290.2,670923,Cash on Delivery,FAILED
1973,614,1001,30,2,18,2025/08/31,2025/09/01,13.2,90290,Bank Transfer,DELIVERED
1974,1684,4,18,19,6,05-Oct-2025,,42.7,120966,Cash on Delivery,pending
1975,45,30,38,19,19,20-Dec-2025,20-Dec-2025,203.1,376849,Bank Transfer,dlvrd
1976,1257,7,5,22,22,2025/03/16,2025/03/21,211.6,586764,Wallet,delivered
1977,640,37,46,22,6,"December 20, 2025",,236.3,762965,Bank Transfer,Pending
1978,900,3,12,22,21,28-Aug-2025,29-Aug-2025,210.9,633396,Card,DELIVERED
1979,368,1000,49,7,9,20/11/2025,,131.8,462713,Cash on Delivery,In-Transit
1980,454,8,29,18,15,"February 02, 2025",,107.8,97338,Bank Transfer,PENDING
1981,1254,8,29,9,20,16-Nov-2025,20-Nov-2025,254.4,286760,Wallet,delivered
1982,1616,1,9,15,9,2025/12/25,,199.3,93180,Card,Pending
1983,372,25,13,9,9,2025-06-27,2025-07-03,337.9,70088,Wallet,Delvered
1984,1225,16,50,4,12,25/07/2025,30/07/2025,196.2,763697,Cash on Delivery,DELIVERED
1985,1246,27,47,3,2,28-Oct-2025,28-Oct-2025,141.5,596888,Card,delivered
1986,1450,22,26,2,15,2025-10-16,2025-10-19,199.3,19451,Cash on Delivery,Del.
1987,37,2,28,11,20,2025-10-04,2025-10-08,116.2,232261,Bank Transfer,failed
1988,525,30,38,19,8,"September 19, 2025","September 22, 2025",278.0,466963,Wallet,Returned
1989,82,41,22,21,7,2025-09-26,2025-09-30,163.6,611168,Cash on Delivery,dlvrd
1990,202,29,34,12,4,"September 15, 2025","September 15, 2025",110.2,666145,Card,Returned
1991,647,17,11,16,3,2025-06-02,2025-06-06,191.7,565565,Bank Transfer,Returned
1992,1700,38,24,22,9,"January 11, 2025","January 13, 2025",107.6,486602,Cash on Delivery,Delvered
1993,1673,44,51,7,19,25/01/2025,30/01/2025,315.4,304418,Cash on Delivery,DELIVERED
1994,19,5,30,13,12,22.02.2025,24.02.2025,98.6,373138,Wallet,delivered
1995,942,14,1,4,14,07/11/2025,,81.7,73967,Wallet,In-Transit
1996,261,42,53,14,4,14/05/2025,,289.1,71733,Card,in transit
1997,106,44,51,6,11,"April 25, 2025","April 25, 2025",97.8,401447,Bank Transfer,Del.
1998,605,27,47,17,8,01/04/2025,08/04/2025,195.3,92310,Wallet,dlvrd
1999,519,5,30,12,17,13.07.2025,17.07.2025,69.5,177953,Cash on Delivery,Delivered
2000,1781,17,11,3,11,11/12/2025,13/12/2025,314.4,87165,Bank Transfer,dlvrd
2001,1215,22,26,10,9,19/11/2025,20/11/2025,309.2,788892,Wallet,Retund
2002,1536,24,39,5,2,20/12/2025,25/12/2025,242.8,378820,Cash on Delivery,dlvrd
2003,265,25,13,8,15,2025-06-09,,345.8,679915,Wallet,IN TRANSIT
2004,274,1,9,20,6,12.11.2025,13.11.2025,203.3,401543,Cash on Delivery,failed
2005,1710,3,12,8,3,10.11.2025,,12.7,32416,Cash on Delivery,Pending
2006,638,27,47,19,11,01/10/2025,07/10/2025,249.1,715900,Card,Del.
2007,1512,14,1,20,1,03.04.2025,08.04.2025,95.2,20843,Wallet,Retund
2008,645,39,19,10,7,03-26-2025,,199.3,63839,Card,pending
2009,531,44,51,15,9,03/02/2025,07/02/2025,143.4,685822,Card,Delivered
2010,571,35,40,15,22,05.06.2025,07.06.2025,125.6,672820,Bank Transfer,RETURNED
2011,288,9,36,20,19,14-Jul-2025,16-Jul-2025,21.3,493278,Bank Transfer,dlvrd
2012,661,41,22,9,12,"March 17, 2025",,254.1,376384,Wallet,Pending
2013,1627,43,54,15,15,22.04.2025,,330.4,24379,Card,PENDING
2014,523,4,18,13,18,2025/09/03,2025/09/10,339.1,694590,Card,Delvered
2015,1045,999,40,7,11,14.09.2025,16.09.2025,187.2,310033,Cash on Delivery,Delivered
2016,810,31,15,21,14,12-28-2025,01-03-2026,324.2,152225,Bank Transfer,dlvrd
2017,1214,42,53,20,15,18.01.2025,18.01.2025,105.0,463391,Card,Delivered
2018,1147,4,18,4,7,03.07.2025,08.07.2025,87.3,606194,Card,dlvrd
2019,1797,38,24,3,16,13/08/2025,14/08/2025,287.4,740432,Wallet,dlvrd
2020,1365,43,54,1,20,09-04-2025,09-11-2025,79.0,560495,Cash on Delivery,Delvered
2021,681,22,26,7,2,24-Apr-2025,24-Apr-2025,240.2,331736,Bank Transfer,Del.
2022,549,5,30,17,6,11-14-2025,11-21-2025,92.6,641932,Bank Transfer,Delivered
2023,1693,1000,53,12,11,02/11/2025,05/11/2025,-279.9,694304,Bank Transfer,Returned
2024,1625,27,47,18,21,2025/07/18,,-203.3,,Bank Transfer,in transit
2025,1353,17,11,7,14,18.02.2025,21.02.2025,290.5,379502,Card,delivered
2026,1647,15,6,1,15,11-05-2025,11-09-2025,166.8,41983,Cash on Delivery,DELIVERED
2027,1071,7,5,10,21,07-Jun-2025,,338.8,730888,Bank Transfer,In-Transit
2028,1250,8,29,19,6,2025-11-27,2025-11-30,160.7,0,Bank Transfer,dlvrd
2029,965,7,5,21,20,"June 10, 2025","June 14, 2025",348.0,756810,Wallet,Del.
2030,574,29,34,14,13,2025-10-12,2025-10-18,289.9,322469,Cash on Delivery,Delivered
2031,1800,32,10,5,10,02/03/2025,08/03/2025,183.7,268702,Card,FAILED
2032,56,36,49,6,22,25.09.2025,25.09.2025,243.4,657624,Card,Delivered
2033,642,7,5,22,16,2025/10/29,2025/11/01,310.4,159811,Card,DELIVERED
2034,1535,30,38,16,2,22.09.2025,25.09.2025,275.7,349444,Bank Transfer,DELIVERED
2035,1289,26,44,11,22,12.08.2025,17.08.2025,219.8,0,Wallet,delivered
2036,1547,29,34,9,12,04-Jul-2025,,193.0,585597,Cash on Delivery,IN TRANSIT
2037,621,10,7,9,1,2025-08-19,,71.7,470250,Bank Transfer,IN TRANSIT
2038,934,32,10,11,3,21/11/2025,27/11/2025,60.0,,Card,dlvrd
2039,1099,36,49,1,14,13/03/2025,14/03/2025,95.3,6042,Cash on Delivery,delivered
2040,1679,12,42,18,7,2025/03/18,2025/03/24,59.9,119182,Card,Del.
2041,1110,11,4,22,6,2025/04/20,2025/04/21,334.5,618739,Wallet,Del.
2042,404,15,6,5,4,08-17-2025,08-20-2025,112.7,70423,Wallet,Delvered
2043,1057,32,10,20,22,05-15-2025,05-16-2025,59.5,581101,Bank Transfer,Delivered
2044,298,1,9,2,2,"November 28, 2025","December 02, 2025",87.8,208203,Bank Transfer,Delvered
2045,192,15,6,11,15,30/04/2025,,348.5,824772,Bank Transfer,in transit
2046,1391,40,2,15,13,2025/03/28,,328.8,632179,Wallet,In-Transit
2047,325,30,38,6,9,17.06.2025,21.06.2025,42.3,827548,Cash on Delivery,Delivered
2048,682,19,32,13,15,03.09.2025,,130.2,608721,Cash on Delivery,pending
2049,1609,32,10,16,4,"November 18, 2025","November 21, 2025",182.7,46362,Card,delivered
2050,620,8,29,4,18,2025/06/13,2025/06/20,110.9,168185,Cash on Delivery,Failed
2051,422,15,6,4,8,2025/02/25,2025/03/03,326.2,26455,Wallet,Returned
2052,468,9,36,5,6,2025/09/04,,15.6,201523,Wallet,PENDING
2053,432,27,47,19,4,2025/04/02,2025/04/08,98.2,353701,Cash on Delivery,Delivered
2054,1117,42,53,13,16,2025-07-14,,215.1,742566,Cash on Delivery,PENDING
2055,1118,22,26,12,3,2025/05/15,2025/05/21,59.9,285435,Cash on Delivery,Delivered
2056,360,42,53,8,1,"September 01, 2025",,170.7,99214,Card,In-Transit
2057,454,25,13,10,3,2025-04-30,2025-05-04,57.2,675842,Bank Transfer,Del.
2058,808,19,32,11,21,2025-02-01,,134.6,550431,Wallet,In-Transit
2059,1616,6,16,6,20,2025-09-12,2025-09-16,263.7,0,Cash on Delivery,Returned
2060,1440,8,29,16,18,23/09/2025,28/09/2025,256.9,61952,Card,Delvered
2061,473,31,15,20,22,13-May-2025,,103.3,298813,Card,IN TRANSIT
2062,1453,29,34,20,6,13-Dec-2025,18-Dec-2025,240.7,266416,Bank Transfer,Del.
2063,1248,25,13,18,6,2025/02/13,,47.6,763294,Wallet,In Transit
2064,1230,5,30,3,6,04-01-2025,,330.0,678722,Wallet,In Transit
2065,351,7,5,6,11,08/11/2025,,68.8,657306,Wallet,pending
2066,1378,33,43,6,18,11/05/2025,13/05/2025,253.9,753115,Cash on Delivery,Delivered
2067,315,26,44,10,16,04.12.2025,06.12.2025,152.0,176882,Bank Transfer,Faild
2068,718,44,51,3,7,"October 01, 2025","October 06, 2025",186.6,606613,Cash on Delivery,Retund
2069,140,1001,18,20,5,2025/11/15,2025/11/18,150.4,79326,Bank Transfer,Delivered
2070,204,12,42,2,15,08-Oct-2025,,248.3,141574,Bank Transfer,pending
2071,97,16,50,5,6,03-02-2025,03-09-2025,56.5,145093,Cash on Delivery,dlvrd
2072,1118,28,55,5,11,2025-08-29,2025-09-02,53.7,413234,Wallet,Delivered
2073,1546,1,9,16,20,08.11.2025,10.11.2025,203.3,0,Cash on Delivery,delivered
2074,142,23,45,10,21,05.06.2025,07.06.2025,10.8,776108,Bank Transfer,Del.
2075,1169,21,14,6,5,25.07.2025,,248.8,829266,Wallet,In Transit
2076,851,3,12,20,8,29.06.2025,01.07.2025,90.1,562625,Cash on Delivery,RETURNED
2077,165,5,30,15,6,2025/01/18,2025/01/22,236.3,785795,Wallet,DELIVERED
2078,738,13,35,11,17,31.08.2025,04.09.2025,211.2,435731,Cash on Delivery,Delvered
2079,1177,19,32,18,17,11-26-2025,12-02-2025,247.4,404558,Bank Transfer,dlvrd
2080,82,22,26,17,21,"October 10, 2025","October 12, 2025",178.6,318516,Wallet,Delvered
2081,873,4,18,12,5,2025/02/13,,121.8,332501,Cash on Delivery,PENDING
2082,1106,38,24,2,12,2025-03-18,2025-03-23,17.7,694330,Wallet,DELIVERED
2083,489,35,40,16,11,04-18-2025,04-23-2025,183.2,556532,Bank Transfer,delivered
2084,1527,21,14,1,13,2025-04-17,2025-04-19,176.0,76341,Cash on Delivery,Delivered
2085,818,1,9,14,3,18-Sep-2025,,180.0,590575,Card,In Transit
2086,708,39,19,1,5,01/06/2025,02/06/2025,125.4,691411,Wallet,DELIVERED
2087,1771,25,13,13,13,27.03.2025,28.03.2025,49.4,451881,Cash on Delivery,Delvered
2088,632,19,32,13,1,14/10/2025,14/10/2025,94.3,10082,Card,delivered
2089,355,41,22,4,16,16-Jan-2025,20-Jan-2025,79.0,324044,Card,Delvered
2090,1327,3,12,5,15,23.03.2025,26.03.2025,102.9,837462,Cash on Delivery,DELIVERED
2091,538,23,45,22,19,03-08-2025,03-11-2025,68.6,202659,Wallet,dlvrd
2092,739,7,5,22,22,14.05.2025,19.05.2025,53.4,0,Wallet,failed
2093,46,7,5,10,5,2025/01/04,2025/01/08,101.6,301914,Wallet,Delivered
2094,1450,10,7,14,17,"April 04, 2025","April 04, 2025",216.8,686179,Wallet,Delivered
2095,1430,3,12,21,14,"August 27, 2025","September 02, 2025",292.0,419617,Card,FAILED
2096,1366,24,39,22,11,22-Nov-2025,23-Nov-2025,20.9,,Wallet,Delvered
2097,943,10,7,10,7,23/12/2025,25/12/2025,267.4,51508,Card,dlvrd
2098,526,2,28,14,16,05-08-2025,,21.6,252279,Card,PENDING
2099,127,3,12,7,19,2025-03-03,2025-03-08,326.1,186707,Card,Delivered
2100,1494,26,44,17,16,15-Sep-2025,21-Sep-2025,234.1,570722,Wallet,returned
2101,1724,38,24,10,10,03-31-2025,04-04-2025,173.8,126171,Bank Transfer,Delvered
2102,1256,7,5,12,6,21-May-2025,27-May-2025,192.5,635216,Wallet,returned
2103,520,34,52,2,10,16.07.2025,,337.9,845485,Bank Transfer,IN TRANSIT
2104,1294,42,53,10,16,08-10-2025,08-16-2025,23.7,273598,Bank Transfer,Del.
2105,449,32,10,21,1,2025/09/19,2025/09/24,349.8,569599,Card,FAILED
2106,1279,21,14,1,15,22-Jul-2025,,36.5,301390,Bank Transfer,Pending
2107,1652,36,49,20,21,2025-09-24,2025-09-28,278.7,90532,Wallet,dlvrd
2108,17,33,43,3,6,20.04.2025,21.04.2025,42.7,742464,Cash on Delivery,Del.
2109,855,16,50,20,1,2025-06-20,2025-06-25,299.3,624806,Cash on Delivery,DELIVERED
2110,1447,31,15,4,2,"May 07, 2025",,120.4,120797,Cash on Delivery,in transit
2111,1042,41,22,20,19,01/02/2025,,144.6,844895,Cash on Delivery,pending
2112,1510,26,44,2,21,18-Apr-2025,22-Apr-2025,277.1,755260,Card,Delivered
2113,741,7,5,20,7,"April 24, 2025","April 25, 2025",53.7,815199,Cash on Delivery,Del.
2114,1419,27,47,1,15,2025/05/11,2025/05/13,40.1,588649,Cash on Delivery,FAILED
2115,683,42,53,8,20,01-05-2025,01-11-2025,291.1,375665,Bank Transfer,DELIVERED
2116,1475,9,36,16,13,"February 19, 2025","February 23, 2025",344.3,413195,Bank Transfer,Del.
2117,831,10,7,15,16,03-Feb-2025,05-Feb-2025,292.4,165043,Cash on Delivery,RETURNED
2118,525,23,45,6,11,2025/05/19,2025/05/20,284.3,180719,Wallet,Del.
2119,340,15,6,6,11,2025/06/22,2025/06/23,66.1,380162,Bank Transfer,Failed
2120,20,44,51,11,17,2025-12-31,2026-01-05,255.4,71966,Bank Transfer,failed
2121,273,35,40,2,7,03/09/2025,09/09/2025,75.4,717237,Cash on Delivery,Delivered
2122,826,41,22,13,14,2025/04/07,2025/04/12,305.3,782389,Bank Transfer,dlvrd
2123,508,32,10,6,20,2025/04/08,2025/04/14,299.0,134428,Wallet,dlvrd
2124,379,7,5,17,2,23.06.2025,29.06.2025,256.6,515541,Bank Transfer,Delivered
2125,534,18,27,2,14,10-Sep-2025,14-Sep-2025,125.0,361613,Bank Transfer,FAILED
2126,534,37,46,12,14,21.04.2025,22.04.2025,107.1,282449,Card,dlvrd
2127,1163,24,39,14,15,12-10-2025,12-12-2025,31.1,581524,Wallet,DELIVERED
2128,1043,11,4,19,5,11.11.2025,16.11.2025,283.0,403476,Card,DELIVERED
2129,1438,29,34,13,22,20/12/2025,23/12/2025,310.2,446498,Cash on Delivery,dlvrd
2130,828,8,29,20,9,06.12.2025,11.12.2025,344.8,800874,Cash on Delivery,Faild
2131,1139,2,28,22,15,2025/06/29,2025/07/05,28.9,648051,Bank Transfer,Delvered
2132,638,20,31,5,5,"January 15, 2025","January 20, 2025",126.5,446228,Card,dlvrd
2133,708,6,16,15,22,12-Oct-2025,,343.4,738318,Cash on Delivery,IN TRANSIT
2134,1111,42,53,21,12,2025/10/19,2025/10/21,254.7,153534,Cash on Delivery,Delvered
2135,1722,9,36,2,9,10-24-2025,10-24-2025,289.3,0,Card,Delvered
2136,816,27,47,20,22,05-25-2025,05-28-2025,243.5,70246,Card,dlvrd
2137,685,14,1,5,13,15-Jul-2025,20-Jul-2025,40.6,676454,Cash on Delivery,Delivered
2138,1019,3,12,12,10,"January 27, 2025","February 03, 2025",151.9,488196,Bank Transfer,delivered
2139,1031,27,47,11,18,2025/08/21,2025/08/27,185.3,262261,Card,DELIVERED
2140,258,35,40,13,1,19/12/2025,21/12/2025,140.2,373746,Wallet,FAILED
2141,1382,5,30,7,15,09.10.2025,,114.0,,Card,In Transit
2142,774,25,13,11,14,"April 18, 2025",,69.9,98127,Card,in transit
2143,1548,32,10,6,4,01.11.2025,05.11.2025,340.2,768359,Card,dlvrd
2144,412,37,46,11,15,"April 22, 2025","April 24, 2025",174.0,508304,Card,dlvrd
2145,30,18,27,10,11,2025/01/04,2025/01/05,194.2,796492,Card,Failed
2146,1188,35,40,14,10,17/03/2025,19/03/2025,197.2,585176,Card,failed
2147,1440,4,18,13,3,26.05.2025,,236.3,311353,Bank Transfer,In Transit
2148,24,43,54,13,20,2025/03/19,2025/03/25,66.2,528121,Card,RETURNED
2149,1393,5,30,18,20,"January 04, 2025",,57.1,556508,Wallet,PENDING
2150,615,3,12,15,17,02-16-2025,02-23-2025,311.8,433593,Card,DELIVERED
2151,189,17,11,16,17,2025-09-01,2025-09-02,175.8,431845,Bank Transfer,Failed
2152,22,38,24,10,21,16.08.2025,,247.0,824033,Card,In Transit
2153,1243,4,18,22,13,"July 12, 2025","July 18, 2025",149.5,58170,Wallet,Del.
2154,1438,9,36,6,19,01-11-2025,01-12-2025,61.2,603589,Cash on Delivery,Failed
2155,705,4,18,19,21,"July 18, 2025","July 20, 2025",35.6,718532,Cash on Delivery,Delivered
2156,1688,2,28,12,9,11.07.2025,,178.1,285421,Cash on Delivery,In-Transit
2157,1654,2,28,2,10,2025/09/26,2025/10/03,196.5,109592,Bank Transfer,delivered
2158,1131,44,51,21,2,07/02/2025,09/02/2025,77.1,0,Card,delivered
2159,970,34,52,2,17,"April 14, 2025","April 15, 2025",178.6,0,Bank Transfer,DELIVERED
2160,1465,20,31,21,17,06-27-2025,06-28-2025,111.7,533015,Cash on Delivery,returned
2161,1726,33,43,11,18,2025/03/02,,232.6,4724,Card,Pending
2162,739,39,19,18,22,02/11/2025,03/11/2025,215.1,651720,Cash on Delivery,Retund
2163,1428,23,45,17,13,22.06.2025,,272.0,727500,Cash on Delivery,Pending
2164,767,32,10,7,18,12-12-2025,12-19-2025,202.6,315399,Wallet,delivered
2165,523,3,12,14,4,"February 28, 2025","March 01, 2025",94.3,431465,Wallet,Delivered
2166,1151,29,34,8,4,"May 04, 2025","May 09, 2025",291.7,150486,Wallet,delivered
2167,269,12,42,18,13,05-Dec-2025,09-Dec-2025,90.9,570787,Bank Transfer,DELIVERED
2168,379,18,27,5,18,07/01/2025,14/01/2025,186.6,416050,Bank Transfer,FAILED
2169,1450,8,29,6,14,11-22-2025,11-27-2025,205.7,253815,Wallet,delivered
2170,1254,10,7,7,20,"January 03, 2025","January 09, 2025",130.3,313072,Card,DELIVERED
2171,1138,36,49,4,12,19.09.2025,19.09.2025,242.3,188976,Cash on Delivery,failed
2172,104,1,9,18,4,"April 24, 2025","April 28, 2025",33.6,418856,Wallet,dlvrd
2173,1515,22,26,10,8,20/04/2025,21/04/2025,324.4,407993,Card,DELIVERED
2174,808,42,53,3,8,02-13-2025,02-16-2025,309.9,657568,Wallet,returned
2175,1094,27,47,10,14,20/04/2025,22/04/2025,250.6,152277,Card,delivered
2176,1796,19,32,5,16,15.01.2025,16.01.2025,134.2,155112,Card,Delivered
2177,1477,44,51,18,1,2025/02/17,2025/02/21,84.0,403734,Bank Transfer,DELIVERED
2178,1479,3,12,7,5,"July 28, 2025","July 31, 2025",309.5,82505,Card,DELIVERED
2179,1547,36,49,13,7,03-03-2025,03-08-2025,41.9,831389,Card,Failed
2180,1268,35,40,14,14,11-21-2025,11-28-2025,246.6,2090,Bank Transfer,returned
2181,1755,10,7,19,21,07-10-2025,07-16-2025,171.8,404843,Card,DELIVERED
2182,109,4,18,16,2,08/11/2025,,186.6,656216,Card,pending
2183,491,23,45,3,2,19/12/2025,23/12/2025,330.0,581170,Bank Transfer,Del.
2184,95,18,27,6,17,01-02-2025,,75.7,228011,Wallet,In-Transit
2185,1778,21,14,13,6,"May 30, 2025","June 03, 2025",247.3,387467,Card,dlvrd
2186,134,29,34,19,3,04-23-2025,04-25-2025,277.6,390037,Cash on Delivery,Retund
2187,1510,22,26,6,1,26.04.2025,,341.0,501296,Wallet,In Transit
2188,502,4,18,19,14,"July 25, 2025","July 27, 2025",15.4,805919,Cash on Delivery,Delvered
2189,1361,15,6,21,12,15.11.2025,16.11.2025,27.8,763332,Wallet,Del.
2190,724,14,1,22,21,03.06.2025,07.06.2025,273.7,843653,Bank Transfer,DELIVERED
2191,1589,27,47,21,4,2025/03/20,,246.4,379270,Wallet,Pending
2192,1106,28,55,13,8,2025-09-08,2025-09-10,290.1,197294,Cash on Delivery,Del.
2193,19,13,35,21,18,2025-09-19,,273.7,391607,Wallet,in transit
2194,990,35,40,21,19,2025/12/15,2025/12/15,45.0,600869,Cash on Delivery,DELIVERED
2195,368,25,13,22,10,10/08/2025,13/08/2025,340.4,594682,Wallet,Del.
2196,1116,37,46,17,7,2025/03/31,2025/04/01,345.0,23448,Cash on Delivery,Delivered
2197,918,14,1,15,10,2025-06-11,,194.4,580436,Bank Transfer,pending
2198,615,40,2,15,5,2025/03/10,2025/03/14,95.2,685894,Bank Transfer,Del.
2199,1437,32,10,14,14,29-Apr-2025,,41.8,0,Wallet,In-Transit
2200,51,28,55,21,8,07/06/2025,09/06/2025,77.6,272999,Bank Transfer,dlvrd
2201,303,42,53,1,6,2025-01-14,2025-01-20,89.9,669416,Wallet,DELIVERED
2202,864,2,28,10,20,2025-11-03,2025-11-07,306.5,524309,Card,Delvered
2203,485,24,39,6,17,2025/09/28,,218.4,496369,Cash on Delivery,In-Transit
2204,264,17,11,8,16,05-Jun-2025,09-Jun-2025,22.5,561321,Wallet,dlvrd
2205,292,31,15,21,15,"November 13, 2025","November 17, 2025",119.0,425637,Bank Transfer,Delvered
2206,1183,15,6,15,21,"October 19, 2025",,315.9,174199,Cash on Delivery,In Transit
2207,525,27,47,22,7,18/12/2025,25/12/2025,329.3,106448,Card,DELIVERED
2208,357,32,10,7,8,26.09.2025,,216.2,81083,Bank Transfer,pending
2209,813,32,10,15,11,23-Apr-2025,,246.2,94435,Card,Pending
2210,1771,10,7,3,6,2025-03-01,2025-03-05,204.3,834064,Card,Failed
2211,81,18,27,11,13,03-05-2025,,56.3,481087,Cash on Delivery,IN TRANSIT
2212,373,1,9,13,7,09/12/2025,15/12/2025,281.8,774406,Card,Delvered
2213,155,2,28,8,7,2025/05/10,2025/05/14,114.0,848263,Bank Transfer,Delivered
2214,1581,37,46,9,11,2025/07/09,2025/07/12,215.9,457350,Card,dlvrd
2215,969,19,32,17,14,01/10/2025,,285.7,334436,Cash on Delivery,In Transit
2216,1720,11,4,12,11,"March 05, 2025","March 07, 2025",14.4,181816,Wallet,Delivered
2217,1546,8,29,4,7,08.03.2025,13.03.2025,53.3,58906,Bank Transfer,delivered
2218,594,21,14,12,2,15-Jun-2025,,190.2,727721,Cash on Delivery,In Transit
2219,1187,35,40,18,16,07-Nov-2025,13-Nov-2025,203.1,736628,Cash on Delivery,DELIVERED
2220,1170,4,18,21,12,26-Jun-2025,03-Jul-2025,226.0,488611,Wallet,Delivered
2221,471,15,6,1,6,04-16-2025,04-20-2025,333.8,53397,Card,Del.
2222,1205,10,7,21,4,2025-07-11,2025-07-18,322.6,644050,Bank Transfer,Delvered
2223,200,6,16,5,22,16.06.2025,18.06.2025,228.7,640201,Cash on Delivery,Delvered
2224,8,31,15,16,4,09-06-2025,09-07-2025,204.0,799450,Wallet,FAILED
2225,353,41,22,2,10,02-Apr-2025,07-Apr-2025,-276.5,19384,Card,Del.
2226,1688,2,28,2,3,09-May-2025,12-May-2025,30.9,456650,Bank Transfer,Del.
2227,496,19,32,7,5,2025-09-25,2025-10-01,34.9,74413,Wallet,dlvrd
2228,117,15,6,21,6,11-15-2025,11-21-2025,94.8,198070,Card,Delvered
2229,487,40,2,5,9,30/07/2025,31/07/2025,152.3,611391,Wallet,Del.
2230,1330,20,31,3,8,03-Jan-2025,07-Jan-2025,27.0,246721,Bank Transfer,Del.
2231,1365,28,55,17,6,2025/10/26,2025/11/01,71.5,444941,Cash on Delivery,returned
2232,347,31,15,3,20,08-12-2025,08-17-2025,106.3,227863,Wallet,Delvered
2233,609,2,28,8,1,13/08/2025,20/08/2025,108.3,826085,Cash on Delivery,DELIVERED
2234,947,39,19,10,16,2025/04/25,2025/04/27,166.4,260749,Bank Transfer,RETURNED
2235,1312,33,43,14,4,16-Mar-2025,,341.4,496572,Wallet,PENDING
2236,1248,43,54,19,20,2025-09-16,2025-09-18,204.8,0,Cash on Delivery,Del.
2237,294,33,43,11,17,05-17-2025,,27.0,392203,Wallet,In-Transit
2238,650,17,11,3,6,26-Feb-2025,,277.5,426994,Wallet,pending
2239,16,25,13,4,14,"March 12, 2025","March 15, 2025",310.0,324487,Card,Delivered
2240,793,15,6,5,7,07/07/2025,14/07/2025,326.0,266081,Bank Transfer,dlvrd
2241,696,21,14,2,2,2025-02-14,2025-02-19,278.5,325294,Bank Transfer,DELIVERED
2242,690,11,4,17,21,21/03/2025,26/03/2025,289.6,351128,Card,Retund
2243,717,7,5,14,22,04-Sep-2025,09-Sep-2025,40.4,312232,Cash on Delivery,dlvrd
2244,456,20,31,13,13,2025/05/26,2025/05/30,70.5,46475,Bank Transfer,delivered
2245,133,26,44,4,11,"October 15, 2025","October 20, 2025",28.8,,Wallet,Del.
2246,323,7,5,22,20,26-May-2025,30-May-2025,220.7,782963,Card,failed
2247,1280,24,39,19,10,03-20-2025,03-24-2025,167.4,268534,Card,Delvered
2248,1411,34,52,18,1,"May 21, 2025","May 28, 2025",289.2,301926,Wallet,Delvered
2249,1184,34,52,20,16,"February 11, 2025","February 17, 2025",325.6,108100,Wallet,returned
2250,808,39,19,21,20,13-Sep-2025,16-Sep-2025,340.3,445865,Bank Transfer,Faild
2251,1381,18,27,16,12,2025-01-20,2025-01-27,152.4,543716,Cash on Delivery,Delvered
2252,1682,10,7,9,2,"March 02, 2025","March 05, 2025",206.7,736558,Wallet,Del.
2253,777,37,46,7,16,31-Jul-2025,01-Aug-2025,62.7,803966,Wallet,Returned
2254,865,30,38,19,3,01-08-2025,01-13-2025,56.9,809328,Cash on Delivery,RETURNED
2255,999,1,9,22,4,2025-08-09,,243.9,467255,Bank Transfer,In Transit
2256,1094,10,7,11,20,03-06-2025,03-12-2025,-341.8,675637,Cash on Delivery,Faild
2257,116,1,9,3,17,2025-04-18,2025-04-19,-331.0,624003,Bank Transfer,delivered
2258,1356,32,10,22,18,11-09-2025,11-13-2025,51.3,94169,Card,DELIVERED
2259,833,44,51,22,14,"February 22, 2025","February 26, 2025",148.8,647734,Cash on Delivery,Delivered
2260,1453,25,13,12,1,2025-05-01,2025-05-04,201.6,251869,Card,Delvered
2261,1161,19,32,10,7,2025-02-27,2025-03-03,339.9,720923,Card,dlvrd
2262,235,25,13,22,19,2025-02-12,,267.9,290045,Wallet,PENDING
2263,308,3,12,13,22,2025-12-22,2025-12-23,231.3,718563,Bank Transfer,Delvered
2264,1716,39,19,6,20,05/05/2025,06/05/2025,96.3,,Cash on Delivery,DELIVERED
2265,1780,12,42,14,16,2025-05-21,2025-05-23,56.5,22063,Cash on Delivery,dlvrd
2266,327,18,27,6,9,11/05/2025,16/05/2025,11.5,768936,Card,DELIVERED
2267,1678,13,35,18,13,15.10.2025,21.10.2025,123.3,102762,Wallet,Delivered
2268,158,41,22,17,6,20/01/2025,22/01/2025,146.0,437296,Bank Transfer,Delivered
2269,1416,15,6,12,15,"August 09, 2025","August 16, 2025",199.9,407494,Card,delivered
2270,1704,6,16,3,15,29/11/2025,04/12/2025,169.1,62486,Wallet,Del.
2271,1610,2,28,6,14,10-01-2025,,6.6,650066,Card,In Transit
2272,1727,16,50,3,11,16/02/2025,21/02/2025,25.8,196855,Wallet,delivered
2273,620,43,54,5,8,24-Jul-2025,,314.0,,Wallet,PENDING
2274,577,3,12,6,15,11-07-2025,11-09-2025,186.4,716120,Bank Transfer,Returned
2275,1285,44,51,21,9,26/11/2025,,283.4,216332,Bank Transfer,in transit
2276,1624,1001,39,11,3,19/03/2025,24/03/2025,285.8,758460,Cash on Delivery,FAILED
2277,1610,26,44,20,14,12-24-2025,,196.6,697302,Card,pending
2278,1048,28,55,18,4,2025-10-02,,130.3,69580,Cash on Delivery,Pending
2279,1625,39,19,14,5,2025/09/24,2025/09/25,304.9,243647,Cash on Delivery,delivered
2280,1262,4,18,4,20,20/11/2025,,316.5,321466,Cash on Delivery,Pending
2281,780,40,2,14,3,01-08-2025,,168.6,824353,Card,in transit
2282,245,42,53,20,7,01/06/2025,06/06/2025,319.5,,Card,Delvered
2283,233,27,47,8,7,02-Nov-2025,04-Nov-2025,317.7,235929,Wallet,DELIVERED
2284,1664,4,18,16,16,"June 07, 2025","June 08, 2025",323.5,427729,Cash on Delivery,DELIVERED
2285,853,14,1,10,12,03.11.2025,06.11.2025,-183.3,227857,Bank Transfer,dlvrd
2286,307,13,35,11,7,23-Jul-2025,30-Jul-2025,82.8,27522,Card,Delvered
2287,1493,2,28,1,6,01-Jul-2025,06-Jul-2025,220.2,141393,Cash on Delivery,Del.
2288,1746,4,18,8,14,2025-12-20,2025-12-24,208.2,,Bank Transfer,Returned
2289,1050,19,32,17,10,"February 02, 2025",,79.9,302726,Card,Pending
2290,866,999,15,14,22,21/06/2025,21/06/2025,305.3,536782,Cash on Delivery,Failed
2291,661,6,16,3,1,09-Nov-2025,,124.4,391870,Cash on Delivery,PENDING
2292,1451,14,1,11,13,19.01.2025,24.01.2025,90.9,821558,Bank Transfer,dlvrd
2293,1251,14,1,11,9,02-Sep-2025,06-Sep-2025,88.4,619788,Card,Delivered
2294,248,41,22,5,21,15.02.2025,19.02.2025,102.3,117377,Cash on Delivery,Delivered
2295,792,42,53,12,14,2025-05-02,2025-05-08,17.5,587351,Bank Transfer,Del.
2296,877,35,40,6,5,2025-12-30,2025-12-31,161.5,49821,Card,dlvrd
2297,756,24,39,4,10,11-15-2025,11-16-2025,21.7,515411,Wallet,Del.
2298,774,24,39,19,15,07-08-2025,07-15-2025,320.1,249388,Card,Delivered
2299,732,38,24,1,16,05-19-2025,05-21-2025,10.1,117924,Card,dlvrd
2300,1379,30,38,20,18,22/08/2025,,180.2,608525,Cash on Delivery,in transit
2301,646,25,13,16,4,02-05-2025,02-11-2025,156.7,773592,Card,delivered
2302,1302,21,14,20,19,2025-05-19,2025-05-21,339.4,247014,Bank Transfer,delivered
2303,1332,10,7,4,10,05-Jul-2025,08-Jul-2025,283.3,576384,Cash on Delivery,Del.
2304,1778,34,52,14,7,28-May-2025,30-May-2025,-96.5,601112,Cash on Delivery,Faild
2305,1029,26,44,2,20,08-Oct-2025,,318.6,447917,Bank Transfer,in transit
2306,255,38,24,9,6,2025-06-23,2025-06-24,85.6,324928,Cash on Delivery,Delivered
2307,1287,2,28,21,21,2025/07/22,2025/07/23,67.3,19465,Cash on Delivery,Del.
2308,1010,37,46,15,7,2025-01-21,,126.9,849721,Card,Pending
2309,152,3,12,5,22,2025-10-12,2025-10-16,42.9,462214,Wallet,Delvered
2310,1131,27,47,15,1,07-17-2025,,179.3,699766,Cash on Delivery,In-Transit
2311,438,12,42,8,18,2025/09/09,2025/09/11,276.4,718332,Card,DELIVERED
2312,980,19,32,22,8,"May 08, 2025","May 09, 2025",112.2,832710,Card,Returned
2313,313,15,6,1,2,19-Jan-2025,19-Jan-2025,5.8,323922,Card,Del.
2314,102,6,16,12,4,12-27-2025,12-28-2025,297.2,79749,Card,Del.
2315,1290,3,12,3,3,28-Jan-2025,03-Feb-2025,310.8,235653,Bank Transfer,DELIVERED
2316,308,6,16,16,11,15-Aug-2025,19-Aug-2025,264.4,0,Card,DELIVERED
2317,1265,2,28,2,1,13-Jan-2025,19-Jan-2025,89.3,683451,Wallet,Del.
2318,965,8,29,18,16,"February 19, 2025",,256.7,81259,Wallet,in transit
2319,1293,40,2,5,3,12-May-2025,13-May-2025,231.5,402977,Cash on Delivery,Returned
2320,1076,33,43,10,19,2025/11/18,,315.4,131532,Card,PENDING
2321,925,23,45,20,10,2025/11/27,,3.1,180934,Wallet,PENDING
2322,96,18,27,8,17,03-29-2025,03-31-2025,192.2,249759,Bank Transfer,Delvered
2323,1166,16,50,14,11,02-20-2025,,7.0,712162,Bank Transfer,In Transit
2324,872,3,12,18,17,09-18-2025,09-24-2025,194.3,798054,Card,delivered
2325,741,31,15,15,1,07-25-2025,07-31-2025,231.4,75461,Wallet,returned
2326,600,15,6,3,9,"August 13, 2025",,154.5,234253,Cash on Delivery,pending
2327,905,5,30,8,21,28.07.2025,03.08.2025,244.9,334502,Cash on Delivery,Delivered
2328,1620,25,13,15,5,09-May-2025,,28.6,98442,Card,pending
2329,356,19,32,22,5,2025/06/19,2025/06/25,331.3,271137,Cash on Delivery,DELIVERED
2330,1488,1,9,8,17,07.12.2025,13.12.2025,212.7,,Cash on Delivery,Retund
2331,1626,37,46,19,14,23-Dec-2025,,80.7,20687,Cash on Delivery,PENDING
2332,683,44,51,15,9,03-Mar-2025,08-Mar-2025,297.0,369670,Wallet,dlvrd
2333,48,24,39,7,18,03-16-2025,,181.5,53181,Cash on Delivery,pending
2334,1365,38,24,12,1,13-Oct-2025,20-Oct-2025,33.1,70246,Card,Faild
2335,1146,40,2,11,4,26/07/2025,26/07/2025,159.6,809394,Cash on Delivery,DELIVERED
2336,1148,43,54,7,20,2025-07-15,2025-07-18,217.3,691567,Cash on Delivery,FAILED
2337,712,18,27,3,21,2025/11/19,2025/11/19,62.6,794199,Cash on Delivery,delivered
2338,564,12,42,1,19,05-Aug-2025,07-Aug-2025,316.7,664005,Wallet,Delvered
2339,409,9,36,6,15,2025-01-21,2025-01-24,140.1,495468,Card,dlvrd
2340,1615,34,52,2,17,2025/04/15,2025/04/15,251.9,222781,Wallet,Del.
2341,1197,14,1,3,14,20/08/2025,21/08/2025,216.3,,Card,Retund
2342,6,5,30,18,15,2025/06/11,2025/06/12,60.5,836900,Card,Delivered
2343,967,3,12,21,9,2025/10/29,2025/11/04,349.6,624060,Card,Delivered
2344,125,30,38,8,9,02-23-2025,,288.4,749325,Cash on Delivery,IN TRANSIT
2345,1012,39,19,21,12,06.10.2025,11.10.2025,140.0,506487,Bank Transfer,dlvrd
2346,350,26,44,7,6,05-11-2025,05-12-2025,-286.2,815921,Bank Transfer,RETURNED
2347,553,28,55,12,1,2025-12-09,,284.0,598869,Wallet,In Transit
2348,48,11,4,19,13,2025-07-29,2025-08-02,65.0,155152,Bank Transfer,Delivered
2349,373,20,31,19,12,03.01.2025,10.01.2025,121.7,333204,Cash on Delivery,dlvrd
2350,1601,5,30,5,16,09-26-2025,09-28-2025,200.2,263775,Bank Transfer,Delivered
2351,1393,10,7,16,7,17-Nov-2025,20-Nov-2025,90.5,22977,Bank Transfer,returned
2352,1013,15,6,2,7,16.10.2025,16.10.2025,62.2,618675,Bank Transfer,Del.
2353,1636,19,32,4,14,2025-01-26,,99.5,486537,Bank Transfer,pending
2354,455,24,39,21,9,2025-08-08,2025-08-10,144.1,69415,Wallet,Delivered
2355,1269,26,44,9,20,24.08.2025,,147.7,321807,Cash on Delivery,PENDING
2356,451,38,24,10,17,23.05.2025,,76.0,95795,Bank Transfer,IN TRANSIT
2357,1478,20,31,10,21,2025-07-24,2025-07-26,6.6,269449,Card,Failed
2358,820,43,54,19,2,13-Feb-2025,14-Feb-2025,317.5,527289,Card,Delivered
2359,74,14,1,19,11,2025/06/15,2025/06/21,316.2,366477,Bank Transfer,delivered
2360,1200,7,5,11,1,"March 16, 2025","March 19, 2025",293.1,304554,Card,Delvered
2361,802,14,1,11,11,14/07/2025,14/07/2025,43.1,652532,Card,dlvrd
2362,548,10,7,20,4,06-Feb-2025,13-Feb-2025,147.6,839053,Wallet,Failed
2363,30,35,40,6,4,12/05/2025,13/05/2025,16.5,497265,Cash on Delivery,Del.
2364,1480,43,54,6,10,15/07/2025,,244.6,816094,Cash on Delivery,In-Transit
2365,1214,1000,1,9,9,2025/02/09,,147.8,293042,Bank Transfer,IN TRANSIT
2366,872,34,52,2,1,2025-02-25,2025-03-01,297.9,816675,Wallet,Del.
2367,1359,10,7,12,13,2025-06-22,,92.8,475676,Card,In-Transit
2368,1249,999,3,1,11,26-Dec-2025,30-Dec-2025,209.5,214107,Wallet,FAILED
2369,1550,34,52,20,13,07-23-2025,07-24-2025,73.1,417000,Card,Delivered
2370,331,10,7,15,6,2025/09/30,2025/09/30,43.9,632197,Wallet,DELIVERED
2371,788,16,50,9,18,"June 22, 2025","June 24, 2025",183.8,501378,Cash on Delivery,returned
2372,1552,15,6,19,8,2025-12-08,2025-12-10,137.5,360090,Card,delivered
2373,571,27,47,12,9,15-Dec-2025,,282.4,552381,Wallet,PENDING
2374,739,39,19,19,6,09-Jun-2025,13-Jun-2025,41.7,351585,Wallet,DELIVERED
2375,1278,15,6,19,9,2025-07-24,2025-07-30,110.0,83803,Cash on Delivery,DELIVERED
2376,408,25,13,3,22,26.02.2025,03.03.2025,227.9,115244,Card,FAILED
2377,542,6,16,12,11,03-31-2025,04-03-2025,303.7,138680,Wallet,Faild
2378,802,14,1,11,4,29-Aug-2025,31-Aug-2025,107.5,734151,Card,returned
2379,16,16,50,8,12,12-Nov-2025,,231.1,282730,Card,PENDING
2380,1439,3,12,9,12,2025/07/07,2025/07/13,178.2,651053,Bank Transfer,dlvrd
2381,989,38,24,2,6,10.10.2025,12.10.2025,125.6,716060,Wallet,Delivered
2382,918,44,51,8,8,18-Dec-2025,23-Dec-2025,160.7,184750,Cash on Delivery,Delivered
2383,1628,24,39,14,7,29.11.2025,01.12.2025,138.8,297048,Wallet,Del.
2384,436,34,52,14,13,08-07-2025,08-10-2025,247.6,387833,Cash on Delivery,Del.
2385,680,33,43,18,11,2025-09-21,,165.2,393895,Card,Pending
2386,1798,1000,36,10,3,13.10.2025,17.10.2025,281.9,318320,Wallet,dlvrd
2387,875,4,18,9,22,12-21-2025,12-21-2025,231.7,273659,Bank Transfer,Retund
2388,1290,36,49,1,5,2025/12/14,,66.2,99114,Bank Transfer,in transit
2389,1306,8,29,20,11,2025/06/30,2025/07/06,53.1,224935,Wallet,Returned
2390,1608,25,13,3,7,2025-07-16,2025-07-19,6.2,327668,Wallet,Delivered
2391,365,7,5,18,9,12-04-2025,,254.3,233857,Card,in transit
2392,1770,43,54,10,14,03/07/2025,07/07/2025,56.0,212436,Wallet,DELIVERED
2393,672,35,40,21,6,04-15-2025,04-19-2025,228.2,465156,Bank Transfer,Delvered
2394,1799,37,46,3,20,"December 07, 2025","December 14, 2025",151.3,538054,Bank Transfer,DELIVERED
2395,674,39,19,15,17,30.11.2025,01.12.2025,23.6,200315,Wallet,Del.
2396,307,999,5,18,14,2025/09/17,2025/09/23,156.7,28776,Cash on Delivery,dlvrd
2397,227,33,43,2,10,02/12/2025,,95.2,269905,Bank Transfer,PENDING
2398,832,5,30,16,5,"October 16, 2025","October 22, 2025",275.4,8421,Card,Delvered
2399,146,20,31,14,11,11.08.2025,,238.8,7834,Wallet,In-Transit
2400,492,12,42,15,15,2025/09/17,2025/09/23,115.4,819993,Card,Failed
2401,1480,30,38,2,16,2025-08-02,2025-08-06,298.2,614477,Cash on Delivery,Del.
2402,1603,38,24,15,22,2025-04-23,2025-04-27,116.9,843717,Cash on Delivery,FAILED
2403,884,30,38,16,5,15-Nov-2025,21-Nov-2025,188.7,430132,Wallet,Delvered
2404,1578,15,6,2,9,12-21-2025,12-28-2025,318.3,346688,Wallet,failed
2405,1608,31,15,1,6,"April 20, 2025","April 21, 2025",294.0,,Wallet,delivered
2406,979,37,46,8,9,31.01.2025,06.02.2025,283.2,628079,Wallet,Del.
2407,1240,5,30,20,8,16/11/2025,,235.6,624232,Cash on Delivery,IN TRANSIT
2408,667,35,40,7,10,27.06.2025,27.06.2025,89.6,,Bank Transfer,DELIVERED
2409,1573,4,18,10,4,01.02.2025,01.02.2025,78.2,711023,Cash on Delivery,delivered
2410,1787,35,40,22,17,2025/06/16,2025/06/19,-208.5,476171,Cash on Delivery,Delvered
2411,978,36,49,11,8,12-21-2025,12-24-2025,305.2,509595,Bank Transfer,Retund
2412,894,3,12,2,3,23-Jan-2025,25-Jan-2025,131.3,489873,Wallet,Faild
2413,293,21,14,15,3,14.03.2025,16.03.2025,34.3,52987,Wallet,dlvrd
2414,532,9,36,15,3,"December 07, 2025","December 08, 2025",194.8,179055,Cash on Delivery,Delivered
2415,762,43,54,21,13,2025/06/20,2025/06/26,333.5,575106,Wallet,dlvrd
2416,775,3,12,3,1,2025-08-11,,319.2,632321,Card,pending
2417,1466,28,55,5,19,2025/06/16,2025/06/20,349.1,255501,Wallet,Delivered
2418,1541,12,42,7,13,2025/06/23,,101.1,609752,Cash on Delivery,PENDING
2419,268,11,4,10,3,04-Feb-2025,,30.1,205633,Card,PENDING
2420,36,16,50,2,22,29.11.2025,30.11.2025,286.2,512561,Wallet,Del.
2421,758,22,26,5,2,2025/11/08,2025/11/09,261.0,497572,Bank Transfer,failed
2422,1686,40,2,12,11,28.12.2025,29.12.2025,283.6,736975,Card,Delivered
2423,482,14,1,7,7,06/01/2025,12/01/2025,150.8,194732,Wallet,Delvered
2424,1048,24,39,6,4,20/11/2025,24/11/2025,259.5,66954,Cash on Delivery,Delivered
2425,449,5,30,7,2,"April 07, 2025",,282.3,517048,Cash on Delivery,In-Transit
2426,1759,27,47,17,5,03-Dec-2025,09-Dec-2025,256.8,227540,Card,DELIVERED
2427,743,29,34,18,17,09-06-2025,09-07-2025,333.0,389771,Bank Transfer,dlvrd
2428,1344,41,22,12,19,2025/07/15,2025/07/15,181.0,663952,Cash on Delivery,Del.
2429,1312,3,12,9,18,16.02.2025,18.02.2025,163.3,722766,Cash on Delivery,Del.
2430,854,7,5,22,17,20-May-2025,22-May-2025,273.5,215821,Wallet,DELIVERED
2431,706,43,54,22,15,02-06-2025,02-11-2025,322.7,504981,Wallet,Delivered
2432,1075,4,18,20,12,09-05-2025,09-11-2025,135.7,798146,Wallet,delivered
2433,356,24,39,6,19,2025/01/12,2025/01/19,235.8,682005,Wallet,dlvrd
2434,1532,9,36,11,15,10-Aug-2025,15-Aug-2025,76.3,12079,Card,dlvrd
2435,1434,28,55,2,15,2025-08-13,2025-08-15,76.8,,Card,DELIVERED
2436,1486,19,32,5,22,15-Nov-2025,21-Nov-2025,244.0,304041,Cash on Delivery,Returned
2437,1067,11,4,11,5,2025/04/17,2025/04/20,18.0,721248,Bank Transfer,FAILED
2438,762,6,16,10,5,"February 16, 2025","February 16, 2025",148.0,141672,Cash on Delivery,DELIVERED
2439,1481,5,30,9,4,"September 15, 2025","September 22, 2025",303.4,811369,Cash on Delivery,Returned
2440,1516,30,38,18,18,"August 01, 2025","August 02, 2025",78.2,368473,Wallet,Delvered
2441,968,30,38,8,15,2025/02/26,,292.2,382159,Card,In-Transit
2442,906,28,55,3,5,"August 15, 2025",,37.9,302693,Card,in transit
2443,926,7,5,22,1,09/05/2025,11/05/2025,119.0,352789,Bank Transfer,DELIVERED
2444,926,33,43,11,11,2025/05/27,,295.3,5202,Bank Transfer,In-Transit
2445,1391,43,54,19,13,19-Jul-2025,25-Jul-2025,155.9,630091,Cash on Delivery,dlvrd
2446,1464,35,40,19,16,2025/11/03,2025/11/09,-65.7,620129,Cash on Delivery,delivered
2447,575,6,16,1,17,11-09-2025,11-11-2025,277.0,322961,Wallet,Retund
2448,297,20,31,21,11,"November 29, 2025","December 05, 2025",164.2,562171,Bank Transfer,dlvrd
2449,59,10,7,5,18,04-25-2025,,279.7,828997,Card,PENDING
2450,1385,8,29,17,22,"May 06, 2025","May 13, 2025",162.5,517196,Wallet,DELIVERED
2451,479,7,5,21,15,04-01-2025,04-06-2025,6.1,271379,Wallet,dlvrd
2452,473,6,16,6,21,02.05.2025,03.05.2025,300.4,16295,Wallet,DELIVERED
2453,669,38,24,12,2,"April 07, 2025","April 10, 2025",273.4,0,Cash on Delivery,FAILED
2454,1728,21,14,4,1,12-03-2025,,21.0,217938,Cash on Delivery,pending
2455,768,12,42,4,4,29/03/2025,29/03/2025,41.2,633715,Card,Delivered
2456,1662,41,22,4,7,16/12/2025,,324.4,712078,Wallet,pending
2457,479,7,5,11,2,18.05.2025,21.05.2025,31.5,646656,Card,dlvrd
2458,1357,19,32,6,22,"December 01, 2025","December 02, 2025",223.3,526937,Wallet,Delvered
2459,1362,7,5,4,20,02-25-2025,02-26-2025,98.2,692156,Cash on Delivery,Failed
2460,1667,2,28,18,17,28.07.2025,02.08.2025,233.3,532503,Wallet,failed
2461,1328,40,2,22,19,22-Aug-2025,,131.9,45564,Bank Transfer,IN TRANSIT
2462,1561,5,30,14,15,03-14-2025,03-15-2025,286.5,683709,Wallet,Failed
2463,1329,38,24,6,10,"August 21, 2025","August 25, 2025",161.4,362680,Cash on Delivery,Del.
2464,1678,19,32,5,18,2025-01-24,2025-01-27,6.9,734674,Cash on Delivery,RETURNED
2465,267,17,11,6,11,2025/09/23,,-218.8,,Card,PENDING
2466,1447,31,15,15,18,2025-01-19,2025-01-21,233.0,392960,Card,Del.
2467,457,35,40,9,12,2025-06-02,2025-06-03,9.3,386742,Card,delivered
2468,820,1,9,9,11,"April 07, 2025","April 08, 2025",90.9,372673,Wallet,RETURNED
2469,72,43,54,9,10,"November 22, 2025",,106.7,479676,Cash on Delivery,Pending
2470,1215,18,27,12,9,2025/11/05,2025/11/09,65.5,85018,Bank Transfer,Delvered
2471,1367,19,32,17,15,2025/03/21,2025/03/21,332.7,702260,Bank Transfer,delivered
2472,1089,19,32,21,22,"February 04, 2025","February 07, 2025",70.6,570437,Card,Delvered
2473,781,6,16,6,8,11.08.2025,11.08.2025,130.5,190898,Bank Transfer,failed
2474,162,1,9,12,13,08-23-2025,08-29-2025,313.7,281430,Wallet,DELIVERED
2475,299,40,2,17,7,"July 16, 2025","July 22, 2025",130.3,595691,Bank Transfer,Failed
2476,949,999,16,13,10,16-Jul-2025,20-Jul-2025,120.4,73430,Card,Del.
2477,465,39,19,10,10,30-Mar-2025,04-Apr-2025,318.2,606806,Wallet,Del.
2478,850,31,15,2,4,10-03-2025,10-03-2025,168.3,184082,Cash on Delivery,RETURNED
2479,1359,40,2,22,12,10-04-2025,,318.9,94515,Wallet,pending
2480,771,24,39,1,17,20.08.2025,,108.4,,Card,Pending
2481,580,26,44,5,18,02-Apr-2025,04-Apr-2025,175.8,122186,Wallet,Delvered
2482,1590,32,10,2,16,15-Dec-2025,15-Dec-2025,265.7,352660,Wallet,Faild
2483,1288,11,4,4,14,"March 22, 2025","March 27, 2025",40.3,109849,Bank Transfer,dlvrd
2484,933,12,42,14,9,05.08.2025,,106.8,492387,Wallet,IN TRANSIT
2485,501,2,28,7,17,09/09/2025,09/09/2025,78.9,335900,Card,Del.
2486,1113,37,46,22,13,2025-07-26,2025-07-27,65.6,514934,Card,dlvrd
2487,437,17,11,18,21,29-Jan-2025,30-Jan-2025,269.9,337820,Card,Failed
2488,1175,1,9,14,3,2025/05/29,2025/06/05,275.7,268681,Wallet,FAILED
2489,1602,38,24,2,6,05-05-2025,05-10-2025,162.0,509420,Bank Transfer,dlvrd
2490,701,8,29,15,7,2025/10/30,2025/11/03,211.0,237108,Card,Delvered
2491,97,6,16,12,4,30/07/2025,,291.1,747491,Card,in transit
2492,808,3,12,19,21,20/11/2025,26/11/2025,278.1,0,Card,Delivered
2493,1669,29,34,7,8,15.02.2025,,7.8,525172,Wallet,Pending
2494,6,40,2,13,17,08-19-2025,08-22-2025,276.2,122435,Card,Del.
2495,979,44,51,1,1,"October 23, 2025","October 30, 2025",16.2,225777,Card,FAILED
2496,1010,8,29,3,14,05.07.2025,06.07.2025,225.8,18017,Cash on Delivery,Failed
2497,143,26,44,6,7,2025-09-12,2025-09-13,150.7,837565,Card,Delivered
2498,1496,19,32,17,1,2025/10/11,2025/10/16,285.2,561016,Card,dlvrd
2499,1128,13,35,12,17,2025-12-15,2025-12-19,136.6,365359,Cash on Delivery,returned
2500,492,19,32,17,15,08-10-2025,08-10-2025,82.8,0,Bank Transfer,Del.
2501,1288,38,24,9,6,05-17-2025,05-23-2025,300.4,583762,Card,dlvrd
2502,1098,15,6,1,15,2025-10-21,2025-10-27,231.5,307863,Bank Transfer,Del.
2503,1537,34,52,11,10,18/11/2025,24/11/2025,311.8,638912,Wallet,Returned
2504,1411,17,11,13,16,08-16-2025,,233.5,536403,Bank Transfer,pending
2505,1613,33,43,5,19,06.04.2025,07.04.2025,204.0,,Card,dlvrd
2506,1654,5,30,20,9,09-Oct-2025,14-Oct-2025,296.3,55032,Bank Transfer,Del.
2507,843,3,12,6,9,04-03-2025,04-09-2025,317.8,419989,Wallet,RETURNED
2508,438,10,7,14,1,2025/02/19,2025/02/23,224.2,478340,Bank Transfer,Retund
2509,1225,11,4,20,14,04/09/2025,05/09/2025,147.8,742142,Card,Delvered
2510,337,33,43,7,8,01-11-2025,,157.1,418144,Card,in transit
2511,1523,23,45,4,4,2025-10-21,,321.8,841422,Cash on Delivery,IN TRANSIT
2512,905,25,13,15,15,14-Apr-2025,20-Apr-2025,241.4,44784,Wallet,returned
2513,1160,18,27,6,18,31.12.2025,02.01.2026,95.4,607028,Wallet,dlvrd
2514,1744,36,49,17,11,2025/05/29,,296.8,534994,Wallet,in transit
2515,925,27,47,11,8,"July 29, 2025","August 04, 2025",181.9,549329,Cash on Delivery,returned
2516,1001,26,44,7,7,2025-12-04,2025-12-10,294.1,255738,Bank Transfer,Delivered
2517,1171,43,54,5,3,2025-09-17,2025-09-17,286.4,452100,Bank Transfer,Retund
2518,57,25,13,2,4,03-22-2025,03-28-2025,150.5,842997,Wallet,failed
2519,850,3,12,5,20,"August 06, 2025",,323.4,749486,Wallet,In-Transit
2520,901,37,46,2,3,07-11-2025,07-17-2025,308.0,200128,Wallet,dlvrd
2521,974,36,49,21,3,2025/06/29,2025/06/30,225.6,610727,Wallet,dlvrd
2522,1083,39,19,21,14,"April 16, 2025","April 19, 2025",182.4,59383,Card,Delivered
2523,1448,3,12,3,19,11-Aug-2025,,116.3,503776,Cash on Delivery,Pending
2524,1110,20,31,14,3,05/08/2025,08/08/2025,207.0,391983,Wallet,delivered
2525,967,26,44,1,3,17-Dec-2025,,262.2,597011,Wallet,in transit
2526,275,15,6,2,4,2025/05/29,2025/06/03,304.3,425410,Wallet,delivered
2527,246,35,40,19,13,18.06.2025,19.06.2025,128.9,787386,Bank Transfer,Del.
2528,609,8,29,11,22,2025/11/08,2025/11/09,175.4,483717,Card,returned
2529,655,34,52,10,3,30-Aug-2025,,131.6,24797,Bank Transfer,IN TRANSIT
2530,413,31,15,14,20,"January 18, 2025","January 23, 2025",254.2,101462,Cash on Delivery,Failed
2531,1158,14,1,14,16,2025/12/19,2025/12/22,-320.5,809154,Bank Transfer,RETURNED
2532,955,26,44,7,15,19-Dec-2025,20-Dec-2025,306.1,266847,Bank Transfer,Delivered
2533,124,23,45,19,4,09-19-2025,09-24-2025,84.0,115987,Card,Delivered
2534,1359,32,10,9,2,18-May-2025,,202.0,112454,Card,pending
2535,539,1001,37,13,3,2025-11-19,2025-11-24,227.0,251759,Bank Transfer,Del.
2536,1240,16,50,1,14,"June 19, 2025","June 19, 2025",222.5,11044,Cash on Delivery,DELIVERED
2537,502,7,5,15,5,25.08.2025,29.08.2025,348.4,474993,Card,dlvrd
2538,661,16,50,3,14,20-Dec-2025,21-Dec-2025,207.1,329111,Bank Transfer,Delivered
2539,1576,32,10,18,22,"June 30, 2025",,324.8,465715,Card,PENDING
2540,107,23,45,22,15,"August 31, 2025","September 06, 2025",143.6,731063,Cash on Delivery,Delvered
2541,337,12,42,1,14,01-12-2025,01-17-2025,228.5,427043,Cash on Delivery,Delivered
2542,1223,33,43,13,7,2025-12-18,2025-12-18,63.5,557038,Bank Transfer,dlvrd
2543,1316,29,34,17,3,2025-08-25,2025-08-28,204.4,399059,Card,delivered
2544,284,41,22,14,2,"February 15, 2025","February 20, 2025",224.3,209278,Cash on Delivery,delivered
2545,279,44,51,9,21,01/08/2025,03/08/2025,330.6,67663,Cash on Delivery,Delvered
2546,137,8,29,20,21,14.06.2025,15.06.2025,11.8,72648,Bank Transfer,FAILED
2547,123,33,43,3,4,22/08/2025,27/08/2025,22.9,682168,Cash on Delivery,Delivered
2548,1240,7,5,8,16,11-04-2025,11-10-2025,13.0,218936,Wallet,Failed
2549,1626,22,26,10,18,2025/11/02,2025/11/08,286.2,816535,Cash on Delivery,RETURNED
2550,1399,31,15,7,22,22-Jun-2025,24-Jun-2025,282.2,61381,Card,delivered
2551,1372,33,43,12,17,"October 10, 2025",,36.9,73965,Wallet,In-Transit
2552,270,25,13,15,3,22/02/2025,27/02/2025,101.2,0,Wallet,Delvered
2553,1099,42,53,1,1,10-15-2025,10-21-2025,311.7,2571,Bank Transfer,DELIVERED
2554,204,16,50,9,10,30.10.2025,31.10.2025,99.7,340230,Cash on Delivery,DELIVERED
2555,1435,6,16,20,21,2025-06-13,2025-06-19,315.8,525383,Card,Del.
2556,1326,26,44,14,4,2025-01-12,2025-01-16,30.2,822951,Wallet,Faild
2557,1171,29,34,8,2,30/08/2025,05/09/2025,287.1,673064,Bank Transfer,Delivered
2558,8,37,46,11,1,14-Jan-2025,17-Jan-2025,285.4,732680,Bank Transfer,dlvrd
2559,356,44,51,9,4,"February 23, 2025","February 24, 2025",157.8,485432,Cash on Delivery,delivered
2560,238,8,29,22,19,27/09/2025,28/09/2025,-100.2,630244,Wallet,delivered
2561,775,31,15,12,2,20/02/2025,22/02/2025,338.2,,Wallet,dlvrd
2562,653,12,42,5,13,25-Jan-2025,28-Jan-2025,231.5,402105,Cash on Delivery,Del.
2563,753,39,19,1,1,27/08/2025,01/09/2025,149.5,682698,Card,FAILED
2564,17,32,10,21,18,20.09.2025,25.09.2025,29.3,62152,Wallet,dlvrd
2565,739,33,43,17,17,03.05.2025,06.05.2025,292.3,553259,Cash on Delivery,delivered
2566,1249,35,40,4,22,03-23-2025,,94.6,169244,Card,IN TRANSIT
2567,1409,6,16,11,19,2025/01/29,2025/02/01,160.9,372331,Cash on Delivery,returned
2568,1104,4,18,14,17,05-Jan-2025,,336.7,335111,Cash on Delivery,Pending
2569,217,39,19,4,5,2025-10-27,,184.7,224326,Card,In-Transit
2570,90,40,2,4,8,01/10/2025,02/10/2025,47.8,106552,Wallet,Del.
2571,825,28,55,17,9,2025-07-02,,129.4,541613,Cash on Delivery,PENDING
2572,441,29,34,15,9,2025/04/10,2025/04/13,106.2,137329,Wallet,delivered
2573,1698,16,50,22,5,2025-02-03,,342.4,322969,Card,PENDING
2574,1613,28,55,17,6,2025-09-06,2025-09-08,63.4,810342,Card,Returned
2575,1678,32,10,20,10,14-Oct-2025,,150.4,161025,Cash on Delivery,IN TRANSIT
2576,1760,28,55,12,9,2025-10-04,2025-10-06,167.5,38022,Wallet,Delvered
2577,557,36,49,10,6,07/04/2025,,133.7,420089,Bank Transfer,IN TRANSIT
2578,237,15,6,6,2,2025/02/15,2025/02/20,195.3,477440,Wallet,delivered
2579,1183,22,26,4,18,11-07-2025,11-11-2025,19.8,101315,Wallet,RETURNED
2580,1579,34,52,4,3,2025/01/03,2025/01/07,254.4,17253,Bank Transfer,Del.
2581,503,29,34,16,1,03-28-2025,03-28-2025,197.6,335521,Wallet,DELIVERED
2582,1260,11,4,1,4,08-Jun-2025,09-Jun-2025,-245.0,309120,Cash on Delivery,Delvered
2583,49,34,52,3,12,2025/09/11,2025/09/18,324.4,499126,Cash on Delivery,delivered
2584,1337,17,11,2,2,25-Apr-2025,30-Apr-2025,136.6,216107,Cash on Delivery,delivered
2585,1215,19,32,9,9,04/09/2025,09/09/2025,300.5,792518,Bank Transfer,delivered
2586,370,22,26,5,5,2025-07-12,2025-07-15,175.6,302100,Wallet,Delvered
2587,1497,37,46,17,3,2025/12/30,,102.6,239414,Wallet,Pending
2588,464,11,4,12,20,2025-03-12,2025-03-17,244.2,0,Cash on Delivery,DELIVERED
2589,1093,23,45,12,3,25/06/2025,30/06/2025,270.0,623730,Wallet,dlvrd
2590,419,32,10,9,18,2025/12/11,,131.4,722422,Bank Transfer,pending
2591,190,5,30,8,20,2025/02/24,2025/03/02,116.8,358255,Wallet,Del.
2592,1682,42,53,16,3,02-14-2025,02-20-2025,189.9,194078,Cash on Delivery,Delvered
2593,232,6,16,2,8,2025-02-09,2025-02-10,155.5,794715,Wallet,failed
2594,1741,3,12,5,21,"July 23, 2025","July 24, 2025",139.1,591969,Wallet,Faild
2595,1653,27,47,10,18,2025/04/27,2025/05/02,262.7,811091,Bank Transfer,Delivered
2596,1192,13,35,21,7,06-13-2025,06-16-2025,285.8,314998,Wallet,Delvered
2597,1729,21,14,8,1,"April 11, 2025",,61.7,776687,Cash on Delivery,In Transit
2598,779,5,30,10,22,"June 23, 2025",,348.1,659387,Bank Transfer,pending
2599,1240,24,39,5,7,01/11/2025,01/11/2025,197.4,0,Card,Del.
2600,1759,6,16,22,7,14/04/2025,,345.0,749109,Card,pending
2601,207,20,31,6,20,2025-05-20,2025-05-26,177.0,627515,Wallet,Delivered
2602,1460,41,22,18,6,"February 18, 2025",,35.9,777733,Bank Transfer,In-Transit
2603,1381,38,24,21,5,2025-08-13,2025-08-13,299.7,717589,Bank Transfer,delivered
2604,286,16,50,5,7,26/03/2025,29/03/2025,29.7,590655,Card,Del.
2605,633,32,10,9,17,07-Dec-2025,10-Dec-2025,262.0,354078,Wallet,Returned
2606,410,43,54,15,6,"June 11, 2025","June 11, 2025",131.5,178842,Cash on Delivery,Delivered
2607,1138,44,51,17,5,"April 17, 2025","April 18, 2025",237.8,841787,Card,delivered
2608,619,41,22,3,1,2025-05-21,2025-05-24,-68.9,333130,Wallet,Del.
2609,996,8,29,9,8,2025-01-15,2025-01-21,110.3,436142,Card,delivered
2610,1059,26,44,1,5,07.12.2025,13.12.2025,195.1,96080,Wallet,Del.
2611,1634,36,49,22,13,16.06.2025,19.06.2025,205.8,364798,Cash on Delivery,Del.
2612,1431,18,27,10,14,06/10/2025,11/10/2025,117.6,323431,Cash on Delivery,Del.
2613,1048,11,4,8,12,12-12-2025,12-16-2025,28.9,148587,Card,RETURNED
2614,1304,31,15,2,11,10/03/2025,,278.8,754444,Cash on Delivery,Pending
2615,394,4,18,2,9,06/09/2025,13/09/2025,-198.5,0,Card,Delivered
2616,759,28,55,11,1,2025/03/24,2025/03/27,44.7,62067,Cash on Delivery,DELIVERED
2617,555,44,51,14,5,"January 17, 2025","January 21, 2025",304.7,55259,Bank Transfer,delivered
2618,1610,16,50,10,4,10-12-2025,10-14-2025,154.6,678398,Cash on Delivery,dlvrd
2619,1282,14,1,16,13,21-Sep-2025,27-Sep-2025,42.8,253939,Cash on Delivery,failed
2620,846,3,12,2,5,19/11/2025,,13.2,337474,Cash on Delivery,Pending
2621,890,2,28,20,21,18.08.2025,23.08.2025,213.0,367967,Cash on Delivery,DELIVERED
2622,561,5,30,9,20,01-Dec-2025,06-Dec-2025,137.3,672205,Card,Delvered
2623,1595,23,45,4,20,2025-11-21,2025-11-22,183.4,,Cash on Delivery,Del.
2624,1774,19,32,7,8,"June 15, 2025","June 17, 2025",187.9,152868,Bank Transfer,RETURNED
2625,852,41,22,4,11,16.09.2025,21.09.2025,193.9,94696,Wallet,DELIVERED
2626,868,35,40,1,22,02-20-2025,02-21-2025,121.7,133704,Wallet,Delvered
2627,1000,22,26,12,20,"January 17, 2025","January 21, 2025",271.8,97959,Wallet,Del.
2628,1358,26,44,1,3,"February 05, 2025","February 05, 2025",110.0,847957,Card,DELIVERED
2629,1612,34,52,9,6,2025/12/06,2025/12/10,175.7,293559,Bank Transfer,Del.
2630,690,3,12,22,18,2025-11-23,2025-11-25,48.6,118220,Card,Delivered
2631,710,33,43,17,17,30.05.2025,,205.1,538452,Card,In-Transit
2632,1199,33,43,9,14,2025/02/05,2025/02/11,179.8,790257,Bank Transfer,dlvrd
2633,638,24,39,6,8,"June 09, 2025",,286.6,620238,Card,pending
2634,161,3,12,6,1,"June 10, 2025","June 12, 2025",204.7,644293,Cash on Delivery,dlvrd
2635,1426,5,30,17,17,02/01/2025,04/01/2025,103.8,842753,Cash on Delivery,DELIVERED
2636,1092,27,47,18,16,2025-11-23,,261.5,485992,Cash on Delivery,Pending
2637,773,6,16,6,17,"August 01, 2025",,278.7,818407,Wallet,In Transit
2638,932,36,49,16,5,11-14-2025,11-16-2025,151.9,49404,Cash on Delivery,DELIVERED
2639,170,30,38,14,3,2025-08-16,,83.4,282730,Wallet,PENDING
2640,193,34,52,3,18,2025-02-26,2025-03-02,272.4,99965,Cash on Delivery,delivered
2641,322,36,49,19,9,16.11.2025,19.11.2025,141.6,660013,Cash on Delivery,DELIVERED
2642,1728,28,55,16,8,2025/07/25,2025/07/28,126.9,99770,Cash on Delivery,DELIVERED
2643,1120,25,13,14,11,12/09/2025,14/09/2025,318.4,595816,Bank Transfer,Faild
2644,706,8,29,20,8,24.12.2025,28.12.2025,27.9,0,Bank Transfer,dlvrd
2645,669,6,16,17,1,30/01/2025,,34.1,610816,Wallet,PENDING
2646,1245,25,13,12,20,26-Apr-2025,01-May-2025,230.8,235709,Card,Delivered
2647,478,44,51,13,7,26-Jun-2025,02-Jul-2025,326.4,282876,Card,Failed
2648,841,20,31,3,10,2025-07-23,,315.7,382091,Cash on Delivery,Pending
2649,279,39,19,14,14,27/12/2025,31/12/2025,109.8,378916,Bank Transfer,dlvrd
2650,416,18,27,20,16,2025/08/20,2025/08/24,5.4,285026,Card,Faild
2651,1737,10,7,6,17,2025-05-21,2025-05-25,285.0,0,Bank Transfer,returned
2652,238,38,24,10,22,2025/01/29,,307.2,703164,Cash on Delivery,pending
2653,1162,19,32,6,17,"October 17, 2025","October 18, 2025",286.7,363868,Card,Faild
2654,1184,30,38,20,8,26/11/2025,30/11/2025,269.1,812475,Cash on Delivery,Del.
2655,1727,38,24,18,6,12-25-2025,12-30-2025,330.1,607585,Wallet,Delvered
2656,617,25,13,12,22,08.04.2025,11.04.2025,343.2,165568,Card,delivered
2657,1625,8,29,10,10,16/04/2025,20/04/2025,318.3,792485,Card,Del.
2658,8,43,54,17,10,"August 15, 2025",,13.7,450272,Cash on Delivery,Pending
2659,1053,31,15,16,20,22-Feb-2025,24-Feb-2025,325.2,217453,Cash on Delivery,Delvered
2660,1439,14,1,1,15,"August 06, 2025",,298.2,259601,Card,pending
2661,1587,12,42,6,6,2025/11/26,,343.5,797807,Cash on Delivery,pending
2662,1638,31,15,4,3,2025/04/28,2025/05/03,136.9,599095,Wallet,Delivered
2663,778,5,30,16,4,"August 10, 2025","August 11, 2025",62.5,420052,Card,delivered
2664,1584,2,28,20,15,07/11/2025,12/11/2025,264.6,365625,Bank Transfer,DELIVERED
2665,1689,1,9,15,17,2025/06/15,2025/06/20,190.6,110585,Wallet,delivered
2666,992,39,19,4,12,2025/03/06,2025/03/08,195.1,584915,Cash on Delivery,delivered
2667,1028,21,14,14,9,04/02/2025,05/02/2025,318.6,58437,Card,Delvered
2668,392,14,1,20,19,09.09.2025,11.09.2025,250.9,681551,Wallet,DELIVERED
2669,1680,32,10,7,11,12/12/2025,18/12/2025,236.5,,Wallet,Delvered
2670,1069,25,13,14,1,"May 09, 2025","May 14, 2025",81.9,335568,Wallet,returned
2671,415,1001,4,12,14,02-08-2025,,92.7,62826,Bank Transfer,PENDING
2672,1407,14,1,1,7,16/12/2025,,151.6,20371,Card,IN TRANSIT
2673,987,12,42,18,9,05-26-2025,05-28-2025,132.7,385232,Wallet,Delvered
2674,89,2,28,11,13,2025-07-31,2025-08-03,329.7,421906,Wallet,delivered
2675,35,27,47,15,11,2025/05/13,2025/05/19,203.1,487296,Wallet,dlvrd
2676,1570,21,14,7,13,10.02.2025,12.02.2025,349.7,44660,Bank Transfer,failed
2677,861,18,27,13,5,19.02.2025,24.02.2025,276.1,258111,Wallet,Failed
2678,212,43,54,10,14,2025-03-01,2025-03-05,28.8,325479,Card,DELIVERED
2679,1390,31,15,9,9,2025/02/06,2025/02/10,136.7,761244,Wallet,Delivered
2680,651,19,32,11,21,04-05-2025,04-05-2025,13.0,72570,Bank Transfer,Delvered
2681,245,12,42,6,14,"December 03, 2025",,150.2,665277,Cash on Delivery,In Transit
2682,1123,5,30,11,10,03-02-2025,,47.8,,Bank Transfer,pending
2683,1476,29,34,5,15,10-Dec-2025,14-Dec-2025,226.7,779952,Bank Transfer,dlvrd
2684,1450,21,14,22,9,21.03.2025,27.03.2025,11.6,629182,Wallet,DELIVERED
2685,217,20,31,5,6,2025/05/15,2025/05/18,187.6,429559,Bank Transfer,DELIVERED
2686,1755,32,10,14,12,2025/01/20,,122.5,242622,Cash on Delivery,in transit
2687,1447,39,19,3,14,30-Jul-2025,,216.0,619350,Cash on Delivery,PENDING
2688,399,7,5,13,3,05-Jan-2025,05-Jan-2025,72.9,486871,Wallet,delivered
2689,916,22,26,3,12,2025/07/17,2025/07/24,348.1,423226,Cash on Delivery,Del.
2690,1269,8,29,22,1,2025-11-05,2025-11-08,193.7,507830,Card,Returned
2691,1566,4,18,5,11,04-30-2025,05-06-2025,128.7,690982,Wallet,Delivered
2692,1134,29,34,21,18,03.01.2025,04.01.2025,328.9,836072,Card,Failed
2693,351,34,52,6,10,2025-06-23,2025-06-30,42.2,797971,Wallet,DELIVERED
2694,1673,35,40,16,21,27.04.2025,,78.3,712255,Wallet,in transit
2695,427,14,1,13,18,16/10/2025,22/10/2025,301.1,340335,Bank Transfer,dlvrd
2696,1620,4,18,4,21,09-Aug-2025,13-Aug-2025,75.6,294783,Bank Transfer,Delvered
2697,935,16,50,5,11,2025-11-16,2025-11-19,14.8,758076,Bank Transfer,Failed
2698,496,11,4,4,16,"February 03, 2025",,121.1,729847,Wallet,in transit
2699,81,40,2,16,7,2025/07/09,2025/07/16,36.9,536337,Wallet,Del.
2700,20,25,13,22,16,19-Aug-2025,20-Aug-2025,110.8,32571,Card,delivered
2701,225,6,16,5,3,03/06/2025,,48.1,266285,Card,Pending
2702,977,28,55,9,4,2025-05-09,2025-05-11,56.0,117689,Wallet,dlvrd
2703,336,33,43,20,22,07-Apr-2025,12-Apr-2025,223.9,443616,Cash on Delivery,Returned
2704,1512,15,6,19,18,05.08.2025,10.08.2025,257.5,66582,Wallet,Delivered
2705,1408,43,54,8,21,24.03.2025,25.03.2025,58.8,823172,Bank Transfer,Del.
2706,624,40,2,16,14,"October 27, 2025","November 01, 2025",65.8,272638,Card,Retund
2707,130,16,50,13,10,06-26-2025,06-30-2025,101.8,345091,Bank Transfer,delivered
2708,451,17,11,9,16,2025-05-21,2025-05-28,216.6,472528,Cash on Delivery,dlvrd
2709,1509,28,55,3,6,2025-02-21,2025-02-23,312.3,79579,Cash on Delivery,Retund
2710,1060,7,5,21,8,03-15-2025,,115.4,82986,Wallet,In-Transit
2711,76,36,49,9,8,2025/01/28,2025/02/03,190.5,442163,Card,FAILED
2712,1579,25,13,8,20,2025-05-22,2025-05-28,201.4,367442,Bank Transfer,dlvrd
2713,435,6,16,5,12,07-29-2025,08-02-2025,232.1,409806,Card,Del.
2714,856,9,36,5,15,2025/06/24,2025/06/27,171.4,12601,Card,Delivered
2715,1214,32,10,20,8,21-Sep-2025,23-Sep-2025,177.8,411971,Wallet,DELIVERED
2716,1290,26,44,7,15,01.09.2025,05.09.2025,195.3,748999,Wallet,dlvrd
2717,990,13,35,17,5,11-24-2025,,96.6,795093,Cash on Delivery,in transit
2718,771,15,6,5,20,2025/07/22,2025/07/24,109.5,675839,Bank Transfer,Delvered
2719,1110,34,52,19,17,"December 27, 2025","January 02, 2026",23.5,374148,Cash on Delivery,DELIVERED
2720,1710,41,22,8,20,2025/04/04,2025/04/05,113.9,0,Wallet,returned
2721,964,13,35,17,16,08/05/2025,13/05/2025,309.4,743914,Cash on Delivery,delivered
2722,1075,15,6,14,15,19.11.2025,25.11.2025,9.9,443507,Cash on Delivery,delivered
2723,1751,30,38,2,19,2025-02-03,2025-02-04,281.5,332557,Cash on Delivery,FAILED
2724,918,26,44,7,1,08.10.2025,12.10.2025,137.4,253420,Cash on Delivery,Delvered
2725,1270,21,14,4,16,2025/09/20,2025/09/21,194.3,57193,Cash on Delivery,Faild
2726,1560,16,50,12,14,02/05/2025,03/05/2025,187.1,342366,Bank Transfer,Failed
2727,177,21,14,7,2,07-07-2025,07-12-2025,328.5,,Wallet,delivered
2728,852,14,1,8,1,2025/01/28,2025/01/30,177.7,58203,Bank Transfer,FAILED
2729,1324,43,54,16,20,2025-12-05,2025-12-11,295.9,702649,Card,Failed
2730,179,7,5,10,1,2025-06-29,2025-07-05,347.7,687369,Wallet,Del.
2731,503,24,39,5,8,12-May-2025,16-May-2025,232.2,561809,Card,Retund
2732,974,22,26,14,12,13/08/2025,13/08/2025,168.3,750042,Cash on Delivery,DELIVERED
2733,1334,5,30,4,4,01-24-2025,01-30-2025,347.6,807590,Cash on Delivery,Delivered
2734,769,27,47,4,20,20.06.2025,26.06.2025,-274.5,634196,Card,failed
2735,1458,2,28,13,15,2025-11-02,2025-11-05,199.8,838093,Card,Delivered
2736,765,17,11,12,12,14-Oct-2025,20-Oct-2025,217.4,430337,Cash on Delivery,Delivered
2737,213,25,13,6,3,"March 04, 2025","March 09, 2025",207.4,0,Wallet,delivered
2738,397,7,5,10,19,2025/08/12,2025/08/15,253.2,259734,Cash on Delivery,DELIVERED
2739,171,22,26,16,15,29/07/2025,02/08/2025,183.5,131392,Cash on Delivery,Faild
2740,1092,38,24,20,20,12/11/2025,13/11/2025,246.8,173470,Cash on Delivery,dlvrd
2741,229,14,1,12,5,04/10/2025,09/10/2025,19.7,829129,Bank Transfer,delivered
2742,1572,13,35,16,8,"February 22, 2025","February 25, 2025",200.0,88673,Bank Transfer,dlvrd
2743,1612,29,34,22,18,25-Dec-2025,29-Dec-2025,98.1,796065,Bank Transfer,Delvered
2744,1466,9,36,10,5,2025-12-05,2025-12-11,173.6,728044,Cash on Delivery,Del.
2745,1135,21,14,19,14,05-06-2025,05-13-2025,63.3,352289,Bank Transfer,failed
2746,1261,4,18,4,5,08-16-2025,08-19-2025,313.6,821133,Bank Transfer,failed
2747,964,999,28,9,12,16.03.2025,19.03.2025,207.6,370880,Wallet,DELIVERED
2748,334,27,47,1,2,14.06.2025,17.06.2025,112.2,565150,Card,Delvered
2749,974,14,1,21,12,27.04.2025,28.04.2025,217.5,167332,Card,dlvrd
2750,76,5,30,13,7,12-19-2025,12-25-2025,191.8,207842,Bank Transfer,Delvered
2751,274,14,1,18,10,17.09.2025,24.09.2025,264.5,451292,Cash on Delivery,RETURNED
2752,1121,15,6,21,15,2025-04-09,2025-04-11,37.4,353326,Bank Transfer,delivered
2753,498,34,52,7,7,07/09/2025,,234.7,52029,Bank Transfer,PENDING
2754,1165,34,52,17,3,"October 02, 2025","October 04, 2025",114.6,292191,Card,Del.
2755,601,34,52,15,2,2025-09-03,2025-09-07,104.2,40035,Card,Delvered
2756,1302,39,19,22,15,21-Oct-2025,22-Oct-2025,179.6,667111,Cash on Delivery,Delivered
2757,1511,2,28,16,20,19.06.2025,21.06.2025,203.7,86540,Cash on Delivery,Delvered
2758,753,37,46,16,17,05.01.2025,10.01.2025,53.7,701332,Cash on Delivery,Del.
2759,30,38,24,20,10,"June 14, 2025","June 17, 2025",57.5,474703,Card,RETURNED
2760,1354,23,45,3,21,"April 13, 2025","April 20, 2025",-305.6,423368,Card,delivered
2761,1486,15,6,20,19,19/05/2025,,143.3,567023,Wallet,PENDING
2762,932,16,50,10,22,26/04/2025,02/05/2025,132.6,481156,Wallet,Delivered
2763,1752,13,35,6,5,09-28-2025,10-04-2025,40.9,478628,Cash on Delivery,dlvrd
2764,315,1,9,10,21,07.04.2025,12.04.2025,159.9,265452,Bank Transfer,Delivered
2765,608,38,24,1,2,2025-10-19,2025-10-23,212.4,291127,Cash on Delivery,Delvered
2766,83,16,50,13,12,01-05-2025,01-06-2025,229.7,,Card,failed
2767,953,19,32,1,9,14/09/2025,18/09/2025,18.9,118858,Cash on Delivery,dlvrd
2768,662,15,6,5,3,23/03/2025,24/03/2025,212.9,188314,Cash on Delivery,dlvrd
2769,1065,8,29,7,21,26/11/2025,02/12/2025,320.8,649098,Wallet,dlvrd
2770,357,32,10,19,9,16-May-2025,18-May-2025,141.9,300663,Bank Transfer,Del.
2771,733,20,31,15,7,"January 08, 2025","January 12, 2025",346.5,100150,Cash on Delivery,delivered
2772,908,22,26,13,11,"June 01, 2025","June 02, 2025",313.6,286322,Card,Del.
2773,1142,2,28,5,19,31/12/2025,,148.1,425434,Card,pending
2774,344,15,6,4,12,2025/06/01,2025/06/02,343.8,722753,Cash on Delivery,DELIVERED
2775,430,23,45,6,21,2025-06-16,2025-06-21,125.1,196307,Card,DELIVERED
2776,509,9,36,5,19,20-Dec-2025,25-Dec-2025,66.6,159357,Cash on Delivery,returned
2777,1333,35,40,5,17,08/11/2025,14/11/2025,166.9,574472,Cash on Delivery,Delivered
2778,224,43,54,1,13,20.12.2025,22.12.2025,166.9,759910,Wallet,Del.
2779,906,43,54,18,11,2025-08-30,2025-09-03,300.7,18374,Wallet,returned
2780,1554,6,16,21,18,25.10.2025,30.10.2025,183.8,773161,Wallet,DELIVERED
2781,515,13,35,4,2,23-Apr-2025,25-Apr-2025,271.0,68778,Cash on Delivery,dlvrd
2782,1373,28,55,8,22,02-Dec-2025,07-Dec-2025,204.5,279610,Card,dlvrd
2783,80,23,45,3,18,2025/05/20,,132.5,439582,Cash on Delivery,Pending
2784,1424,18,27,16,4,09-05-2025,09-07-2025,211.2,655184,Card,delivered
2785,1419,4,18,11,15,"December 26, 2025","January 01, 2026",60.0,513642,Bank Transfer,dlvrd
2786,455,14,1,20,12,2025/10/25,2025/10/29,329.7,115437,Card,DELIVERED
2787,839,36,49,8,10,2025-04-18,2025-04-22,89.4,846817,Cash on Delivery,dlvrd
2788,1129,28,55,13,16,2025-07-26,2025-08-02,189.0,264535,Wallet,Faild
2789,721,20,31,11,2,01-Sep-2025,02-Sep-2025,48.5,579395,Wallet,Returned
2790,1549,14,1,15,12,03.06.2025,,268.5,728830,Card,pending
2791,475,44,51,13,19,07-May-2025,10-May-2025,193.3,819943,Wallet,DELIVERED
2792,1652,42,53,1,13,11-03-2025,11-05-2025,123.4,797272,Card,Delvered
2793,830,1,9,5,9,2025-12-29,2026-01-01,152.8,766243,Card,dlvrd
2794,1384,7,5,13,7,"May 16, 2025","May 16, 2025",81.5,,Cash on Delivery,DELIVERED
2795,789,27,47,16,16,2025-10-06,2025-10-09,62.9,546452,Bank Transfer,Del.
2796,1559,20,31,16,7,05-Jan-2025,05-Jan-2025,182.7,720853,Wallet,DELIVERED
2797,1258,25,13,18,13,"May 29, 2025","June 05, 2025",72.2,175048,Bank Transfer,Del.
2798,909,16,50,15,7,2025/05/01,2025/05/08,144.5,78744,Cash on Delivery,Retund
2799,117,13,35,20,20,06-19-2025,,316.0,,Bank Transfer,IN TRANSIT
2800,973,3,12,12,22,20/02/2025,20/02/2025,276.0,391094,Wallet,Delivered
2801,212,44,51,12,7,2025/11/21,2025/11/21,303.0,40405,Wallet,Retund
2802,1640,25,13,10,3,03-13-2025,03-14-2025,110.5,224899,Wallet,dlvrd
2803,1579,31,15,18,7,08-01-2025,08-03-2025,189.6,515951,Cash on Delivery,Del.
2804,481,12,42,4,18,26-Aug-2025,30-Aug-2025,134.2,351705,Card,dlvrd
2805,785,34,52,18,17,15.06.2025,22.06.2025,241.4,297845,Bank Transfer,Del.
2806,256,42,53,2,11,"February 17, 2025","February 18, 2025",101.0,684160,Cash on Delivery,Delivered
2807,1303,35,40,16,18,25-Apr-2025,,48.7,381530,Wallet,in transit
2808,74,1,9,13,5,13.11.2025,13.11.2025,306.5,144255,Cash on Delivery,Delivered
2809,1613,16,50,13,21,2025-04-03,2025-04-08,50.2,784377,Wallet,DELIVERED
2810,1730,8,29,5,15,21/07/2025,26/07/2025,334.2,533264,Wallet,delivered
2811,1104,28,55,13,8,2025/10/27,2025/11/01,88.9,742781,Wallet,delivered
2812,568,14,1,5,22,18/04/2025,,324.5,449524,Card,In Transit
2813,44,19,32,20,22,2025-02-03,2025-02-05,234.9,97445,Bank Transfer,delivered
2814,720,11,4,3,22,04-May-2025,,239.1,297155,Cash on Delivery,In-Transit
2815,273,2,28,22,8,24.10.2025,28.10.2025,309.6,334000,Cash on Delivery,delivered
2816,1148,43,54,8,7,2025/08/05,2025/08/11,15.6,849703,Card,DELIVERED
2817,506,25,13,22,2,"August 27, 2025","August 31, 2025",208.2,242843,Cash on Delivery,Delivered
2818,230,31,15,22,16,13/03/2025,17/03/2025,170.8,834324,Wallet,Delvered
2819,1449,20,31,2,15,"November 28, 2025","December 02, 2025",37.6,0,Card,dlvrd
2820,274,22,26,22,21,30-Jul-2025,,176.9,305947,Bank Transfer,pending
2821,796,44,51,12,6,"December 27, 2025","December 27, 2025",326.1,789243,Cash on Delivery,Retund
2822,1296,2,28,1,11,02-19-2025,02-21-2025,252.0,683731,Wallet,Del.
2823,719,16,50,5,1,20.06.2025,22.06.2025,29.2,201255,Bank Transfer,Del.
2824,1259,21,14,16,10,"February 15, 2025",,187.4,323108,Wallet,In Transit
2825,1375,40,2,18,19,2025/06/05,2025/06/06,243.5,650824,Card,FAILED
2826,1763,43,54,7,4,20.01.2025,23.01.2025,338.0,0,Wallet,Returned
2827,648,43,54,8,9,2025-01-01,2025-01-02,205.8,636771,Card,Faild
2828,941,35,40,17,18,09-24-2025,,251.8,334691,Card,In-Transit
2829,1086,26,44,10,10,"February 05, 2025",,162.3,258003,Cash on Delivery,In-Transit
2830,1597,17,11,1,10,11-26-2025,,109.7,165157,Cash on Delivery,IN TRANSIT
2831,448,44,51,3,8,2025-09-27,2025-09-30,245.5,257864,Cash on Delivery,DELIVERED
2832,780,5,30,17,22,"August 04, 2025","August 07, 2025",348.5,713428,Bank Transfer,Delivered
2833,988,11,4,5,20,"October 02, 2025",,191.4,781181,Wallet,pending
2834,333,16,50,22,9,03-21-2025,03-23-2025,279.1,469628,Card,returned
2835,1597,33,43,7,18,"September 08, 2025","September 13, 2025",140.3,651608,Card,dlvrd
2836,279,29,34,11,16,2025-07-02,2025-07-06,27.3,356697,Card,Delvered
2837,546,32,10,15,21,2025-03-11,2025-03-13,125.4,500035,Bank Transfer,Del.
2838,815,28,55,7,20,"January 16, 2025","January 19, 2025",110.5,810337,Cash on Delivery,Retund
2839,560,40,2,11,20,2025/07/21,,93.7,387264,Bank Transfer,Pending
2840,212,2,28,5,13,16.06.2025,20.06.2025,337.3,716586,Wallet,Del.
2841,245,44,51,17,14,2025/04/24,,230.8,66801,Card,IN TRANSIT
2842,341,34,52,15,19,2025/01/06,,111.3,49174,Wallet,PENDING
2843,485,37,46,1,21,2025-08-02,2025-08-09,47.0,551074,Wallet,Del.
2844,1529,27,47,18,18,06-May-2025,06-May-2025,8.8,388461,Bank Transfer,DELIVERED
2845,22,34,52,9,7,16.02.2025,22.02.2025,349.7,388092,Wallet,Delvered
2846,328,33,43,9,5,02-11-2025,02-16-2025,10.7,616030,Card,Delvered
2847,1127,18,27,18,15,2025/01/19,2025/01/26,226.5,457870,Card,Del.
2848,179,35,40,2,18,"March 03, 2025","March 09, 2025",95.2,594142,Card,Delvered
2849,1053,38,24,18,10,17.01.2025,24.01.2025,191.3,82009,Cash on Delivery,delivered
2850,1592,21,14,13,22,"December 08, 2025","December 13, 2025",259.8,303979,Card,dlvrd
2851,1390,32,10,21,19,"August 22, 2025","August 23, 2025",84.2,154898,Wallet,RETURNED
2852,1105,43,54,3,22,13-May-2025,19-May-2025,274.9,632758,Cash on Delivery,DELIVERED
2853,1503,42,53,6,21,22.11.2025,28.11.2025,237.5,222613,Bank Transfer,returned
2854,1722,14,1,6,1,2025-02-17,2025-02-21,221.5,597250,Card,Failed
2855,1126,39,19,10,8,2025-08-31,2025-09-04,6.2,272829,Wallet,delivered
2856,1399,1,9,9,12,2025/07/04,2025/07/05,152.4,87009,Bank Transfer,Delvered
2857,267,44,51,5,19,25-May-2025,27-May-2025,276.4,232794,Bank Transfer,Del.
2858,914,1,9,21,9,20-Feb-2025,,182.6,679764,Bank Transfer,pending
2859,392,29,34,12,19,14.02.2025,17.02.2025,97.2,468411,Card,Del.
2860,1560,13,35,15,4,2025-11-23,,185.7,248686,Cash on Delivery,pending
2861,587,25,13,11,21,31-Jan-2025,06-Feb-2025,141.9,619064,Bank Transfer,Del.
2862,839,33,43,16,15,2025/02/05,2025/02/12,203.2,58910,Bank Transfer,Delvered
2863,488,28,55,11,11,06.07.2025,11.07.2025,58.4,470231,Bank Transfer,FAILED
2864,1044,32,10,2,6,2025-01-30,2025-02-03,102.7,577184,Cash on Delivery,Delvered
2865,310,28,55,19,22,13/04/2025,13/04/2025,53.2,143883,Bank Transfer,dlvrd
2866,1103,5,30,14,13,16/11/2025,23/11/2025,132.3,389827,Wallet,dlvrd
2867,1264,1,9,15,22,25-Jun-2025,25-Jun-2025,6.8,702410,Wallet,Returned
2868,1797,11,4,16,2,01-Jun-2025,04-Jun-2025,178.0,261243,Wallet,DELIVERED
2869,1098,32,10,3,19,2025/06/19,2025/06/22,275.6,135218,Card,dlvrd
2870,309,23,45,9,21,10/11/2025,11/11/2025,170.5,210646,Bank Transfer,Delvered
2871,853,8,29,11,2,2025-08-28,2025-08-29,72.9,59907,Wallet,DELIVERED
2872,645,41,22,11,10,2025/11/27,2025/12/04,48.5,295239,Wallet,dlvrd
2873,1061,31,15,5,20,09-Nov-2025,11-Nov-2025,129.8,511232,Wallet,Delvered
2874,725,2,28,4,3,02-May-2025,07-May-2025,128.7,463170,Wallet,Delvered
2875,991,41,22,16,22,2025-02-23,2025-02-27,-337.3,233827,Wallet,returned
2876,1012,16,50,17,5,2025/08/05,2025/08/06,246.2,527919,Cash on Delivery,Faild
2877,1410,28,55,22,20,19.06.2025,21.06.2025,147.8,410289,Cash on Delivery,delivered
2878,1795,12,42,3,16,06-Jan-2025,11-Jan-2025,231.8,562024,Cash on Delivery,Delivered
2879,296,43,54,8,5,05-16-2025,05-18-2025,226.9,658225,Card,Delivered
2880,505,5,30,1,7,03.05.2025,,50.6,493533,Wallet,PENDING
2881,1342,42,53,9,10,2025-04-28,2025-05-03,212.6,713203,Wallet,Delvered
2882,406,16,50,10,21,29.06.2025,01.07.2025,272.1,35407,Wallet,Failed
2883,50,15,6,14,1,2025/05/05,2025/05/11,325.4,677565,Bank Transfer,Delvered
2884,845,16,50,6,12,07-Jan-2025,08-Jan-2025,95.1,667150,Card,returned
2885,1238,32,10,10,1,2025/06/19,2025/06/21,296.7,484137,Wallet,Delvered
2886,1294,23,45,13,9,2025/11/07,2025/11/09,330.6,376565,Card,Delivered
2887,435,14,1,18,10,07/03/2025,10/03/2025,270.2,33630,Bank Transfer,Delivered
2888,1398,33,43,1,19,09-09-2025,09-11-2025,65.6,303505,Wallet,Delvered
2889,15,41,22,14,6,2025/03/01,2025/03/02,86.1,420441,Wallet,DELIVERED
2890,783,9,36,8,21,2025/08/23,2025/08/24,87.0,828813,Cash on Delivery,dlvrd
2891,743,5,30,13,20,08/06/2025,12/06/2025,26.3,501729,Bank Transfer,Delvered
2892,212,12,42,17,19,10-02-2025,,6.1,649207,Wallet,PENDING
2893,1379,1001,35,8,17,06-21-2025,06-26-2025,26.0,245242,Cash on Delivery,DELIVERED
2894,1107,9,36,16,2,03.03.2025,04.03.2025,163.2,36661,Bank Transfer,FAILED
2895,844,28,55,19,18,10.10.2025,11.10.2025,81.2,605668,Bank Transfer,delivered
2896,250,29,34,12,22,07-Mar-2025,11-Mar-2025,119.6,408847,Card,Delvered
2897,774,15,6,4,15,25-Jul-2025,30-Jul-2025,147.8,424685,Bank Transfer,Faild
2898,790,30,38,1,5,"November 23, 2025","November 27, 2025",10.1,57075,Card,DELIVERED
2899,1154,2,28,20,21,01.02.2025,04.02.2025,188.4,447280,Bank Transfer,dlvrd
2900,296,4,18,20,14,08-06-2025,08-12-2025,30.7,621800,Card,delivered
2901,434,21,14,22,19,09-Aug-2025,13-Aug-2025,160.0,582762,Bank Transfer,delivered
2902,1578,9,36,17,20,2025/05/25,2025/05/29,182.5,17334,Wallet,delivered
2903,1478,34,52,7,6,26-Feb-2025,02-Mar-2025,147.1,523932,Card,Delivered
2904,987,21,14,10,21,12-30-2025,,144.2,545389,Bank Transfer,in transit
2905,492,44,51,22,3,12.02.2025,,60.9,292572,Cash on Delivery,pending
2906,515,10,7,8,10,2025-06-26,2025-06-28,21.7,572316,Card,Delivered
2907,1471,19,32,18,7,19-Mar-2025,20-Mar-2025,87.9,830594,Cash on Delivery,Del.
2908,293,7,5,8,13,10-Sep-2025,14-Sep-2025,18.2,148888,Card,Delivered
2909,334,26,44,10,11,07-Jan-2025,08-Jan-2025,10.4,104531,Cash on Delivery,FAILED
2910,349,39,19,4,3,"November 13, 2025","November 17, 2025",44.7,613507,Cash on Delivery,Delvered
2911,559,22,26,22,13,28/11/2025,02/12/2025,101.0,6463,Wallet,returned
2912,1083,5,30,16,3,22/12/2025,,320.5,247003,Cash on Delivery,in transit
2913,290,28,55,22,16,27.05.2025,,109.7,788326,Cash on Delivery,PENDING
2914,572,6,16,19,16,10.01.2025,14.01.2025,15.9,500523,Cash on Delivery,Delivered
2915,108,1,9,14,9,2025-11-02,,266.4,375216,Bank Transfer,PENDING
2916,26,26,44,13,19,01-12-2025,01-16-2025,121.8,296806,Cash on Delivery,dlvrd
2917,154,9,36,8,17,11/06/2025,14/06/2025,227.8,299994,Cash on Delivery,delivered
2918,1266,19,32,20,17,17.04.2025,22.04.2025,243.4,0,Bank Transfer,DELIVERED
2919,1037,28,55,15,4,02/11/2025,02/11/2025,169.5,193113,Cash on Delivery,Delivered
2920,1235,44,51,17,20,2025/07/15,2025/07/18,123.5,817832,Card,dlvrd
2921,801,27,47,20,1,2025/11/21,2025/11/26,6.9,200404,Card,returned
2922,649,9,36,11,22,27-Aug-2025,28-Aug-2025,14.9,270799,Wallet,Faild
2923,1017,30,38,13,16,07/10/2025,,166.1,,Wallet,PENDING
2924,269,28,55,1,2,"April 19, 2025","April 23, 2025",216.8,846291,Card,DELIVERED
2925,734,5,30,1,1,2025-06-02,2025-06-03,21.5,4072,Cash on Delivery,delivered
2926,1373,21,14,7,10,01.12.2025,,104.1,60326,Wallet,In Transit
2927,799,13,35,1,4,"April 06, 2025","April 12, 2025",168.3,820754,Card,DELIVERED
2928,1550,12,42,22,14,2025/06/17,2025/06/22,326.7,579247,Bank Transfer,Failed
2929,484,20,31,6,9,05/07/2025,05/07/2025,249.7,157192,Wallet,Delvered
2930,1792,4,18,21,17,08-11-2025,08-14-2025,189.4,85638,Cash on Delivery,Delvered
2931,1739,20,31,15,1,2025/05/27,2025/05/28,278.6,642714,Bank Transfer,Returned
2932,909,39,19,7,20,08/09/2025,13/09/2025,60.6,,Bank Transfer,delivered
2933,1726,24,39,11,7,01.11.2025,02.11.2025,143.7,139062,Wallet,Delivered
2934,397,4,18,13,8,2025-02-19,2025-02-23,313.2,830411,Bank Transfer,Delvered
2935,732,19,32,5,19,29/05/2025,01/06/2025,200.1,292084,Bank Transfer,dlvrd
2936,1772,16,50,1,8,19-Nov-2025,25-Nov-2025,106.9,199403,Bank Transfer,Delivered
2937,65,5,30,20,8,11-14-2025,11-21-2025,134.4,19927,Wallet,Failed
2938,1155,11,4,22,7,12-Jan-2025,18-Jan-2025,327.1,270393,Wallet,dlvrd
2939,955,1000,12,21,2,13.03.2025,14.03.2025,285.3,384978,Bank Transfer,dlvrd
2940,365,15,6,7,19,2025-07-29,2025-08-01,245.8,395530,Bank Transfer,Returned
2941,263,36,49,16,7,"May 07, 2025",,256.3,504530,Cash on Delivery,Pending
2942,1056,1,9,20,18,26/02/2025,01/03/2025,333.7,229793,Wallet,dlvrd
2943,1241,8,29,16,17,2025/06/12,2025/06/17,17.4,532367,Cash on Delivery,failed
2944,779,18,27,12,9,2025/10/04,2025/10/08,144.8,679372,Wallet,Retund
2945,1723,43,54,20,7,31/12/2025,31/12/2025,276.3,356051,Bank Transfer,delivered
2946,1054,10,7,11,15,"April 25, 2025","April 25, 2025",133.3,0,Cash on Delivery,returned
2947,1682,43,54,6,20,2025-07-28,2025-07-31,225.7,404746,Bank Transfer,DELIVERED
2948,1747,7,5,4,13,10-27-2025,11-01-2025,266.0,743455,Bank Transfer,dlvrd
2949,1078,4,18,5,20,"December 02, 2025",,176.6,64587,Wallet,Pending
2950,1788,40,2,2,1,2025-10-11,,-283.8,35447,Bank Transfer,Pending
2951,758,21,14,14,15,04-06-2025,04-11-2025,344.5,680553,Bank Transfer,DELIVERED
2952,1634,40,2,11,12,02.10.2025,04.10.2025,164.3,579300,Cash on Delivery,FAILED
2953,325,999,50,4,6,29/08/2025,31/08/2025,76.3,,Cash on Delivery,delivered
2954,1205,33,43,7,19,30.05.2025,30.05.2025,7.2,259619,Bank Transfer,dlvrd
2955,448,13,35,8,4,2025-07-15,2025-07-17,14.4,127721,Bank Transfer,Retund
2956,1401,28,55,6,8,03/07/2025,07/07/2025,48.2,0,Cash on Delivery,Failed
2957,1190,44,51,9,6,2025/05/25,2025/05/28,256.7,317865,Card,Delvered
2958,334,999,52,17,21,"October 16, 2025","October 19, 2025",165.0,717187,Cash on Delivery,Del.
2959,1063,26,44,11,21,"August 12, 2025","August 12, 2025",55.8,626288,Wallet,RETURNED
2960,688,35,40,20,17,08.02.2025,10.02.2025,52.6,430867,Bank Transfer,Delivered
2961,388,3,12,11,6,17-Aug-2025,17-Aug-2025,244.9,789063,Bank Transfer,Delivered
2962,538,18,27,12,14,04-19-2025,04-20-2025,222.5,691987,Wallet,Delivered
2963,400,3,12,15,2,03.11.2025,,44.2,734809,Card,In Transit
2964,203,10,7,12,18,27/06/2025,,31.4,739910,Cash on Delivery,in transit
2965,1039,14,1,7,3,29.03.2025,04.04.2025,169.9,782887,Cash on Delivery,Del.
2966,824,42,53,5,21,17-May-2025,19-May-2025,295.9,162733,Wallet,DELIVERED
2967,1127,26,44,11,4,03-Feb-2025,,242.2,459813,Bank Transfer,Pending
2968,330,42,53,22,20,01-28-2025,01-31-2025,217.7,119010,Cash on Delivery,Failed
2969,472,24,39,16,10,"March 11, 2025","March 15, 2025",254.5,0,Cash on Delivery,delivered
2970,1054,29,34,3,2,03-Sep-2025,04-Sep-2025,204.5,417651,Wallet,RETURNED
2971,1790,34,52,18,22,2025/10/04,2025/10/07,101.9,566557,Wallet,Delivered
2972,648,12,42,4,6,"September 10, 2025","September 11, 2025",148.7,203329,Bank Transfer,DELIVERED
2973,374,35,40,3,3,25-Feb-2025,03-Mar-2025,145.5,333452,Wallet,dlvrd
2974,1034,16,50,18,6,04/06/2025,04/06/2025,286.2,158720,Bank Transfer,Failed
2975,1748,26,44,6,11,03-02-2025,,66.0,603351,Card,In-Transit
2976,958,25,13,4,6,06-Mar-2025,,132.2,603326,Cash on Delivery,In Transit
2977,1385,40,2,20,8,2025-06-26,,215.5,242547,Card,PENDING
2978,1772,23,45,7,8,23.03.2025,25.03.2025,113.0,318865,Bank Transfer,dlvrd
2979,806,21,14,20,17,17.06.2025,20.06.2025,153.6,640281,Bank Transfer,Delvered
2980,657,34,52,18,9,10-31-2025,11-05-2025,74.8,406379,Card,Del.
2981,1072,10,7,9,15,2025-08-29,2025-08-31,328.7,0,Bank Transfer,Delivered
2982,484,34,52,14,4,2025-06-22,2025-06-24,262.2,138804,Cash on Delivery,DELIVERED
2983,1585,17,11,22,21,11-19-2025,11-20-2025,329.0,800483,Bank Transfer,delivered
2984,1166,29,34,22,18,04/08/2025,10/08/2025,317.8,754201,Card,Failed
2985,777,40,2,8,20,25-Sep-2025,,143.5,222201,Bank Transfer,in transit
2986,707,38,24,10,11,"January 21, 2025","January 22, 2025",59.9,272540,Wallet,RETURNED
2987,1661,18,27,1,15,2025/08/04,2025/08/10,7.4,217604,Bank Transfer,Faild
2988,642,17,11,11,19,30-Sep-2025,06-Oct-2025,134.6,53160,Wallet,Delivered
2989,1363,27,47,12,20,2025/03/10,2025/03/11,235.5,185276,Card,Delvered
2990,383,33,43,13,20,2025/07/11,2025/07/14,126.0,547129,Card,dlvrd
2991,771,34,52,7,20,02-23-2025,,161.6,101588,Cash on Delivery,pending
2992,1764,28,55,12,7,11-21-2025,11-23-2025,223.7,93398,Card,dlvrd
2993,1250,32,10,21,13,2025-10-08,,261.0,289188,Wallet,In-Transit
2994,1047,5,30,5,2,27/02/2025,27/02/2025,106.4,384254,Card,dlvrd
2995,456,21,14,22,6,11-10-2025,,306.4,263421,Wallet,in transit
2996,1766,1000,16,20,10,18-Aug-2025,21-Aug-2025,37.1,319494,Card,delivered
2997,95,37,46,12,15,2025-07-11,2025-07-14,67.1,146551,Wallet,Delivered
2998,1505,22,26,18,3,07.06.2025,13.06.2025,340.0,552964,Cash on Delivery,DELIVERED
2999,1375,32,10,21,6,06-06-2025,06-07-2025,332.5,824978,Bank Transfer,Del.
3000,1456,39,19,19,15,23-Aug-2025,,344.2,431272,Wallet,Pending
3001,966,40,2,20,21,21/04/2025,28/04/2025,209.4,750256,Cash on Delivery,DELIVERED
3002,249,7,5,2,10,02.03.2025,,326.3,751443,Card,PENDING
3003,500,13,35,3,7,2025/12/17,2025/12/23,345.7,276356,Card,failed
3004,571,36,49,4,15,"June 20, 2025","June 24, 2025",312.0,213986,Cash on Delivery,Delivered
3005,1544,8,29,22,13,28.09.2025,29.09.2025,9.1,716657,Card,Delivered
3006,301,21,14,9,10,2025/01/11,2025/01/17,234.6,249314,Bank Transfer,FAILED
3007,791,15,6,17,3,10/05/2025,12/05/2025,28.8,190432,Card,dlvrd
3008,497,11,4,9,16,08/08/2025,11/08/2025,256.2,505900,Wallet,Returned
3009,12,44,51,18,16,10.05.2025,,83.3,36238,Bank Transfer,Pending
3010,1687,1001,18,22,10,18.11.2025,24.11.2025,134.9,804249,Bank Transfer,Del.
3011,417,22,26,21,13,11/08/2025,15/08/2025,92.0,28458,Card,RETURNED
3012,283,20,31,22,17,14-Apr-2025,15-Apr-2025,96.6,171924,Bank Transfer,Delvered
3013,802,24,39,14,10,04/02/2025,,163.2,590873,Card,In Transit
3014,260,22,26,18,9,2025-06-17,2025-06-23,167.4,695483,Card,failed
3015,62,22,26,2,1,2025/08/10,2025/08/14,347.1,508410,Wallet,Delvered
3016,1687,44,51,13,19,25/09/2025,,279.0,414665,Bank Transfer,PENDING
3017,1025,13,35,11,20,07-04-2025,07-07-2025,45.6,616597,Wallet,Delvered
3018,1086,24,39,4,1,2025/06/07,2025/06/12,161.9,316798,Bank Transfer,Delvered
3019,345,4,18,17,16,15.08.2025,21.08.2025,271.5,407889,Card,returned
3020,1612,11,4,12,12,02-Apr-2025,04-Apr-2025,66.1,33348,Card,DELIVERED
3021,279,36,49,9,5,07-Apr-2025,10-Apr-2025,218.1,,Wallet,dlvrd
3022,1355,31,15,19,10,2025-12-24,2025-12-28,29.7,548865,Card,Returned
3023,1693,13,35,6,16,2025-03-01,2025-03-06,207.4,678973,Bank Transfer,Delivered
3024,171,33,43,12,2,"July 25, 2025","July 28, 2025",323.6,489713,Card,Delivered
3025,1124,41,22,12,10,2025/04/25,2025/04/27,69.8,275609,Wallet,Delvered
3026,1452,999,55,10,5,"March 14, 2025",,199.6,353565,Cash on Delivery,pending
3027,88,6,16,13,1,12-27-2025,12-30-2025,-221.6,181011,Card,failed
3028,653,22,26,7,14,"July 24, 2025",,277.2,750158,Wallet,Pending
3029,452,38,24,17,6,15/07/2025,19/07/2025,60.4,541561,Wallet,Delvered
3030,1193,1,9,7,19,29-Jun-2025,05-Jul-2025,124.9,534224,Bank Transfer,dlvrd
3031,1498,42,53,22,3,13.04.2025,19.04.2025,298.7,475543,Bank Transfer,delivered
3032,349,4,18,22,18,2025/08/02,2025/08/09,293.1,532689,Card,Del.
3033,1410,34,52,9,20,29-Oct-2025,31-Oct-2025,72.0,491635,Wallet,Delivered
3034,656,11,4,10,15,05-28-2025,05-29-2025,96.7,714614,Bank Transfer,dlvrd
3035,992,29,34,21,18,22/03/2025,25/03/2025,161.6,524131,Card,Del.
3036,240,19,32,6,9,2025/12/07,2025/12/12,262.8,84101,Wallet,Delivered
3037,1065,30,38,13,10,16-Jan-2025,21-Jan-2025,288.8,803492,Wallet,Del.
3038,1439,39,19,3,5,06-04-2025,06-09-2025,114.9,170094,Cash on Delivery,Delivered
3039,1545,40,2,14,5,24.04.2025,,302.1,753529,Cash on Delivery,pending
3040,1329,34,52,16,10,2025/05/05,2025/05/11,311.1,720650,Wallet,Delvered
3041,432,2,28,5,5,2025/04/16,,335.1,838878,Cash on Delivery,IN TRANSIT
3042,437,22,26,21,17,2025/02/02,2025/02/02,215.4,202154,Card,Delvered
3043,770,31,15,7,11,04-30-2025,,40.0,528820,Card,pending
3044,447,17,11,12,20,"November 23, 2025",,200.4,778233,Card,in transit
3045,404,34,52,11,1,29.05.2025,,86.6,138221,Cash on Delivery,In-Transit
3046,1114,20,31,1,13,10/10/2025,15/10/2025,346.5,673552,Wallet,Faild
3047,302,7,5,16,2,28.09.2025,29.09.2025,72.9,819826,Bank Transfer,Retund
3048,213,18,27,11,9,01.04.2025,01.04.2025,245.0,261437,Card,DELIVERED
3049,174,43,54,21,1,03-04-2025,03-05-2025,10.7,263165,Bank Transfer,dlvrd
3050,71,22,26,21,13,"July 02, 2025","July 05, 2025",203.5,249355,Card,DELIVERED
3051,1095,9,36,9,12,2025/03/18,,130.9,20377,Bank Transfer,In-Transit
3052,887,9,36,4,19,24.10.2025,28.10.2025,141.8,708324,Card,Faild
3053,1744,6,16,13,13,16-Feb-2025,23-Feb-2025,59.2,116665,Card,delivered
3054,1349,22,26,21,22,2025/11/07,2025/11/13,345.1,302497,Wallet,Delivered
3055,1749,31,15,17,19,2025/12/08,2025/12/10,341.1,540145,Card,DELIVERED
3056,836,42,53,10,14,2025-10-06,2025-10-09,19.1,134045,Bank Transfer,DELIVERED
3057,255,32,10,14,1,23-Jan-2025,,298.3,55437,Card,in transit
3058,1002,17,11,13,17,03-19-2025,03-24-2025,145.8,726971,Wallet,Failed
3059,1496,32,10,4,14,25.05.2025,,98.7,586726,Wallet,In Transit
3060,582,15,6,7,12,25-Jun-2025,29-Jun-2025,349.6,569523,Cash on Delivery,Delvered
3061,455,30,38,1,2,2025-11-22,2025-11-23,99.7,643875,Card,Delivered
3062,246,32,10,18,2,28/12/2025,28/12/2025,270.2,747760,Wallet,Del.
3063,151,17,11,17,19,"March 08, 2025","March 08, 2025",135.3,455451,Card,Delvered
3064,318,35,40,1,11,2025/05/27,2025/05/30,-23.6,88837,Bank Transfer,Delivered
3065,1559,7,5,22,10,07.10.2025,14.10.2025,241.2,67692,Bank Transfer,delivered
3066,819,36,49,12,18,15.06.2025,,270.2,3600,Bank Transfer,in transit
3067,435,12,42,15,1,2025-02-25,2025-02-28,209.7,703417,Wallet,Del.
3068,716,8,29,18,17,05-Oct-2025,05-Oct-2025,205.7,0,Card,Delivered
3069,918,36,49,8,19,2025/10/13,2025/10/16,108.2,361083,Wallet,Delvered
3070,113,41,22,22,12,2025/09/15,2025/09/21,61.0,770945,Wallet,FAILED
3071,1008,20,31,19,17,26.11.2025,26.11.2025,38.3,789233,Cash on Delivery,delivered
3072,1304,30,38,17,6,30-Mar-2025,02-Apr-2025,121.5,246003,Card,DELIVERED
3073,695,42,53,7,3,11-21-2025,11-24-2025,103.8,510525,Wallet,DELIVERED
3074,1759,35,40,16,15,10.08.2025,13.08.2025,138.6,787815,Bank Transfer,delivered
3075,1754,2,28,5,3,"June 12, 2025","June 17, 2025",87.3,164197,Wallet,delivered
3076,1472,35,40,18,2,10/07/2025,16/07/2025,178.5,681953,Card,Failed
3077,1711,15,6,19,14,2025-09-30,2025-10-05,93.1,128371,Bank Transfer,Delivered
3078,486,40,2,11,2,07-Jan-2025,08-Jan-2025,175.6,718592,Wallet,FAILED
3079,43,13,35,2,17,05.09.2025,,236.0,117127,Wallet,In Transit
3080,1155,35,40,18,19,2025-04-21,2025-04-26,241.2,,Wallet,DELIVERED
3081,938,2,28,3,9,2025-04-09,2025-04-10,63.9,537903,Cash on Delivery,Delvered
3082,1736,44,51,6,15,09-Mar-2025,,28.3,437226,Cash on Delivery,IN TRANSIT
3083,1209,4,18,7,10,31/01/2025,03/02/2025,68.6,488847,Card,Del.
3084,740,13,35,16,19,2025/07/18,,156.4,291694,Card,pending
3085,1108,40,2,2,13,2025-07-15,2025-07-20,191.8,689901,Card,failed
3086,672,14,1,2,18,23.05.2025,28.05.2025,66.0,137757,Card,failed
3087,1697,21,14,15,2,25.05.2025,26.05.2025,74.8,597620,Bank Transfer,FAILED
3088,357,42,53,2,15,2025-11-25,2025-12-01,286.3,713102,Cash on Delivery,FAILED
3089,330,16,50,8,7,10.07.2025,,258.8,319161,Card,IN TRANSIT
3090,147,1,9,12,10,12-Nov-2025,13-Nov-2025,147.8,349599,Cash on Delivery,Returned
3091,1783,19,32,1,1,"January 19, 2025","January 21, 2025",147.5,549359,Card,dlvrd
3092,750,27,47,15,19,28.05.2025,,72.1,33365,Bank Transfer,In Transit
3093,1549,21,14,1,8,"November 20, 2025","November 25, 2025",38.7,701963,Bank Transfer,Returned
3094,1405,11,4,17,5,12-Feb-2025,12-Feb-2025,28.5,695317,Bank Transfer,FAILED
3095,811,2,28,4,9,2025-10-08,,36.0,546895,Wallet,In-Transit
3096,991,2,28,10,9,04.09.2025,,210.8,253545,Wallet,IN TRANSIT
3097,61,19,32,2,15,2025-02-12,2025-02-17,147.5,636683,Wallet,delivered
3098,909,2,28,17,21,"May 22, 2025","May 27, 2025",111.2,757455,Wallet,Failed
3099,408,42,53,11,1,30.06.2025,01.07.2025,304.7,770081,Bank Transfer,Faild
3100,15,13,35,11,19,03-16-2025,03-21-2025,24.4,319778,Wallet,Delvered
3101,188,27,47,20,15,03-Oct-2025,03-Oct-2025,79.0,671735,Bank Transfer,Delvered
3102,682,43,54,21,1,"May 08, 2025","May 12, 2025",214.4,767475,Card,DELIVERED
3103,1651,34,52,2,15,19.07.2025,19.07.2025,64.6,404863,Wallet,Delivered
3104,498,24,39,6,21,09-10-2025,,207.2,217770,Card,PENDING
3105,1537,39,19,6,17,"September 28, 2025","October 02, 2025",154.8,7498,Wallet,Del.
3106,215,26,44,20,15,17.09.2025,22.09.2025,93.6,580341,Bank Transfer,Retund
3107,1281,28,55,12,16,"March 29, 2025","April 02, 2025",200.2,455133,Bank Transfer,DELIVERED
3108,1243,18,27,19,17,04-13-2025,04-13-2025,209.0,136236,Card,delivered
3109,1569,15,6,12,9,"December 09, 2025","December 10, 2025",197.5,89956,Wallet,DELIVERED
3110,208,9,36,15,21,03.06.2025,,17.9,321152,Card,in transit
3111,1679,5,30,2,2,04.10.2025,11.10.2025,-222.0,32789,Bank Transfer,Del.
3112,170,33,43,11,14,31/08/2025,05/09/2025,345.3,765257,Bank Transfer,Del.
3113,59,4,18,8,22,2025/02/14,2025/02/20,25.0,537545,Card,Delivered
3114,1708,22,26,21,13,2025/09/12,2025/09/12,-315.3,0,Card,Delivered
3115,1621,1,9,13,18,07/11/2025,13/11/2025,204.7,128919,Bank Transfer,Delvered
3116,1586,19,32,2,16,"March 17, 2025",,124.2,143211,Card,IN TRANSIT
3117,1395,10,7,8,11,07-Jul-2025,07-Jul-2025,325.2,730455,Wallet,Returned
3118,312,37,46,4,10,21.09.2025,21.09.2025,238.4,827747,Card,Delvered
3119,1133,26,44,6,22,10-01-2025,,307.8,312387,Wallet,IN TRANSIT
3120,1763,42,53,4,16,2025/04/27,2025/04/28,118.3,146480,Card,failed
3121,186,6,16,14,1,05.12.2025,,217.9,488147,Card,IN TRANSIT
3122,486,10,7,15,1,2025-01-15,2025-01-16,137.1,765786,Bank Transfer,DELIVERED
3123,1675,20,31,4,21,24/10/2025,28/10/2025,241.8,429957,Bank Transfer,Delvered
3124,500,3,12,10,19,02.04.2025,07.04.2025,80.2,504176,Wallet,DELIVERED
3125,1093,42,53,18,6,"May 20, 2025",,198.7,831783,Bank Transfer,In-Transit
3126,1084,23,45,5,18,2025-10-25,2025-10-26,325.6,396971,Card,Delivered
3127,417,44,51,21,17,21.04.2025,25.04.2025,126.6,669386,Bank Transfer,failed
3128,1728,30,38,12,16,2025-04-25,2025-04-27,309.7,313234,Bank Transfer,FAILED
3129,1080,2,28,15,3,01-Dec-2025,03-Dec-2025,10.4,210094,Card,Faild
3130,1279,33,43,10,18,03.05.2025,06.05.2025,319.9,37391,Bank Transfer,dlvrd
3131,606,11,4,13,21,29.08.2025,29.08.2025,31.1,474881,Card,returned
3132,1244,33,43,13,14,20-May-2025,21-May-2025,191.8,75783,Card,delivered
3133,1794,33,43,15,10,14.12.2025,,135.8,110092,Card,IN TRANSIT
3134,1664,4,18,11,1,"October 26, 2025","October 26, 2025",124.8,725750,Wallet,FAILED
3135,1336,44,51,13,19,27.11.2025,02.12.2025,150.2,721345,Card,dlvrd
3136,880,38,24,21,3,18.10.2025,21.10.2025,74.5,430132,Bank Transfer,Delvered
3137,1761,1,9,15,18,17-Aug-2025,,142.4,648057,Wallet,In Transit
3138,760,16,50,22,19,05-07-2025,05-13-2025,62.9,101149,Bank Transfer,Delvered
3139,288,33,43,12,15,02.11.2025,05.11.2025,139.6,609112,Cash on Delivery,DELIVERED
3140,689,21,14,9,17,07.12.2025,09.12.2025,331.4,55350,Bank Transfer,dlvrd
3141,1754,11,4,12,7,24/06/2025,27/06/2025,229.7,478231,Wallet,failed
3142,935,41,22,20,14,11-Oct-2025,16-Oct-2025,234.9,294233,Wallet,dlvrd
3143,1713,11,4,14,7,23.09.2025,26.09.2025,149.8,744081,Cash on Delivery,failed
3144,726,43,54,15,20,08-15-2025,08-21-2025,30.0,141559,Cash on Delivery,Delvered
3145,517,4,18,13,14,"September 17, 2025","September 23, 2025",329.5,450365,Wallet,Del.
3146,183,27,47,12,14,2025/05/01,,43.9,623990,Bank Transfer,IN TRANSIT
3147,1764,15,6,20,22,2025/09/23,2025/09/26,308.5,244573,Bank Transfer,dlvrd
3148,614,29,34,11,6,02/12/2025,08/12/2025,160.6,0,Wallet,Failed
3149,392,1000,46,3,21,23/02/2025,27/02/2025,80.5,526524,Cash on Delivery,Del.
3150,1654,22,26,13,6,2025/04/11,,127.1,120064,Card,In Transit
3151,1672,35,40,14,4,2025-11-03,2025-11-10,71.9,91786,Card,Delivered
3152,722,41,22,16,13,01-23-2025,01-25-2025,342.1,581366,Bank Transfer,DELIVERED
3153,353,1000,35,14,22,17-Jul-2025,22-Jul-2025,250.6,444661,Cash on Delivery,Delvered
3154,581,15,6,10,9,2025-04-02,,70.2,849239,Bank Transfer,PENDING
3155,1686,44,51,6,16,"June 18, 2025","June 22, 2025",198.4,273689,Wallet,Delvered
3156,1040,18,27,19,7,2025-03-27,2025-03-27,43.5,247629,Wallet,Delivered
3157,259,9,36,9,1,2025/10/14,2025/10/15,330.4,28223,Bank Transfer,Del.
3158,51,11,4,5,13,04-Feb-2025,09-Feb-2025,60.4,680682,Bank Transfer,delivered
3159,1343,8,29,20,2,27-Sep-2025,28-Sep-2025,85.4,137552,Cash on Delivery,Delvered
3160,1123,13,35,7,1,"January 15, 2025","January 21, 2025",130.1,471150,Bank Transfer,dlvrd
3161,1401,7,5,22,7,07.10.2025,,86.9,112020,Wallet,pending
3162,491,1,9,21,5,10-01-2025,10-05-2025,246.3,322113,Wallet,dlvrd
3163,121,27,47,10,17,18-Feb-2025,,67.8,467820,Cash on Delivery,pending
3164,212,39,19,12,18,28.07.2025,28.07.2025,39.6,369056,Wallet,Delvered
3165,1316,14,1,22,15,16-Oct-2025,17-Oct-2025,256.9,327897,Bank Transfer,dlvrd
3166,1345,25,13,15,12,09-06-2025,09-13-2025,263.6,150323,Wallet,Failed
3167,540,29,34,19,22,24-May-2025,27-May-2025,341.8,466068,Card,delivered
3168,555,9,36,16,8,28.08.2025,01.09.2025,327.3,689415,Cash on Delivery,Delivered
3169,272,35,40,5,1,08-03-2025,08-04-2025,87.1,455021,Card,DELIVERED
3170,1466,24,39,13,12,05-Feb-2025,07-Feb-2025,93.4,643531,Wallet,DELIVERED
3171,1296,1,9,14,11,22/04/2025,25/04/2025,126.6,592253,Wallet,Failed
3172,69,24,39,8,2,22/12/2025,,121.4,173346,Card,In-Transit
3173,1246,32,10,9,21,12-Jul-2025,13-Jul-2025,227.7,509291,Card,Returned
3174,1669,42,53,15,22,2025-02-01,2025-02-08,43.5,455532,Wallet,Faild
3175,547,22,26,21,3,15-Jul-2025,21-Jul-2025,268.1,384014,Bank Transfer,Delivered
3176,394,26,44,15,11,"June 06, 2025","June 11, 2025",340.4,97338,Wallet,dlvrd
3177,1026,1,9,17,21,"January 31, 2025","January 31, 2025",130.3,147092,Bank Transfer,Del.
3178,3,15,6,6,6,16/10/2025,22/10/2025,26.9,791034,Wallet,dlvrd
3179,357,37,46,14,8,11/04/2025,16/04/2025,233.4,131642,Cash on Delivery,dlvrd
3180,1719,31,15,5,5,05/06/2025,10/06/2025,185.7,680486,Bank Transfer,dlvrd
3181,1213,38,24,1,6,"December 29, 2025","December 30, 2025",204.3,763087,Card,dlvrd
3182,1680,22,26,22,20,20/04/2025,21/04/2025,185.0,270235,Wallet,Delivered
3183,1756,13,35,18,12,15/03/2025,,5.3,530083,Bank Transfer,In Transit
3184,921,21,14,20,2,05-Jun-2025,06-Jun-2025,159.0,280870,Cash on Delivery,delivered
3185,66,39,19,22,22,12-09-2025,12-10-2025,77.7,541400,Bank Transfer,DELIVERED
3186,726,13,35,6,14,23.09.2025,24.09.2025,270.7,,Wallet,Returned
3187,595,11,4,2,1,2025/03/12,2025/03/18,247.9,654952,Bank Transfer,dlvrd
3188,4,11,4,11,16,05.09.2025,05.09.2025,222.2,442483,Cash on Delivery,Delivered
3189,126,12,42,18,2,2025-10-14,2025-10-14,41.1,,Wallet,DELIVERED
3190,1788,9,36,13,6,2025-11-01,2025-11-05,323.0,190315,Bank Transfer,dlvrd
3191,737,9,36,18,22,29-Dec-2025,01-Jan-2026,80.9,451529,Card,DELIVERED
3192,803,12,42,13,2,03/11/2025,08/11/2025,179.7,712199,Cash on Delivery,Delivered
3193,1236,30,38,15,1,11-29-2025,,90.5,94681,Cash on Delivery,in transit
3194,1664,12,42,1,12,"April 15, 2025","April 21, 2025",271.5,104583,Bank Transfer,Delivered
3195,172,16,50,22,9,18.10.2025,24.10.2025,-307.6,493861,Bank Transfer,Failed
3196,793,7,5,18,10,25/09/2025,26/09/2025,149.5,99602,Bank Transfer,Faild
3197,1439,10,7,19,11,31.10.2025,03.11.2025,307.2,25965,Card,Delvered
3198,1589,27,47,5,14,18-Feb-2025,23-Feb-2025,196.3,735822,Wallet,Delivered
3199,447,40,2,8,7,2025/11/26,2025/11/29,260.4,292764,Cash on Delivery,returned
3200,1417,21,14,6,12,13/10/2025,13/10/2025,305.9,189268,Cash on Delivery,returned
3201,137,31,15,10,17,23-Jun-2025,,158.6,55942,Card,PENDING
3202,161,16,50,19,15,2025-02-23,2025-02-28,128.5,257759,Cash on Delivery,Del.
3203,248,2,28,14,1,"September 06, 2025","September 07, 2025",234.1,544153,Bank Transfer,Del.
3204,1764,13,35,21,18,08/01/2025,11/01/2025,240.9,53411,Wallet,dlvrd
3205,1200,30,38,10,21,09/02/2025,,23.2,367547,Card,In-Transit
3206,1559,43,54,12,19,2025/06/22,2025/06/28,339.4,540382,Cash on Delivery,DELIVERED
3207,1418,2,28,11,22,02-22-2025,,282.0,532749,Bank Transfer,pending
3208,1585,15,6,8,3,08/01/2025,12/01/2025,-294.0,299553,Bank Transfer,Failed
3209,137,13,35,3,10,2025-12-19,2025-12-25,145.3,703301,Cash on Delivery,Delvered
3210,1784,35,40,5,21,2025/10/27,2025/10/29,46.0,168675,Cash on Delivery,Delvered
3211,280,10,7,12,20,17.09.2025,17.09.2025,271.7,122733,Bank Transfer,Returned
3212,654,12,42,14,16,"December 24, 2025","December 29, 2025",209.6,620426,Bank Transfer,dlvrd
3213,1467,27,47,17,21,21/10/2025,26/10/2025,99.3,,Cash on Delivery,Del.
3214,656,29,34,21,11,16.07.2025,17.07.2025,83.5,165660,Bank Transfer,DELIVERED
3215,711,23,45,3,7,2025/05/26,2025/05/26,103.2,847109,Bank Transfer,Failed
3216,1638,39,19,14,21,22-Jul-2025,22-Jul-2025,312.6,633218,Wallet,DELIVERED
3217,741,1001,19,12,20,12-04-2025,12-05-2025,-73.8,264675,Card,delivered
3218,831,30,38,17,3,2025/09/20,2025/09/22,181.7,759139,Bank Transfer,delivered
3219,620,2,28,5,1,13/04/2025,15/04/2025,148.8,721996,Card,Retund
3220,152,20,31,7,14,16.10.2025,18.10.2025,174.4,652878,Card,delivered
3221,655,11,4,15,13,17.10.2025,18.10.2025,56.4,253946,Card,Delvered
3222,1384,4,18,19,19,30-Jun-2025,02-Jul-2025,17.9,712176,Card,Faild
3223,983,19,32,1,2,"February 01, 2025",,308.1,186394,Cash on Delivery,In Transit
3224,1362,33,43,7,3,04-May-2025,11-May-2025,204.6,737221,Wallet,failed
3225,87,1,9,19,4,2025-09-02,2025-09-05,220.5,822618,Wallet,Failed
3226,66,30,38,15,22,2025/09/07,,103.0,,Wallet,In-Transit
3227,1600,41,22,2,3,08/04/2025,12/04/2025,277.2,571842,Card,Delivered
3228,798,17,11,13,19,2025/12/10,2025/12/14,203.5,746868,Cash on Delivery,Del.
3229,264,18,27,19,22,20.11.2025,20.11.2025,221.9,281919,Card,delivered
3230,1144,40,2,19,19,11-May-2025,15-May-2025,71.0,621069,Wallet,dlvrd
3231,251,35,40,1,1,2025-06-22,2025-06-27,215.8,711973,Card,DELIVERED
3232,57,30,38,18,3,2025-03-14,2025-03-17,140.5,77244,Bank Transfer,Delivered
3233,1635,39,19,16,5,19.10.2025,25.10.2025,223.1,237851,Card,Returned
3234,1548,4,18,21,13,09-17-2025,09-19-2025,146.5,28405,Wallet,Delvered
3235,710,31,15,12,7,2025/07/19,2025/07/23,169.2,335555,Cash on Delivery,delivered
3236,771,30,38,8,10,05-12-2025,05-15-2025,122.7,743886,Cash on Delivery,failed
3237,1134,20,31,1,6,04-13-2025,04-14-2025,92.0,761399,Wallet,Delivered
3238,933,27,47,3,20,2025/11/19,2025/11/22,8.4,0,Card,Del.
3239,19,16,50,14,19,04-12-2025,04-13-2025,46.8,524767,Card,Faild
3240,1754,39,19,4,7,"March 28, 2025","April 04, 2025",175.6,0,Wallet,dlvrd
3241,130,33,43,14,7,05-05-2025,05-08-2025,177.4,668313,Cash on Delivery,DELIVERED
3242,839,35,40,14,22,10-19-2025,10-23-2025,340.9,834447,Wallet,failed
3243,67,41,22,4,3,"May 26, 2025",,317.9,173140,Cash on Delivery,In-Transit
3244,81,40,2,11,11,2025-08-08,2025-08-09,256.1,357645,Wallet,dlvrd
3245,1503,31,15,20,5,14-Dec-2025,18-Dec-2025,131.0,549706,Cash on Delivery,Del.
3246,629,24,39,4,15,12-Oct-2025,16-Oct-2025,236.1,192444,Cash on Delivery,delivered
3247,124,18,27,7,18,14-Dec-2025,,272.6,439677,Card,PENDING
3248,1593,29,34,3,15,18-Mar-2025,25-Mar-2025,244.1,605888,Bank Transfer,FAILED
3249,21,35,40,16,8,"February 09, 2025","February 16, 2025",71.7,19812,Card,delivered
3250,354,21,14,14,3,09-30-2025,,109.6,595890,Bank Transfer,in transit
3251,611,1,9,17,5,18-Sep-2025,22-Sep-2025,157.9,738765,Cash on Delivery,delivered
3252,636,22,26,18,22,2025-06-12,2025-06-16,119.2,798526,Wallet,Returned
3253,1607,41,22,5,19,2025/11/03,,53.2,204934,Card,in transit
3254,819,26,44,10,8,2025-11-14,2025-11-14,324.1,53201,Card,Delvered
3255,1549,20,31,5,12,"September 09, 2025","September 14, 2025",84.3,734091,Wallet,dlvrd
3256,95,43,54,19,4,08-28-2025,08-31-2025,231.6,592761,Wallet,Delivered
3257,125,22,26,9,13,15.11.2025,21.11.2025,208.5,22698,Wallet,DELIVERED
3258,605,15,6,1,12,"August 01, 2025","August 08, 2025",37.1,652799,Bank Transfer,Faild
3259,1543,38,24,17,20,"June 11, 2025","June 15, 2025",3.1,239724,Cash on Delivery,dlvrd
3260,354,19,32,20,22,29.07.2025,31.07.2025,60.4,806086,Bank Transfer,DELIVERED
3261,1664,999,16,11,22,17/12/2025,23/12/2025,213.8,506614,Wallet,Del.
3262,1278,9,36,1,9,28.01.2025,04.02.2025,224.3,241551,Cash on Delivery,delivered
3263,1632,16,50,3,8,2025/05/07,2025/05/10,189.4,347975,Cash on Delivery,delivered
3264,375,17,11,6,3,09-Apr-2025,12-Apr-2025,319.5,774568,Bank Transfer,Delivered
3265,282,1,9,21,3,30-Jul-2025,31-Jul-2025,6.9,307246,Cash on Delivery,Failed
3266,1138,2,28,15,4,2025/12/13,,98.4,831880,Card,Pending
3267,289,5,30,17,10,07.06.2025,13.06.2025,91.3,413505,Wallet,Delvered
3268,225,39,19,14,8,2025-03-23,2025-03-28,323.6,0,Cash on Delivery,delivered
3269,1572,8,29,17,21,17/08/2025,19/08/2025,293.9,172960,Wallet,Failed
3270,1590,9,36,7,1,2025/02/15,,10.0,501250,Cash on Delivery,Pending
3271,424,39,19,9,4,2025-01-14,2025-01-16,42.8,604005,Cash on Delivery,RETURNED
3272,1785,1,9,19,13,05-Apr-2025,06-Apr-2025,248.1,404670,Bank Transfer,Del.
3273,1030,43,54,19,10,20/12/2025,,281.2,426370,Bank Transfer,IN TRANSIT
3274,1106,1,9,15,20,2025-06-14,2025-06-19,106.7,361044,Bank Transfer,Retund
3275,297,39,19,10,5,"November 15, 2025","November 19, 2025",232.3,804080,Cash on Delivery,dlvrd
3276,820,16,50,1,9,2025-09-11,,303.2,37304,Card,In-Transit
3277,489,23,45,3,4,2025/09/06,2025/09/11,302.2,12410,Cash on Delivery,Faild
3278,710,40,2,13,1,"May 29, 2025","May 31, 2025",322.4,833045,Card,delivered
3279,478,17,11,7,18,06.09.2025,11.09.2025,220.0,96355,Wallet,Delvered
3280,1162,28,55,13,2,01-Feb-2025,07-Feb-2025,247.1,78454,Card,DELIVERED
3281,220,39,19,22,11,2025-09-25,2025-09-26,10.6,360086,Wallet,Delvered
3282,1678,40,2,3,2,01.04.2025,06.04.2025,194.8,782162,Wallet,DELIVERED
3283,1731,25,13,3,2,"June 27, 2025","June 28, 2025",111.1,792874,Card,Del.
3284,1474,4,18,20,20,19-Jun-2025,,344.1,464089,Wallet,Pending
3285,1396,33,43,20,3,2025-09-14,2025-09-21,33.7,745348,Card,dlvrd
3286,1572,24,39,16,13,2025-05-11,2025-05-14,246.9,807972,Cash on Delivery,dlvrd
3287,379,24,39,1,3,2025/08/17,,211.9,380034,Bank Transfer,pending
3288,783,7,5,18,9,03-29-2025,04-04-2025,180.2,178431,Card,DELIVERED
3289,477,21,14,13,7,24/02/2025,26/02/2025,84.9,550689,Cash on Delivery,Delivered
3290,1249,19,32,2,10,12-25-2025,12-31-2025,153.8,188465,Wallet,Delivered
3291,969,40,2,3,5,04/11/2025,10/11/2025,172.2,702110,Card,failed
3292,1580,22,26,13,3,09-Mar-2025,,50.3,111421,Cash on Delivery,PENDING
3293,1350,2,28,16,15,18.01.2025,,284.9,662646,Cash on Delivery,pending
3294,928,35,40,6,21,08/10/2025,12/10/2025,209.6,99670,Bank Transfer,dlvrd
3295,1610,25,13,9,1,2025/01/13,2025/01/18,120.9,118205,Bank Transfer,Delivered
3296,1022,28,55,11,1,12-26-2025,12-28-2025,317.1,457149,Card,delivered
3297,648,17,11,18,9,03-20-2025,03-26-2025,200.9,236171,Card,delivered
3298,383,16,50,15,7,2025-12-09,2025-12-16,331.9,547193,Wallet,failed
3299,1709,9,36,6,20,13.02.2025,,151.6,700511,Wallet,pending
3300,486,4,18,7,15,21.08.2025,26.08.2025,277.4,743533,Wallet,Faild
3301,754,3,12,22,16,"June 28, 2025","July 02, 2025",310.4,117983,Card,DELIVERED
3302,940,42,53,2,21,2025/06/30,,254.1,127081,Card,In-Transit
3303,331,11,4,18,7,2025-02-08,2025-02-12,4.8,108456,Cash on Delivery,DELIVERED
3304,592,12,42,9,13,03-28-2025,03-31-2025,336.9,115044,Card,delivered
3305,544,32,10,18,9,16/07/2025,18/07/2025,224.0,313705,Wallet,dlvrd
3306,889,17,11,21,22,2025-02-24,,-327.8,579191,Wallet,Pending
3307,301,42,53,8,11,"February 26, 2025",,198.2,571405,Wallet,pending
3308,1380,26,44,10,19,25/12/2025,29/12/2025,235.7,353619,Bank Transfer,Faild
3309,230,19,32,5,15,"December 28, 2025","December 30, 2025",293.0,653167,Bank Transfer,dlvrd
3310,457,23,45,15,2,20/05/2025,21/05/2025,105.0,232199,Card,Delvered
3311,1357,25,13,18,20,2025-09-21,2025-09-23,28.0,705237,Wallet,Failed
3312,953,2,28,9,18,"January 31, 2025","February 05, 2025",256.2,656377,Card,dlvrd
3313,1503,32,10,20,8,2025-05-18,2025-05-21,158.5,146717,Bank Transfer,Delivered
3314,287,9,36,19,20,01-18-2025,01-23-2025,73.9,120066,Wallet,delivered
3315,1042,2,28,11,15,09/07/2025,11/07/2025,231.1,310276,Card,Retund
3316,1092,43,54,17,21,2025-02-24,2025-02-26,90.4,715510,Card,DELIVERED
3317,104,9,36,15,13,2025-12-14,2025-12-15,316.6,22042,Cash on Delivery,RETURNED
3318,1031,29,34,10,20,2025-05-15,2025-05-15,250.2,703198,Cash on Delivery,DELIVERED
3319,467,18,27,11,11,2025-06-06,2025-06-10,260.1,95969,Cash on Delivery,Delvered
3320,105,24,39,9,3,2025-09-19,2025-09-21,318.1,557574,Card,Delvered
3321,689,9,36,6,13,2025/09/22,2025/09/24,49.3,801739,Wallet,dlvrd
3322,1092,1,9,7,1,26.01.2025,26.01.2025,234.9,298671,Card,DELIVERED
3323,568,19,32,11,16,16.10.2025,22.10.2025,156.0,528504,Cash on Delivery,Delvered
3324,798,14,1,13,13,"April 05, 2025","April 10, 2025",151.8,436951,Wallet,Del.
3325,1037,12,42,11,3,"August 07, 2025","August 09, 2025",121.5,434597,Bank Transfer,delivered
3326,247,20,31,9,6,08-28-2025,08-30-2025,230.3,0,Bank Transfer,Delivered
3327,192,1,9,6,9,06-19-2025,,208.2,406043,Card,PENDING
3328,789,16,50,22,14,14.07.2025,,164.5,760356,Card,pending
3329,1247,1001,44,11,17,02-18-2025,02-22-2025,10.9,631488,Wallet,Retund
3330,976,1,9,16,18,2025-03-27,2025-04-02,41.1,819226,Wallet,Delivered
3331,338,41,22,3,10,11-14-2025,11-19-2025,279.2,2905,Cash on Delivery,Del.
3332,1196,1,9,7,2,"September 19, 2025","September 26, 2025",70.5,78873,Bank Transfer,delivered
3333,293,39,19,15,9,2025-04-10,2025-04-16,279.4,61437,Bank Transfer,delivered
3334,1218,30,38,22,3,09-Oct-2025,14-Oct-2025,332.2,420773,Card,Delivered
3335,1430,14,1,7,15,"January 28, 2025","January 30, 2025",95.0,822568,Wallet,Delvered
3336,1752,15,6,11,9,"February 12, 2025",,223.3,769433,Wallet,In Transit
3337,1488,33,43,5,18,2025/03/21,2025/03/23,120.4,68778,Card,delivered
3338,1005,10,7,4,18,"April 21, 2025","April 28, 2025",-116.2,287445,Card,dlvrd
3339,1405,6,16,3,2,2025-10-06,2025-10-08,343.4,665944,Cash on Delivery,delivered
3340,17,4,18,17,20,22/01/2025,23/01/2025,78.8,87025,Wallet,returned
3341,465,26,44,16,9,06.02.2025,,141.9,672974,Bank Transfer,in transit
3342,1309,14,1,19,4,"February 10, 2025","February 13, 2025",267.5,542513,Wallet,Returned
3343,1239,22,26,9,19,"November 14, 2025",,251.9,740689,Bank Transfer,In Transit
3344,673,18,27,11,2,23.04.2025,23.04.2025,36.2,366154,Cash on Delivery,DELIVERED
3345,405,44,51,12,22,2025-03-27,2025-03-30,87.6,652635,Card,dlvrd
3346,551,26,44,17,11,2025/02/28,2025/03/07,216.2,671278,Card,returned
3347,244,10,7,6,16,2025-06-02,,133.6,57990,Wallet,pending
3348,1089,10,7,19,5,2025-03-02,2025-03-05,40.9,830959,Bank Transfer,Failed
3349,300,40,2,15,13,03/12/2025,09/12/2025,45.5,789205,Card,delivered
3350,168,19,32,2,17,06/03/2025,08/03/2025,164.9,253179,Cash on Delivery,Delvered
3351,175,6,16,6,21,2025/12/19,2025/12/22,6.7,782744,Cash on Delivery,Retund
3352,1561,18,27,14,19,"October 22, 2025","October 23, 2025",32.4,466335,Bank Transfer,failed
3353,39,25,13,9,21,21/05/2025,22/05/2025,237.6,724835,Wallet,DELIVERED
3354,570,27,47,17,4,2025/08/23,2025/08/24,80.6,104716,Wallet,Del.
3355,1322,19,32,4,16,2025-12-23,2025-12-23,340.7,393168,Bank Transfer,Retund
3356,215,8,29,12,15,06-Dec-2025,07-Dec-2025,264.9,235188,Wallet,failed
3357,1744,10,7,8,9,03-03-2025,03-04-2025,315.7,784545,Wallet,Del.
3358,1780,35,40,20,10,2025/07/11,2025/07/17,178.4,204419,Bank Transfer,Returned
3359,900,7,5,15,19,2025-09-08,,122.8,224077,Bank Transfer,pending
3360,512,16,50,22,13,2025/08/09,2025/08/10,6.8,737430,Bank Transfer,Delvered
3361,1664,10,7,3,11,28-May-2025,02-Jun-2025,214.8,816756,Card,dlvrd
3362,814,24,39,14,14,15/12/2025,18/12/2025,48.4,707095,Cash on Delivery,RETURNED
3363,1454,40,2,1,19,11-28-2025,11-29-2025,254.5,755008,Cash on Delivery,dlvrd
3364,1501,21,14,1,19,2025/10/01,2025/10/01,141.6,198724,Card,Faild
3365,378,26,44,16,16,05-Feb-2025,,78.7,547674,Wallet,pending
3366,1777,43,54,18,16,03/04/2025,08/04/2025,94.6,423378,Bank Transfer,Faild
3367,186,18,27,20,4,31.12.2025,07.01.2026,303.2,147031,Bank Transfer,returned
3368,87,24,39,11,7,26.11.2025,02.12.2025,284.8,235660,Bank Transfer,Failed
3369,1668,44,51,21,6,"January 09, 2025","January 15, 2025",312.0,171923,Wallet,delivered
3370,1757,34,52,20,17,04-13-2025,04-20-2025,251.6,628092,Bank Transfer,failed
3371,196,32,10,10,19,03-Aug-2025,06-Aug-2025,109.8,345831,Card,Delivered
3372,976,22,26,18,18,05/07/2025,06/07/2025,240.9,535297,Wallet,DELIVERED
3373,1660,3,12,2,18,11-May-2025,17-May-2025,201.2,410753,Bank Transfer,Delivered
3374,1520,3,12,1,12,"November 01, 2025","November 04, 2025",94.8,365134,Bank Transfer,Del.
3375,18,20,31,14,19,16/08/2025,,205.5,187510,Bank Transfer,IN TRANSIT
3376,1283,18,27,2,17,10-06-2025,10-12-2025,249.5,228154,Cash on Delivery,Returned
3377,991,14,1,5,10,2025-01-18,2025-01-20,107.3,707324,Bank Transfer,Delvered
3378,1010,44,51,22,2,08-31-2025,09-03-2025,278.2,192709,Wallet,Failed
3379,1528,43,54,17,1,2025/12/01,2025/12/08,168.6,115122,Bank Transfer,Delivered
3380,1774,10,7,4,18,"February 09, 2025","February 09, 2025",337.6,320377,Cash on Delivery,Failed
3381,1069,23,45,21,16,16-Jan-2025,,72.8,,Bank Transfer,Pending
3382,231,12,42,10,2,18.07.2025,25.07.2025,123.2,6064,Wallet,dlvrd
3383,1637,19,32,7,19,04-09-2025,04-14-2025,165.4,435661,Cash on Delivery,Failed
3384,69,44,51,20,21,2025-01-10,2025-01-10,176.1,691965,Card,delivered
3385,1740,16,50,19,18,2025/04/02,2025/04/08,323.3,592359,Wallet,Faild
3386,1571,6,16,1,9,"February 19, 2025","February 23, 2025",44.1,267994,Cash on Delivery,Delivered
3387,922,4,18,18,18,13/09/2025,14/09/2025,278.4,0,Cash on Delivery,delivered
3388,552,8,29,22,17,23-Aug-2025,24-Aug-2025,246.9,749316,Cash on Delivery,Del.
3389,224,15,6,20,15,08.03.2025,,-77.5,767140,Wallet,PENDING
3390,78,34,52,7,15,2025-05-16,2025-05-21,132.0,761038,Bank Transfer,Faild
3391,1460,14,1,20,6,2025-04-06,2025-04-06,256.5,662785,Wallet,Delivered
3392,788,34,52,18,11,07-Dec-2025,,278.1,753010,Card,PENDING
3393,540,4,18,18,22,22-May-2025,22-May-2025,5.7,628090,Card,failed
3394,266,7,5,7,16,2025-05-18,,57.6,827902,Wallet,Pending
3395,15,43,54,10,20,2025/01/21,2025/01/26,39.7,421571,Card,Del.
3396,734,34,52,8,22,13-Mar-2025,15-Mar-2025,316.1,436013,Bank Transfer,Delvered
3397,318,35,40,12,4,2025/11/03,2025/11/05,154.2,592891,Bank Transfer,Delvered
3398,710,34,52,6,7,2025/07/07,2025/07/09,40.2,780366,Wallet,Delvered
3399,1616,20,31,9,4,2025/03/24,2025/03/26,242.5,458616,Bank Transfer,Retund
3400,1417,26,44,14,1,15.07.2025,20.07.2025,218.2,321089,Bank Transfer,Del.
3401,1218,1,9,9,19,"January 26, 2025","January 26, 2025",47.2,321129,Wallet,delivered
3402,1445,8,29,14,14,31.08.2025,06.09.2025,194.6,418160,Wallet,Delivered
3403,299,35,40,14,19,2025/09/08,2025/09/09,68.3,704388,Wallet,DELIVERED
3404,1398,19,32,10,3,19/05/2025,21/05/2025,160.7,457864,Cash on Delivery,dlvrd
3405,1399,8,29,17,16,11.07.2025,16.07.2025,284.3,255600,Cash on Delivery,DELIVERED
3406,503,28,55,17,8,11-16-2025,11-18-2025,171.9,243319,Wallet,dlvrd
3407,1492,44,51,14,11,08/07/2025,13/07/2025,138.0,641482,Bank Transfer,dlvrd
3408,853,41,22,18,8,04-04-2025,,50.8,,Cash on Delivery,Pending
3409,1024,23,45,2,13,"February 14, 2025","February 15, 2025",57.0,604403,Wallet,Del.
3410,1039,40,2,3,7,27.10.2025,31.10.2025,34.7,455713,Bank Transfer,Faild
3411,1008,39,19,8,9,2025/11/09,2025/11/14,135.8,830088,Bank Transfer,returned
3412,1634,41,22,11,1,2025/02/18,2025/02/23,278.0,612525,Bank Transfer,DELIVERED
3413,1475,42,53,12,7,"October 28, 2025","November 03, 2025",109.9,125230,Card,Delivered
3414,180,15,6,21,12,10-25-2025,10-30-2025,184.0,297128,Card,Faild
3415,386,20,31,2,22,25-Mar-2025,29-Mar-2025,53.8,593573,Bank Transfer,dlvrd
3416,159,8,29,22,7,2025/07/10,2025/07/13,62.4,501305,Wallet,delivered
3417,753,16,50,22,10,2025/04/21,2025/04/26,181.1,551980,Cash on Delivery,Failed
3418,1550,43,54,21,5,20-May-2025,,328.8,760009,Card,pending
3419,1153,33,43,1,15,2025/08/24,2025/08/30,153.5,699765,Bank Transfer,Delivered
3420,981,40,2,5,10,09-10-2025,09-13-2025,12.3,389983,Bank Transfer,Delivered
3421,731,43,54,15,16,26/08/2025,29/08/2025,266.4,626220,Wallet,Del.
3422,925,21,14,6,2,03/02/2025,08/02/2025,272.2,56293,Wallet,Delvered
3423,336,40,2,4,16,2025/11/01,2025/11/03,318.9,592398,Card,delivered
3424,900,16,50,4,6,01-16-2025,01-17-2025,273.6,0,Bank Transfer,delivered
3425,208,19,32,7,22,20.11.2025,23.11.2025,189.5,677347,Card,Delivered
3426,628,37,46,20,8,26/12/2025,27/12/2025,182.6,710741,Card,returned
3427,499,27,47,5,2,2025/12/31,2025/12/31,344.3,337571,Cash on Delivery,Del.
3428,131,36,49,8,21,2025-06-04,2025-06-08,222.8,698753,Cash on Delivery,DELIVERED
3429,754,6,16,8,13,2025/06/27,2025/07/02,279.7,388639,Bank Transfer,delivered
3430,8,25,13,7,7,14/01/2025,19/01/2025,69.5,515192,Card,Retund
3431,1080,22,26,4,1,"March 11, 2025","March 12, 2025",153.1,807147,Cash on Delivery,delivered
3432,973,18,27,3,7,13/02/2025,14/02/2025,40.0,599553,Bank Transfer,Retund
3433,1730,34,52,7,22,"May 19, 2025","May 20, 2025",159.5,713381,Cash on Delivery,Delivered
3434,22,12,42,15,21,06.07.2025,11.07.2025,76.1,794125,Cash on Delivery,DELIVERED
3435,1616,1,9,1,20,01-May-2025,02-May-2025,152.3,36439,Wallet,Del.
3436,145,13,35,12,17,27.07.2025,01.08.2025,166.4,344910,Card,Del.
3437,1429,7,5,5,7,10-May-2025,15-May-2025,208.6,570040,Wallet,Returned
3438,1003,33,43,12,20,04/10/2025,08/10/2025,262.6,746770,Cash on Delivery,failed
3439,1403,19,32,19,21,2025-10-25,,23.1,0,Card,In Transit
3440,827,37,46,7,7,2025-08-17,2025-08-22,290.9,490347,Card,Faild
3441,478,39,19,5,17,2025-12-12,2025-12-18,144.8,223558,Bank Transfer,Delivered
3442,3,37,46,8,20,13/03/2025,20/03/2025,16.8,654469,Card,failed
3443,1134,15,6,22,6,06.03.2025,09.03.2025,324.7,604116,Bank Transfer,dlvrd
3444,439,18,27,7,13,12.06.2025,15.06.2025,45.3,256952,Card,DELIVERED
3445,113,42,53,9,8,"August 05, 2025","August 09, 2025",278.5,387720,Bank Transfer,Faild
3446,270,29,34,9,4,07.06.2025,08.06.2025,17.2,139945,Cash on Delivery,dlvrd
3447,518,5,30,8,15,2025-12-10,,283.0,261781,Cash on Delivery,IN TRANSIT
3448,887,31,15,11,21,10-14-2025,10-21-2025,28.7,696003,Card,Del.
3449,958,25,13,20,16,19/10/2025,24/10/2025,209.4,667812,Wallet,delivered
3450,841,1,9,13,18,"March 25, 2025","March 27, 2025",329.4,246143,Cash on Delivery,DELIVERED
3451,1056,34,52,7,19,2025/03/19,2025/03/21,339.6,308153,Bank Transfer,Del.
3452,1038,19,32,11,11,23.04.2025,27.04.2025,145.2,496522,Wallet,Del.
3453,1721,32,10,19,4,2025/03/03,2025/03/08,129.3,596164,Cash on Delivery,dlvrd
3454,690,34,52,22,3,04/08/2025,04/08/2025,250.6,417366,Wallet,dlvrd
3455,125,15,6,21,21,2025-12-20,2025-12-22,216.9,20587,Wallet,DELIVERED
3456,1265,9,36,2,8,05.06.2025,09.06.2025,58.1,47231,Cash on Delivery,dlvrd
3457,1659,30,38,7,2,10-18-2025,10-21-2025,62.1,493309,Card,DELIVERED
3458,1656,1,9,12,20,01-Mar-2025,,282.2,0,Bank Transfer,pending
3459,1190,24,39,21,2,2025-09-24,,181.9,318277,Card,PENDING
3460,1572,12,42,2,21,08-28-2025,09-01-2025,115.8,548080,Cash on Delivery,Del.
3461,471,22,26,6,18,"July 11, 2025","July 16, 2025",198.4,333837,Cash on Delivery,Delivered
3462,1148,29,34,5,18,09-29-2025,10-05-2025,274.2,703570,Wallet,Del.
3463,950,25,13,12,21,28/04/2025,05/05/2025,52.1,673171,Cash on Delivery,FAILED
3464,95,35,40,20,22,2025-07-18,2025-07-19,4.0,451662,Cash on Delivery,Del.
3465,513,26,44,5,8,12.05.2025,18.05.2025,241.3,207756,Wallet,Failed
3466,50,27,47,15,18,2025/05/02,2025/05/09,282.4,,Card,failed
3467,815,42,53,2,13,2025-11-17,2025-11-18,18.1,795973,Wallet,Retund
3468,613,6,16,18,7,11-Feb-2025,16-Feb-2025,131.0,199886,Card,dlvrd
3469,1229,17,11,18,14,04/08/2025,07/08/2025,314.1,12931,Card,Delvered
3470,292,42,53,8,14,16.11.2025,20.11.2025,226.0,548806,Bank Transfer,Returned
3471,957,10,7,4,19,18/01/2025,,344.1,371176,Cash on Delivery,PENDING
3472,1507,18,27,12,12,01.03.2025,08.03.2025,248.3,626926,Wallet,Delvered
3473,613,1,9,20,5,06-18-2025,06-20-2025,25.1,540860,Bank Transfer,Delvered
3474,746,19,32,20,19,20-May-2025,21-May-2025,46.4,593710,Bank Transfer,delivered
3475,214,24,39,20,10,18-Nov-2025,25-Nov-2025,107.5,237283,Cash on Delivery,Delivered
3476,872,31,15,1,4,2025-11-28,2025-12-05,-65.1,418281,Card,Delvered
3477,1211,38,24,12,11,2025/02/18,2025/02/21,21.8,848644,Card,Del.
3478,1726,44,51,12,1,01/06/2025,01/06/2025,271.5,41660,Cash on Delivery,DELIVERED
3479,290,17,11,14,3,2025/05/14,,79.9,484972,Wallet,In-Transit
3480,521,19,32,16,2,10/08/2025,16/08/2025,343.6,497767,Cash on Delivery,dlvrd
3481,991,25,13,5,17,05-Jan-2025,10-Jan-2025,84.2,749550,Card,dlvrd
3482,283,36,49,18,16,27-Oct-2025,03-Nov-2025,62.5,90525,Cash on Delivery,Delvered
3483,1466,7,5,12,7,2025/08/18,2025/08/19,205.1,461590,Bank Transfer,Faild
3484,1350,43,54,22,20,02/08/2025,05/08/2025,227.9,5763,Card,DELIVERED
3485,203,21,14,10,7,08.08.2025,12.08.2025,187.3,550635,Wallet,delivered
3486,780,25,13,1,10,03-27-2025,03-29-2025,19.6,723405,Bank Transfer,DELIVERED
3487,1020,16,50,1,3,07-30-2025,08-02-2025,61.3,459804,Wallet,DELIVERED
3488,1202,17,11,18,5,"July 28, 2025",,348.1,157040,Wallet,pending
3489,222,16,50,3,18,"January 08, 2025","January 09, 2025",197.8,746661,Card,Delivered
3490,856,16,50,21,13,2025-06-15,,260.3,721777,Cash on Delivery,PENDING
3491,1178,39,19,5,13,09/04/2025,10/04/2025,204.3,296577,Cash on Delivery,delivered
3492,620,38,24,17,3,03.07.2025,09.07.2025,204.4,76003,Cash on Delivery,dlvrd
3493,130,41,22,6,1,07.01.2025,,247.2,824779,Wallet,Pending
3494,693,26,44,14,16,28-Oct-2025,,124.8,,Bank Transfer,in transit
3495,1631,27,47,13,15,2025/03/15,2025/03/22,212.3,754682,Bank Transfer,Delvered
3496,733,18,27,17,10,29.05.2025,30.05.2025,134.6,295840,Bank Transfer,Del.
3497,84,10,7,17,7,05-14-2025,05-21-2025,285.7,692701,Card,FAILED
3498,432,33,43,22,1,2025-08-26,,297.5,674267,Cash on Delivery,Pending
3499,1699,37,46,22,15,2025/11/19,2025/11/24,53.2,163278,Cash on Delivery,Faild
3500,604,16,50,14,10,10.03.2025,10.03.2025,39.9,841057,Wallet,Delvered
3501,1402,33,43,11,17,2025-01-26,,153.2,439807,Card,in transit
3502,1675,4,18,15,7,2025/12/04,2025/12/07,20.1,699763,Card,delivered
3503,1575,8,29,17,18,2025/06/09,,130.0,774289,Cash on Delivery,In-Transit
3504,1020,32,10,16,11,2025/09/30,2025/10/02,71.3,666995,Bank Transfer,delivered
3505,320,22,26,2,14,"March 20, 2025","March 24, 2025",80.8,276292,Cash on Delivery,dlvrd
3506,807,8,29,14,21,2025/06/14,,235.7,,Card,pending
3507,700,42,53,15,20,16/07/2025,18/07/2025,296.3,0,Wallet,Failed
3508,1799,41,22,12,5,2025/01/25,2025/01/26,288.9,789283,Wallet,DELIVERED
3509,1352,11,4,15,10,"December 08, 2025","December 11, 2025",305.5,645711,Card,delivered
3510,1461,34,52,15,3,23/07/2025,,295.2,512219,Card,In Transit
3511,1460,23,45,16,17,12-11-2025,12-16-2025,166.3,490034,Bank Transfer,Failed
3512,1651,27,47,20,22,23.08.2025,23.08.2025,137.1,34635,Wallet,Delivered
3513,753,5,30,4,5,02-Jan-2025,08-Jan-2025,312.2,593982,Wallet,dlvrd
3514,1545,44,51,13,16,17-Dec-2025,22-Dec-2025,9.6,347331,Wallet,Delvered
3515,1763,33,43,21,3,19-Oct-2025,22-Oct-2025,307.0,577716,Bank Transfer,delivered
3516,554,37,46,16,3,04-13-2025,04-17-2025,186.6,819423,Wallet,delivered
3517,1568,15,6,12,3,2025-02-13,,170.7,281821,Bank Transfer,PENDING
3518,1245,26,44,1,9,24.11.2025,25.11.2025,259.6,91047,Bank Transfer,Del.
3519,397,39,19,1,17,22.09.2025,24.09.2025,262.1,87408,Wallet,Delvered
3520,110,19,32,21,14,03.02.2025,09.02.2025,327.9,446592,Wallet,delivered
3521,1603,32,10,6,9,06.03.2025,07.03.2025,243.3,370180,Bank Transfer,DELIVERED
3522,391,5,30,7,11,04-10-2025,04-17-2025,-319.9,249166,Card,DELIVERED
3523,1053,13,35,15,4,2025/05/30,,303.7,695644,Card,pending
3524,1164,14,1,19,16,2025/07/06,2025/07/08,44.5,774564,Wallet,dlvrd
3525,270,4,18,9,16,2025/02/17,2025/02/21,336.6,184416,Wallet,delivered
3526,1367,44,51,20,14,04.04.2025,09.04.2025,326.4,416115,Card,Del.
3527,291,35,40,21,7,29.07.2025,02.08.2025,198.4,172227,Bank Transfer,Delvered
3528,909,17,11,8,21,2025-10-09,,228.4,479644,Card,In Transit
3529,1269,23,45,5,10,02-Nov-2025,,206.4,292581,Card,pending
3530,289,33,43,11,5,2025-12-17,,180.9,758674,Card,IN TRANSIT
3531,1609,4,18,22,9,2025/11/02,2025/11/06,164.0,564480,Cash on Delivery,DELIVERED
3532,1029,22,26,20,8,22-Oct-2025,29-Oct-2025,131.8,400797,Card,Delvered
3533,1176,22,26,17,15,2025-12-22,2025-12-25,75.9,214950,Cash on Delivery,Del.
3534,1347,4,18,6,19,2025/04/05,2025/04/09,236.9,,Cash on Delivery,failed
3535,28,34,52,20,21,"March 25, 2025","March 31, 2025",63.6,306073,Cash on Delivery,Returned
3536,1133,34,52,21,8,11-Mar-2025,,257.7,848324,Wallet,In-Transit
3537,1710,34,52,12,19,12-14-2025,,2.5,,Card,in transit
3538,736,21,14,6,7,05-Sep-2025,10-Sep-2025,252.4,41795,Bank Transfer,dlvrd
3539,67,31,15,4,21,22/05/2025,25/05/2025,255.3,655341,Bank Transfer,Faild
3540,1008,10,7,14,16,"March 12, 2025","March 17, 2025",160.0,102574,Cash on Delivery,FAILED
3541,262,1,9,19,5,2025-08-08,2025-08-15,132.4,327895,Cash on Delivery,delivered
3542,1030,34,52,3,9,25-Jan-2025,28-Jan-2025,59.1,613639,Bank Transfer,dlvrd
3543,1089,34,52,9,6,21-Sep-2025,26-Sep-2025,85.4,696965,Cash on Delivery,dlvrd
3544,1155,27,47,6,8,28-Apr-2025,29-Apr-2025,321.9,525267,Card,Delivered
3545,1461,44,51,19,21,12-09-2025,12-13-2025,243.6,538565,Wallet,Del.
3546,156,15,6,14,16,18-Jan-2025,23-Jan-2025,338.0,707952,Card,delivered
3547,316,27,47,17,13,2025/05/19,2025/05/25,45.6,,Card,delivered
3548,1522,16,50,10,19,18-Apr-2025,,246.6,403313,Bank Transfer,pending
3549,1137,25,13,16,21,13-Jul-2025,19-Jul-2025,229.8,722701,Bank Transfer,FAILED
3550,1486,36,49,6,8,18.05.2025,22.05.2025,269.9,62999,Bank Transfer,DELIVERED
3551,648,44,51,14,6,09/10/2025,11/10/2025,55.6,810670,Card,dlvrd
3552,634,14,1,15,2,27/08/2025,,332.4,93225,Bank Transfer,IN TRANSIT
3553,259,42,53,10,3,"September 13, 2025","September 16, 2025",202.6,528151,Bank Transfer,dlvrd
3554,1722,20,31,4,18,"September 23, 2025","September 26, 2025",13.1,373599,Bank Transfer,delivered
3555,636,9,36,16,22,2025-12-01,2025-12-05,59.2,175950,Wallet,Delvered
3556,1490,4,18,22,19,09-20-2025,09-20-2025,276.5,408404,Cash on Delivery,Faild
3557,1097,39,19,3,22,07-15-2025,07-17-2025,109.1,580133,Wallet,Failed
3558,158,23,45,2,4,19-Oct-2025,20-Oct-2025,89.5,791978,Cash on Delivery,delivered
3559,527,5,30,7,12,2025/07/28,2025/07/28,175.4,402075,Bank Transfer,delivered
3560,353,18,27,14,3,07/06/2025,,75.5,385432,Cash on Delivery,Pending
3561,1139,9,36,20,13,25/11/2025,29/11/2025,318.4,297338,Wallet,Returned
3562,1039,10,7,5,7,2025/06/20,2025/06/24,120.8,740779,Card,Delvered
3563,1254,16,50,9,7,2025/07/09,,223.7,298649,Bank Transfer,IN TRANSIT
3564,990,17,11,8,18,09/10/2025,16/10/2025,143.4,127281,Card,Del.
3565,546,39,19,7,6,09.11.2025,10.11.2025,77.8,742384,Cash on Delivery,FAILED
3566,240,19,32,6,6,21-Aug-2025,25-Aug-2025,86.5,515189,Bank Transfer,Failed
3567,339,33,43,18,19,"March 24, 2025","March 27, 2025",160.2,305627,Card,Faild
3568,138,2,28,17,15,2025/01/31,2025/02/04,6.7,458515,Bank Transfer,Delvered
3569,751,5,30,1,9,30.12.2025,31.12.2025,326.4,239652,Wallet,Del.
3570,165,8,29,10,13,2025/02/20,2025/02/20,272.8,323149,Card,Delivered
3571,446,13,35,14,16,24/01/2025,31/01/2025,96.0,387833,Card,returned
3572,1003,21,14,4,22,12-14-2025,12-17-2025,41.8,818489,Wallet,delivered
3573,7,43,54,16,21,22.03.2025,27.03.2025,309.9,102929,Bank Transfer,DELIVERED
3574,1409,8,29,22,19,07.06.2025,,134.4,443474,Bank Transfer,in transit
3575,1323,28,55,2,17,03.03.2025,08.03.2025,123.3,766900,Wallet,delivered
3576,1120,26,44,4,17,2025/07/16,,313.6,439654,Cash on Delivery,PENDING
3577,637,35,40,14,8,29.01.2025,02.02.2025,296.0,66708,Card,Delvered
3578,549,7,5,7,18,"February 17, 2025","February 18, 2025",178.0,613823,Cash on Delivery,FAILED
3579,777,22,26,13,21,09-12-2025,09-18-2025,36.0,114377,Cash on Delivery,Delvered
3580,1544,8,29,5,5,08-12-2025,08-14-2025,266.8,732868,Bank Transfer,FAILED
3581,270,37,46,9,21,10-10-2025,10-16-2025,137.1,265750,Card,DELIVERED
3582,13,44,51,21,19,2025-09-06,2025-09-11,54.9,804014,Card,Delivered
3583,1646,21,14,13,8,06-18-2025,,309.4,823401,Cash on Delivery,IN TRANSIT
3584,237,2,28,8,22,21/06/2025,27/06/2025,220.5,198036,Card,Del.
3585,1144,25,13,7,6,28/09/2025,29/09/2025,100.0,277554,Cash on Delivery,Delivered
3586,1431,3,12,19,9,09-09-2025,09-09-2025,64.1,839021,Wallet,Failed
3587,1695,11,4,4,22,16/08/2025,17/08/2025,316.8,286861,Card,RETURNED
3588,1291,37,46,2,6,2025-04-08,2025-04-08,193.8,641670,Wallet,Failed
3589,595,2,28,20,9,14/03/2025,19/03/2025,294.6,160880,Cash on Delivery,DELIVERED
3590,1796,22,26,3,12,"July 29, 2025","August 03, 2025",346.1,789891,Bank Transfer,DELIVERED
3591,1553,35,40,7,19,31.10.2025,06.11.2025,172.2,133461,Wallet,dlvrd
3592,397,21,14,6,1,20-Apr-2025,27-Apr-2025,93.2,438956,Wallet,delivered
3593,1153,30,38,1,20,02/04/2025,07/04/2025,5.7,118014,Cash on Delivery,Del.
3594,433,22,26,17,2,06/03/2025,,145.3,709831,Bank Transfer,IN TRANSIT
3595,286,16,50,14,16,2025-05-21,2025-05-25,111.4,621327,Cash on Delivery,returned
3596,1086,36,49,15,19,"January 20, 2025","January 22, 2025",344.9,311093,Bank Transfer,dlvrd
3597,1367,40,2,5,11,"January 18, 2025",,307.4,791061,Wallet,PENDING
3598,401,1,9,14,1,2025-12-21,,47.1,699958,Bank Transfer,In-Transit
3599,652,5,30,5,17,18/06/2025,20/06/2025,309.7,90610,Card,FAILED
3600,1644,43,54,19,11,05/09/2025,08/09/2025,146.6,728859,Card,delivered
3601,813,8,29,15,16,09-13-2025,09-13-2025,230.4,108630,Cash on Delivery,Del.
3602,933,25,13,15,17,"June 11, 2025","June 12, 2025",162.6,194520,Cash on Delivery,Returned
3603,382,36,49,8,2,2025-02-05,,81.7,125316,Card,pending
3604,1477,8,29,10,13,20-Aug-2025,26-Aug-2025,215.6,418131,Wallet,Faild
3605,1521,30,38,2,1,2025-05-17,2025-05-23,72.4,130631,Card,Del.
3606,508,37,46,1,8,31/01/2025,02/02/2025,193.5,136914,Bank Transfer,Delivered
3607,1729,37,46,10,10,08-13-2025,08-17-2025,125.4,210766,Bank Transfer,Delvered
3608,1121,17,11,11,19,2025-09-25,2025-09-29,84.1,190452,Cash on Delivery,Delivered
3609,1676,31,15,11,6,01-Aug-2025,07-Aug-2025,212.3,704838,Bank Transfer,DELIVERED
3610,259,2,28,9,7,13.05.2025,15.05.2025,40.6,681112,Wallet,RETURNED
3611,1212,16,50,6,9,05-23-2025,05-25-2025,79.5,663458,Bank Transfer,Del.
3612,481,22,26,21,10,08/10/2025,11/10/2025,297.7,154259,Wallet,Faild
3613,1051,20,31,20,3,15/06/2025,16/06/2025,81.1,147566,Wallet,Returned
3614,1024,30,38,2,16,05.02.2025,09.02.2025,184.3,602771,Card,failed
3615,734,20,31,19,3,09/04/2025,,215.3,50868,Card,pending
3616,1295,10,7,19,4,09-19-2025,,38.1,690583,Card,In Transit
3617,283,18,27,22,9,17-Jan-2025,18-Jan-2025,299.8,153217,Bank Transfer,Del.
3618,971,37,46,14,21,03.02.2025,07.02.2025,166.4,637315,Card,Delivered
3619,1083,13,35,11,20,2025/09/27,2025/10/02,175.3,800251,Wallet,Returned
3620,1440,8,29,16,12,13.02.2025,18.02.2025,104.5,504463,Cash on Delivery,FAILED
3621,1638,29,34,3,1,09.08.2025,13.08.2025,87.5,44652,Cash on Delivery,RETURNED
3622,169,43,54,19,4,18-Apr-2025,,171.5,247885,Bank Transfer,pending
3623,1654,39,19,10,5,2025/10/01,2025/10/02,133.5,698631,Cash on Delivery,Del.
3624,326,3,12,22,1,2025/11/19,2025/11/21,139.9,179813,Bank Transfer,failed
3625,883,36,49,17,11,24-Oct-2025,31-Oct-2025,74.5,77848,Card,delivered
3626,1679,13,35,15,2,"October 07, 2025","October 12, 2025",85.3,787981,Cash on Delivery,Del.
3627,1743,37,46,1,18,07-06-2025,07-09-2025,278.4,55263,Card,Failed
3628,20,43,54,11,18,02-20-2025,02-22-2025,308.3,351388,Card,Del.
3629,1625,36,49,8,13,05/08/2025,,95.2,102876,Card,PENDING
3630,1446,41,22,22,2,2025-09-11,2025-09-13,23.5,714818,Wallet,Del.
3631,748,13,35,9,18,10-04-2025,10-05-2025,23.5,76266,Cash on Delivery,delivered
3632,1440,1,9,19,2,2025-08-18,,312.5,342557,Wallet,pending
3633,1745,12,42,7,2,07-05-2025,07-07-2025,285.1,610914,Cash on Delivery,dlvrd
3634,1695,5,30,10,14,2025/02/25,2025/03/02,101.7,447463,Wallet,Del.
3635,642,25,13,9,16,10.01.2025,11.01.2025,10.1,400539,Cash on Delivery,DELIVERED
3636,1589,35,40,5,11,14-Jun-2025,20-Jun-2025,154.9,204070,Wallet,delivered
3637,1084,25,13,4,9,2025/09/08,2025/09/13,165.3,469714,Wallet,dlvrd
3638,754,3,12,16,14,2025/11/27,2025/11/28,97.1,263386,Wallet,Delivered
3639,166,4,18,16,9,31.10.2025,,16.3,0,Card,In-Transit
3640,1442,31,15,3,10,17.11.2025,22.11.2025,336.5,350215,Card,Delivered
3641,709,15,6,6,17,03.10.2025,06.10.2025,69.9,123004,Bank Transfer,Delivered
3642,547,38,24,16,19,19.05.2025,19.05.2025,57.2,735910,Card,Del.
3643,952,34,52,20,2,2025-12-23,2025-12-24,242.4,398898,Bank Transfer,delivered
3644,265,13,35,14,13,14.01.2025,17.01.2025,286.5,527250,Bank Transfer,RETURNED
3645,672,32,10,9,6,2025-03-05,2025-03-05,267.0,454033,Bank Transfer,Del.
3646,459,28,55,12,13,01/03/2025,03/03/2025,122.3,458196,Bank Transfer,delivered
3647,1086,8,29,4,15,2025/05/09,2025/05/13,20.0,619660,Card,Del.
3648,1625,32,10,4,22,04-20-2025,04-26-2025,191.1,533285,Card,Returned
3649,75,16,50,9,19,30.09.2025,03.10.2025,262.9,473217,Card,dlvrd
3650,1361,35,40,14,11,25.06.2025,01.07.2025,298.1,55755,Card,Failed
3651,542,26,44,6,14,07.05.2025,08.05.2025,323.4,792465,Bank Transfer,Delvered
3652,498,28,55,6,8,2025-08-07,2025-08-09,61.8,223242,Wallet,delivered
3653,1748,27,47,16,15,12-Mar-2025,12-Mar-2025,263.6,195271,Cash on Delivery,Delvered
3654,978,31,15,21,1,"December 06, 2025","December 13, 2025",14.6,771798,Cash on Delivery,DELIVERED
3655,421,39,19,9,22,2025-10-16,2025-10-16,44.8,591036,Wallet,delivered
3656,35,34,52,22,13,08-22-2025,08-26-2025,216.5,440203,Card,Delivered
3657,774,1,9,21,15,"May 18, 2025","May 24, 2025",94.1,141303,Wallet,Delvered
3658,541,36,49,13,6,30.12.2025,02.01.2026,143.7,0,Wallet,Del.
3659,1106,44,51,8,4,2025/11/22,2025/11/26,52.3,286783,Card,DELIVERED
3660,256,21,14,4,7,05-20-2025,05-21-2025,101.8,572801,Cash on Delivery,Delvered
3661,1224,10,7,16,16,10-08-2025,10-13-2025,340.0,25462,Card,Failed
3662,671,4,18,5,11,14/01/2025,20/01/2025,152.7,638464,Card,Delvered
3663,447,14,1,11,2,2025/09/23,2025/09/23,5.9,426653,Card,failed
3664,1673,18,27,18,20,09-30-2025,,54.9,297542,Cash on Delivery,In Transit
3665,326,38,24,17,12,01/07/2025,,183.9,825856,Cash on Delivery,In Transit
3666,867,5,30,18,13,"November 21, 2025","November 26, 2025",37.9,462565,Bank Transfer,Delvered
3667,575,12,42,6,10,12/09/2025,18/09/2025,135.0,699022,Cash on Delivery,delivered
3668,819,6,16,6,20,26-Apr-2025,,18.3,240397,Card,Pending
3669,445,26,44,4,9,"September 12, 2025",,8.8,248593,Cash on Delivery,PENDING
3670,642,3,12,18,12,09-23-2025,09-28-2025,147.7,333730,Card,Delvered
3671,1245,5,30,1,7,"July 18, 2025","July 20, 2025",95.5,814664,Wallet,delivered
3672,1526,37,46,14,7,19.07.2025,21.07.2025,293.9,724135,Card,failed
3673,993,3,12,14,13,17.10.2025,,347.4,622375,Bank Transfer,in transit
3674,928,20,31,14,10,2025-10-29,2025-11-01,65.6,759443,Cash on Delivery,Del.
3675,970,3,12,2,14,2025-10-11,2025-10-14,229.2,523019,Card,dlvrd
3676,1419,25,13,22,22,12.01.2025,15.01.2025,185.5,348872,Cash on Delivery,dlvrd
3677,501,35,40,20,7,10-09-2025,10-15-2025,306.6,787768,Bank Transfer,DELIVERED
3678,373,4,18,2,15,06.04.2025,13.04.2025,333.1,482433,Bank Transfer,dlvrd
3679,1279,22,26,7,1,"February 06, 2025",,249.5,414820,Wallet,PENDING
3680,84,20,31,2,12,03-13-2025,,26.8,520665,Cash on Delivery,pending
3681,1007,15,6,16,17,10-25-2025,10-29-2025,347.0,20467,Card,Returned
3682,870,31,15,12,5,20-Oct-2025,25-Oct-2025,307.0,6062,Cash on Delivery,Faild
3683,219,22,26,8,2,2025-05-19,,8.9,498181,Card,in transit
3684,824,9,36,12,3,"November 20, 2025","November 25, 2025",75.8,800913,Bank Transfer,failed
3685,479,11,4,18,10,06-03-2025,06-06-2025,254.1,544667,Wallet,dlvrd
3686,760,13,35,7,8,2025/02/22,,123.0,281548,Wallet,PENDING
3687,1109,34,52,22,20,08-16-2025,08-19-2025,272.9,52279,Card,Delvered
3688,52,41,22,18,5,06.02.2025,,44.4,160327,Wallet,IN TRANSIT
3689,839,23,45,7,12,05/09/2025,08/09/2025,184.6,691971,Bank Transfer,Retund
3690,1084,25,13,21,21,03-Sep-2025,,136.5,259231,Wallet,pending
3691,482,6,16,7,3,"October 21, 2025","October 26, 2025",309.1,314713,Bank Transfer,Delvered
3692,1790,14,1,4,7,24-Oct-2025,30-Oct-2025,199.6,562466,Card,delivered
3693,956,20,31,2,19,17.12.2025,23.12.2025,93.4,277145,Cash on Delivery,Delvered
3694,148,5,30,18,12,11-02-2025,,156.4,215961,Bank Transfer,PENDING
3695,1490,25,13,9,7,"March 22, 2025",,260.7,,Bank Transfer,PENDING
3696,1509,20,31,10,6,2025-10-15,2025-10-16,43.5,785077,Bank Transfer,RETURNED
3697,1432,1000,48,16,8,"November 18, 2025","November 18, 2025",63.1,154599,Bank Transfer,DELIVERED
3698,210,17,11,7,21,2025/02/09,,113.7,641624,Bank Transfer,Pending
3699,38,26,44,17,4,2025/05/19,2025/05/20,169.1,508124,Card,RETURNED
3700,743,19,32,5,22,18-Dec-2025,20-Dec-2025,5.7,280943,Wallet,Del.
3701,366,26,44,19,22,03/01/2025,08/01/2025,279.1,71357,Bank Transfer,failed
3702,1030,32,10,16,18,2025-01-08,2025-01-15,49.9,800357,Wallet,Retund
3703,693,2,28,19,10,02/09/2025,07/09/2025,32.9,587430,Wallet,FAILED
3704,821,5,30,5,19,2025-12-08,2025-12-12,43.5,38978,Wallet,dlvrd
3705,1466,25,13,9,3,10-Jul-2025,10-Jul-2025,317.7,564048,Cash on Delivery,Delvered
3706,1404,39,19,11,14,17-Mar-2025,22-Mar-2025,79.7,210945,Wallet,Del.
3707,1613,20,31,1,22,2025-12-30,2026-01-04,75.0,101758,Card,Faild
3708,584,44,51,19,12,26.03.2025,02.04.2025,199.5,358874,Cash on Delivery,delivered
3709,1577,34,52,22,6,"April 23, 2025","April 29, 2025",23.4,804196,Card,DELIVERED
3710,852,26,44,18,2,"April 14, 2025","April 18, 2025",30.6,699639,Cash on Delivery,Del.
3711,127,25,13,19,9,2025/11/10,,191.2,44410,Wallet,In-Transit
3712,1082,41,22,20,16,2025/07/12,2025/07/17,195.6,736326,Cash on Delivery,Failed
3713,220,35,40,16,21,20-Mar-2025,21-Mar-2025,336.9,435828,Card,Delivered
3714,1350,44,51,8,13,"September 10, 2025","September 17, 2025",152.5,83547,Bank Transfer,DELIVERED
3715,128,27,47,3,9,07-04-2025,,320.2,272735,Bank Transfer,pending
3716,367,17,11,13,14,"December 23, 2025","December 27, 2025",116.1,14619,Wallet,Returned
3717,1303,43,54,3,15,18-Apr-2025,23-Apr-2025,194.3,27916,Card,Failed
3718,455,6,16,5,21,"September 10, 2025","September 17, 2025",184.1,554259,Bank Transfer,Delivered
3719,1511,38,24,9,7,22/07/2025,27/07/2025,66.4,419599,Wallet,delivered
3720,195,34,52,9,11,2025-02-02,2025-02-05,338.1,303821,Wallet,dlvrd
3721,914,7,5,1,1,2025-10-06,2025-10-09,300.5,654332,Cash on Delivery,dlvrd
3722,77,27,47,6,1,06.03.2025,,149.0,792953,Wallet,Pending
3723,717,36,49,15,2,2025/07/11,2025/07/14,133.7,150842,Cash on Delivery,Delvered
3724,40,25,13,18,18,14.06.2025,17.06.2025,257.9,772254,Card,Delivered
3725,1300,18,27,9,17,06.01.2025,09.01.2025,294.8,396521,Card,FAILED
3726,401,36,49,3,12,11-26-2025,,128.7,798729,Cash on Delivery,in transit
3727,1782,26,44,6,18,"August 22, 2025","August 22, 2025",228.6,527406,Cash on Delivery,DELIVERED
3728,557,32,10,20,6,2025/11/18,,298.2,590789,Cash on Delivery,PENDING
3729,694,37,46,7,16,12-27-2025,12-30-2025,113.3,840888,Cash on Delivery,DELIVERED
3730,893,38,24,18,20,2025-10-20,2025-10-22,75.9,447886,Cash on Delivery,dlvrd
3731,1222,6,16,7,22,28-Oct-2025,,200.8,510476,Bank Transfer,in transit
3732,770,17,11,14,6,13.04.2025,,301.2,845863,Card,In-Transit
3733,288,30,38,13,5,16-Sep-2025,19-Sep-2025,325.6,806983,Bank Transfer,DELIVERED
3734,1729,12,42,5,11,13/07/2025,14/07/2025,100.5,27891,Cash on Delivery,Delvered
3735,319,24,39,11,21,03-15-2025,03-16-2025,344.8,377282,Wallet,Returned
3736,887,24,39,17,12,08.01.2025,,241.6,10268,Bank Transfer,Pending
3737,308,24,39,9,14,"March 23, 2025",,15.7,814801,Card,in transit
3738,603,12,42,8,16,"November 23, 2025","November 25, 2025",224.6,256703,Bank Transfer,Delvered
3739,977,12,42,13,16,05-26-2025,05-29-2025,19.5,647450,Cash on Delivery,Delivered
3740,1639,36,49,18,17,09.06.2025,13.06.2025,28.8,312444,Cash on Delivery,delivered
3741,1161,24,39,17,13,20.06.2025,22.06.2025,51.1,482617,Cash on Delivery,Delvered
3742,1739,9,36,12,22,2025-07-11,2025-07-15,197.9,293367,Cash on Delivery,delivered
3743,1751,13,35,4,4,2025-08-15,2025-08-20,319.0,742680,Card,Delvered
3744,265,15,6,8,18,25-Nov-2025,27-Nov-2025,344.9,702200,Cash on Delivery,Delivered
3745,1230,7,5,5,6,2025-07-05,,218.9,306449,Bank Transfer,Pending
3746,724,7,5,22,21,12-23-2025,12-27-2025,58.2,408726,Cash on Delivery,dlvrd
3747,1618,5,30,18,18,"November 02, 2025",,44.8,503185,Card,pending
3748,878,5,30,20,9,2025-02-15,2025-02-16,241.2,360998,Cash on Delivery,dlvrd
3749,185,14,1,17,2,08.02.2025,13.02.2025,249.4,654862,Wallet,delivered
3750,779,41,22,16,4,16-Nov-2025,17-Nov-2025,184.4,199371,Card,Delivered
3751,1665,6,16,1,14,24/03/2025,29/03/2025,286.2,642678,Wallet,DELIVERED
3752,1271,8,29,1,7,10.10.2025,13.10.2025,5.2,554481,Cash on Delivery,Del.
3753,671,6,16,11,11,16/12/2025,18/12/2025,216.4,432091,Wallet,dlvrd
3754,1644,19,32,12,17,2025/04/28,,322.6,801250,Card,pending
3755,994,28,55,9,13,2025-03-29,2025-04-05,38.3,270865,Bank Transfer,Del.
3756,437,25,13,20,1,2025-05-21,2025-05-27,321.7,840086,Wallet,dlvrd
3757,475,32,10,3,18,24/11/2025,,219.9,450683,Bank Transfer,in transit
3758,1618,4,18,19,12,20/06/2025,26/06/2025,7.8,255776,Card,Delvered
3759,1198,33,43,4,12,"May 19, 2025","May 24, 2025",23.5,83077,Cash on Delivery,Delivered
3760,1204,11,4,7,22,"June 13, 2025","June 15, 2025",106.2,,Wallet,dlvrd
3761,1097,35,40,15,6,12.10.2025,17.10.2025,142.0,344378,Card,Delvered
3762,1542,1,9,20,11,07.01.2025,12.01.2025,303.8,79734,Bank Transfer,DELIVERED
3763,169,40,2,14,22,14/04/2025,18/04/2025,198.1,42806,Wallet,Faild
3764,1678,42,53,6,12,2025/03/04,,206.6,25009,Bank Transfer,In-Transit
3765,640,14,1,11,4,2025/07/22,2025/07/24,39.3,296431,Card,delivered
3766,113,13,35,6,9,09-14-2025,09-20-2025,64.9,398282,Cash on Delivery,delivered
3767,1711,24,39,3,15,24/09/2025,26/09/2025,299.8,720735,Cash on Delivery,Del.
3768,139,28,55,2,11,11.01.2025,18.01.2025,172.1,491792,Cash on Delivery,dlvrd
3769,613,37,46,8,8,10-21-2025,10-25-2025,193.6,404971,Card,delivered
3770,94,27,47,4,22,04.01.2025,07.01.2025,99.3,674077,Wallet,failed
3771,1164,8,29,15,19,09-15-2025,09-21-2025,339.9,432778,Cash on Delivery,DELIVERED
3772,439,19,32,17,11,08-22-2025,08-24-2025,248.8,385534,Cash on Delivery,Delivered
3773,684,31,15,16,12,07/12/2025,07/12/2025,266.7,413693,Card,Del.
3774,351,9,36,8,16,2025/05/18,2025/05/22,52.5,97335,Bank Transfer,dlvrd
3775,1143,8,29,14,16,05-11-2025,,29.2,805237,Bank Transfer,Pending
3776,206,35,40,1,3,2025/05/19,,53.9,18510,Bank Transfer,pending
3777,1062,7,5,19,5,"November 20, 2025","November 25, 2025",129.5,240775,Bank Transfer,Delivered
3778,637,2,28,2,2,"April 18, 2025",,247.1,698061,Wallet,pending
3779,316,42,53,18,6,11-12-2025,11-16-2025,37.8,301054,Wallet,Retund
3780,790,31,15,19,6,2025-07-17,2025-07-18,287.9,412129,Wallet,delivered
3781,627,6,16,9,12,"December 06, 2025","December 08, 2025",169.6,173733,Cash on Delivery,Retund
3782,518,5,30,7,2,"May 05, 2025",,345.2,847349,Card,IN TRANSIT
3783,595,18,27,8,19,2025-01-10,2025-01-14,10.5,10587,Card,dlvrd
3784,1290,36,49,17,13,31/12/2025,,265.7,522082,Bank Transfer,IN TRANSIT
3785,522,18,27,7,1,2025/12/01,2025/12/04,143.9,355156,Bank Transfer,RETURNED
3786,225,13,35,9,1,06-17-2025,06-18-2025,228.1,345203,Wallet,DELIVERED
3787,150,34,52,1,14,18.04.2025,,163.9,763023,Bank Transfer,in transit
3788,107,23,45,17,21,02-Sep-2025,08-Sep-2025,4.5,135039,Bank Transfer,returned
3789,478,5,30,22,7,18-Aug-2025,22-Aug-2025,270.9,9697,Bank Transfer,Delvered
3790,420,4,18,3,5,2025/02/25,,285.7,379845,Wallet,in transit
3791,742,24,39,6,8,02/12/2025,03/12/2025,219.5,324258,Card,Failed
3792,759,15,6,19,4,03-22-2025,03-24-2025,148.6,523987,Card,dlvrd
3793,758,15,6,4,7,28.09.2025,29.09.2025,338.6,784535,Bank Transfer,Delivered
3794,339,23,45,21,20,2025-12-09,2025-12-10,218.8,661940,Bank Transfer,Delivered
3795,1479,1,9,2,18,13-Aug-2025,14-Aug-2025,26.4,835949,Bank Transfer,dlvrd
3796,912,3,12,6,18,21/10/2025,21/10/2025,264.4,320043,Card,Faild
3797,1433,43,54,3,16,2025/04/04,2025/04/10,164.9,646617,Card,Failed
3798,312,35,40,3,7,"April 21, 2025","April 22, 2025",178.7,184052,Bank Transfer,delivered
3799,1682,24,39,16,9,2025-11-12,2025-11-15,100.0,467673,Wallet,returned
3800,1397,27,47,20,22,"January 10, 2025","January 14, 2025",49.6,266869,Cash on Delivery,DELIVERED
3801,1509,27,47,16,18,"October 04, 2025","October 06, 2025",237.2,104240,Card,Delivered
3802,1340,29,34,16,13,"March 26, 2025","March 27, 2025",190.7,303331,Card,delivered
3803,1144,11,4,13,2,09-07-2025,09-08-2025,336.7,822512,Bank Transfer,delivered
3804,1549,25,13,22,20,30/07/2025,,37.7,335371,Bank Transfer,In Transit
3805,1672,38,24,9,19,05-12-2025,,232.2,757751,Wallet,pending
3806,1173,24,39,22,10,"November 23, 2025","November 28, 2025",108.5,831209,Cash on Delivery,dlvrd
3807,1361,13,35,13,10,21.04.2025,,253.1,140725,Cash on Delivery,IN TRANSIT
3808,1440,21,14,19,11,16.02.2025,19.02.2025,264.2,838275,Bank Transfer,Failed
3809,787,38,24,15,3,2025-08-24,2025-08-30,194.0,423466,Bank Transfer,Delvered
3810,1684,2,28,14,2,20/12/2025,,295.3,269290,Bank Transfer,Pending
3811,1325,40,2,22,4,2025/01/14,2025/01/20,76.7,669971,Cash on Delivery,DELIVERED
3812,708,19,32,14,22,2025/09/25,2025/10/01,206.2,669506,Card,Delivered
3813,67,17,11,13,15,08-26-2025,09-02-2025,244.0,61423,Wallet,Delvered
3814,725,38,24,9,5,14/01/2025,16/01/2025,131.0,442342,Cash on Delivery,dlvrd
3815,1160,3,12,3,16,"January 12, 2025","January 14, 2025",138.9,465161,Bank Transfer,Delivered
3816,303,39,19,3,12,04.08.2025,07.08.2025,316.4,638049,Card,Delvered
3817,1609,20,31,14,16,11-29-2025,12-01-2025,208.8,503500,Wallet,dlvrd
3818,755,23,45,7,3,29.01.2025,04.02.2025,316.1,459405,Cash on Delivery,Delvered
3819,485,33,43,2,6,21.03.2025,21.03.2025,296.1,80765,Wallet,failed
3820,984,12,42,11,6,2025-06-10,2025-06-14,104.8,666829,Cash on Delivery,delivered
3821,198,36,49,10,12,02.07.2025,06.07.2025,218.9,247784,Cash on Delivery,Del.
3822,548,43,54,7,15,02-22-2025,02-25-2025,77.2,14234,Bank Transfer,DELIVERED
3823,113,32,10,15,16,09-02-2025,09-05-2025,336.8,164350,Wallet,Delvered
3824,307,17,11,17,18,06-25-2025,06-30-2025,333.5,733023,Wallet,failed
3825,102,30,38,16,6,2025/11/16,2025/11/21,192.0,607109,Wallet,Delivered
3826,1751,40,2,12,12,2025/02/28,2025/03/02,73.4,344159,Wallet,delivered
3827,1150,4,18,18,14,25.03.2025,30.03.2025,140.5,143462,Wallet,Del.
3828,1758,30,38,21,7,25.08.2025,,337.0,314657,Card,PENDING
3829,1544,14,1,9,18,2025/07/22,2025/07/28,194.7,265500,Wallet,dlvrd
3830,293,35,40,22,3,"June 12, 2025",,303.1,512498,Bank Transfer,in transit
3831,1706,39,19,12,1,2025-06-26,,226.8,182393,Cash on Delivery,Pending
3832,76,2,28,8,18,2025-08-20,,316.5,42648,Card,Pending
3833,151,43,54,5,17,11-17-2025,11-23-2025,208.8,259413,Wallet,FAILED
3834,583,35,40,2,16,"July 19, 2025","July 25, 2025",221.1,218495,Wallet,FAILED
3835,1025,29,34,2,12,27.02.2025,27.02.2025,207.8,790049,Wallet,Delivered
3836,171,43,54,9,11,29/04/2025,01/05/2025,88.5,310971,Cash on Delivery,FAILED
3837,380,20,31,22,16,2025/11/07,2025/11/07,85.9,805978,Bank Transfer,Returned
3838,288,17,11,8,9,2025/07/21,2025/07/28,175.5,659564,Cash on Delivery,failed
3839,827,21,14,17,3,15.05.2025,,84.6,355239,Bank Transfer,In Transit
3840,1221,31,15,18,21,"January 02, 2025","January 05, 2025",8.0,98802,Wallet,Del.
3841,1368,33,43,9,16,03-14-2025,03-16-2025,287.4,185340,Cash on Delivery,Returned
3842,635,11,4,21,22,09/01/2025,13/01/2025,99.3,132965,Bank Transfer,RETURNED
3843,280,1,9,2,21,2025-05-29,2025-06-02,232.8,706201,Card,Delvered
3844,564,18,27,9,4,07-24-2025,,67.5,724836,Card,IN TRANSIT
3845,767,23,45,17,11,"September 08, 2025","September 10, 2025",96.9,481200,Cash on Delivery,Del.
3846,1258,27,47,1,4,05-31-2025,06-02-2025,233.5,385935,Bank Transfer,Delvered
3847,904,33,43,16,11,13/07/2025,16/07/2025,227.8,760634,Wallet,Faild
3848,172,11,4,20,14,30.04.2025,30.04.2025,270.6,446681,Card,Del.
3849,1080,9,36,2,8,2025-04-29,,149.6,342504,Wallet,PENDING
3850,76,14,1,11,18,2025/01/29,2025/02/03,277.8,356443,Wallet,dlvrd
3851,1563,15,6,8,19,2025-01-06,2025-01-12,285.8,725821,Bank Transfer,Retund
3852,20,10,7,15,13,2025/07/25,2025/07/31,38.7,458483,Bank Transfer,DELIVERED
3853,1598,31,15,6,10,2025-06-10,2025-06-15,347.4,350446,Cash on Delivery,DELIVERED
3854,490,43,54,15,16,17/11/2025,19/11/2025,213.5,432732,Cash on Delivery,Delivered
3855,652,35,40,1,9,13.03.2025,,172.3,597947,Bank Transfer,PENDING
3856,869,28,55,22,11,04.09.2025,,229.1,440095,Cash on Delivery,IN TRANSIT
3857,256,30,38,15,15,"August 09, 2025","August 12, 2025",6.9,663935,Bank Transfer,DELIVERED
3858,68,20,31,17,14,"September 19, 2025",,-202.3,312887,Wallet,pending
3859,1119,35,40,15,7,"December 26, 2025",,105.2,568874,Card,PENDING
3860,585,25,13,20,7,2025/08/30,,114.7,653436,Card,In Transit
3861,1267,40,2,12,13,31-Aug-2025,01-Sep-2025,262.1,451479,Card,Failed
3862,211,12,42,4,22,19/06/2025,25/06/2025,348.9,223353,Cash on Delivery,Failed
3863,360,26,44,11,19,2025/08/20,2025/08/20,272.6,181442,Card,returned
3864,1539,39,19,12,16,09-05-2025,,173.5,373154,Cash on Delivery,pending
3865,1582,7,5,9,20,04/01/2025,10/01/2025,281.1,,Wallet,Delivered
3866,1734,29,34,6,2,20/05/2025,,41.4,452461,Bank Transfer,PENDING
3867,915,7,5,15,8,10-Feb-2025,14-Feb-2025,12.8,637652,Cash on Delivery,dlvrd
3868,753,5,30,12,4,2025-04-24,2025-04-28,46.3,840735,Wallet,dlvrd
3869,1227,35,40,2,9,10-10-2025,10-17-2025,173.2,64109,Cash on Delivery,DELIVERED
3870,454,33,43,13,11,09-Jul-2025,10-Jul-2025,192.9,697998,Cash on Delivery,delivered
3871,222,11,4,21,17,12/01/2025,16/01/2025,93.2,266753,Bank Transfer,Faild
3872,149,31,15,10,22,2025/09/01,2025/09/07,296.4,624280,Bank Transfer,dlvrd
3873,5,32,10,11,10,16/05/2025,20/05/2025,228.9,680289,Wallet,Retund
3874,1490,31,15,5,21,"December 05, 2025","December 09, 2025",15.8,843150,Card,RETURNED
3875,226,12,42,7,17,09/01/2025,11/01/2025,273.5,808800,Wallet,Failed
3876,310,15,6,5,10,"March 16, 2025","March 20, 2025",161.8,722226,Cash on Delivery,delivered
3877,914,7,5,21,7,12/08/2025,15/08/2025,310.4,783682,Wallet,returned
3878,717,18,27,15,12,26.10.2025,01.11.2025,167.5,689393,Card,Delivered
3879,464,6,16,12,12,"April 27, 2025","April 27, 2025",303.7,151259,Bank Transfer,DELIVERED
3880,218,14,1,2,3,2025/03/17,2025/03/22,22.4,141703,Card,Delvered
3881,375,26,44,12,14,02-06-2025,02-13-2025,309.9,226001,Card,returned
3882,310,42,53,7,4,31.05.2025,,280.2,715993,Bank Transfer,IN TRANSIT
3883,737,18,27,8,5,"March 26, 2025","March 27, 2025",301.8,304981,Card,Del.
3884,1069,36,49,15,11,11/12/2025,13/12/2025,181.9,364036,Bank Transfer,dlvrd
3885,1481,20,31,18,17,"December 19, 2025","December 23, 2025",339.5,,Bank Transfer,delivered
3886,1280,3,12,9,5,2025-07-08,2025-07-12,134.2,287898,Wallet,delivered
3887,696,13,35,12,21,12-Oct-2025,15-Oct-2025,102.3,297986,Bank Transfer,FAILED
3888,883,13,35,3,4,2025/02/22,,168.5,281293,Wallet,PENDING
3889,750,33,43,1,9,2025-08-29,,318.0,837800,Cash on Delivery,IN TRANSIT
3890,960,43,54,13,9,29.06.2025,,97.5,783205,Cash on Delivery,PENDING
3891,1073,35,40,15,7,2025-06-20,,140.4,544867,Bank Transfer,PENDING
3892,1588,23,45,21,8,2025-12-11,2025-12-11,95.7,770784,Wallet,Delvered
3893,1318,41,22,9,21,06-08-2025,06-13-2025,210.7,546003,Wallet,delivered
3894,1287,22,26,7,22,"May 30, 2025","June 01, 2025",155.4,565966,Cash on Delivery,FAILED
3895,1283,32,10,21,8,"June 30, 2025","July 04, 2025",91.1,120793,Bank Transfer,Delivered
3896,1183,17,11,3,19,2025/01/02,2025/01/04,318.7,305980,Card,DELIVERED
3897,390,12,42,11,12,2025/12/03,2025/12/05,275.7,0,Wallet,Del.
3898,62,32,10,14,15,2025/06/10,2025/06/11,53.7,545871,Bank Transfer,Del.
3899,527,19,32,11,11,"October 14, 2025","October 17, 2025",306.8,323298,Wallet,Delvered
3900,591,1,9,7,4,12.12.2025,12.12.2025,155.0,541668,Card,Delvered
3901,170,15,6,18,8,19/09/2025,23/09/2025,62.5,721468,Bank Transfer,dlvrd
3902,1754,5,30,22,21,2025-12-14,2025-12-15,61.3,90707,Card,Delivered
3903,433,20,31,9,11,2025/04/04,2025/04/05,40.4,752096,Card,Delivered
3904,306,17,11,15,1,02-05-2025,02-09-2025,224.0,256816,Bank Transfer,Delivered
3905,1708,26,44,10,9,2025-05-27,2025-05-28,129.1,177406,Wallet,DELIVERED
3906,761,5,30,16,11,03/06/2025,10/06/2025,269.1,0,Card,delivered
3907,42,40,2,1,5,2025/01/05,2025/01/06,297.1,624679,Cash on Delivery,Failed
3908,1501,30,38,3,15,03-22-2025,,85.9,835071,Wallet,PENDING
3909,831,5,30,14,6,28-Oct-2025,02-Nov-2025,162.5,544791,Wallet,DELIVERED
3910,1236,8,29,7,1,"March 21, 2025",,24.5,498388,Bank Transfer,IN TRANSIT
3911,1297,23,45,17,18,2025/03/10,2025/03/15,99.4,743897,Bank Transfer,Delvered
3912,585,19,32,22,4,21/08/2025,21/08/2025,250.5,62158,Cash on Delivery,Delvered
3913,201,18,27,3,14,11.09.2025,12.09.2025,308.2,692167,Bank Transfer,dlvrd
3914,194,6,16,16,22,18.10.2025,,77.7,81787,Cash on Delivery,IN TRANSIT
3915,969,33,43,20,18,30/07/2025,30/07/2025,295.6,333046,Cash on Delivery,Delvered
3916,1356,16,50,2,4,2025/04/21,2025/04/26,82.0,166400,Card,RETURNED
3917,412,5,30,4,5,12.09.2025,19.09.2025,132.2,745127,Wallet,dlvrd
3918,1665,18,27,2,4,29-Oct-2025,,71.5,229361,Card,in transit
3919,693,6,16,15,15,"June 30, 2025","July 03, 2025",102.3,279604,Card,delivered
3920,288,42,53,19,21,2025-03-25,2025-03-29,222.7,737286,Card,Faild
3921,1039,37,46,20,1,"January 17, 2025","January 21, 2025",145.3,177980,Wallet,Delvered
3922,1773,27,47,11,15,09-07-2025,09-08-2025,4.1,149663,Card,Failed
3923,32,42,53,20,17,07-06-2025,,311.4,341190,Wallet,PENDING
3924,26,27,47,6,18,2025-04-05,2025-04-10,83.4,284955,Bank Transfer,dlvrd
3925,691,41,22,6,17,23-Mar-2025,29-Mar-2025,263.6,763533,Wallet,delivered
3926,393,38,24,12,12,"August 30, 2025","September 03, 2025",52.9,428880,Wallet,Del.
3927,1297,32,10,2,12,03-Apr-2025,05-Apr-2025,131.6,64608,Cash on Delivery,Delivered
3928,945,25,13,3,11,2025/02/07,2025/02/13,227.7,842409,Cash on Delivery,Delivered
3929,1780,32,10,2,10,2025/11/07,2025/11/09,259.1,96056,Card,DELIVERED
3930,1524,24,39,15,9,10-04-2025,10-05-2025,124.6,147429,Card,Del.
3931,1260,18,27,21,12,19.07.2025,21.07.2025,166.5,842030,Bank Transfer,Delivered
3932,1250,1,9,8,6,11-06-2025,11-10-2025,152.5,86154,Wallet,Delvered
3933,1147,4,18,12,1,2025/09/18,2025/09/25,151.3,130446,Bank Transfer,FAILED
3934,657,2,28,10,8,2025/06/30,2025/07/03,2.9,440044,Card,Delvered
3935,1634,43,54,19,20,"November 08, 2025",,75.2,550687,Bank Transfer,Pending
3936,366,22,26,8,1,02-12-2025,02-13-2025,276.7,178891,Wallet,delivered
3937,1260,19,32,17,3,12-17-2025,12-22-2025,107.8,160096,Card,returned
3938,154,23,45,3,9,"October 21, 2025",,263.5,24630,Card,IN TRANSIT
3939,435,38,24,9,2,06/06/2025,08/06/2025,160.0,92200,Bank Transfer,Del.
3940,852,35,40,15,17,08.04.2025,13.04.2025,66.4,305154,Card,Retund
3941,688,11,4,5,3,2025/12/30,2026/01/03,36.4,377661,Bank Transfer,DELIVERED
3942,688,40,2,13,19,2025/01/08,2025/01/08,258.7,603093,Card,delivered
3943,1590,31,15,11,13,2025/04/21,2025/04/28,37.2,229859,Wallet,DELIVERED
3944,955,10,7,13,12,2025/01/14,2025/01/16,116.4,336308,Wallet,dlvrd
3945,1800,2,28,22,16,27-Nov-2025,29-Nov-2025,209.6,134156,Wallet,DELIVERED
3946,1747,22,26,12,19,20/02/2025,26/02/2025,297.8,45848,Cash on Delivery,Del.
3947,347,33,43,8,10,05-Aug-2025,10-Aug-2025,94.2,761759,Bank Transfer,dlvrd
3948,1526,5,30,20,1,05-06-2025,05-12-2025,89.0,308154,Bank Transfer,Del.
3949,1492,17,11,8,2,2025-05-27,,260.8,593344,Card,PENDING
3950,438,44,51,21,17,20-Jul-2025,21-Jul-2025,78.4,24895,Cash on Delivery,Delvered
3951,427,25,13,6,22,11-Apr-2025,,64.1,809173,Wallet,In-Transit
3952,1767,16,50,16,22,"October 23, 2025","October 23, 2025",313.6,49520,Card,Delivered
3953,1728,30,38,5,12,27.01.2025,,114.6,571817,Bank Transfer,IN TRANSIT
3954,1081,36,49,4,10,2025/07/10,2025/07/10,188.9,41872,Bank Transfer,FAILED
3955,681,15,6,9,4,17.08.2025,22.08.2025,20.5,303762,Bank Transfer,DELIVERED
3956,1719,11,4,10,13,02-May-2025,09-May-2025,10.7,824531,Cash on Delivery,failed
3957,1095,8,29,1,8,"May 29, 2025","June 01, 2025",217.6,12969,Cash on Delivery,failed
3958,193,17,11,3,4,2025/10/17,2025/10/22,89.0,556336,Wallet,Del.
3959,113,33,43,1,21,2025/01/13,2025/01/15,86.3,557662,Cash on Delivery,dlvrd
3960,1690,38,24,19,1,2025-01-15,2025-01-22,41.7,152253,Card,Returned
3961,1247,7,5,4,3,02.06.2025,,194.8,175047,Wallet,pending
3962,145,42,53,20,10,23/06/2025,29/06/2025,143.6,2781,Wallet,DELIVERED
3963,401,25,13,22,11,17-Aug-2025,22-Aug-2025,126.0,375942,Bank Transfer,Delvered
3964,790,24,39,1,5,2025-07-08,2025-07-15,51.0,435451,Bank Transfer,DELIVERED
3965,16,17,11,9,22,"October 18, 2025",,259.1,496275,Card,PENDING
3966,1436,5,30,17,16,29-Sep-2025,04-Oct-2025,137.3,438209,Card,returned
3967,1320,17,11,16,6,05-12-2025,05-15-2025,238.8,702553,Cash on Delivery,Delivered
3968,1682,19,32,15,22,07-Jun-2025,09-Jun-2025,36.2,413271,Wallet,FAILED
3969,1469,19,32,3,14,05-13-2025,,59.6,411916,Wallet,in transit
3970,1552,6,16,7,17,2025-12-30,2026-01-06,311.0,0,Card,dlvrd
3971,1788,23,45,6,12,2025-09-12,,222.8,843313,Wallet,Pending
3972,1358,28,55,14,9,04-30-2025,05-06-2025,291.3,332424,Card,Retund
3973,1333,9,36,12,18,2025/11/17,,344.0,244916,Bank Transfer,PENDING
3974,984,36,49,21,9,01-Feb-2025,03-Feb-2025,144.2,18540,Cash on Delivery,Returned
3975,1283,17,11,21,21,05-Nov-2025,11-Nov-2025,68.1,682904,Wallet,Del.
3976,212,30,38,16,2,2025/03/10,2025/03/15,253.3,485748,Wallet,Delvered
3977,1658,38,24,9,17,2025/03/01,,15.0,288287,Card,in transit
3978,371,23,45,5,7,07-13-2025,07-17-2025,316.6,269981,Bank Transfer,returned
3979,1053,34,52,12,17,"April 28, 2025","April 28, 2025",134.4,45445,Wallet,Delivered
3980,361,11,4,11,19,04.07.2025,07.07.2025,96.8,361942,Bank Transfer,DELIVERED
3981,1527,20,31,15,19,30-Apr-2025,06-May-2025,20.8,236858,Card,returned
3982,76,35,40,12,1,01/02/2025,01/02/2025,344.3,636710,Wallet,delivered
3983,865,25,13,17,4,05-22-2025,05-27-2025,183.8,238656,Card,DELIVERED
3984,251,43,54,21,5,06.09.2025,07.09.2025,42.9,543215,Card,Retund
3985,760,39,19,22,2,2025-03-30,2025-03-31,167.4,365692,Bank Transfer,Returned
3986,1213,21,14,17,5,"May 07, 2025","May 12, 2025",69.4,420293,Wallet,delivered
3987,165,17,11,13,14,27.05.2025,31.05.2025,258.3,160467,Card,dlvrd
3988,1017,25,13,12,22,2025-05-26,,238.8,816232,Cash on Delivery,PENDING
3989,1746,2,28,14,21,"September 04, 2025","September 10, 2025",337.8,645959,Card,failed
3990,58,19,32,18,18,11.03.2025,16.03.2025,313.9,69070,Bank Transfer,DELIVERED
3991,1521,32,10,12,17,2025-12-07,2025-12-12,242.3,410209,Card,Delivered
3992,260,41,22,20,7,29-Aug-2025,03-Sep-2025,172.5,207079,Bank Transfer,dlvrd
3993,1752,30,38,19,4,04-11-2025,04-13-2025,110.6,,Cash on Delivery,Delivered
3994,1046,2,28,13,2,10.01.2025,12.01.2025,39.7,558220,Cash on Delivery,delivered
3995,616,34,52,6,9,05.02.2025,10.02.2025,159.7,88482,Card,delivered
3996,1571,34,52,14,2,27.10.2025,02.11.2025,90.6,522722,Cash on Delivery,DELIVERED
3997,731,30,38,8,12,2025/11/01,,82.1,287830,Cash on Delivery,in transit
3998,1281,31,15,4,11,04/05/2025,09/05/2025,312.6,168277,Bank Transfer,delivered
3999,1289,7,5,10,8,2025-04-16,,56.6,593670,Cash on Delivery,In Transit
4000,1398,16,50,11,10,08/08/2025,,301.9,774995,Wallet,in transit
4001,1034,39,19,13,7,07/02/2025,13/02/2025,282.8,164993,Cash on Delivery,FAILED
4002,199,10,7,10,19,17/02/2025,19/02/2025,34.1,0,Card,RETURNED
4003,23,28,55,10,18,2025-04-10,2025-04-13,234.4,160173,Wallet,dlvrd
4004,19,28,55,4,8,02-14-2025,,290.2,35811,Wallet,In-Transit
4005,194,5,30,7,20,10-Feb-2025,,169.1,659258,Card,pending
4006,597,7,5,2,21,"December 13, 2025","December 16, 2025",92.6,662269,Cash on Delivery,FAILED
4007,141,21,14,17,10,04.01.2025,,324.8,638374,Card,In-Transit
4008,1708,44,51,18,9,2025/05/05,2025/05/11,227.6,609759,Card,returned
4009,1343,34,52,7,22,2025/10/10,2025/10/12,110.4,579355,Bank Transfer,delivered
4010,558,3,12,8,4,2025-05-03,2025-05-07,64.3,384011,Wallet,failed
4011,665,17,11,6,10,04/04/2025,05/04/2025,85.4,75281,Cash on Delivery,Del.
4012,105,42,53,20,20,17.05.2025,21.05.2025,59.6,,Bank Transfer,Delvered
4013,1060,41,22,4,14,05-Jan-2025,10-Jan-2025,333.1,152978,Card,DELIVERED
4014,1059,30,38,16,19,2025/07/26,,120.7,384975,Card,Pending
4015,520,43,54,14,7,"June 26, 2025","June 30, 2025",271.6,529393,Wallet,DELIVERED
4016,1680,28,55,20,21,17.09.2025,20.09.2025,251.3,302380,Cash on Delivery,Faild
4017,1569,13,35,15,5,01/03/2025,,245.7,298593,Wallet,Pending
4018,90,33,43,6,14,25/10/2025,26/10/2025,230.3,833294,Bank Transfer,delivered
4019,847,22,26,19,22,12-15-2025,12-22-2025,17.8,256676,Wallet,Returned
4020,1131,35,40,15,5,14-May-2025,15-May-2025,288.7,749388,Bank Transfer,Failed
4021,8,20,31,16,16,15/01/2025,,40.1,,Bank Transfer,Pending
4022,1434,34,52,1,17,01-14-2025,01-16-2025,234.6,367914,Bank Transfer,dlvrd
4023,853,42,53,19,5,16-Jun-2025,18-Jun-2025,320.3,122755,Bank Transfer,Failed
4024,192,10,7,11,8,2025-01-30,2025-02-03,13.7,666787,Bank Transfer,dlvrd
4025,1798,7,5,3,8,2025-10-13,2025-10-16,86.5,435332,Card,delivered
4026,129,12,42,9,5,"May 13, 2025","May 19, 2025",188.1,364224,Cash on Delivery,Delvered
4027,1349,39,19,16,20,2025/09/18,2025/09/24,-237.6,527435,Bank Transfer,DELIVERED
4028,105,9,36,4,7,2025-02-16,2025-02-19,-171.2,822659,Card,delivered
4029,1081,37,46,9,3,09-16-2025,,326.1,125451,Cash on Delivery,PENDING
4030,210,30,38,9,14,13-Aug-2025,18-Aug-2025,124.3,642399,Wallet,Faild
4031,970,5,30,15,12,"February 14, 2025","February 20, 2025",159.1,672089,Wallet,Delivered
4032,960,28,55,11,14,08.12.2025,13.12.2025,249.6,234297,Bank Transfer,delivered
4033,821,4,18,9,12,2025-08-28,2025-09-01,210.9,697122,Cash on Delivery,DELIVERED
4034,1358,2,28,13,13,2025/07/04,2025/07/09,25.9,388721,Wallet,dlvrd
4035,888,5,30,22,17,25-May-2025,01-Jun-2025,-246.6,4505,Card,Del.
4036,1748,39,19,13,10,02-Apr-2025,03-Apr-2025,149.8,618092,Cash on Delivery,Delivered
4037,1438,16,50,14,20,04-Feb-2025,,281.3,636809,Cash on Delivery,pending
4038,393,14,1,12,4,2025-08-30,2025-08-30,86.6,553602,Bank Transfer,Faild
4039,1051,38,24,16,10,21.01.2025,23.01.2025,258.9,430459,Wallet,Failed
4040,626,35,40,19,10,03-28-2025,,114.4,786032,Cash on Delivery,In Transit
4041,1024,30,38,21,4,21-May-2025,28-May-2025,208.3,629958,Cash on Delivery,delivered
4042,1012,40,2,1,6,2025-12-15,2025-12-16,92.4,501059,Wallet,Del.
4043,524,18,27,22,14,14.07.2025,,295.3,717832,Card,In Transit
4044,734,8,29,10,17,08-24-2025,08-26-2025,143.0,194294,Wallet,failed
4045,760,4,18,21,21,16-Mar-2025,23-Mar-2025,146.1,31724,Card,Delvered
4046,198,27,47,9,8,2025-11-19,2025-11-24,223.7,,Cash on Delivery,Delivered
4047,365,6,16,12,16,2025-01-31,,196.6,557148,Bank Transfer,In Transit
4048,348,38,24,14,19,2025/07/11,2025/07/14,200.1,461155,Cash on Delivery,DELIVERED
4049,458,37,46,4,19,26/01/2025,30/01/2025,120.8,346868,Card,FAILED
4050,1596,32,10,17,16,02.08.2025,08.08.2025,26.1,256738,Wallet,Delivered
4051,774,28,55,16,16,2025-05-03,2025-05-08,317.1,26194,Wallet,FAILED
4052,1022,6,16,21,20,2025/09/03,2025/09/10,261.7,576908,Card,Delvered
4053,571,13,35,5,13,12/11/2025,15/11/2025,150.5,94115,Cash on Delivery,Delivered
4054,1423,8,29,3,19,"May 16, 2025","May 19, 2025",64.6,99914,Card,returned
4055,273,1,9,14,17,"August 16, 2025","August 21, 2025",254.4,234017,Bank Transfer,Del.
4056,820,3,12,14,9,"March 06, 2025","March 10, 2025",197.9,194634,Card,DELIVERED
4057,979,43,54,21,4,"July 26, 2025","July 27, 2025",34.3,285262,Card,Del.
4058,725,13,35,20,22,"March 19, 2025","March 22, 2025",322.8,812637,Bank Transfer,Failed
4059,1119,9,36,20,10,2025-10-28,2025-11-01,180.3,345461,Wallet,dlvrd
4060,264,30,38,20,1,28.02.2025,,155.6,239455,Bank Transfer,in transit
4061,1145,12,42,10,20,05-Sep-2025,06-Sep-2025,203.0,44410,Cash on Delivery,dlvrd
4062,838,40,2,18,16,06-06-2025,06-08-2025,193.3,595547,Card,failed
4063,101,34,52,10,21,04-17-2025,04-20-2025,54.9,496510,Bank Transfer,Delivered
4064,1178,27,47,19,18,01-Dec-2025,07-Dec-2025,261.7,835540,Cash on Delivery,Faild
4065,1695,23,45,7,9,12-18-2025,,9.4,435954,Bank Transfer,In-Transit
4066,1398,28,55,13,17,11/04/2025,16/04/2025,173.2,394497,Wallet,Delvered
4067,1240,6,16,18,5,04-Mar-2025,10-Mar-2025,202.8,819225,Cash on Delivery,delivered
4068,1542,16,50,1,16,05-Sep-2025,08-Sep-2025,335.9,402367,Bank Transfer,delivered
4069,934,31,15,18,17,11/05/2025,17/05/2025,266.6,658927,Cash on Delivery,Del.
4070,211,29,34,14,12,"July 10, 2025","July 16, 2025",341.6,514675,Cash on Delivery,Delivered
4071,516,12,42,20,9,21/04/2025,,326.8,49807,Cash on Delivery,In-Transit
4072,1441,29,34,22,19,2025/06/29,2025/07/05,260.5,689264,Wallet,DELIVERED
4073,810,9,36,11,9,2025-03-09,2025-03-13,314.6,282389,Bank Transfer,dlvrd
4074,415,12,42,9,15,2025/05/05,,32.8,50537,Wallet,Pending
4075,1451,20,31,2,7,09-24-2025,10-01-2025,326.4,403710,Card,returned
4076,647,21,14,19,13,"December 28, 2025","December 30, 2025",233.7,489188,Wallet,DELIVERED
4077,818,37,46,1,1,18.04.2025,,87.5,39191,Card,In-Transit
4078,1704,7,5,18,9,"April 28, 2025","May 01, 2025",87.7,736515,Bank Transfer,dlvrd
4079,1687,17,11,11,18,29/07/2025,,242.7,791422,Wallet,pending
4080,1051,21,14,2,12,19-Aug-2025,26-Aug-2025,308.2,546380,Wallet,delivered
4081,1297,12,42,22,13,06.08.2025,07.08.2025,276.7,579097,Card,delivered
4082,5,31,15,11,19,15/09/2025,,171.8,155236,Card,Pending
4083,1506,23,45,22,22,"August 12, 2025","August 17, 2025",171.4,75942,Cash on Delivery,dlvrd
4084,1670,41,22,1,20,18-Sep-2025,22-Sep-2025,332.2,57124,Bank Transfer,DELIVERED
4085,1319,13,35,15,18,2025/05/23,2025/05/26,261.3,406618,Wallet,Delvered
4086,1638,4,18,6,21,2025/11/02,2025/11/03,117.0,414154,Wallet,Delvered
4087,499,16,50,4,17,27/04/2025,,124.2,780760,Cash on Delivery,PENDING
4088,864,26,44,10,12,11-Aug-2025,13-Aug-2025,91.1,77285,Cash on Delivery,delivered
4089,1456,24,39,5,6,2025-06-03,2025-06-05,19.4,267709,Wallet,Delvered
4090,548,21,14,8,10,16-May-2025,22-May-2025,11.5,535345,Bank Transfer,Delivered
4091,1414,33,43,10,6,04-Feb-2025,08-Feb-2025,49.2,496535,Wallet,failed
4092,414,1,9,4,8,29/04/2025,06/05/2025,339.6,492308,Wallet,Delivered
4093,1794,39,19,1,15,15/09/2025,,177.8,204434,Wallet,PENDING
4094,974,16,50,10,14,10-Dec-2025,17-Dec-2025,20.0,330487,Wallet,delivered
4095,402,13,35,18,7,01-07-2025,,217.4,270564,Cash on Delivery,In-Transit
4096,380,1001,8,2,20,2025-03-17,2025-03-17,330.0,182603,Card,delivered
4097,1234,11,4,21,13,07/11/2025,09/11/2025,69.7,153235,Card,DELIVERED
4098,1223,16,50,20,17,2025-06-03,2025-06-09,187.6,700854,Bank Transfer,DELIVERED
4099,1206,44,51,7,18,"January 19, 2025","January 24, 2025",312.7,694655,Bank Transfer,delivered
4100,1506,8,29,11,17,16.10.2025,,307.6,251085,Cash on Delivery,PENDING
4101,1611,1,9,17,19,2025-03-21,,15.6,453978,Wallet,pending
4102,1326,35,40,5,19,15/04/2025,20/04/2025,-184.4,416609,Wallet,DELIVERED
4103,204,26,44,9,2,02-06-2025,02-08-2025,185.1,597194,Bank Transfer,failed
4104,1453,16,50,16,16,2025-02-20,2025-02-25,239.8,212876,Wallet,Delvered
4105,467,5,30,10,13,25/09/2025,30/09/2025,101.4,264790,Wallet,delivered
4106,107,32,10,9,16,04.09.2025,,88.3,49577,Bank Transfer,PENDING
4107,214,37,46,17,21,22-May-2025,28-May-2025,203.6,420395,Bank Transfer,Del.
4108,1517,5,30,3,16,2025-01-02,2025-01-07,59.1,352674,Card,dlvrd
4109,787,39,19,9,16,2025-08-01,2025-08-04,287.0,,Bank Transfer,Delvered
4110,437,28,55,21,21,10-17-2025,10-20-2025,35.3,571164,Bank Transfer,Returned
4111,139,32,10,7,22,"June 05, 2025","June 09, 2025",332.1,259702,Bank Transfer,DELIVERED
4112,1554,27,47,10,18,2025-04-13,2025-04-14,232.4,189947,Cash on Delivery,Failed
4113,301,20,31,13,11,01-15-2025,01-16-2025,312.1,,Wallet,Retund
4114,923,20,31,6,13,03-19-2025,03-20-2025,66.9,,Card,Del.
4115,1466,32,10,17,1,02-Feb-2025,07-Feb-2025,32.2,70950,Card,Delivered
4116,1637,19,32,7,12,03-21-2025,03-23-2025,81.6,661480,Cash on Delivery,Delvered
4117,1058,10,7,7,4,13.12.2025,,192.8,150860,Bank Transfer,In-Transit
4118,865,25,13,2,17,01-24-2025,01-26-2025,308.6,599841,Bank Transfer,Delvered
4119,1523,20,31,18,18,09-14-2025,09-15-2025,103.9,317875,Bank Transfer,Delivered
4120,1133,16,50,6,17,"May 13, 2025","May 17, 2025",200.1,514900,Card,Delvered
4121,862,12,42,3,11,07-15-2025,,323.0,546670,Cash on Delivery,in transit
4122,1123,4,18,2,7,28/03/2025,30/03/2025,112.2,196041,Card,Faild
4123,37,26,44,1,9,2025-11-11,2025-11-18,90.7,759816,Cash on Delivery,Del.
4124,1778,8,29,8,13,2025-05-11,2025-05-13,96.2,309349,Wallet,DELIVERED
4125,547,11,4,17,2,23.11.2025,,-273.5,770012,Card,Pending
4126,432,26,44,12,17,05-03-2025,05-04-2025,327.5,75276,Bank Transfer,dlvrd
4127,958,10,7,2,22,12-22-2025,12-24-2025,311.2,760202,Bank Transfer,Delivered
4128,97,24,39,12,13,2025/04/22,2025/04/24,186.5,354258,Card,delivered
4129,1694,25,13,16,20,2025/07/29,2025/08/05,339.3,334768,Bank Transfer,Returned
4130,557,30,38,20,13,15.10.2025,16.10.2025,225.6,157517,Cash on Delivery,failed
4131,979,30,38,15,5,14.02.2025,,221.4,674282,Cash on Delivery,pending
4132,346,22,26,14,16,2025-01-29,2025-02-02,260.1,216375,Wallet,DELIVERED
4133,1358,38,24,4,6,07-Jan-2025,14-Jan-2025,150.3,293490,Card,Del.
4134,1082,9,36,12,7,"December 07, 2025","December 10, 2025",28.7,269478,Cash on Delivery,delivered
4135,123,37,46,20,20,24-Dec-2025,27-Dec-2025,117.5,264617,Wallet,Failed
4136,1413,22,26,14,12,02-Apr-2025,05-Apr-2025,70.0,779614,Wallet,Delivered
4137,1755,1001,21,14,21,2025/07/17,2025/07/21,173.2,238405,Card,RETURNED
4138,1262,24,39,1,11,"May 31, 2025","June 03, 2025",72.4,305016,Cash on Delivery,dlvrd
4139,829,20,31,2,7,04-03-2025,,224.4,476006,Cash on Delivery,PENDING
4140,1690,18,27,3,7,2025/06/02,2025/06/08,77.0,219485,Wallet,Del.
4141,766,39,19,6,15,2025-04-12,2025-04-18,139.3,565230,Card,Failed
4142,60,44,51,10,3,26-Aug-2025,30-Aug-2025,154.9,670881,Bank Transfer,Delivered
4143,617,43,54,22,8,11-01-2025,11-03-2025,72.0,785838,Cash on Delivery,DELIVERED
4144,1309,21,14,11,18,2025/04/21,2025/04/23,319.5,691501,Card,Del.
4145,584,39,19,20,7,"June 27, 2025","July 03, 2025",158.7,281713,Bank Transfer,Retund
4146,1301,42,53,20,7,"August 09, 2025","August 15, 2025",-145.7,718792,Wallet,Delivered
4147,859,32,10,17,9,03-Apr-2025,08-Apr-2025,208.0,111014,Card,Failed
4148,1654,44,51,21,13,2025-08-13,2025-08-18,-169.1,250019,Bank Transfer,Delivered
4149,1345,9,36,22,13,06-Sep-2025,12-Sep-2025,310.4,432649,Cash on Delivery,delivered
4150,985,16,50,18,5,2025-07-31,2025-08-05,212.5,119905,Card,RETURNED
4151,1383,39,19,18,10,29/08/2025,05/09/2025,218.5,695138,Card,dlvrd
4152,617,30,38,7,18,03-08-2025,,285.3,298529,Wallet,In Transit
4153,1231,4,18,6,5,2025-05-09,2025-05-13,39.9,626634,Card,DELIVERED
4154,680,5,30,7,14,2025/08/13,2025/08/17,274.4,176663,Wallet,dlvrd
4155,1226,20,31,13,5,05-Jan-2025,,196.4,377759,Cash on Delivery,pending
4156,170,17,11,17,21,"January 26, 2025",,168.6,63425,Bank Transfer,pending
4157,406,23,45,20,1,23.10.2025,28.10.2025,301.3,248368,Wallet,DELIVERED
4158,1545,1000,55,19,12,2025-01-21,2025-01-25,148.6,755923,Bank Transfer,Delvered
4159,1611,20,31,12,1,27-Mar-2025,30-Mar-2025,328.8,108602,Bank Transfer,Delvered
4160,883,1,9,19,9,17.08.2025,21.08.2025,335.7,142679,Card,Delvered
4161,1552,22,26,22,15,2025-08-10,2025-08-10,11.9,688838,Bank Transfer,Delvered
4162,1170,19,32,7,3,06-12-2025,06-14-2025,110.4,598841,Wallet,delivered
4163,925,24,39,4,20,08-04-2025,08-05-2025,121.6,308032,Cash on Delivery,Faild
4164,778,36,49,14,3,17/01/2025,19/01/2025,216.6,235228,Cash on Delivery,dlvrd
4165,830,18,27,22,7,04-Dec-2025,,233.7,427961,Bank Transfer,pending
4166,1705,8,29,14,6,"May 28, 2025","May 31, 2025",254.1,389110,Wallet,dlvrd
4167,164,11,4,2,18,2025-04-09,2025-04-10,322.5,184178,Wallet,DELIVERED
4168,11,39,19,18,22,26-May-2025,01-Jun-2025,144.9,53355,Card,delivered
4169,540,43,54,16,5,2025-11-20,2025-11-26,132.2,0,Card,failed
4170,1654,24,39,12,4,2025/11/09,2025/11/15,71.7,178475,Wallet,Del.
4171,1038,9,36,11,16,08.07.2025,15.07.2025,76.8,,Cash on Delivery,dlvrd
4172,680,31,15,1,19,2025-04-13,2025-04-18,21.7,841522,Cash on Delivery,delivered
4173,176,13,35,3,3,"November 09, 2025","November 13, 2025",103.9,605508,Bank Transfer,RETURNED
4174,1003,30,38,3,8,15.03.2025,15.03.2025,-148.5,206880,Cash on Delivery,Delvered
4175,236,33,43,6,7,2025-02-08,2025-02-09,331.3,449139,Card,Delvered
4176,287,44,51,5,13,"August 03, 2025","August 06, 2025",35.1,468778,Card,DELIVERED
4177,338,13,35,18,15,04-28-2025,04-30-2025,9.5,725798,Wallet,Del.
4178,726,6,16,12,21,2025-03-07,2025-03-10,56.6,181749,Wallet,RETURNED
4179,102,28,55,8,8,31/10/2025,01/11/2025,40.9,381233,Card,Delivered
4180,809,1,9,6,2,10-20-2025,10-21-2025,184.7,283761,Bank Transfer,Delvered
4181,1628,41,22,9,18,12-Jul-2025,13-Jul-2025,235.2,635167,Card,Del.
4182,120,19,32,10,2,"October 14, 2025","October 19, 2025",28.7,230180,Bank Transfer,Delvered
4183,1256,16,50,9,2,2025-07-14,2025-07-20,144.8,526682,Cash on Delivery,Failed
4184,80,12,42,5,12,17/01/2025,17/01/2025,323.1,310587,Bank Transfer,Delvered
4185,797,30,38,11,17,2025-03-02,,18.2,564307,Card,pending
4186,311,20,31,1,20,2025/07/16,2025/07/19,241.3,341913,Wallet,Delivered
4187,266,9,36,14,16,10/02/2025,,125.4,609818,Wallet,Pending
4188,251,7,5,22,12,10.10.2025,15.10.2025,133.4,745365,Card,Del.
4189,1781,38,24,15,10,02-Jul-2025,02-Jul-2025,168.6,144447,Wallet,dlvrd
4190,1315,15,6,7,18,"May 21, 2025","May 21, 2025",235.3,329408,Wallet,dlvrd
4191,30,31,15,22,17,2025-08-19,2025-08-22,62.2,209431,Wallet,Del.
4192,1177,30,38,8,2,11-02-2025,11-03-2025,109.6,164672,Wallet,Del.
4193,350,41,22,8,4,07.04.2025,,298.2,,Bank Transfer,in transit
4194,388,23,45,11,1,2025-04-11,2025-04-16,227.8,137129,Card,Delvered
4195,819,33,43,8,19,05-21-2025,05-22-2025,66.7,3581,Card,DELIVERED
4196,36,3,12,18,12,01-17-2025,01-21-2025,336.9,511070,Cash on Delivery,DELIVERED
4197,1203,8,29,16,3,08-22-2025,08-27-2025,4.3,635483,Bank Transfer,delivered
4198,985,25,13,11,2,12-Apr-2025,12-Apr-2025,-90.0,246046,Wallet,DELIVERED
4199,250,33,43,19,6,21-Nov-2025,26-Nov-2025,263.4,32862,Card,Faild
4200,1043,10,7,10,13,03-12-2025,,203.3,631473,Cash on Delivery,PENDING
4201,1518,3,12,14,12,"March 26, 2025","March 30, 2025",298.1,722616,Bank Transfer,Del.
4202,585,29,34,8,3,"December 21, 2025","December 27, 2025",92.1,134090,Wallet,Delivered
4203,1351,34,52,3,4,"August 21, 2025","August 25, 2025",160.5,224494,Card,failed
4204,1288,20,31,1,17,2025/05/18,2025/05/25,319.8,191663,Cash on Delivery,Delivered
4205,1425,42,53,19,14,07-06-2025,07-07-2025,85.8,827814,Card,delivered
4206,1305,18,27,12,21,2025-10-01,2025-10-05,259.0,143697,Card,Delvered
4207,632,19,32,22,8,04-08-2025,04-13-2025,123.9,116400,Cash on Delivery,Delivered
4208,1151,26,44,2,19,07-11-2025,07-16-2025,182.7,420013,Cash on Delivery,FAILED
4209,654,5,30,21,11,24.08.2025,25.08.2025,226.8,788841,Wallet,Delvered
4210,337,17,11,1,12,08-22-2025,08-25-2025,243.0,245536,Wallet,returned
4211,433,43,54,2,1,2025/06/22,2025/06/25,7.7,164930,Card,DELIVERED
4212,1122,8,29,13,21,10-Mar-2025,12-Mar-2025,-266.5,118951,Card,Delvered
4213,805,999,32,14,8,05-Dec-2025,06-Dec-2025,42.2,259295,Wallet,RETURNED
4214,83,4,18,1,1,25-Dec-2025,31-Dec-2025,254.1,483874,Wallet,Del.
4215,692,13,35,11,18,18-Nov-2025,20-Nov-2025,306.1,535318,Wallet,DELIVERED
4216,1017,9,36,3,12,2025/10/19,,50.6,598096,Wallet,PENDING
4217,1800,3,12,1,9,2025/10/05,,248.6,358809,Cash on Delivery,PENDING
4218,106,41,22,19,17,2025/08/10,,152.1,634343,Bank Transfer,IN TRANSIT
4219,1588,19,32,15,11,17/08/2025,18/08/2025,305.8,517781,Bank Transfer,Delivered
4220,605,8,29,22,11,2025-04-07,2025-04-12,161.7,7715,Cash on Delivery,delivered
4221,579,34,52,12,7,01-01-2025,01-05-2025,163.0,255324,Bank Transfer,Delivered
4222,357,15,6,11,3,23.04.2025,24.04.2025,284.5,52258,Card,delivered
4223,1487,33,43,5,9,2025/01/10,,32.9,411426,Bank Transfer,PENDING
4224,1507,23,45,3,12,2025-09-17,,55.8,709088,Card,Pending
4225,1514,4,18,9,7,"February 10, 2025","February 17, 2025",140.1,128508,Cash on Delivery,dlvrd
4226,989,23,45,6,19,"December 14, 2025","December 16, 2025",81.8,553992,Cash on Delivery,dlvrd
4227,479,11,4,1,3,13-Jan-2025,15-Jan-2025,44.9,571094,Bank Transfer,FAILED
4228,924,27,47,7,19,2025-05-15,2025-05-22,293.0,443970,Cash on Delivery,RETURNED
4229,449,2,28,21,3,08/12/2025,15/12/2025,313.7,31419,Wallet,Delvered
4230,381,12,42,6,7,28.04.2025,,51.7,541602,Cash on Delivery,In Transit
4231,1125,18,27,5,4,07/03/2025,13/03/2025,159.3,684104,Card,failed
4232,294,37,46,20,9,04/09/2025,,60.6,486285,Cash on Delivery,In-Transit
4233,1641,22,26,5,6,09-28-2025,10-02-2025,299.8,585253,Wallet,Delvered
4234,1501,28,55,2,9,04-Jul-2025,,120.8,207031,Card,PENDING
4235,1779,19,32,2,18,"July 03, 2025",,39.1,20296,Cash on Delivery,In-Transit
4236,318,31,15,14,14,02-01-2025,02-06-2025,223.6,296621,Card,DELIVERED
4237,946,43,54,11,8,2025-11-03,2025-11-07,179.5,660650,Card,Faild
4238,888,37,46,7,4,2025/10/12,,101.4,759792,Cash on Delivery,Pending
4239,1778,14,1,16,16,"May 30, 2025",,78.6,663589,Bank Transfer,IN TRANSIT
4240,294,44,51,21,16,04/05/2025,11/05/2025,2.7,203822,Card,Delvered
4241,1104,23,45,12,10,"June 12, 2025","June 17, 2025",328.1,656681,Cash on Delivery,Del.
4242,1590,39,19,13,15,2025-04-02,2025-04-06,248.6,800602,Bank Transfer,Delivered
4243,1689,37,46,2,17,2025/05/31,2025/06/06,217.4,736342,Wallet,DELIVERED
4244,319,34,52,10,11,2025-04-10,2025-04-11,240.2,544276,Card,Del.
4245,657,10,7,7,8,15.11.2025,21.11.2025,172.5,623770,Bank Transfer,failed
4246,526,33,43,4,18,2025-07-24,2025-07-30,71.5,420587,Bank Transfer,DELIVERED
4247,895,31,15,10,11,18.04.2025,21.04.2025,51.4,702664,Card,delivered
4248,527,999,7,12,2,08-18-2025,08-18-2025,288.2,691132,Bank Transfer,Delivered
4249,826,41,22,10,10,05-09-2025,05-10-2025,8.3,402704,Bank Transfer,Delvered
4250,1601,29,34,10,21,10-Aug-2025,11-Aug-2025,110.8,614206,Card,Del.
4251,1043,39,19,1,9,16-Nov-2025,20-Nov-2025,161.0,5831,Wallet,delivered
4252,1444,32,10,10,8,2025-02-20,2025-02-24,320.3,533134,Bank Transfer,delivered
4253,428,16,50,16,21,28.09.2025,03.10.2025,263.5,779711,Card,DELIVERED
4254,1325,18,27,15,4,2025/12/03,2025/12/04,212.3,453387,Bank Transfer,Delvered
4255,159,23,45,11,5,09-09-2025,09-12-2025,26.6,721107,Cash on Delivery,Delivered
4256,575,36,49,1,9,12-18-2025,12-18-2025,243.5,204530,Bank Transfer,Delivered
4257,115,27,47,13,16,15.09.2025,,178.9,319072,Wallet,In-Transit
4258,1728,42,53,16,12,13/04/2025,,341.3,769187,Card,In Transit
4259,892,7,5,6,17,04-Mar-2025,08-Mar-2025,308.9,548360,Wallet,DELIVERED
4260,1346,17,11,20,18,2025-11-28,2025-11-28,131.6,376887,Cash on Delivery,DELIVERED
4261,294,21,14,2,13,18.08.2025,,210.8,814694,Bank Transfer,In Transit
4262,554,21,14,11,16,"July 25, 2025",,122.0,397833,Cash on Delivery,In Transit
4263,370,2,28,21,9,2025-06-13,2025-06-19,64.7,9406,Wallet,FAILED
4264,587,8,29,21,9,28.05.2025,01.06.2025,56.4,51636,Bank Transfer,Delvered
4265,651,42,53,15,22,10.09.2025,11.09.2025,111.3,737988,Card,RETURNED
4266,1637,13,35,13,19,2025/07/22,2025/07/24,-130.9,546209,Wallet,Delivered
4267,1479,3,12,1,11,24/01/2025,,2.6,642605,Wallet,In Transit
4268,848,16,50,11,14,12-Apr-2025,18-Apr-2025,242.3,283372,Wallet,Failed
4269,1515,17,11,22,10,07-22-2025,,245.1,606887,Card,In Transit
4270,1533,39,19,10,12,25/07/2025,25/07/2025,64.0,541330,Card,Delvered
4271,1282,37,46,13,13,01/09/2025,05/09/2025,121.3,652440,Cash on Delivery,dlvrd
4272,1347,11,4,1,18,2025-06-29,2025-06-30,224.9,526730,Bank Transfer,Del.
4273,1388,13,35,3,12,06/08/2025,12/08/2025,126.9,640530,Wallet,delivered
4274,1034,6,16,1,8,01-May-2025,07-May-2025,304.3,126873,Bank Transfer,Delvered
4275,1348,16,50,1,21,18.02.2025,,233.1,520121,Wallet,Pending
4276,168,13,35,6,3,17-Nov-2025,19-Nov-2025,162.6,676543,Cash on Delivery,dlvrd
4277,196,41,22,7,10,01-19-2025,01-21-2025,187.4,303234,Bank Transfer,Delivered
4278,1640,21,14,16,14,01-03-2025,01-04-2025,299.7,84816,Wallet,delivered
4279,247,43,54,15,20,01-Apr-2025,05-Apr-2025,227.5,503601,Cash on Delivery,Delivered
4280,690,36,49,5,14,19/02/2025,25/02/2025,192.9,812292,Bank Transfer,Delvered
4281,1395,16,50,13,20,2025/02/08,2025/02/10,168.2,199315,Card,Delivered
4282,226,44,51,19,14,"January 22, 2025",,122.0,571317,Bank Transfer,IN TRANSIT
4283,1618,26,44,19,1,"September 15, 2025","September 19, 2025",4.1,525458,Wallet,returned
4284,1153,5,30,18,15,08.02.2025,,291.5,470738,Card,IN TRANSIT
4285,327,9,36,14,3,16-Jul-2025,18-Jul-2025,100.3,145452,Card,Delivered
4286,627,4,18,19,11,2025-08-09,2025-08-12,267.3,544496,Card,Delvered
4287,941,13,35,19,16,2025-06-14,2025-06-17,297.3,748563,Bank Transfer,Delivered
4288,125,31,15,22,2,2025-08-23,,76.2,293886,Card,in transit
4289,810,18,27,10,1,"October 15, 2025",,219.6,23681,Wallet,Pending
4290,143,6,16,4,14,2025/08/20,2025/08/25,36.8,660192,Wallet,Delvered
4291,1664,29,34,1,4,"July 06, 2025",,288.5,546847,Wallet,In Transit
4292,1032,9,36,7,17,08-18-2025,08-23-2025,234.3,483305,Bank Transfer,RETURNED
4293,1474,34,52,9,10,19.12.2025,22.12.2025,172.7,183140,Bank Transfer,Del.
4294,1334,26,44,13,22,30.03.2025,05.04.2025,128.6,,Cash on Delivery,Retund
4295,211,36,49,13,17,02-23-2025,02-26-2025,209.4,583542,Wallet,DELIVERED
4296,1550,15,6,2,17,07/05/2025,13/05/2025,62.7,243808,Bank Transfer,Delivered
4297,1076,4,18,4,19,26.10.2025,02.11.2025,172.7,246452,Bank Transfer,Delivered
4298,1420,4,18,19,8,01-20-2025,,39.0,169613,Bank Transfer,pending
4299,859,3,12,6,18,22-Jul-2025,26-Jul-2025,136.2,666607,Wallet,delivered
4300,1104,43,54,12,9,26/02/2025,26/02/2025,201.5,516419,Card,delivered
4301,639,25,13,3,1,05-Oct-2025,09-Oct-2025,39.4,78382,Cash on Delivery,Del.
4302,30,29,34,9,22,16.07.2025,17.07.2025,287.0,46454,Bank Transfer,failed
4303,1256,1000,31,5,19,"February 11, 2025","February 18, 2025",106.2,171309,Card,Delvered
4304,1095,21,14,4,20,11-Dec-2025,16-Dec-2025,307.2,733849,Wallet,Delivered
4305,160,30,38,8,12,"June 30, 2025","July 01, 2025",50.5,504489,Wallet,dlvrd
4306,1356,36,49,12,8,"June 10, 2025","June 14, 2025",180.9,214729,Wallet,Delvered
4307,1156,25,13,11,21,21/05/2025,24/05/2025,51.0,741127,Bank Transfer,Delivered
4308,272,27,47,16,17,04-Apr-2025,,239.4,331508,Bank Transfer,Pending
4309,992,6,16,17,9,15/04/2025,,136.4,665391,Card,PENDING
4310,824,3,12,1,13,"April 04, 2025",,120.5,618574,Card,IN TRANSIT
4311,1189,16,50,18,1,19/01/2025,,192.7,509798,Card,In-Transit
4312,638,33,43,11,22,2025/04/13,2025/04/16,241.4,815443,Wallet,Delivered
4313,160,31,15,17,4,2025-09-04,2025-09-07,48.8,674142,Bank Transfer,FAILED
4314,1106,13,35,1,17,12-Feb-2025,14-Feb-2025,251.7,641008,Cash on Delivery,failed
4315,619,17,11,18,15,2025-06-02,,337.9,0,Bank Transfer,Pending
4316,426,19,32,8,4,01-06-2025,01-11-2025,20.0,759331,Wallet,dlvrd
4317,980,15,6,9,19,22-Sep-2025,,163.1,581453,Cash on Delivery,IN TRANSIT
4318,913,10,7,15,2,30.06.2025,07.07.2025,56.0,496140,Cash on Delivery,Delvered
4319,111,2,28,7,21,10-10-2025,10-14-2025,255.0,439417,Card,dlvrd
4320,56,43,54,12,7,22-Dec-2025,,148.0,137680,Bank Transfer,PENDING
4321,587,40,2,17,6,29-May-2025,31-May-2025,290.1,206430,Card,RETURNED
4322,64,27,47,17,6,07-24-2025,07-26-2025,239.2,792058,Cash on Delivery,Delivered
4323,679,4,18,5,11,"April 20, 2025",,334.4,339828,Bank Transfer,In-Transit
4324,1376,39,19,7,11,09-Nov-2025,16-Nov-2025,337.1,749846,Cash on Delivery,delivered
4325,148,29,34,9,11,2025-06-06,,22.7,172017,Bank Transfer,In Transit
4326,1794,16,50,18,12,02-02-2025,02-03-2025,226.5,374707,Bank Transfer,FAILED
4327,469,34,52,7,15,06-Jan-2025,,121.3,622262,Bank Transfer,In-Transit
4328,1647,7,5,13,10,2025/05/08,,43.2,14619,Wallet,IN TRANSIT
4329,1289,13,35,10,22,08-Mar-2025,09-Mar-2025,254.7,411289,Bank Transfer,DELIVERED
4330,1730,28,55,12,20,02-02-2025,02-05-2025,47.2,64811,Wallet,Del.
4331,556,34,52,4,2,28/11/2025,29/11/2025,189.6,85103,Bank Transfer,DELIVERED
4332,821,4,18,17,1,2025/10/10,2025/10/15,189.8,640620,Bank Transfer,DELIVERED
4333,733,44,51,3,10,07-26-2025,07-27-2025,130.6,554937,Bank Transfer,delivered
4334,727,18,27,3,10,05-Oct-2025,10-Oct-2025,301.0,843969,Card,Del.
4335,998,29,34,3,21,19/01/2025,19/01/2025,134.0,188432,Card,DELIVERED
4336,590,23,45,1,13,03-10-2025,03-17-2025,175.3,610036,Wallet,dlvrd
4337,1577,6,16,16,12,"May 20, 2025",,339.0,724115,Card,pending
4338,69,3,12,15,5,08-22-2025,08-28-2025,126.2,667634,Wallet,Del.
4339,203,11,4,19,10,2025-02-14,2025-02-14,272.0,268772,Bank Transfer,delivered
4340,333,31,15,6,7,2025/11/06,2025/11/07,108.1,579048,Card,returned
4341,996,33,43,2,8,04-Jan-2025,05-Jan-2025,26.8,105176,Cash on Delivery,DELIVERED
4342,1553,12,42,21,8,23/09/2025,23/09/2025,205.8,767175,Cash on Delivery,Faild
4343,385,7,5,2,7,03-04-2025,03-09-2025,219.4,474097,Wallet,delivered
4344,311,12,42,19,7,"December 03, 2025","December 07, 2025",315.1,157056,Wallet,DELIVERED
4345,1240,37,46,15,9,26-Mar-2025,,289.2,655854,Bank Transfer,In Transit
4346,462,1,9,7,16,2025-05-18,,204.6,506692,Card,Pending
4347,314,21,14,17,13,02-16-2025,02-19-2025,285.2,824204,Bank Transfer,FAILED
4348,1442,4,18,14,19,25-Aug-2025,,70.4,479346,Card,In Transit
4349,1783,37,46,16,13,11-09-2025,11-11-2025,64.4,329065,Cash on Delivery,Delvered
4350,693,26,44,13,22,16-Apr-2025,18-Apr-2025,88.8,213219,Cash on Delivery,Delvered
4351,1600,4,18,5,18,05.12.2025,05.12.2025,112.6,424994,Wallet,failed
4352,625,19,32,10,13,07/11/2025,09/11/2025,338.7,30399,Cash on Delivery,delivered
4353,600,24,39,3,5,2025-06-21,2025-06-22,147.1,405334,Bank Transfer,Delivered
4354,568,14,1,5,17,2025/02/17,2025/02/21,189.5,114580,Wallet,delivered
4355,1574,30,38,1,3,11-14-2025,11-18-2025,237.5,,Wallet,dlvrd
4356,964,31,15,6,4,09-23-2025,09-29-2025,94.8,600559,Bank Transfer,Faild
4357,1749,13,35,17,2,"May 15, 2025","May 19, 2025",55.5,472030,Bank Transfer,dlvrd
4358,104,40,2,2,6,13.11.2025,,311.8,460437,Wallet,In Transit
4359,906,3,12,10,5,23.06.2025,29.06.2025,185.2,718768,Card,dlvrd
4360,92,13,35,1,5,08.08.2025,10.08.2025,275.1,292148,Cash on Delivery,dlvrd
4361,1222,7,5,17,9,31.10.2025,,48.7,464643,Cash on Delivery,IN TRANSIT
4362,564,3,12,20,9,20-Jul-2025,27-Jul-2025,294.8,736341,Wallet,delivered
4363,464,3,12,19,5,18/04/2025,21/04/2025,21.2,617940,Wallet,Delvered
4364,1261,6,16,17,2,24.03.2025,25.03.2025,306.1,,Card,Returned
4365,742,20,31,13,18,"April 16, 2025","April 20, 2025",325.8,178206,Card,failed
4366,1123,10,7,4,14,2025-08-11,2025-08-18,177.2,184965,Wallet,Delivered
4367,507,22,26,11,4,21-Oct-2025,23-Oct-2025,173.1,796358,Card,dlvrd
4368,1308,38,24,12,14,2025/10/27,2025/10/30,173.8,529095,Card,Del.
4369,859,12,42,9,15,08.08.2025,11.08.2025,31.4,215557,Bank Transfer,returned
4370,1540,22,26,21,22,28/12/2025,31/12/2025,274.5,163592,Bank Transfer,delivered
4371,1374,28,55,10,14,27-Sep-2025,04-Oct-2025,29.0,193879,Bank Transfer,dlvrd
4372,1462,12,42,6,12,30/09/2025,02/10/2025,247.4,820164,Bank Transfer,Delvered
4373,430,3,12,11,3,2025/09/13,2025/09/19,67.4,387392,Wallet,Retund
4374,216,1001,10,7,6,29-Apr-2025,,331.2,403631,Wallet,in transit
4375,1739,1,9,6,19,25-Aug-2025,28-Aug-2025,236.5,691571,Bank Transfer,RETURNED
4376,207,39,19,20,2,2025-03-31,2025-04-02,10.5,799534,Cash on Delivery,delivered
4377,1761,15,6,21,2,11.08.2025,11.08.2025,36.5,139993,Card,Delvered
4378,1561,22,26,10,8,2025-02-01,,137.5,0,Wallet,pending
4379,893,37,46,1,16,04-Dec-2025,,306.3,195750,Wallet,in transit
4380,767,25,13,1,16,07-07-2025,07-07-2025,169.3,299669,Card,Del.
4381,1321,41,22,2,19,2025-06-15,2025-06-15,201.5,763916,Wallet,RETURNED
4382,1136,3,12,7,16,"January 25, 2025","January 30, 2025",111.1,548567,Wallet,delivered
4383,977,32,10,13,19,21/03/2025,23/03/2025,13.0,573902,Card,RETURNED
4384,828,33,43,8,18,11-24-2025,11-26-2025,155.9,428305,Wallet,Delvered
4385,1628,42,53,11,10,14.06.2025,,237.6,705975,Card,IN TRANSIT
4386,822,24,39,11,21,12-Oct-2025,16-Oct-2025,91.7,303349,Wallet,failed
4387,1360,33,43,21,7,2025/03/23,2025/03/25,37.4,729671,Bank Transfer,Retund
4388,762,42,53,16,17,2025/09/22,,336.3,644984,Wallet,IN TRANSIT
4389,183,12,42,20,21,04-10-2025,04-12-2025,6.7,782571,Card,failed
4390,1429,36,49,7,21,22/07/2025,25/07/2025,68.9,51084,Wallet,Delvered
4391,1106,39,19,12,8,20-Dec-2025,24-Dec-2025,282.5,557440,Wallet,returned
4392,1136,18,27,3,8,05.05.2025,,47.7,524895,Wallet,in transit
4393,1251,1,9,1,2,2025/07/12,2025/07/17,310.3,622526,Card,Del.
4394,320,12,42,11,6,21/11/2025,,37.6,616971,Cash on Delivery,pending
4395,177,20,31,20,7,12/12/2025,12/12/2025,11.3,829760,Bank Transfer,DELIVERED
4396,736,6,16,8,2,28.07.2025,01.08.2025,69.8,,Card,Delvered
4397,1524,40,2,9,2,2025-01-29,2025-01-31,19.7,160837,Wallet,RETURNED
4398,1753,41,22,5,5,2025/07/01,2025/07/06,83.4,409438,Cash on Delivery,delivered
4399,1674,8,29,21,17,11-18-2025,11-20-2025,187.2,615659,Wallet,returned
4400,1189,24,39,8,12,09-May-2025,15-May-2025,23.0,394011,Wallet,Del.
4401,582,4,18,10,10,07.06.2025,10.06.2025,307.9,19436,Bank Transfer,Del.
4402,1189,15,6,8,15,2025-01-01,2025-01-07,76.0,577724,Wallet,Delvered
4403,1453,25,13,17,11,2025/10/15,,265.7,241355,Wallet,IN TRANSIT
4404,677,41,22,10,22,"August 09, 2025","August 13, 2025",171.0,250971,Cash on Delivery,delivered
4405,875,3,12,4,18,28/02/2025,,233.0,250469,Cash on Delivery,in transit
4406,1386,42,53,7,8,06-Sep-2025,,233.1,622557,Card,pending
4407,1519,2,28,17,20,05-Jan-2025,11-Jan-2025,69.7,760609,Wallet,Delvered
4408,1602,19,32,18,2,06/03/2025,,295.4,733337,Bank Transfer,In-Transit
4409,1001,15,6,12,13,01.06.2025,06.06.2025,64.6,448911,Card,DELIVERED
4410,1579,1,9,17,19,11.01.2025,,332.7,474750,Cash on Delivery,pending
4411,1287,14,1,22,10,04.04.2025,09.04.2025,45.7,171572,Card,dlvrd
4412,1473,23,45,12,12,2025-01-29,2025-02-04,93.6,678458,Card,failed
4413,903,28,55,8,16,"June 17, 2025",,130.4,622080,Card,pending
4414,354,39,19,1,22,2025/11/04,,118.5,439815,Cash on Delivery,in transit
4415,45,11,4,5,17,2025/02/06,2025/02/07,61.9,69894,Card,Del.
4416,1632,23,45,22,12,17.01.2025,22.01.2025,195.1,610096,Bank Transfer,FAILED
4417,873,38,24,19,6,2025-11-14,2025-11-19,17.5,773980,Bank Transfer,Delivered
4418,1496,20,31,17,19,2025/08/12,2025/08/17,133.2,650520,Card,DELIVERED
4419,1774,10,7,6,18,16.02.2025,20.02.2025,254.3,632115,Bank Transfer,dlvrd
4420,642,9,36,20,19,19-May-2025,26-May-2025,135.1,420841,Cash on Delivery,Failed
4421,1683,4,18,19,14,19/11/2025,23/11/2025,113.9,390679,Card,delivered
4422,68,23,45,3,5,06.07.2025,09.07.2025,14.3,735131,Bank Transfer,Delvered
4423,1460,25,13,18,18,24-May-2025,30-May-2025,267.7,335249,Bank Transfer,Returned
4424,1234,11,4,16,20,12-Dec-2025,17-Dec-2025,54.3,80509,Card,delivered
4425,1120,13,35,7,11,07/10/2025,09/10/2025,7.1,152396,Card,Retund
4426,419,30,38,21,11,2025/10/22,2025/10/28,291.7,76219,Cash on Delivery,delivered
4427,274,19,32,12,16,2025-02-27,2025-03-05,65.6,493256,Cash on Delivery,DELIVERED
4428,674,29,34,18,5,10/04/2025,16/04/2025,241.2,96843,Cash on Delivery,Del.
4429,706,8,29,4,2,12.12.2025,,17.4,0,Wallet,Pending
4430,100,25,13,22,19,12/12/2025,,43.7,153772,Card,in transit
4431,606,2,28,14,3,2025/08/25,2025/08/28,159.5,56772,Card,Del.
4432,819,29,34,8,15,2025-04-13,2025-04-15,305.8,772272,Cash on Delivery,Delvered
4433,1141,41,22,22,11,01/10/2025,02/10/2025,134.8,316161,Bank Transfer,RETURNED
4434,943,34,52,13,14,12-22-2025,,219.3,219403,Bank Transfer,pending
4435,1384,41,22,21,13,"March 07, 2025","March 10, 2025",107.7,156522,Cash on Delivery,dlvrd
4436,978,4,18,1,17,24/10/2025,25/10/2025,74.2,123364,Cash on Delivery,DELIVERED
4437,1080,26,44,5,3,"May 16, 2025","May 20, 2025",-19.0,3478,Wallet,Delvered
4438,755,2,28,15,17,"February 20, 2025","February 24, 2025",84.6,224219,Card,Del.
4439,1276,10,7,16,10,06.05.2025,10.05.2025,14.6,531302,Cash on Delivery,delivered
4440,440,1,9,3,2,26-Oct-2025,29-Oct-2025,56.3,545047,Cash on Delivery,Returned
4441,1174,42,53,7,21,30-Jul-2025,03-Aug-2025,39.3,454094,Bank Transfer,returned
4442,203,8,29,8,12,19.11.2025,,38.7,416954,Card,IN TRANSIT
4443,929,7,5,18,7,2025-07-28,2025-07-31,80.8,824423,Wallet,Failed
4444,1323,31,15,21,22,"February 05, 2025","February 09, 2025",49.5,322438,Cash on Delivery,DELIVERED
4445,1638,42,53,17,1,2025-03-08,2025-03-13,18.1,623008,Card,failed
4446,749,11,4,16,6,06.12.2025,13.12.2025,252.6,177847,Bank Transfer,Delvered
4447,682,17,11,14,21,12-28-2025,12-31-2025,343.7,829449,Bank Transfer,dlvrd
4448,1267,34,52,3,22,22.11.2025,,104.4,722162,Cash on Delivery,pending
4449,90,32,10,13,14,"September 11, 2025","September 16, 2025",242.1,43313,Cash on Delivery,delivered
4450,1768,18,27,4,15,"July 09, 2025","July 11, 2025",103.1,647928,Bank Transfer,Del.
4451,1640,15,6,5,16,07.12.2025,11.12.2025,44.2,795435,Card,returned
4452,332,29,34,9,2,03-26-2025,04-01-2025,344.3,441665,Card,Delvered
4453,665,28,55,11,15,2025/04/11,2025/04/17,199.4,648854,Card,Returned
4454,337,3,12,15,11,20/07/2025,23/07/2025,36.6,773825,Card,Delvered
4455,594,24,39,12,8,2025-10-18,2025-10-20,105.5,674882,Card,FAILED
4456,691,18,27,2,20,02.01.2025,05.01.2025,326.8,127057,Wallet,dlvrd
4457,1594,12,42,21,6,12/03/2025,17/03/2025,197.7,763502,Bank Transfer,dlvrd
4458,1657,21,14,9,15,"March 12, 2025","March 16, 2025",140.7,221883,Wallet,DELIVERED
4459,488,37,46,12,1,09-03-2025,09-04-2025,230.3,707821,Cash on Delivery,Faild
4460,1753,35,40,11,6,2025-01-04,2025-01-08,33.8,599829,Cash on Delivery,Delivered
4461,1531,26,44,22,10,08-Jun-2025,14-Jun-2025,134.0,522607,Bank Transfer,Delivered
4462,1795,39,19,9,1,08.12.2025,,349.2,544011,Cash on Delivery,PENDING
4463,264,22,26,12,17,2025-04-03,,23.8,495537,Cash on Delivery,IN TRANSIT
4464,1443,34,52,12,12,24/11/2025,25/11/2025,212.9,408884,Card,Delivered
4465,99,8,29,8,15,2025/09/13,2025/09/17,347.0,214559,Wallet,Retund
4466,154,12,42,12,18,20.11.2025,21.11.2025,283.9,817043,Cash on Delivery,failed
4467,875,16,50,21,7,03/04/2025,10/04/2025,26.9,372039,Wallet,dlvrd
4468,1610,12,42,7,18,"August 14, 2025","August 14, 2025",44.4,832717,Cash on Delivery,DELIVERED
4469,985,4,18,2,22,15.01.2025,20.01.2025,62.8,,Card,dlvrd
4470,1769,1,9,10,5,14-Apr-2025,,190.7,370532,Wallet,Pending
4471,653,34,52,7,9,05.05.2025,,63.8,541381,Cash on Delivery,PENDING
4472,1626,30,38,21,9,24-Feb-2025,24-Feb-2025,190.2,602900,Bank Transfer,Delivered
4473,1296,12,42,13,15,"February 13, 2025","February 18, 2025",90.3,250686,Wallet,Retund
4474,496,9,36,17,14,"July 03, 2025","July 07, 2025",61.6,275793,Card,Delivered
4475,180,3,12,4,9,2025/11/04,2025/11/10,122.1,723316,Wallet,Returned
4476,1346,30,38,9,17,2025-12-22,2025-12-27,33.2,502515,Cash on Delivery,dlvrd
4477,521,17,11,2,13,19/10/2025,20/10/2025,254.2,318710,Card,Faild
4478,197,39,19,7,21,05.10.2025,,97.5,264142,Cash on Delivery,pending
4479,1448,16,50,16,3,2025/01/10,2025/01/14,65.6,842311,Bank Transfer,Retund
4480,1339,28,55,11,6,"October 02, 2025","October 06, 2025",299.9,501983,Card,delivered
4481,1624,15,6,1,5,2025/06/09,2025/06/11,161.3,117029,Cash on Delivery,delivered
4482,1157,32,10,20,18,07-21-2025,07-22-2025,59.9,87685,Bank Transfer,Delvered
4483,1117,43,54,6,16,"February 11, 2025","February 11, 2025",289.5,339282,Card,Del.
4484,474,42,53,2,16,2025/04/19,2025/04/21,48.8,733486,Bank Transfer,Delvered
4485,804,42,53,14,21,2025/02/01,,81.8,9227,Card,In Transit
4486,995,17,11,10,10,06.03.2025,13.03.2025,185.8,660436,Card,Del.
4487,258,8,29,6,22,10-Feb-2025,12-Feb-2025,101.5,414430,Card,failed
4488,431,27,47,11,8,2025-06-11,2025-06-17,-318.3,760357,Wallet,DELIVERED
4489,1296,27,47,3,8,16/10/2025,,97.4,472220,Card,IN TRANSIT
4490,702,1,9,21,2,25/10/2025,26/10/2025,144.2,688038,Bank Transfer,Delvered
4491,164,37,46,8,9,01-Mar-2025,05-Mar-2025,232.3,348390,Bank Transfer,DELIVERED
4492,1639,14,1,4,21,11.10.2025,14.10.2025,290.7,8103,Card,Delivered
4493,608,5,30,14,8,18.03.2025,,88.5,843449,Wallet,In Transit
4494,288,40,2,21,9,2025-01-07,,63.9,764141,Cash on Delivery,In Transit
4495,502,5,30,5,12,2025-02-22,2025-02-27,299.8,394735,Card,Faild
4496,394,2,28,6,12,"July 05, 2025","July 05, 2025",298.4,436656,Bank Transfer,Delvered
4497,1681,43,54,2,8,2025-05-10,2025-05-16,197.7,652894,Card,Delvered
4498,1138,15,6,9,10,05/09/2025,08/09/2025,135.6,128213,Wallet,RETURNED
4499,551,14,1,17,17,06-02-2025,06-05-2025,132.0,741013,Wallet,delivered
4500,925,37,46,20,18,02-Apr-2025,04-Apr-2025,38.1,494049,Cash on Delivery,dlvrd
4501,445,15,6,4,16,2025/01/17,2025/01/21,254.9,355176,Wallet,DELIVERED
4502,1588,44,51,14,5,14/02/2025,15/02/2025,185.9,656160,Bank Transfer,DELIVERED
4503,1614,14,1,8,12,28-Apr-2025,,148.9,78156,Card,Pending
4504,425,3,12,1,20,"September 13, 2025","September 14, 2025",314.4,452668,Wallet,Delvered
4505,1768,37,46,13,7,2025-08-03,2025-08-09,159.5,552578,Cash on Delivery,failed
4506,1385,29,34,7,8,25-Dec-2025,25-Dec-2025,81.7,731717,Bank Transfer,Delvered
4507,1713,39,19,18,2,08-29-2025,08-29-2025,304.5,630302,Card,delivered
4508,842,36,49,2,21,18.02.2025,19.02.2025,64.3,732704,Cash on Delivery,dlvrd
4509,420,41,22,20,11,2025/03/16,2025/03/22,265.2,143346,Bank Transfer,Delvered
4510,296,23,45,22,15,14-Jul-2025,18-Jul-2025,78.8,478336,Card,DELIVERED
4511,1385,33,43,5,4,22/06/2025,25/06/2025,251.2,718268,Bank Transfer,failed
4512,523,10,7,16,1,23/07/2025,24/07/2025,21.3,759606,Bank Transfer,Faild
4513,1419,19,32,18,7,2025/02/11,2025/02/17,33.8,450524,Cash on Delivery,Delvered
4514,885,20,31,17,2,12-Jan-2025,14-Jan-2025,15.6,137641,Wallet,Del.
4515,65,15,6,1,9,"March 04, 2025","March 06, 2025",200.6,258150,Bank Transfer,RETURNED
4516,883,36,49,15,2,21-May-2025,23-May-2025,111.0,169853,Cash on Delivery,Delvered
4517,1662,16,50,18,11,24/02/2025,28/02/2025,313.3,594860,Bank Transfer,dlvrd
4518,1685,23,45,5,14,23-Jan-2025,,215.2,816334,Cash on Delivery,In-Transit
4519,215,19,32,8,11,24.03.2025,24.03.2025,344.0,326122,Bank Transfer,Faild
4520,288,9,36,17,4,2025-03-17,2025-03-19,332.0,607000,Card,Delvered
4521,315,27,47,8,17,20/11/2025,25/11/2025,144.4,413841,Cash on Delivery,DELIVERED
4522,1219,26,44,11,6,"November 20, 2025","November 24, 2025",136.5,810695,Wallet,Failed
4523,545,24,39,9,20,21.01.2025,25.01.2025,317.6,797899,Wallet,dlvrd
4524,509,1,9,12,15,2025/11/22,2025/11/22,321.6,199124,Card,Failed
4525,1145,10,7,17,2,2025/10/10,2025/10/14,242.4,,Wallet,Del.
4526,149,28,55,7,6,2025-09-28,2025-10-03,186.9,324104,Card,delivered
4527,1765,16,50,14,5,03-Oct-2025,09-Oct-2025,101.9,126852,Cash on Delivery,Failed
4528,1550,2,28,13,20,14-Oct-2025,,61.7,590980,Cash on Delivery,In Transit
4529,1744,10,7,7,3,11-Mar-2025,15-Mar-2025,345.2,661560,Card,FAILED
4530,391,29,34,20,21,"August 29, 2025","September 02, 2025",35.8,648055,Card,Delivered
4531,179,37,46,11,6,26.04.2025,30.04.2025,188.2,728738,Card,Delivered
4532,1548,1000,6,15,15,"April 04, 2025","April 09, 2025",339.3,681925,Card,Returned
4533,1646,32,10,12,14,05.01.2025,06.01.2025,178.6,167499,Card,Retund
4534,1388,29,34,17,9,2025/05/01,2025/05/07,230.0,152962,Wallet,Delvered
4535,448,30,38,5,12,"April 15, 2025","April 17, 2025",47.7,810869,Bank Transfer,Del.
4536,811,25,13,7,8,2025/11/28,2025/12/05,216.8,476536,Wallet,DELIVERED
4537,305,35,40,18,6,"September 30, 2025","October 01, 2025",13.7,314403,Card,Del.
4538,536,19,32,13,13,12-21-2025,12-27-2025,194.6,130727,Wallet,Delvered
4539,763,32,10,9,4,01.01.2025,02.01.2025,124.7,732592,Bank Transfer,delivered
4540,1672,44,51,15,5,06.04.2025,12.04.2025,267.1,458194,Bank Transfer,Del.
4541,905,20,31,18,17,30-Jun-2025,04-Jul-2025,176.8,70000,Bank Transfer,Delivered
4542,663,19,32,18,5,09-30-2025,10-07-2025,315.4,624080,Bank Transfer,dlvrd
4543,528,18,27,10,14,2025/12/14,2025/12/20,326.3,502421,Cash on Delivery,dlvrd
4544,1654,26,44,9,8,"July 17, 2025","July 23, 2025",297.4,618443,Cash on Delivery,Delivered
4545,620,25,13,4,16,16/12/2025,18/12/2025,66.4,327238,Cash on Delivery,DELIVERED
4546,1645,33,43,8,6,08-Sep-2025,12-Sep-2025,114.9,338638,Cash on Delivery,Delivered
4547,97,13,35,16,3,2025/11/01,,210.8,185479,Wallet,In-Transit
4548,1234,31,15,3,15,03/07/2025,,164.9,331073,Bank Transfer,In Transit
4549,1383,25,13,2,5,03-14-2025,03-17-2025,134.1,177483,Wallet,delivered
4550,969,3,12,2,8,26-Dec-2025,28-Dec-2025,43.5,417652,Wallet,Delivered
4551,1393,28,55,22,12,06-25-2025,06-28-2025,189.4,759927,Cash on Delivery,Delvered
4552,1666,29,34,1,14,"April 24, 2025","April 29, 2025",104.4,374559,Wallet,failed
4553,1670,37,46,16,4,2025/04/08,2025/04/14,138.0,428726,Card,failed
4554,336,8,29,5,17,13-Dec-2025,18-Dec-2025,59.4,141939,Cash on Delivery,Delivered
4555,223,30,38,17,4,06/09/2025,07/09/2025,13.9,13912,Wallet,dlvrd
4556,839,38,24,18,16,18.04.2025,19.04.2025,88.1,409033,Card,dlvrd
4557,299,11,4,6,8,31-May-2025,02-Jun-2025,315.4,687421,Card,Del.
4558,1532,4,18,21,16,10-03-2025,10-04-2025,173.6,83742,Card,DELIVERED
4559,1042,1,9,1,7,2025/12/16,2025/12/19,170.3,451346,Cash on Delivery,Del.
4560,1660,1,9,14,16,04-Oct-2025,09-Oct-2025,148.6,408139,Cash on Delivery,delivered
4561,1283,33,43,22,20,"February 24, 2025",,42.1,835226,Cash on Delivery,Pending
4562,1481,4,18,18,15,2025-11-06,,65.2,339859,Card,PENDING
4563,1073,14,1,7,22,02-20-2025,,73.6,64705,Wallet,Pending
4564,639,22,26,4,6,2025/12/04,,157.5,4489,Card,PENDING
4565,1130,40,2,16,21,2025/02/06,2025/02/12,341.6,80803,Bank Transfer,Delivered
4566,823,36,49,10,22,2025-06-24,2025-06-28,207.8,374002,Card,dlvrd
4567,876,22,26,21,7,03-Nov-2025,04-Nov-2025,314.0,584726,Cash on Delivery,Del.
4568,1382,1001,21,19,22,2025-12-11,2025-12-13,176.3,288743,Card,FAILED
4569,978,17,11,11,1,14/12/2025,,290.8,350873,Cash on Delivery,PENDING
4570,1710,11,4,15,16,"April 12, 2025","April 18, 2025",43.1,34432,Bank Transfer,Delvered
4571,991,42,53,6,5,22-Jan-2025,29-Jan-2025,34.0,525981,Cash on Delivery,failed
4572,1142,43,54,4,14,2025-03-07,2025-03-13,245.4,528000,Wallet,delivered
4573,1557,41,22,13,2,18/04/2025,22/04/2025,74.8,823778,Card,DELIVERED
4574,808,15,6,14,4,"May 04, 2025","May 10, 2025",202.0,508933,Bank Transfer,failed
4575,1322,12,42,12,22,2025/12/26,,48.3,664483,Wallet,Pending
4576,377,6,16,8,19,05/09/2025,,95.7,227375,Wallet,Pending
4577,949,19,32,21,7,03-05-2025,,190.4,545062,Bank Transfer,pending
4578,1798,11,4,20,12,09/09/2025,10/09/2025,171.0,173533,Cash on Delivery,delivered
4579,1481,5,30,8,13,22/04/2025,28/04/2025,239.0,822912,Card,Del.
4580,316,25,13,18,15,11.12.2025,17.12.2025,176.4,661860,Wallet,Del.
4581,478,18,27,4,3,01-Nov-2025,02-Nov-2025,281.2,397504,Wallet,returned
4582,854,2,28,21,4,21/06/2025,25/06/2025,225.8,774668,Card,Delivered
4583,1494,43,54,14,3,02/05/2025,03/05/2025,253.6,98288,Card,Del.
4584,1764,9,36,2,5,"November 30, 2025","December 03, 2025",72.2,225276,Card,Delivered
4585,1051,40,2,14,9,2025/10/24,2025/10/28,175.0,447863,Bank Transfer,Delvered
4586,535,9,36,6,1,23.11.2025,27.11.2025,127.9,492730,Bank Transfer,Delvered
4587,1120,11,4,19,2,2025-03-19,2025-03-20,218.1,215430,Wallet,Returned
4588,87,7,5,7,22,08.08.2025,13.08.2025,312.2,279572,Cash on Delivery,returned
4589,951,7,5,21,7,08-Jan-2025,09-Jan-2025,331.5,381656,Wallet,DELIVERED
4590,66,22,26,17,11,06-06-2025,06-12-2025,-216.6,77012,Card,Faild
4591,1185,32,10,17,22,08.10.2025,09.10.2025,56.1,18234,Cash on Delivery,Del.
4592,974,37,46,4,7,01-21-2025,,244.4,289895,Cash on Delivery,In Transit
4593,1090,24,39,20,4,18-Sep-2025,,56.6,,Bank Transfer,Pending
4594,1526,24,39,5,15,23/10/2025,30/10/2025,172.3,155163,Bank Transfer,delivered
4595,1255,26,44,1,6,2025/08/20,2025/08/26,311.9,430762,Cash on Delivery,Delvered
4596,1747,34,52,12,12,02.02.2025,03.02.2025,237.8,134932,Cash on Delivery,dlvrd
4597,116,20,31,11,11,2025-02-25,2025-02-28,306.8,419364,Card,Del.
4598,1038,9,36,18,22,14/08/2025,,238.2,221071,Wallet,in transit
4599,1257,30,38,2,22,"July 15, 2025","July 22, 2025",336.6,830601,Card,Returned
4600,1528,36,49,4,9,22-Jul-2025,28-Jul-2025,100.1,221804,Wallet,Del.
4601,577,9,36,8,9,01-16-2025,01-20-2025,262.3,0,Bank Transfer,Delvered
4602,1558,40,2,10,5,10-16-2025,10-22-2025,144.4,394039,Cash on Delivery,Delvered
4603,1377,13,35,16,8,2025-03-29,2025-04-02,236.3,810160,Bank Transfer,Del.
4604,1323,33,43,11,16,25.12.2025,31.12.2025,323.2,599821,Card,Delvered
4605,840,5,30,12,21,2025/11/11,2025/11/13,222.1,671632,Card,RETURNED
4606,1055,18,27,8,3,2025/10/07,2025/10/10,174.3,104670,Card,Returned
4607,906,23,45,17,20,02-23-2025,02-28-2025,282.4,323445,Bank Transfer,FAILED
4608,148,22,26,16,1,04-03-2025,04-03-2025,174.3,685275,Card,returned
4609,139,36,49,22,15,13/01/2025,17/01/2025,232.0,433928,Cash on Delivery,delivered
4610,17,24,39,6,14,26-May-2025,31-May-2025,24.8,818373,Card,Del.
4611,355,33,43,13,10,24-Sep-2025,26-Sep-2025,240.2,159247,Card,DELIVERED
4612,140,6,16,1,14,23-Apr-2025,,242.7,517216,Card,pending
4613,337,43,54,19,1,03.06.2025,05.06.2025,245.9,204276,Wallet,DELIVERED
4614,1168,15,6,2,21,08.03.2025,,252.2,410553,Card,in transit
4615,1710,1,9,4,2,02-Oct-2025,03-Oct-2025,335.8,262870,Card,Delivered
4616,850,22,26,12,2,23-Nov-2025,28-Nov-2025,118.0,446188,Card,Delivered
4617,818,12,42,14,14,25-May-2025,26-May-2025,336.3,816839,Wallet,Delvered
4618,500,14,1,9,18,2025/05/24,2025/05/31,290.8,,Bank Transfer,DELIVERED
4619,1000,4,18,9,6,2025-03-06,,296.1,436296,Bank Transfer,PENDING
4620,486,44,51,18,8,17.11.2025,23.11.2025,269.9,784235,Wallet,Failed
4621,1147,34,52,20,13,2025/10/04,2025/10/08,339.1,719771,Bank Transfer,dlvrd
4622,862,7,5,21,2,18/04/2025,,113.3,481992,Card,PENDING
4623,249,19,32,1,15,28/07/2025,01/08/2025,246.0,88166,Card,Delivered
4624,1342,18,27,16,19,12-Feb-2025,,198.7,66986,Cash on Delivery,pending
4625,771,20,31,15,11,2025/10/21,2025/10/22,14.7,249230,Bank Transfer,Failed
4626,547,6,16,1,2,23-Nov-2025,26-Nov-2025,175.2,78958,Wallet,dlvrd
4627,128,43,54,4,13,2025-06-27,2025-07-01,166.2,647532,Cash on Delivery,RETURNED
4628,77,14,1,17,5,17.08.2025,,190.5,144300,Bank Transfer,Pending
4629,1436,22,26,7,6,2025-10-05,2025-10-09,203.0,374617,Cash on Delivery,Delivered
4630,106,6,16,22,8,07-06-2025,07-11-2025,97.5,135630,Cash on Delivery,Delvered
4631,505,15,6,3,22,09/05/2025,13/05/2025,97.9,736430,Wallet,delivered
4632,623,17,11,18,20,"July 01, 2025","July 03, 2025",279.8,531588,Cash on Delivery,Delvered
4633,39,6,16,18,14,"November 05, 2025","November 08, 2025",275.2,710473,Wallet,Delvered
4634,1166,1001,24,1,19,22.10.2025,24.10.2025,226.3,666356,Bank Transfer,Del.
4635,1103,8,29,5,8,10.04.2025,14.04.2025,9.0,627702,Wallet,delivered
4636,570,9,36,2,5,2025/04/27,2025/05/01,179.3,122316,Card,Failed
4637,1106,36,49,14,11,19.07.2025,24.07.2025,83.9,565991,Wallet,FAILED
4638,39,18,27,17,20,31.08.2025,06.09.2025,297.1,588998,Bank Transfer,delivered
4639,925,39,19,12,1,27/02/2025,01/03/2025,192.3,2574,Wallet,Faild
4640,623,20,31,8,6,10-17-2025,10-20-2025,316.8,179731,Cash on Delivery,DELIVERED
4641,1359,12,42,17,6,"July 26, 2025",,270.7,686341,Bank Transfer,PENDING
4642,1678,36,49,9,11,2025-05-15,2025-05-18,286.0,4107,Wallet,Retund
4643,613,999,33,7,2,19/04/2025,24/04/2025,17.8,351690,Wallet,delivered
4644,1628,7,5,9,4,28-Apr-2025,03-May-2025,289.6,503001,Bank Transfer,FAILED
4645,830,20,31,16,10,25.03.2025,27.03.2025,135.0,72569,Bank Transfer,Returned
4646,1038,26,44,14,18,2025/11/17,2025/11/19,40.3,848147,Cash on Delivery,DELIVERED
4647,1189,2,28,16,9,10-03-2025,10-09-2025,248.1,589547,Card,Delivered
4648,1166,9,36,14,18,17-Oct-2025,23-Oct-2025,192.9,446030,Wallet,delivered
4649,595,14,1,1,21,17/03/2025,23/03/2025,84.0,359993,Card,Delivered
4650,292,41,22,10,11,07-19-2025,07-22-2025,135.2,451019,Bank Transfer,Delvered
4651,126,39,19,2,14,2025/09/26,,288.6,669290,Cash on Delivery,Pending
4652,224,39,19,4,17,12-21-2025,12-24-2025,61.7,272005,Cash on Delivery,Returned
4653,807,30,38,15,6,26.04.2025,02.05.2025,200.9,161515,Wallet,Delivered
4654,1369,37,46,1,7,22-Mar-2025,27-Mar-2025,237.1,634464,Bank Transfer,delivered
4655,508,11,4,12,9,07-05-2025,07-07-2025,72.9,713905,Cash on Delivery,dlvrd
4656,333,3,12,12,9,08-28-2025,09-03-2025,84.8,621606,Wallet,returned
4657,1194,5,30,20,5,06-19-2025,06-23-2025,253.2,117320,Card,Delivered
4658,1215,10,7,9,21,2025-07-28,,271.5,704558,Bank Transfer,pending
4659,1340,11,4,22,20,2025/07/29,2025/08/04,110.9,746873,Card,failed
4660,1288,43,54,16,2,2025-03-16,2025-03-18,54.6,264217,Wallet,Delivered
4661,704,33,43,18,19,2025-05-23,2025-05-23,261.1,676053,Card,delivered
4662,1004,11,4,1,17,"April 22, 2025","April 26, 2025",320.8,660955,Wallet,delivered
4663,1743,34,52,22,17,01-30-2025,02-04-2025,197.4,625113,Wallet,DELIVERED
4664,1591,17,11,11,7,"May 01, 2025","May 04, 2025",294.9,0,Bank Transfer,delivered
4665,1412,42,53,14,10,"February 07, 2025","February 14, 2025",202.1,301684,Bank Transfer,Del.
4666,891,34,52,12,21,19/03/2025,21/03/2025,60.4,412995,Card,Del.
4667,620,35,40,13,6,02-Mar-2025,06-Mar-2025,2.2,746717,Cash on Delivery,Del.
4668,1456,2,28,14,18,03-09-2025,03-13-2025,185.0,412185,Cash on Delivery,Delvered
4669,1308,32,10,20,12,05-29-2025,06-02-2025,3.0,168130,Wallet,delivered
4670,1327,17,11,8,19,2025-09-14,2025-09-18,337.9,826939,Card,Del.
4671,1171,25,13,9,4,17.03.2025,18.03.2025,143.5,580866,Wallet,Delvered
4672,973,6,16,1,7,2025/05/12,2025/05/16,266.0,805727,Wallet,Del.
4673,822,34,52,6,20,10-28-2025,11-03-2025,85.5,35455,Card,dlvrd
4674,993,39,19,8,5,05.11.2025,,313.7,844443,Wallet,IN TRANSIT
4675,556,30,38,1,11,13.07.2025,15.07.2025,215.6,566612,Wallet,DELIVERED
4676,1184,24,39,11,5,2025-07-02,,28.1,388821,Card,IN TRANSIT
4677,239,11,4,2,20,"September 19, 2025","September 25, 2025",29.9,428632,Card,delivered
4678,1281,32,10,1,16,2025-02-21,,138.6,811502,Bank Transfer,In-Transit
4679,275,26,44,10,14,2025/06/16,2025/06/22,30.2,245162,Wallet,DELIVERED
4680,637,9,36,3,22,24/05/2025,26/05/2025,197.3,307557,Wallet,Del.
4681,188,18,27,12,4,28.01.2025,03.02.2025,325.9,29125,Wallet,dlvrd
4682,455,32,10,21,12,11-Jan-2025,13-Jan-2025,111.3,168320,Wallet,dlvrd
4683,1262,26,44,10,1,2025-12-17,2025-12-24,282.1,566624,Wallet,Delvered
4684,1400,40,2,3,6,2025/07/27,2025/08/02,24.2,843762,Bank Transfer,Del.
4685,1056,10,7,7,10,09-05-2025,09-08-2025,302.5,224876,Card,delivered
4686,1224,20,31,13,12,08-09-2025,08-15-2025,343.0,695269,Bank Transfer,Del.
4687,1666,19,32,8,21,09-19-2025,,144.7,151857,Wallet,Pending
4688,1724,43,54,7,12,03-Sep-2025,05-Sep-2025,115.0,529920,Cash on Delivery,DELIVERED
4689,1086,13,35,1,15,07-Jul-2025,,95.4,704030,Wallet,pending
4690,1779,27,47,2,4,2025/12/10,2025/12/13,195.5,283349,Card,Delvered
4691,1259,18,27,15,4,18-Aug-2025,23-Aug-2025,145.3,292198,Wallet,Delvered
4692,1628,20,31,22,7,"September 09, 2025","September 14, 2025",233.8,821130,Card,Del.
4693,638,39,19,19,12,14.03.2025,18.03.2025,169.4,5926,Bank Transfer,Del.
4694,40,11,4,14,20,07-Aug-2025,13-Aug-2025,121.3,263433,Wallet,Returned
4695,189,34,52,14,14,2025/08/28,2025/09/04,143.2,781618,Wallet,Delvered
4696,1793,21,14,12,13,"June 02, 2025","June 04, 2025",14.8,310787,Bank Transfer,failed
4697,861,37,46,22,6,02-Dec-2025,07-Dec-2025,182.1,679321,Wallet,Delivered
4698,949,11,4,19,16,"July 01, 2025","July 05, 2025",216.8,352130,Card,Del.
4699,141,21,14,10,16,"August 24, 2025","August 24, 2025",170.2,300696,Cash on Delivery,Delivered
4700,449,13,35,3,8,06-28-2025,06-29-2025,161.3,610130,Card,Delvered
4701,508,10,7,8,5,"January 10, 2025","January 12, 2025",52.3,626245,Wallet,Delivered
4702,1170,27,47,4,13,02-28-2025,03-02-2025,319.2,316866,Cash on Delivery,Failed
4703,1032,34,52,20,22,13-Mar-2025,16-Mar-2025,318.1,129904,Bank Transfer,Failed
4704,642,19,32,8,11,2025-10-18,,308.1,747626,Bank Transfer,In-Transit
4705,1331,26,44,3,4,17-Apr-2025,21-Apr-2025,152.7,558591,Card,FAILED
4706,1058,44,51,12,11,"April 18, 2025",,9.9,162484,Cash on Delivery,In-Transit
4707,1050,23,45,20,10,2025/02/09,,12.8,601238,Card,IN TRANSIT
4708,194,23,45,12,20,2025/07/01,2025/07/07,170.0,559531,Cash on Delivery,dlvrd
4709,1566,32,10,22,10,31/01/2025,05/02/2025,321.5,788301,Cash on Delivery,delivered
4710,1445,28,55,8,13,15.02.2025,18.02.2025,238.2,347417,Cash on Delivery,Retund
4711,1651,10,7,17,15,24-Jan-2025,26-Jan-2025,155.7,200169,Cash on Delivery,DELIVERED
4712,1227,31,15,8,10,04/06/2025,06/06/2025,242.6,299443,Cash on Delivery,Del.
4713,206,13,35,4,16,06-11-2025,06-16-2025,122.7,178691,Bank Transfer,Delvered
4714,83,13,35,6,13,2025/09/13,,25.7,161835,Cash on Delivery,Pending
4715,1012,8,29,6,19,17/01/2025,18/01/2025,268.7,437796,Wallet,Delivered
4716,296,44,51,5,14,11-Oct-2025,11-Oct-2025,246.2,501939,Wallet,RETURNED
4717,1170,18,27,21,11,07/11/2025,,121.2,390779,Card,Pending
4718,939,36,49,15,14,23.04.2025,26.04.2025,241.5,147757,Cash on Delivery,FAILED
4719,700,35,40,1,21,04-02-2025,,248.8,360228,Bank Transfer,pending
4720,860,38,24,11,22,2025/10/16,2025/10/22,263.4,555363,Card,delivered
4721,396,29,34,14,19,17.02.2025,,294.2,839773,Cash on Delivery,pending
4722,1009,25,13,15,5,11.11.2025,,138.4,154453,Wallet,pending
4723,1727,33,43,4,12,07.12.2025,12.12.2025,225.2,126346,Card,Delivered
4724,407,24,39,4,16,2025/12/18,2025/12/25,275.5,745602,Cash on Delivery,delivered
4725,1627,24,39,2,1,2025/03/17,,173.9,370557,Wallet,In Transit
4726,815,38,24,7,15,2025/08/25,,189.5,144441,Wallet,In Transit
4727,233,9,36,18,20,11-Dec-2025,,102.8,729397,Wallet,In-Transit
4728,806,10,7,17,5,2025/07/06,2025/07/09,28.2,0,Card,Failed
4729,1232,41,22,2,21,2025/10/27,,91.7,787449,Card,In-Transit
4730,249,34,52,1,6,12-Jun-2025,17-Jun-2025,58.2,406046,Wallet,DELIVERED
4731,326,39,19,3,21,2025/09/17,2025/09/23,316.7,282982,Cash on Delivery,Delivered
4732,426,13,35,9,2,2025-04-30,2025-05-02,163.0,684547,Bank Transfer,DELIVERED
4733,1037,37,46,1,10,03-23-2025,03-26-2025,190.6,497295,Cash on Delivery,DELIVERED
4734,1685,10,7,22,19,21-Jan-2025,21-Jan-2025,127.8,0,Cash on Delivery,Delivered
4735,162,43,54,22,18,2025/01/19,2025/01/22,47.2,243223,Cash on Delivery,returned
4736,872,22,26,18,9,25.02.2025,28.02.2025,190.6,732255,Bank Transfer,Del.
4737,515,39,19,11,9,2025/02/11,2025/02/14,280.2,261861,Card,delivered
4738,726,24,39,19,19,27-Feb-2025,02-Mar-2025,267.2,237928,Card,Del.
4739,1336,44,51,8,12,05-Jan-2025,09-Jan-2025,98.2,739160,Cash on Delivery,Del.
4740,1692,16,50,13,14,18.05.2025,19.05.2025,46.0,98035,Cash on Delivery,returned
4741,1446,39,19,1,1,2025/02/11,2025/02/17,150.5,825972,Bank Transfer,Del.
4742,1347,9,36,17,3,11-01-2025,11-02-2025,238.9,85273,Card,Failed
4743,1423,30,38,17,4,26.11.2025,02.12.2025,220.1,186972,Card,FAILED
4744,542,27,47,22,7,04.01.2025,07.01.2025,92.8,20191,Card,dlvrd
4745,1191,32,10,11,14,"October 08, 2025","October 13, 2025",161.8,537574,Wallet,Faild
4746,1556,10,7,4,10,2025-02-21,2025-02-24,63.9,847095,Card,Del.
4747,102,1,9,9,17,12.03.2025,,134.9,503800,Wallet,in transit
4748,1337,10,7,13,1,"January 10, 2025","January 13, 2025",212.8,69376,Card,DELIVERED
4749,1108,25,13,22,6,11-May-2025,13-May-2025,248.9,86324,Bank Transfer,Delvered
4750,1746,20,31,13,2,04-08-2025,04-12-2025,13.8,820610,Cash on Delivery,Delivered
4751,1112,19,32,8,1,01-26-2025,01-31-2025,190.5,362847,Bank Transfer,dlvrd
4752,713,35,40,20,22,2025/02/12,,345.1,264011,Bank Transfer,pending
4753,1591,30,38,20,1,06.03.2025,09.03.2025,322.6,840757,Bank Transfer,dlvrd
4754,570,20,31,21,2,"January 16, 2025","January 17, 2025",62.3,111862,Cash on Delivery,Delvered
4755,681,21,14,6,19,20.06.2025,26.06.2025,53.6,364135,Cash on Delivery,Delvered
4756,884,19,32,20,12,2025-02-21,2025-02-22,273.8,705282,Cash on Delivery,Del.
4757,287,36,49,18,9,"August 14, 2025","August 18, 2025",85.6,456042,Cash on Delivery,Del.
4758,187,26,44,15,8,2025-06-16,2025-06-18,148.7,716565,Wallet,delivered
4759,910,34,52,8,10,2025-11-04,,140.5,139637,Card,pending
4760,1618,2,28,7,11,19/10/2025,23/10/2025,165.2,374567,Wallet,Delivered
4761,302,9,36,1,7,17-Feb-2025,,36.7,838828,Wallet,In Transit
4762,1364,13,35,6,16,01-08-2025,01-09-2025,342.7,,Bank Transfer,Returned
4763,1693,18,27,17,5,30/12/2025,02/01/2026,97.7,610775,Bank Transfer,Delivered
4764,1057,7,5,19,16,24/03/2025,25/03/2025,123.1,280875,Card,Delvered
4765,350,43,54,14,7,30.03.2025,,156.1,312944,Bank Transfer,Pending
4766,1189,13,35,16,7,06.08.2025,,247.7,695636,Card,pending
4767,664,13,35,6,22,27/02/2025,28/02/2025,194.7,28621,Wallet,FAILED
4768,468,13,35,9,16,04/06/2025,,289.1,561642,Card,in transit
4769,52,43,54,8,18,10.01.2025,13.01.2025,55.8,773576,Bank Transfer,Del.
4770,642,37,46,19,12,2025/02/24,2025/03/02,28.9,486554,Card,Delivered
4771,832,21,14,6,20,2025/08/22,2025/08/29,97.8,717729,Bank Transfer,Delvered
4772,1493,30,38,7,4,2025-01-10,,345.8,107972,Wallet,In-Transit
4773,439,19,32,11,17,"December 17, 2025","December 21, 2025",217.5,783546,Cash on Delivery,Delvered
4774,1468,2,28,15,21,"April 08, 2025","April 10, 2025",307.5,,Wallet,DELIVERED
4775,1347,12,42,1,8,13/08/2025,15/08/2025,324.2,293050,Cash on Delivery,dlvrd
4776,1219,1,9,2,17,2025-06-11,2025-06-18,228.0,388832,Card,FAILED
4777,183,18,27,1,19,11-05-2025,11-10-2025,345.7,459525,Card,Delvered
4778,529,28,55,4,13,2025-05-19,2025-05-26,290.2,325118,Bank Transfer,delivered
4779,1676,15,6,10,22,19.08.2025,,262.7,477666,Bank Transfer,In-Transit
4780,774,41,22,6,4,30/08/2025,02/09/2025,19.8,466980,Card,returned
4781,1558,36,49,21,4,29.03.2025,,141.7,793518,Bank Transfer,PENDING
4782,188,4,18,16,1,2025/11/03,2025/11/09,328.8,238214,Card,delivered
4783,85,10,7,20,12,2025/08/01,,329.8,460739,Wallet,PENDING
4784,1429,34,52,19,14,29/07/2025,31/07/2025,122.1,667865,Card,Delvered
4785,824,40,2,14,18,11.08.2025,18.08.2025,286.7,11023,Card,returned
4786,1444,37,46,6,15,01-07-2025,,272.1,414746,Card,In Transit
4787,374,39,19,2,8,08.05.2025,09.05.2025,65.6,275185,Cash on Delivery,Delvered
4788,1632,1,9,8,22,14.09.2025,21.09.2025,326.7,359930,Wallet,delivered
4789,698,4,18,16,20,26-Nov-2025,,148.0,795652,Bank Transfer,In-Transit
4790,1027,8,29,9,17,23/03/2025,27/03/2025,156.1,401272,Bank Transfer,Delivered
4791,969,39,19,22,7,"March 06, 2025","March 10, 2025",99.2,106808,Card,returned
4792,242,7,5,11,7,02/01/2025,03/01/2025,95.3,707893,Cash on Delivery,Delvered
4793,720,10,7,10,10,11/07/2025,14/07/2025,158.4,104282,Bank Transfer,Delivered
4794,743,22,26,9,1,"August 10, 2025","August 15, 2025",17.0,297810,Wallet,dlvrd
4795,1338,9,36,20,20,2025-07-11,,273.2,629281,Bank Transfer,PENDING
4796,1749,17,11,22,18,18-Mar-2025,,27.4,115135,Cash on Delivery,in transit
4797,796,18,27,7,8,06-17-2025,06-18-2025,93.4,17235,Cash on Delivery,DELIVERED
4798,1358,2,28,13,6,"May 15, 2025",,57.1,82670,Card,Pending
4799,337,33,43,4,4,2025/02/25,2025/02/26,43.8,128109,Wallet,dlvrd
4800,1674,18,27,13,17,"August 30, 2025",,334.1,104879,Wallet,In-Transit
4801,1450,33,43,2,21,15-Sep-2025,19-Sep-2025,71.0,340932,Card,dlvrd
4802,1475,19,32,16,15,2025/03/17,2025/03/23,11.5,404619,Wallet,Del.
4803,497,11,4,9,2,"March 16, 2025","March 23, 2025",35.7,0,Cash on Delivery,Del.
4804,1470,3,12,22,18,03-20-2025,03-21-2025,107.3,579977,Wallet,Del.
4805,719,39,19,2,14,"August 08, 2025","August 10, 2025",345.0,588120,Wallet,Delivered
4806,1688,14,1,11,12,2025-12-19,,129.2,196786,Bank Transfer,pending
4807,1316,12,42,15,5,"March 14, 2025","March 20, 2025",93.5,449428,Bank Transfer,delivered
4808,1637,36,49,20,8,03-21-2025,03-23-2025,337.5,3552,Card,DELIVERED
4809,1452,27,47,21,19,2025/10/31,2025/10/31,148.8,425778,Cash on Delivery,Delivered
4810,883,6,16,14,12,"September 16, 2025","September 18, 2025",160.9,63781,Bank Transfer,RETURNED
4811,558,30,38,7,10,"November 10, 2025",,196.2,655985,Cash on Delivery,pending
4812,1752,25,13,13,5,05.04.2025,,136.8,522711,Wallet,In Transit
4813,1366,44,51,19,18,"February 17, 2025",,155.2,,Card,Pending
4814,837,10,7,1,17,"August 02, 2025","August 09, 2025",174.2,481891,Card,Failed
4815,1294,36,49,22,19,12.04.2025,,323.5,146481,Wallet,PENDING
4816,348,8,29,22,11,"April 28, 2025","April 29, 2025",35.1,780035,Wallet,Delvered
4817,575,34,52,11,21,"March 11, 2025","March 12, 2025",74.6,802765,Cash on Delivery,DELIVERED
4818,1246,38,24,11,11,2025-10-09,2025-10-14,199.0,399133,Card,Delvered
4819,28,38,24,13,10,04/05/2025,05/05/2025,319.9,285703,Wallet,DELIVERED
4820,1313,33,43,22,16,"May 20, 2025","May 22, 2025",112.8,81072,Card,delivered
4821,1570,25,13,1,9,02-03-2025,02-03-2025,131.5,618445,Card,Del.
4822,872,19,32,4,17,2025-07-13,2025-07-19,256.0,288900,Card,returned
4823,1720,3,12,3,16,05/03/2025,06/03/2025,186.0,582597,Card,Delivered
4824,633,16,50,5,14,10-19-2025,10-19-2025,239.7,549711,Wallet,Retund
4825,31,27,47,7,11,07-27-2025,08-02-2025,317.4,141907,Cash on Delivery,Delvered
4826,780,6,16,12,15,11-14-2025,11-16-2025,275.2,504704,Cash on Delivery,delivered
4827,565,12,42,22,22,09/04/2025,09/04/2025,216.5,376994,Wallet,Del.
4828,973,44,51,9,5,19/07/2025,21/07/2025,71.2,172985,Cash on Delivery,Returned
4829,1473,16,50,12,4,"June 09, 2025",,221.3,171397,Wallet,PENDING
4830,561,8,29,6,18,08-04-2025,08-05-2025,25.8,,Cash on Delivery,DELIVERED
4831,598,33,43,6,18,03-13-2025,,258.4,711188,Card,PENDING
4832,1569,6,16,21,2,2025/01/07,2025/01/07,44.2,29843,Cash on Delivery,dlvrd
4833,1699,35,40,2,21,25.05.2025,30.05.2025,124.1,601602,Card,Delvered
4834,586,25,13,12,14,12.07.2025,16.07.2025,195.2,187133,Card,FAILED
4835,1786,1,9,12,1,2025/01/06,2025/01/13,144.4,584619,Wallet,Delvered
4836,740,27,47,1,9,"December 31, 2025",,139.9,607375,Card,Pending
4837,1783,1,9,3,22,01-22-2025,01-23-2025,266.3,620866,Card,Delivered
4838,934,26,44,8,15,09-20-2025,09-21-2025,96.0,305608,Cash on Delivery,Delvered
4839,1394,30,38,10,8,21-Feb-2025,,131.0,487586,Wallet,IN TRANSIT
4840,1189,17,11,1,5,2025-10-21,2025-10-25,308.0,305090,Card,FAILED
4841,1381,15,6,6,20,24.02.2025,03.03.2025,62.7,580946,Cash on Delivery,Delivered
4842,1650,21,14,11,1,09/10/2025,13/10/2025,178.5,825371,Bank Transfer,dlvrd
4843,1209,15,6,21,17,13/11/2025,16/11/2025,15.4,821579,Card,DELIVERED
4844,727,44,51,11,6,11-May-2025,14-May-2025,248.9,387732,Cash on Delivery,Del.
4845,308,19,32,18,3,07-17-2025,07-20-2025,112.0,122807,Card,Delvered
4846,759,10,7,13,19,2025/06/10,2025/06/16,150.2,100100,Card,Delivered
4847,1504,26,44,5,14,2025/06/09,2025/06/12,213.9,521727,Bank Transfer,RETURNED
4848,1107,28,55,3,22,23.10.2025,28.10.2025,2.4,,Card,Del.
4849,1500,5,30,10,17,2025-12-14,2025-12-20,132.3,329885,Wallet,Delivered
4850,1076,35,40,11,7,2025-11-18,2025-11-24,139.6,487632,Wallet,RETURNED
4851,1225,5,30,5,8,"March 30, 2025","April 02, 2025",67.5,50132,Wallet,Delvered
4852,1496,14,1,13,3,21.10.2025,24.10.2025,42.7,628618,Card,delivered
4853,141,43,54,5,17,"December 13, 2025","December 18, 2025",286.4,12450,Bank Transfer,Delivered
4854,1134,11,4,8,20,"October 21, 2025",,137.7,165291,Cash on Delivery,IN TRANSIT
4855,1729,14,1,17,10,2025-05-16,2025-05-23,59.8,184197,Cash on Delivery,Del.
4856,1472,3,12,6,13,07-Jul-2025,07-Jul-2025,59.7,233908,Card,returned
4857,880,2,28,11,14,13-Jan-2025,19-Jan-2025,159.9,664130,Cash on Delivery,Failed
4858,1557,37,46,21,20,03-13-2025,03-15-2025,13.1,633043,Card,Del.
4859,1697,37,46,21,20,03-Feb-2025,10-Feb-2025,14.3,50234,Card,DELIVERED
4860,1351,37,46,2,19,2025/01/03,2025/01/09,2.3,717707,Cash on Delivery,Delvered
4861,1040,11,4,15,15,14.03.2025,17.03.2025,77.3,0,Wallet,Delivered
4862,639,11,4,17,22,18/02/2025,22/02/2025,222.0,213792,Wallet,Delvered
4863,990,8,29,6,13,01-31-2025,,149.2,634574,Bank Transfer,PENDING
4864,1508,10,7,9,22,2025/12/01,,271.7,375666,Card,pending
4865,219,10,7,18,19,"June 28, 2025","June 30, 2025",138.7,841439,Cash on Delivery,Delvered
4866,1588,32,10,8,6,07-Jan-2025,,255.7,716662,Cash on Delivery,In Transit
4867,606,26,44,10,22,02-20-2025,02-23-2025,306.2,453960,Wallet,failed
4868,16,6,16,9,17,04-09-2025,,-89.2,407614,Cash on Delivery,in transit
4869,968,30,38,9,15,"May 17, 2025","May 22, 2025",62.1,827267,Bank Transfer,Delivered
4870,629,3,12,6,10,2025/07/11,2025/07/13,186.8,434237,Cash on Delivery,Del.
4871,999,44,51,14,18,2025/01/14,2025/01/15,-78.3,155810,Card,Delvered
4872,413,24,39,6,12,2025-11-30,2025-12-02,12.1,,Wallet,DELIVERED
4873,1529,7,5,19,16,18-Jan-2025,19-Jan-2025,20.8,211842,Card,Retund
4874,1567,13,35,5,19,"October 27, 2025","October 29, 2025",190.4,846366,Wallet,Del.
4875,1096,5,30,12,8,13/12/2025,,101.8,245864,Cash on Delivery,In Transit
4876,93,34,52,17,8,"August 03, 2025","August 03, 2025",210.4,348935,Wallet,Faild
4877,693,26,44,19,8,2025/03/21,,74.1,532024,Cash on Delivery,PENDING
4878,264,42,53,2,17,01/04/2025,07/04/2025,104.9,250764,Wallet,Delivered
4879,1649,38,24,6,9,09-26-2025,10-03-2025,160.6,768938,Card,Del.
4880,1446,5,30,17,22,2025-12-06,2025-12-12,111.0,,Bank Transfer,DELIVERED
4881,766,23,45,10,7,"October 19, 2025","October 23, 2025",-130.2,114791,Bank Transfer,delivered
4882,469,43,54,14,2,"November 10, 2025","November 11, 2025",214.8,198637,Card,FAILED
4883,958,18,27,14,8,10-Jul-2025,15-Jul-2025,53.9,98672,Card,Del.
4884,1234,1000,31,18,13,29-Jun-2025,30-Jun-2025,264.8,129525,Wallet,Retund
4885,643,35,40,1,11,11-04-2025,11-07-2025,98.1,821835,Wallet,Delivered
4886,455,2,28,14,20,23/08/2025,28/08/2025,144.4,370608,Wallet,Del.
4887,1165,30,38,3,18,29.04.2025,,282.5,243724,Cash on Delivery,pending
4888,955,42,53,14,9,09-Nov-2025,12-Nov-2025,79.1,62802,Cash on Delivery,dlvrd
4889,1145,43,54,6,4,05-25-2025,05-30-2025,332.0,603153,Card,Delvered
4890,1577,43,54,21,11,07-Nov-2025,13-Nov-2025,66.8,546261,Cash on Delivery,returned
4891,1304,42,53,20,18,10-23-2025,10-25-2025,78.0,207819,Cash on Delivery,delivered
4892,113,17,11,15,10,"April 19, 2025","April 20, 2025",275.8,,Wallet,Delivered
4893,1089,1,9,16,16,22/08/2025,28/08/2025,181.1,291648,Card,FAILED
4894,953,42,53,6,16,2025-07-08,2025-07-09,151.5,411944,Bank Transfer,Faild
4895,711,2,28,13,16,2025/11/27,2025/12/02,262.4,21591,Cash on Delivery,delivered
4896,150,8,29,18,7,11.01.2025,16.01.2025,47.6,322611,Cash on Delivery,dlvrd
4897,742,10,7,3,4,2025/06/01,2025/06/07,289.5,840903,Wallet,delivered
4898,1295,14,1,5,10,2025/07/01,2025/07/03,283.4,587731,Wallet,delivered
4899,492,13,35,17,15,29.03.2025,01.04.2025,179.7,182672,Card,Delivered
4900,272,1001,20,17,14,2025/08/17,2025/08/23,312.1,819971,Card,dlvrd
4901,628,1,9,19,20,"June 19, 2025","June 23, 2025",16.8,541385,Bank Transfer,Returned
4902,733,18,27,6,9,07-28-2025,08-01-2025,241.7,14708,Card,Delivered
4903,988,38,24,4,20,24.02.2025,26.02.2025,19.3,330980,Bank Transfer,DELIVERED
4904,1691,6,16,12,17,2025/04/18,2025/04/23,84.4,691730,Cash on Delivery,Delivered
4905,1307,8,29,17,4,2025/11/21,2025/11/24,211.8,70709,Wallet,Retund
4906,939,34,52,1,1,03-30-2025,04-02-2025,41.5,497022,Wallet,Failed
4907,1714,2,28,10,18,15-Nov-2025,21-Nov-2025,258.7,707180,Bank Transfer,Delivered
4908,986,28,55,8,18,2025/09/25,2025/09/26,4.0,574623,Cash on Delivery,Delvered
4909,218,44,51,21,2,2025/06/14,2025/06/20,349.4,559653,Cash on Delivery,delivered
4910,109,6,16,3,9,14-Jun-2025,17-Jun-2025,4.6,485105,Card,DELIVERED
4911,117,41,22,10,17,14-Aug-2025,15-Aug-2025,138.4,552683,Wallet,Delivered
4912,930,10,7,17,14,03-Jan-2025,,95.8,662297,Bank Transfer,In Transit
4913,764,19,32,20,1,"May 16, 2025","May 16, 2025",246.2,626047,Card,delivered
4914,868,1000,25,5,6,10-03-2025,,100.8,778043,Wallet,pending
4915,916,3,12,3,21,05-15-2025,05-18-2025,12.7,811097,Bank Transfer,dlvrd
4916,941,31,15,2,19,03-09-2025,03-11-2025,4.4,180929,Cash on Delivery,Returned
4917,459,37,46,19,2,"October 02, 2025","October 07, 2025",3.3,306510,Bank Transfer,delivered
4918,1354,6,16,22,21,06-01-2025,06-05-2025,117.4,847055,Cash on Delivery,Delivered
4919,1622,19,32,20,10,2025/06/20,2025/06/26,206.8,75197,Bank Transfer,failed
4920,939,25,13,4,12,05-06-2025,05-07-2025,136.3,411419,Cash on Delivery,dlvrd
4921,370,24,39,2,15,"April 13, 2025","April 17, 2025",190.7,449596,Card,Faild
4922,1608,33,43,13,15,09-26-2025,09-29-2025,76.0,574702,Bank Transfer,Delivered
4923,1186,31,15,17,10,2025/01/05,2025/01/07,342.8,189712,Bank Transfer,DELIVERED
4924,1098,2,28,20,6,"November 26, 2025","November 27, 2025",296.2,29728,Wallet,dlvrd
4925,473,5,30,4,8,2025/07/28,,126.1,23257,Wallet,In-Transit
4926,1156,5,30,2,19,06-05-2025,06-10-2025,217.5,253479,Wallet,Delivered
4927,1206,23,45,8,7,07-27-2025,08-02-2025,204.3,387627,Bank Transfer,delivered
4928,281,40,2,5,3,06-01-2025,06-03-2025,162.8,651835,Wallet,Delivered
4929,913,35,40,8,11,"December 15, 2025","December 16, 2025",348.3,822679,Wallet,Del.
4930,1123,10,7,7,18,11-01-2025,,305.0,622662,Cash on Delivery,PENDING
4931,262,26,44,5,14,2025/11/18,,206.3,63162,Bank Transfer,In-Transit
4932,363,16,50,11,13,28.11.2025,03.12.2025,132.8,298347,Wallet,delivered
4933,1516,44,51,9,19,23/02/2025,25/02/2025,33.5,354739,Bank Transfer,delivered
4934,1313,39,19,21,21,30/03/2025,01/04/2025,304.0,643725,Bank Transfer,dlvrd
4935,1584,1,9,11,12,21.07.2025,21.07.2025,27.3,244858,Cash on Delivery,FAILED
4936,418,28,55,15,5,20.02.2025,22.02.2025,226.1,139787,Wallet,returned
4937,65,29,34,11,14,07-23-2025,,163.3,384214,Bank Transfer,Pending
4938,612,13,35,17,10,12/01/2025,14/01/2025,108.2,79331,Card,DELIVERED
4939,28,1,9,5,4,"May 01, 2025","May 02, 2025",94.3,203117,Bank Transfer,Delvered
4940,1213,1000,13,8,16,20-Sep-2025,26-Sep-2025,51.1,298897,Wallet,DELIVERED
4941,4,17,11,18,4,20-Mar-2025,,203.5,0,Bank Transfer,PENDING
4942,1769,15,6,14,18,15.08.2025,17.08.2025,151.4,474432,Wallet,Delvered
4943,1452,44,51,10,2,10/03/2025,11/03/2025,93.5,721469,Wallet,dlvrd
4944,1629,25,13,15,16,01/05/2025,06/05/2025,267.9,446808,Wallet,dlvrd
4945,1126,11,4,14,1,15/11/2025,20/11/2025,142.1,87444,Bank Transfer,delivered
4946,649,13,35,21,20,14-Jan-2025,19-Jan-2025,29.0,25206,Card,Delvered
4947,101,29,34,9,18,2025-02-05,2025-02-08,238.3,320425,Bank Transfer,Delvered
4948,1017,14,1,21,12,09-24-2025,09-29-2025,251.7,245660,Bank Transfer,delivered
4949,761,6,16,16,11,2025/08/26,2025/08/28,17.3,0,Bank Transfer,Delivered
4950,464,15,6,7,5,2025-03-04,2025-03-05,-5.2,547077,Card,delivered
4951,627,7,5,10,3,20/08/2025,25/08/2025,174.6,553844,Bank Transfer,failed
4952,1669,13,35,19,6,2025-08-03,2025-08-08,196.1,49818,Cash on Delivery,delivered
4953,1668,15,6,4,16,13-Mar-2025,18-Mar-2025,247.5,428372,Card,Delivered
4954,1697,8,29,16,14,07-20-2025,,75.5,599503,Bank Transfer,In-Transit
4955,392,18,27,5,2,"April 21, 2025","April 22, 2025",338.4,233085,Cash on Delivery,DELIVERED
4956,144,40,2,1,15,2025-02-09,2025-02-11,319.9,454618,Cash on Delivery,FAILED
4957,852,20,31,20,11,2025/09/11,2025/09/17,209.6,76448,Wallet,Delivered
4958,416,6,16,18,12,12/04/2025,15/04/2025,211.3,341112,Wallet,Del.
4959,744,5,30,19,13,20.12.2025,21.12.2025,307.8,365703,Card,Faild
4960,1111,3,12,6,16,06-20-2025,06-23-2025,343.4,110587,Cash on Delivery,Failed
4961,661,14,1,7,17,26.02.2025,,216.3,737896,Wallet,In-Transit
4962,1443,39,19,4,15,2025-02-07,,269.7,806137,Wallet,Pending
4963,1028,8,29,15,6,"November 04, 2025","November 11, 2025",92.6,184358,Card,Faild
4964,210,6,16,10,12,2025-11-10,2025-11-17,51.5,498410,Card,Del.
4965,90,44,51,21,18,2025/02/12,,303.8,552736,Wallet,IN TRANSIT
4966,1177,4,18,14,3,05-Jun-2025,10-Jun-2025,307.9,376704,Cash on Delivery,delivered
4967,1316,11,4,5,14,10-Aug-2025,11-Aug-2025,55.3,5396,Card,DELIVERED
4968,140,18,27,19,2,18.06.2025,19.06.2025,134.0,522878,Wallet,Del.
4969,679,17,11,16,10,04.03.2025,07.03.2025,245.4,10127,Bank Transfer,Delivered
4970,1236,12,42,17,21,2025-07-17,,265.5,34125,Bank Transfer,PENDING
4971,1376,39,19,11,18,15.06.2025,20.06.2025,238.1,305783,Card,delivered
4972,35,27,47,1,17,20-Apr-2025,24-Apr-2025,-6.1,698669,Card,RETURNED
4973,1711,28,55,21,19,10.06.2025,13.06.2025,74.2,50285,Wallet,failed
4974,1599,3,12,6,2,2025-04-01,2025-04-04,123.0,203532,Bank Transfer,Del.
4975,1344,9,36,4,8,2025/04/12,2025/04/14,29.1,765689,Cash on Delivery,delivered
4976,1573,29,34,22,11,02-03-2025,02-10-2025,105.9,639153,Bank Transfer,Delvered
4977,841,1,9,13,13,"June 03, 2025","June 07, 2025",349.9,642990,Card,Del.
4978,1006,3,12,6,11,05-Apr-2025,,136.1,151157,Wallet,PENDING
4979,1224,28,55,17,18,"May 13, 2025","May 13, 2025",258.2,145394,Cash on Delivery,delivered
4980,531,22,26,15,6,2025/04/12,,262.2,460824,Card,in transit
4981,1117,16,50,16,13,13.03.2025,,204.6,42975,Card,in transit
4982,790,21,14,19,19,09-Jul-2025,13-Jul-2025,331.7,692026,Cash on Delivery,Delvered
4983,1307,16,50,8,6,02-13-2025,02-16-2025,329.3,70701,Bank Transfer,delivered
4984,1710,14,1,8,4,2025/09/22,2025/09/26,301.7,281833,Cash on Delivery,Del.
4985,1772,3,12,14,10,"January 19, 2025",,251.5,203637,Bank Transfer,In-Transit
4986,1417,40,2,21,18,"July 09, 2025","July 13, 2025",234.5,598541,Bank Transfer,Failed
4987,814,17,11,1,19,28.09.2025,03.10.2025,287.7,830132,Cash on Delivery,Del.
4988,943,13,35,21,8,2025-07-01,2025-07-04,277.2,668993,Cash on Delivery,Delvered
4989,477,5,30,18,13,2025-01-10,2025-01-15,121.1,251875,Cash on Delivery,DELIVERED
4990,896,38,24,14,14,14/02/2025,16/02/2025,346.2,237257,Wallet,Del.
4991,662,6,16,1,5,09-21-2025,09-27-2025,102.7,733648,Bank Transfer,DELIVERED
4992,94,26,44,16,19,10-30-2025,11-03-2025,95.5,244881,Wallet,Delvered
4993,640,14,1,4,8,2025/08/31,2025/09/02,349.0,223758,Bank Transfer,FAILED
4994,304,25,13,21,11,29.05.2025,03.06.2025,347.8,227203,Card,Delvered
4995,1758,29,34,14,9,11-Jun-2025,12-Jun-2025,265.2,485527,Bank Transfer,DELIVERED
4996,1218,8,29,13,12,03-30-2025,04-01-2025,14.1,299088,Card,DELIVERED
4997,755,41,22,21,15,04/03/2025,08/03/2025,286.0,520814,Card,Delivered
4998,760,29,34,2,6,07-Feb-2025,09-Feb-2025,272.1,548105,Card,delivered
4999,356,5,30,19,21,02-Apr-2025,08-Apr-2025,91.8,225911,Card,delivered
5000,555,15,6,19,4,03-01-2025,,139.7,246855,Wallet,In-Transit
5001,1720,12,42,12,9,10/08/2025,12/08/2025,259.4,709616,Wallet,Delivered
5002,71,9,36,9,1,2025/06/29,2025/07/03,84.5,495363,Wallet,DELIVERED
5003,226,6,16,4,1,17/05/2025,18/05/2025,7.0,762968,Cash on Delivery,FAILED
5004,849,39,19,4,9,"May 30, 2025","June 05, 2025",180.9,401466,Cash on Delivery,DELIVERED
5005,316,8,29,5,15,2025/07/27,2025/07/29,300.7,812795,Cash on Delivery,Delivered
5006,790,2,28,8,3,02-18-2025,02-18-2025,285.2,827587,Cash on Delivery,Faild
5007,1628,26,44,11,8,"May 15, 2025","May 20, 2025",54.3,414981,Wallet,Retund
5008,529,40,2,2,15,27.08.2025,30.08.2025,250.6,704808,Bank Transfer,Del.
5009,1293,4,18,15,21,21.01.2025,,215.3,781601,Cash on Delivery,pending
5010,197,33,43,11,10,"March 22, 2025","March 28, 2025",330.1,,Wallet,Faild
5011,1563,26,44,2,22,09.05.2025,,169.1,,Bank Transfer,Pending
5012,354,34,52,19,14,06/10/2025,08/10/2025,162.7,838953,Cash on Delivery,delivered
5013,751,7,5,9,12,"March 23, 2025","March 29, 2025",276.7,105857,Cash on Delivery,Delvered
5014,1787,27,47,19,16,11.02.2025,11.02.2025,321.8,574121,Bank Transfer,RETURNED
5015,1262,14,1,22,18,"April 21, 2025","April 26, 2025",302.9,656690,Card,Delivered
5016,522,41,22,9,6,08.06.2025,10.06.2025,147.5,0,Cash on Delivery,Del.
5017,527,27,47,13,2,2025/04/03,2025/04/03,73.4,779494,Bank Transfer,Retund
5018,421,4,18,4,4,2025-01-21,,47.4,646284,Wallet,In Transit
5019,1395,9,36,8,13,05-Nov-2025,09-Nov-2025,274.7,525746,Wallet,Delivered
5020,1421,6,16,11,22,07/11/2025,12/11/2025,349.8,659573,Cash on Delivery,Delivered
5021,502,2,28,4,13,2025-10-26,2025-10-28,116.1,253824,Bank Transfer,Delivered
5022,1307,31,15,15,8,22-Sep-2025,23-Sep-2025,289.7,170639,Cash on Delivery,dlvrd
5023,805,14,1,8,21,12-07-2025,12-13-2025,257.2,612759,Wallet,delivered
5024,1257,33,43,22,11,22.08.2025,26.08.2025,24.3,622696,Cash on Delivery,Returned
5025,1494,10,7,19,11,"November 10, 2025","November 14, 2025",115.6,354176,Bank Transfer,returned
5026,1309,20,31,7,18,13.06.2025,17.06.2025,108.2,94651,Card,Delvered
5027,1463,14,1,2,2,08-27-2025,,88.1,69344,Card,in transit
5028,575,28,55,14,19,03-06-2025,03-08-2025,174.2,763192,Card,Delivered
5029,602,43,54,8,20,22-Apr-2025,,130.3,594572,Cash on Delivery,IN TRANSIT
5030,57,36,49,6,5,2025/05/30,2025/06/04,325.6,,Bank Transfer,delivered
5031,116,42,53,8,16,23/06/2025,30/06/2025,317.8,142504,Bank Transfer,returned
5032,1540,12,42,11,15,06.09.2025,06.09.2025,187.0,197671,Card,DELIVERED
5033,516,20,31,2,13,2025-06-15,2025-06-22,120.6,304853,Cash on Delivery,Del.
5034,943,35,40,9,4,06.05.2025,06.05.2025,179.0,204712,Card,DELIVERED
5035,1022,22,26,15,12,30/05/2025,,73.4,220506,Bank Transfer,pending
5036,1077,15,6,22,2,10/02/2025,17/02/2025,-173.3,680080,Cash on Delivery,Delvered
5037,1393,1,9,21,9,29/06/2025,30/06/2025,227.2,737405,Card,Del.
5038,168,3,12,11,16,"April 05, 2025","April 05, 2025",178.5,485772,Card,Retund
5039,4,17,11,4,14,12.01.2025,,323.9,718427,Card,In-Transit
5040,1719,2,28,6,13,11-06-2025,11-10-2025,156.2,50714,Cash on Delivery,Returned
5041,1150,31,15,6,19,28/11/2025,28/11/2025,154.1,546380,Cash on Delivery,DELIVERED
5042,651,10,7,19,20,14.03.2025,17.03.2025,222.3,600971,Cash on Delivery,RETURNED
5043,79,11,4,18,20,28/04/2025,,67.2,76082,Cash on Delivery,IN TRANSIT
5044,1042,2,28,5,5,03-30-2025,04-01-2025,120.0,157624,Bank Transfer,Delvered
5045,215,28,55,18,17,02-14-2025,02-16-2025,253.1,564312,Card,returned
5046,578,26,44,12,18,2025-04-05,2025-04-10,27.9,580875,Card,Delivered
5047,109,23,45,12,9,12-01-2025,12-07-2025,101.5,106413,Bank Transfer,Delivered
5048,584,999,41,1,10,22.04.2025,26.04.2025,212.0,119034,Wallet,Delvered
5049,654,19,32,10,1,13/08/2025,,204.3,426811,Bank Transfer,PENDING
5050,1706,1,9,21,8,"April 22, 2025","April 26, 2025",111.6,410027,Cash on Delivery,dlvrd
5051,1742,42,53,13,5,2025-05-04,2025-05-09,167.7,10168,Card,Failed
5052,1239,18,27,18,6,2025/11/01,2025/11/06,221.1,353694,Bank Transfer,failed
5053,1076,5,30,2,10,"January 06, 2025","January 08, 2025",315.3,293899,Wallet,Del.
5054,1473,32,10,8,14,26/02/2025,03/03/2025,312.4,381585,Bank Transfer,Delivered
5055,368,6,16,7,21,30.10.2025,05.11.2025,67.1,341096,Card,RETURNED
5056,693,15,6,13,4,04-23-2025,,338.2,383007,Bank Transfer,In Transit
5057,1653,43,54,19,18,"December 23, 2025",,186.1,815959,Card,Pending
5058,200,14,1,4,19,2025/04/24,2025/04/26,216.7,45937,Cash on Delivery,Del.
5059,837,43,54,4,3,12-25-2025,12-29-2025,202.5,625273,Cash on Delivery,delivered
5060,845,39,19,17,3,16-Jun-2025,20-Jun-2025,307.0,684049,Card,Del.
5061,1480,4,18,4,18,2025/04/27,,323.7,42746,Bank Transfer,In Transit
5062,187,34,52,10,17,"April 21, 2025","April 24, 2025",52.7,589053,Wallet,Del.
5063,1059,28,55,18,7,2025-03-04,,155.8,,Wallet,In Transit
5064,1673,13,35,4,18,20/05/2025,26/05/2025,233.1,453383,Cash on Delivery,DELIVERED
5065,1618,7,5,13,20,2025/02/28,,80.8,0,Card,pending
5066,645,44,51,15,2,18/08/2025,,342.0,495649,Wallet,In Transit
5067,1513,20,31,13,1,03-25-2025,03-25-2025,16.0,497611,Wallet,DELIVERED
5068,1124,5,30,21,16,2025/06/12,2025/06/13,179.5,0,Cash on Delivery,dlvrd
5069,609,3,12,11,2,09/12/2025,10/12/2025,22.0,292757,Bank Transfer,dlvrd
5070,828,10,7,8,16,2025/03/11,2025/03/12,311.7,73134,Card,delivered
5071,277,8,29,21,8,30.08.2025,,76.4,251460,Bank Transfer,in transit
5072,1548,31,15,14,7,12.09.2025,16.09.2025,301.6,486570,Card,failed
5073,622,28,55,1,7,"June 06, 2025","June 11, 2025",125.4,714572,Wallet,Delvered
5074,632,25,13,13,6,2025/01/02,,206.6,0,Bank Transfer,PENDING
5075,1113,7,5,12,1,06-16-2025,06-19-2025,72.1,551166,Wallet,failed
5076,1736,43,54,1,9,2025-05-12,2025-05-17,169.0,398174,Cash on Delivery,Del.
5077,887,39,19,13,18,"August 21, 2025","August 22, 2025",93.2,692233,Bank Transfer,Failed
5078,15,19,32,12,16,22/11/2025,24/11/2025,184.1,756348,Wallet,Delvered
5079,280,39,19,13,13,2025/11/07,2025/11/13,338.1,6506,Card,Failed
5080,1753,5,30,22,16,04-Jun-2025,08-Jun-2025,271.8,260468,Bank Transfer,failed
5081,495,29,34,13,3,"September 21, 2025","September 24, 2025",273.5,214795,Wallet,DELIVERED
5082,936,11,4,1,21,2025-03-11,2025-03-14,188.2,158975,Card,RETURNED
5083,1664,39,19,13,3,"September 25, 2025","September 29, 2025",33.8,830441,Card,dlvrd
5084,1591,27,47,15,6,27/03/2025,,205.5,332204,Cash on Delivery,Pending
5085,134,44,51,9,11,07.01.2025,,313.7,515386,Card,in transit
5086,1040,23,45,10,22,2025/04/12,2025/04/17,237.1,10943,Bank Transfer,dlvrd
5087,588,18,27,14,12,24.08.2025,,33.8,120686,Cash on Delivery,in transit
5088,654,27,47,14,4,04.07.2025,,161.2,142898,Cash on Delivery,In-Transit
5089,1670,41,22,17,12,2025-09-15,,288.6,792075,Cash on Delivery,In Transit
5090,279,29,34,16,3,2025/07/17,2025/07/18,134.5,179957,Wallet,delivered
5091,733,3,12,9,9,04-Oct-2025,06-Oct-2025,169.2,804115,Card,Delivered
5092,1695,29,34,20,8,26-Aug-2025,,75.5,284438,Card,Pending
5093,838,18,27,2,12,02/03/2025,06/03/2025,216.2,632300,Card,Delvered
5094,857,42,53,8,20,2025/02/18,2025/02/22,246.1,0,Bank Transfer,Delivered
5095,1759,38,24,11,3,02-26-2025,,82.3,491329,Wallet,PENDING
5096,1735,36,49,6,15,06.10.2025,12.10.2025,162.9,0,Cash on Delivery,failed
5097,688,15,6,7,8,05.05.2025,11.05.2025,34.0,364118,Wallet,DELIVERED
5098,71,27,47,4,14,2025-02-04,2025-02-11,333.7,267509,Card,failed
5099,993,18,27,12,2,2025-04-02,2025-04-04,30.5,,Cash on Delivery,DELIVERED
5100,1122,9,36,18,2,2025-06-10,2025-06-17,318.6,689013,Bank Transfer,Delvered
5101,650,38,24,11,19,04/12/2025,06/12/2025,174.4,816081,Card,Del.
5102,1177,18,27,10,21,"September 06, 2025","September 12, 2025",117.5,207388,Bank Transfer,Faild
5103,316,42,53,20,5,2025/06/13,2025/06/16,24.8,86315,Card,Del.
5104,1745,3,12,12,12,2025-04-29,2025-04-29,340.7,590055,Cash on Delivery,Delvered
5105,421,24,39,5,7,30/06/2025,02/07/2025,156.0,631245,Card,failed
5106,777,16,50,1,19,"August 01, 2025",,247.7,434542,Wallet,In-Transit
5107,1122,23,45,14,15,2025-02-25,2025-03-01,220.1,467231,Wallet,dlvrd
5108,1089,19,32,4,5,05-06-2025,05-10-2025,58.3,842337,Bank Transfer,Faild
5109,1220,6,16,7,10,20.06.2025,24.06.2025,186.5,62620,Card,Delivered
5110,405,35,40,8,18,2025-08-29,2025-09-04,21.9,701399,Bank Transfer,Returned
5111,1639,35,40,12,22,25-Aug-2025,28-Aug-2025,236.5,302459,Bank Transfer,Delvered
5112,1018,40,2,12,1,22/09/2025,23/09/2025,282.9,265639,Card,dlvrd
5113,106,12,42,8,8,24/09/2025,29/09/2025,218.0,455405,Card,Del.
5114,1348,36,49,19,8,11/05/2025,17/05/2025,237.0,,Wallet,delivered
5115,1095,13,35,7,18,01-11-2025,01-12-2025,346.2,395232,Card,DELIVERED
5116,311,33,43,3,3,21/06/2025,25/06/2025,275.6,551314,Bank Transfer,returned
5117,1709,34,52,11,8,04-21-2025,04-22-2025,274.0,292717,Cash on Delivery,Faild
5118,1484,10,7,8,2,"February 22, 2025","February 25, 2025",58.3,516352,Bank Transfer,Del.
5119,499,20,31,9,10,19.07.2025,26.07.2025,89.7,793172,Card,dlvrd
5120,1685,35,40,22,5,2025-04-05,2025-04-06,321.9,180776,Card,delivered
5121,1291,10,7,4,21,2025/05/23,2025/05/27,154.0,52560,Bank Transfer,Delivered
5122,1287,37,46,2,15,28.07.2025,02.08.2025,186.4,193762,Card,Del.
5123,536,35,40,13,6,"September 22, 2025","September 26, 2025",256.7,513951,Cash on Delivery,Delivered
5124,709,20,31,16,6,2025-08-24,,231.0,788259,Bank Transfer,Pending
5125,1024,37,46,18,11,28/02/2025,05/03/2025,78.0,118733,Cash on Delivery,failed
5126,1656,33,43,6,7,10.09.2025,16.09.2025,279.2,451605,Bank Transfer,returned
5127,1137,16,50,10,6,"September 25, 2025","September 26, 2025",63.1,345459,Cash on Delivery,DELIVERED
5128,1583,12,42,9,12,11-Dec-2025,14-Dec-2025,249.1,427737,Bank Transfer,Del.
5129,358,3,12,20,3,19-Apr-2025,22-Apr-2025,62.1,334729,Bank Transfer,Del.
5130,1077,35,40,20,17,03-04-2025,03-04-2025,137.3,708452,Wallet,dlvrd
5131,368,11,4,13,7,28/08/2025,,348.2,725784,Wallet,In Transit
5132,819,15,6,22,5,14-Mar-2025,21-Mar-2025,256.8,529698,Wallet,Del.
5133,110,24,39,7,4,2025-12-29,2026-01-02,254.5,216533,Cash on Delivery,Retund
5134,733,9,36,2,17,12-28-2025,12-31-2025,162.9,0,Bank Transfer,Failed
5135,1131,1,9,5,17,25/09/2025,30/09/2025,292.5,145451,Bank Transfer,Del.
5136,29,19,32,1,6,02/05/2025,04/05/2025,276.7,253824,Bank Transfer,Delivered
5137,619,37,46,16,14,14/03/2025,17/03/2025,8.9,221932,Cash on Delivery,DELIVERED
5138,1207,40,2,15,1,2025/06/02,2025/06/04,119.7,407789,Card,Faild
5139,1239,30,38,9,5,01/10/2025,05/10/2025,152.0,317062,Cash on Delivery,Delvered
5140,809,15,6,7,17,2025-07-27,2025-08-02,91.4,566711,Cash on Delivery,Delvered
5141,785,37,46,9,3,2025-02-15,2025-02-19,200.3,377661,Wallet,delivered
5142,758,25,13,4,3,"January 05, 2025","January 09, 2025",180.2,454275,Card,dlvrd
5143,730,15,6,15,4,11-Jan-2025,14-Jan-2025,335.9,735310,Wallet,DELIVERED
5144,1010,31,15,1,8,2025-03-14,2025-03-19,34.4,508393,Card,Del.
5145,1168,25,13,4,10,2025-07-14,,289.8,308709,Bank Transfer,In Transit
5146,916,7,5,6,4,"October 29, 2025",,53.0,13111,Wallet,PENDING
5147,1770,33,43,4,5,14-Sep-2025,20-Sep-2025,259.7,285363,Bank Transfer,DELIVERED
5148,231,27,47,22,14,11.03.2025,12.03.2025,107.8,525698,Bank Transfer,Returned
5149,691,21,14,21,3,04/06/2025,,139.8,215201,Bank Transfer,In Transit
5150,283,26,44,1,19,"June 05, 2025","June 11, 2025",211.7,2099,Card,DELIVERED
5151,1271,34,52,4,9,08-22-2025,08-27-2025,63.7,731790,Card,Returned
5152,530,41,22,20,2,2025/08/10,2025/08/13,151.5,234056,Cash on Delivery,Returned
5153,33,42,53,2,6,21-Feb-2025,23-Feb-2025,314.5,649131,Bank Transfer,DELIVERED
5154,1781,23,45,9,5,13/01/2025,,79.5,344118,Bank Transfer,PENDING
5155,1193,24,39,10,11,25-Nov-2025,,220.2,86185,Cash on Delivery,Pending
5156,1449,36,49,13,22,2025/08/16,2025/08/19,14.3,730883,Bank Transfer,Failed
5157,1637,1,9,20,16,11-Mar-2025,16-Mar-2025,220.2,415575,Wallet,DELIVERED
5158,312,10,7,10,2,"February 07, 2025","February 12, 2025",31.8,100955,Cash on Delivery,DELIVERED
5159,1186,11,4,8,20,25.01.2025,27.01.2025,61.3,352632,Cash on Delivery,delivered
5160,711,18,27,3,3,2025-04-18,2025-04-18,306.2,10091,Card,Delvered
5161,681,29,34,14,8,2025-03-14,2025-03-18,262.5,150184,Card,Faild
5162,65,10,7,1,16,2025-01-25,2025-01-25,7.7,149171,Bank Transfer,Delvered
5163,1359,17,11,6,16,05-01-2025,05-06-2025,132.2,760891,Bank Transfer,dlvrd
5164,869,23,45,20,18,07/08/2025,09/08/2025,200.7,734763,Cash on Delivery,Delivered
5165,1576,17,11,8,14,09.05.2025,13.05.2025,117.4,521019,Wallet,delivered
5166,212,13,35,22,16,17.10.2025,18.10.2025,42.9,90902,Card,RETURNED
5167,584,33,43,7,19,"April 21, 2025","April 24, 2025",180.0,129971,Wallet,Delivered
5168,665,27,47,21,19,2025/11/02,2025/11/05,78.7,181814,Card,Delivered
5169,225,14,1,21,3,2025-08-08,,227.2,744173,Cash on Delivery,PENDING
5170,194,22,26,12,12,02/08/2025,04/08/2025,210.8,407276,Cash on Delivery,RETURNED
5171,105,23,45,12,22,04-24-2025,04-25-2025,152.6,415109,Cash on Delivery,delivered
5172,119,999,21,2,3,2025-04-16,,125.7,711288,Wallet,in transit
5173,188,8,29,2,21,12-09-2025,12-15-2025,139.3,466039,Bank Transfer,delivered
5174,945,11,4,8,22,2025-12-19,2025-12-21,83.5,407372,Wallet,delivered
5175,1107,5,30,14,21,06/09/2025,,349.3,56480,Bank Transfer,IN TRANSIT
5176,203,44,51,19,8,"May 11, 2025","May 17, 2025",27.5,440498,Cash on Delivery,dlvrd
5177,229,41,22,21,15,2025/05/30,2025/06/06,20.0,675884,Wallet,Delvered
5178,377,13,35,15,10,2025/03/28,2025/03/28,52.3,676660,Wallet,dlvrd
5179,696,13,35,2,20,2025/12/10,2025/12/12,38.7,120408,Bank Transfer,dlvrd
5180,283,11,4,14,20,31/08/2025,06/09/2025,240.8,485129,Wallet,dlvrd
5181,1785,33,43,9,10,16/10/2025,21/10/2025,149.1,0,Bank Transfer,Delvered
5182,816,35,40,8,7,2025/02/26,2025/03/04,296.5,365272,Wallet,Delivered
5183,952,20,31,9,16,30/03/2025,31/03/2025,166.9,502518,Card,dlvrd
5184,1688,30,38,20,10,21.12.2025,28.12.2025,169.9,573591,Card,Delivered
5185,1477,7,5,15,3,03/05/2025,08/05/2025,326.9,332218,Bank Transfer,Delivered
5186,909,26,44,18,21,2025/04/13,2025/04/14,237.5,448575,Cash on Delivery,delivered
5187,1479,12,42,16,13,05/11/2025,06/11/2025,89.2,792593,Bank Transfer,Delivered
5188,409,43,54,22,20,2025/06/05,2025/06/12,339.6,676862,Wallet,delivered
5189,836,17,11,21,6,2025/06/29,2025/07/03,253.6,230814,Bank Transfer,Delvered
5190,239,39,19,3,2,01.04.2025,03.04.2025,116.1,308967,Cash on Delivery,returned
5191,1774,23,45,14,1,2025-05-20,2025-05-23,315.5,626753,Cash on Delivery,dlvrd
5192,286,19,32,6,6,16-Mar-2025,23-Mar-2025,50.6,494611,Wallet,Delvered
5193,1083,25,13,3,16,04-27-2025,04-29-2025,115.3,759298,Cash on Delivery,DELIVERED
5194,1393,21,14,21,22,2025-10-30,2025-10-31,251.6,695661,Wallet,Delvered
5195,1591,9,36,16,5,2025-08-01,2025-08-02,321.5,268000,Bank Transfer,delivered
5196,1313,26,44,22,3,2025/01/20,2025/01/26,284.4,444055,Bank Transfer,FAILED
5197,550,38,24,18,10,04-14-2025,04-15-2025,272.2,449285,Wallet,Delivered
5198,328,32,10,14,5,01/01/2025,06/01/2025,302.4,796693,Bank Transfer,Delvered
5199,153,6,16,5,21,06.12.2025,09.12.2025,328.1,233711,Bank Transfer,Faild
5200,1792,14,1,8,10,2025/04/03,,201.1,114845,Card,pending
5201,587,44,51,14,18,2025-06-24,2025-06-29,86.4,521501,Wallet,Delvered
5202,1057,18,27,6,6,2025/11/03,2025/11/03,250.8,802447,Bank Transfer,dlvrd
5203,842,12,42,6,14,26/02/2025,01/03/2025,145.3,802322,Bank Transfer,Del.
5204,1294,37,46,15,22,21/12/2025,,220.1,397403,Wallet,pending
5205,1189,1,9,5,22,03-05-2025,03-07-2025,276.6,473989,Card,delivered
5206,1322,16,50,22,22,2025/11/17,2025/11/18,335.2,835555,Bank Transfer,Delivered
5207,1647,29,34,21,8,02/08/2025,,281.9,804722,Cash on Delivery,IN TRANSIT
5208,1518,10,7,2,5,22/09/2025,,33.8,0,Card,PENDING
5209,1551,44,51,3,6,2025/10/30,2025/11/03,77.0,586359,Bank Transfer,Delivered
5210,903,1000,36,1,12,2025-07-22,2025-07-29,267.4,574225,Wallet,Delvered
5211,1003,31,15,21,19,2025/06/19,2025/06/23,22.3,228380,Bank Transfer,Del.
5212,1316,13,35,8,10,22/02/2025,28/02/2025,5.5,736299,Bank Transfer,Failed
5213,1760,7,5,21,13,2025-09-13,2025-09-20,342.5,573748,Card,Del.
5214,221,25,13,17,20,2025/02/14,,107.7,501492,Card,In-Transit
5215,1668,43,54,7,8,09-01-2025,09-05-2025,57.0,177197,Cash on Delivery,dlvrd
5216,32,23,45,20,4,2025-04-17,2025-04-18,318.4,164934,Bank Transfer,RETURNED
5217,68,2,28,21,2,24/08/2025,29/08/2025,126.1,23208,Wallet,Delivered
5218,317,34,52,15,11,2025/03/30,,336.4,356499,Wallet,In Transit
5219,352,14,1,19,19,2025/08/06,2025/08/10,276.3,337937,Wallet,DELIVERED
5220,932,42,53,5,10,07/04/2025,09/04/2025,232.6,400123,Card,RETURNED
5221,911,21,14,16,20,"September 26, 2025","September 27, 2025",165.3,513611,Card,returned
5222,1312,30,38,12,17,2025/07/17,2025/07/18,41.6,595170,Card,dlvrd
5223,698,34,52,16,14,11-15-2025,,311.9,579336,Wallet,pending
5224,1536,34,52,13,21,03-30-2025,04-03-2025,30.0,,Card,Del.
5225,526,38,24,14,3,16-Jun-2025,18-Jun-2025,20.5,150550,Bank Transfer,Delivered
5226,791,10,7,8,13,2025/10/29,2025/11/02,294.3,779045,Bank Transfer,FAILED
5227,978,22,26,5,9,"May 20, 2025",,182.0,112575,Card,In Transit
5228,320,16,50,14,22,10/08/2025,12/08/2025,192.6,435667,Card,delivered
5229,1345,31,15,20,17,07/07/2025,12/07/2025,163.5,321397,Bank Transfer,delivered
5230,602,13,35,18,18,16-Oct-2025,16-Oct-2025,18.0,159657,Wallet,Faild
5231,1438,35,40,7,20,06-Nov-2025,07-Nov-2025,149.4,44097,Wallet,Delivered
5232,513,39,19,8,4,02-Feb-2025,,338.2,16174,Bank Transfer,in transit
5233,408,31,15,12,21,07.02.2025,13.02.2025,164.2,177069,Wallet,delivered
5234,99,14,1,22,15,"August 03, 2025",,222.3,274269,Cash on Delivery,IN TRANSIT
5235,1796,39,19,9,3,2025-06-14,2025-06-17,264.9,589194,Card,DELIVERED
5236,546,18,27,4,3,03-Apr-2025,08-Apr-2025,183.9,771598,Bank Transfer,DELIVERED
5237,22,35,40,15,4,15/02/2025,19/02/2025,104.6,532359,Bank Transfer,Delivered
5238,325,4,18,16,22,16/07/2025,19/07/2025,128.3,216313,Wallet,DELIVERED
5239,1694,11,4,17,20,12-Nov-2025,15-Nov-2025,261.7,773687,Bank Transfer,returned
5240,1460,6,16,1,22,2025-12-18,2025-12-21,172.6,847140,Cash on Delivery,Delivered
5241,132,24,39,1,16,2025/08/21,2025/08/22,334.7,671934,Wallet,Delvered
5242,10,5,30,18,22,"January 23, 2025","January 28, 2025",222.2,176499,Cash on Delivery,Del.
5243,1020,21,14,10,22,06-02-2025,06-08-2025,306.0,388987,Card,Retund
5244,1505,29,34,17,5,27-Jul-2025,31-Jul-2025,93.0,650313,Bank Transfer,Del.
5245,1065,43,54,11,10,17/03/2025,20/03/2025,240.0,561364,Bank Transfer,DELIVERED
5246,1315,29,34,16,8,"April 26, 2025","April 30, 2025",183.9,94525,Bank Transfer,Del.
5247,934,44,51,1,8,2025-09-11,2025-09-12,6.7,128241,Bank Transfer,Delivered
5248,369,10,7,14,21,2025/10/10,2025/10/10,273.1,,Cash on Delivery,Delivered
5249,1505,14,1,20,21,"August 29, 2025","September 03, 2025",249.9,267224,Bank Transfer,delivered
5250,1085,39,19,6,14,01.11.2025,,-327.3,126347,Card,in transit
5251,1530,25,13,4,9,2025-05-15,2025-05-17,25.7,237980,Wallet,Del.
5252,1023,24,39,14,8,01-Apr-2025,03-Apr-2025,20.6,736872,Wallet,Delvered
5253,758,32,10,19,2,16/07/2025,,50.7,213173,Wallet,In-Transit
5254,1395,25,13,9,20,23.09.2025,26.09.2025,4.3,429670,Cash on Delivery,Faild
5255,1219,30,38,4,7,30/05/2025,,337.5,436439,Cash on Delivery,Pending
5256,15,1,9,17,15,26/05/2025,01/06/2025,251.3,526037,Card,Del.
5257,1332,14,1,19,7,17/02/2025,,183.0,351278,Card,pending
5258,1133,21,14,8,4,02-Nov-2025,08-Nov-2025,63.4,79074,Card,Delivered
5259,1070,39,19,20,10,04.09.2025,10.09.2025,300.4,71796,Wallet,Delvered
5260,355,39,19,14,16,03-Nov-2025,,331.3,528796,Cash on Delivery,Pending
5261,1075,35,40,15,15,2025/08/12,2025/08/18,235.9,352147,Cash on Delivery,dlvrd
5262,784,39,19,20,5,22-Dec-2025,28-Dec-2025,111.1,607373,Wallet,delivered
5263,1366,33,43,19,22,2025-04-25,2025-04-30,8.8,190085,Cash on Delivery,dlvrd
5264,1372,13,35,7,7,24-Dec-2025,26-Dec-2025,250.8,626090,Bank Transfer,dlvrd
5265,1421,23,45,11,22,2025-10-29,,23.7,753948,Card,in transit
5266,261,21,14,19,13,12-Feb-2025,16-Feb-2025,88.4,461960,Wallet,dlvrd
5267,1343,17,11,14,3,07-05-2025,07-09-2025,15.0,277415,Wallet,Returned
5268,1561,38,24,22,19,2025/11/21,2025/11/28,344.6,842770,Wallet,dlvrd
5269,1750,37,46,16,3,15-May-2025,,118.0,723561,Cash on Delivery,pending
5270,1582,21,14,19,14,05-Feb-2025,08-Feb-2025,334.6,520515,Card,Del.
5271,1525,34,52,16,11,"September 13, 2025","September 15, 2025",170.1,698045,Wallet,DELIVERED
5272,1315,12,42,11,4,07/06/2025,12/06/2025,80.2,604310,Bank Transfer,Returned
5273,980,999,14,18,2,2025-09-20,2025-09-25,127.8,362078,Cash on Delivery,DELIVERED
5274,70,32,10,6,19,20/11/2025,,124.9,244641,Bank Transfer,Pending
5275,381,5,30,2,15,2025/03/09,2025/03/10,257.9,838867,Cash on Delivery,DELIVERED
5276,497,31,15,4,19,2025-04-04,2025-04-10,10.0,67364,Bank Transfer,Faild
5277,1719,12,42,22,7,13-Apr-2025,18-Apr-2025,185.9,,Wallet,Delivered
5278,558,32,10,1,20,02-22-2025,,60.5,42357,Cash on Delivery,IN TRANSIT
5279,1422,9,36,11,1,08.01.2025,12.01.2025,292.4,43908,Wallet,Del.
5280,502,4,18,13,14,05-Apr-2025,,265.0,247821,Wallet,PENDING
5281,300,28,55,15,12,19/02/2025,25/02/2025,325.4,758632,Wallet,DELIVERED
5282,445,8,29,20,4,12.05.2025,18.05.2025,346.8,138845,Wallet,Del.
5283,1469,32,10,22,9,"November 28, 2025","December 02, 2025",302.3,481983,Card,FAILED
5284,1639,20,31,10,3,2025/02/02,2025/02/03,92.3,805386,Cash on Delivery,dlvrd
5285,418,20,31,16,18,04-05-2025,04-08-2025,154.7,444058,Bank Transfer,delivered
5286,1034,9,36,5,22,"June 26, 2025","June 28, 2025",230.7,364584,Card,DELIVERED
5287,827,31,15,1,13,"December 11, 2025",,344.1,127513,Bank Transfer,in transit
5288,1264,24,39,12,12,2025/01/30,2025/02/06,36.9,461948,Cash on Delivery,Delivered
5289,296,30,38,6,14,2025-06-15,2025-06-20,239.0,483193,Bank Transfer,DELIVERED
5290,439,33,43,15,20,2025-08-23,2025-08-30,251.7,51641,Cash on Delivery,Faild
5291,1541,19,32,16,12,07/07/2025,12/07/2025,213.3,528980,Card,DELIVERED
5292,812,7,5,19,16,01-Jun-2025,03-Jun-2025,300.2,609271,Cash on Delivery,Delivered
5293,1091,10,7,19,5,21.08.2025,28.08.2025,163.2,399158,Card,Delvered
5294,1065,7,5,2,9,"November 15, 2025",,319.3,534702,Wallet,in transit
5295,561,23,45,22,6,2025-11-24,2025-11-24,300.6,137383,Card,Returned
5296,450,10,7,11,10,"December 02, 2025","December 04, 2025",256.3,42209,Bank Transfer,Retund
5297,343,25,13,16,16,04-14-2025,04-17-2025,169.4,444041,Bank Transfer,delivered
5298,1235,34,52,17,18,26/06/2025,,330.1,254988,Bank Transfer,In Transit
5299,1156,2,28,19,7,"October 03, 2025",,143.0,614312,Wallet,In-Transit
5300,1089,36,49,11,19,21.12.2025,24.12.2025,240.0,72275,Cash on Delivery,failed
5301,602,15,6,7,17,23-Nov-2025,24-Nov-2025,126.2,364436,Card,dlvrd
5302,825,22,26,11,15,"March 17, 2025","March 20, 2025",71.4,5049,Bank Transfer,Delivered
5303,1395,15,6,14,3,2025/08/14,2025/08/16,112.7,263650,Card,Delivered
5304,412,30,38,4,13,10-29-2025,10-30-2025,92.6,676020,Wallet,Delivered
5305,751,14,1,14,7,27-Jun-2025,03-Jul-2025,211.2,721381,Card,Delivered
5306,828,41,22,9,16,02.03.2025,,159.5,289861,Cash on Delivery,In Transit
5307,1148,28,55,17,20,04/10/2025,05/10/2025,227.0,333092,Wallet,RETURNED
5308,939,1,9,4,11,11-01-2025,11-02-2025,237.5,802684,Bank Transfer,dlvrd
5309,218,22,26,9,5,2025/06/06,2025/06/11,20.0,395230,Cash on Delivery,dlvrd
5310,915,40,2,8,15,2025/07/23,2025/07/29,205.9,834888,Card,Retund
5311,1776,16,50,19,12,"March 09, 2025","March 12, 2025",86.3,730673,Card,Failed
5312,1662,19,32,3,19,13.02.2025,13.02.2025,235.8,394173,Card,delivered
5313,1712,38,24,8,14,01/04/2025,03/04/2025,259.2,431653,Card,dlvrd
5314,127,33,43,9,3,15-Feb-2025,,128.0,229989,Card,IN TRANSIT
5315,720,18,27,16,17,30/03/2025,01/04/2025,295.2,21286,Card,Failed
5316,288,32,10,4,7,17/01/2025,24/01/2025,291.3,560361,Bank Transfer,Retund
5317,1141,18,27,2,10,22.09.2025,23.09.2025,292.4,830691,Card,failed
5318,269,36,49,6,13,22-Sep-2025,25-Sep-2025,182.9,458466,Wallet,DELIVERED
5319,1592,21,14,8,7,09-23-2025,09-24-2025,139.1,105524,Wallet,dlvrd
5320,235,9,36,8,14,"August 02, 2025","August 09, 2025",187.7,187741,Bank Transfer,Retund
5321,1407,23,45,13,11,2025/11/11,2025/11/17,283.5,772172,Bank Transfer,delivered
5322,952,22,26,19,16,17-May-2025,20-May-2025,240.5,673411,Cash on Delivery,Delvered
5323,1790,20,31,2,2,28/04/2025,03/05/2025,125.3,286146,Wallet,failed
5324,457,33,43,9,20,05-22-2025,05-25-2025,311.6,357551,Cash on Delivery,FAILED
5325,1391,26,44,12,13,27-Feb-2025,04-Mar-2025,232.3,557320,Card,returned
5326,88,31,15,7,22,"February 11, 2025","February 14, 2025",30.8,622390,Bank Transfer,Delivered
5327,1759,5,30,2,10,09-Jan-2025,,57.0,465266,Wallet,pending
5328,1713,28,55,22,14,22/05/2025,29/05/2025,322.9,162326,Bank Transfer,Delivered
5329,100,14,1,9,4,08-08-2025,08-08-2025,324.1,0,Card,Delvered
5330,597,31,15,20,15,"October 30, 2025","November 05, 2025",208.2,77715,Cash on Delivery,Delivered
5331,547,11,4,6,15,"May 30, 2025","June 05, 2025",350.0,129900,Card,dlvrd
5332,640,6,16,3,5,27/07/2025,02/08/2025,70.5,285793,Wallet,DELIVERED
5333,474,9,36,18,19,17.02.2025,,103.9,109626,Cash on Delivery,PENDING
5334,109,43,54,11,13,"June 27, 2025",,143.4,400140,Cash on Delivery,Pending
5335,1643,27,47,15,9,25/06/2025,,311.5,780830,Wallet,in transit
5336,1028,13,35,10,4,2025/12/22,2025/12/28,6.1,516302,Cash on Delivery,returned
5337,642,23,45,4,20,2025-01-27,2025-02-01,307.0,417249,Wallet,Del.
5338,962,40,2,7,4,2025/06/13,2025/06/17,259.7,589899,Bank Transfer,delivered
5339,204,13,35,16,3,08.02.2025,11.02.2025,118.6,532804,Card,Del.
5340,375,14,1,22,16,07-02-2025,07-05-2025,296.6,107624,Bank Transfer,Delvered
5341,1012,12,42,21,17,2025/08/16,2025/08/17,20.4,552555,Card,Delvered
5342,1447,1000,53,13,14,06-30-2025,06-30-2025,239.5,94583,Cash on Delivery,Del.
5343,81,21,14,4,19,21-Sep-2025,25-Sep-2025,42.9,486152,Bank Transfer,Returned
5344,794,5,30,20,16,"January 10, 2025","January 11, 2025",231.7,149612,Bank Transfer,Retund
5345,481,17,11,6,19,13-Mar-2025,17-Mar-2025,80.5,569898,Card,Del.
5346,660,22,26,12,7,2025/06/05,2025/06/12,123.4,734997,Bank Transfer,dlvrd
5347,741,35,40,7,5,18/12/2025,24/12/2025,241.5,327917,Bank Transfer,Failed
5348,21,18,27,11,12,09-Jul-2025,13-Jul-2025,96.2,622831,Wallet,Del.
5349,92,10,7,20,15,2025/05/15,2025/05/19,249.9,488633,Wallet,delivered
5350,818,29,34,15,7,"October 21, 2025","October 27, 2025",123.8,16830,Cash on Delivery,dlvrd
5351,231,18,27,5,21,"October 13, 2025","October 17, 2025",259.9,661156,Card,dlvrd
5352,1630,9,36,14,11,10/03/2025,12/03/2025,183.1,584152,Card,delivered
5353,1211,23,45,18,17,06/03/2025,12/03/2025,10.3,323839,Card,delivered
5354,1791,9,36,11,3,"March 07, 2025","March 12, 2025",240.5,674133,Bank Transfer,delivered
5355,1000,38,24,3,17,2025/09/28,2025/10/02,293.3,759126,Card,Faild
5356,342,26,44,11,14,2025/03/06,,252.1,804958,Cash on Delivery,pending
5357,1020,17,11,10,5,01/03/2025,07/03/2025,129.3,261703,Card,Retund
5358,626,20,31,9,7,"April 09, 2025","April 12, 2025",174.0,340979,Cash on Delivery,Del.
5359,708,13,35,19,21,2025-12-16,2025-12-17,81.2,798813,Card,dlvrd
5360,149,40,2,4,6,2025-06-20,2025-06-23,133.1,84081,Cash on Delivery,DELIVERED
5361,423,34,52,3,12,08-30-2025,09-06-2025,46.0,98973,Bank Transfer,Delivered
5362,1599,25,13,17,6,08/06/2025,09/06/2025,164.7,727317,Cash on Delivery,Del.
5363,1675,39,19,12,5,25/05/2025,29/05/2025,284.6,388057,Bank Transfer,Delivered
5364,698,22,26,8,7,2025-10-07,2025-10-11,287.9,352183,Cash on Delivery,Failed
5365,964,15,6,20,20,2025/09/07,2025/09/11,250.5,484553,Cash on Delivery,failed
5366,517,37,46,9,7,02-15-2025,02-17-2025,335.6,376208,Bank Transfer,DELIVERED
5367,357,34,52,10,5,"June 01, 2025",,43.1,554071,Bank Transfer,pending
5368,466,12,42,9,20,"October 16, 2025","October 17, 2025",170.0,308113,Bank Transfer,Delivered
5369,324,42,53,11,12,"October 23, 2025","October 28, 2025",120.1,142401,Cash on Delivery,RETURNED
5370,667,16,50,15,16,20-Jun-2025,26-Jun-2025,90.0,648220,Wallet,dlvrd
5371,815,15,6,7,22,10/03/2025,16/03/2025,179.1,426285,Bank Transfer,Delivered
5372,1775,19,32,15,5,14.01.2025,,317.0,548985,Bank Transfer,Pending
5373,1780,20,31,19,8,2025/06/13,2025/06/16,249.5,82336,Wallet,Delvered
5374,1114,19,32,11,16,2025-09-25,2025-10-01,62.4,538980,Wallet,delivered
5375,1450,15,6,2,2,17-Dec-2025,21-Dec-2025,33.0,668504,Bank Transfer,dlvrd
5376,918,29,34,4,13,28.11.2025,04.12.2025,68.6,610431,Card,dlvrd
5377,975,40,2,16,11,22/12/2025,24/12/2025,206.0,487460,Cash on Delivery,Delivered
5378,968,29,34,1,6,09-15-2025,,100.0,15315,Wallet,In-Transit
5379,1330,32,10,18,14,25-Aug-2025,28-Aug-2025,121.2,423452,Card,Delivered
5380,30,4,18,18,6,29/08/2025,29/08/2025,255.3,323761,Bank Transfer,Del.
5381,1651,9,36,18,18,27.03.2025,01.04.2025,149.8,360573,Bank Transfer,DELIVERED
5382,1205,36,49,22,10,13.05.2025,,262.6,270660,Card,PENDING
5383,147,13,35,20,11,02-24-2025,03-02-2025,319.9,34464,Cash on Delivery,delivered
5384,1228,14,1,18,2,01-24-2025,01-29-2025,323.3,0,Wallet,Delivered
5385,557,4,18,19,16,2025-04-16,2025-04-17,288.7,643343,Wallet,Del.
5386,1605,6,16,15,5,21/01/2025,24/01/2025,291.0,42545,Bank Transfer,DELIVERED
5387,159,29,34,14,22,2025-09-04,2025-09-07,16.7,733050,Bank Transfer,Delivered
5388,525,18,27,14,7,2025-06-02,,327.7,236894,Cash on Delivery,Pending
5389,1407,2,28,11,9,2025-11-23,2025-11-27,187.6,785749,Cash on Delivery,RETURNED
5390,1079,36,49,1,10,15-Jul-2025,16-Jul-2025,267.8,54952,Card,Delvered
5391,813,20,31,16,12,2025-11-21,,321.1,756086,Cash on Delivery,In-Transit
5392,609,6,16,6,18,16.02.2025,20.02.2025,218.9,479966,Cash on Delivery,dlvrd
5393,798,29,34,10,11,30-Dec-2025,01-Jan-2026,259.3,754177,Card,Del.
5394,1651,4,18,2,2,05-17-2025,05-19-2025,219.0,675642,Wallet,dlvrd
5395,435,6,16,11,22,03-30-2025,03-31-2025,347.7,98298,Card,Delvered
5396,1200,39,19,12,5,2025-03-11,2025-03-13,346.4,737600,Card,delivered
5397,1628,2,28,9,12,11-Dec-2025,11-Dec-2025,130.9,624798,Card,Returned
5398,1425,5,30,19,14,21-Jun-2025,23-Jun-2025,221.0,3975,Wallet,Delvered
5399,562,15,6,12,5,03-Feb-2025,04-Feb-2025,24.9,527153,Cash on Delivery,FAILED
5400,1202,24,39,2,10,07.11.2025,13.11.2025,-60.9,470607,Bank Transfer,Delvered
5401,254,36,49,1,16,28.07.2025,,183.9,50870,Wallet,In-Transit
5402,84,23,45,13,13,2025/07/25,,-268.4,138527,Card,Pending
5403,775,40,2,8,11,2025/10/07,,135.5,534642,Card,PENDING
5404,771,6,16,3,1,08-28-2025,09-03-2025,-45.5,723015,Wallet,dlvrd
5405,637,19,32,9,7,2025/12/29,2025/12/30,235.0,230431,Cash on Delivery,Del.
5406,1586,17,11,13,22,11-Dec-2025,12-Dec-2025,47.3,615326,Bank Transfer,delivered
5407,1097,3,12,1,1,08/01/2025,09/01/2025,14.5,525643,Bank Transfer,Delivered
5408,1689,19,32,2,19,09-Dec-2025,14-Dec-2025,218.0,291301,Bank Transfer,delivered
5409,103,42,53,7,8,03/11/2025,09/11/2025,123.8,273173,Bank Transfer,Failed
5410,577,35,40,8,1,25/04/2025,,270.0,242746,Card,PENDING
5411,1250,11,4,20,8,2025/06/20,2025/06/24,189.0,576439,Wallet,Delivered
5412,1755,8,29,15,3,2025-08-20,2025-08-20,170.9,331246,Bank Transfer,Delivered
5413,1268,26,44,18,15,07-31-2025,08-06-2025,240.7,674614,Card,Delivered
5414,601,10,7,16,1,21-Sep-2025,27-Sep-2025,162.8,743002,Wallet,RETURNED
5415,956,34,52,20,13,2025-06-03,2025-06-06,184.1,302716,Card,RETURNED
5416,1143,31,15,11,10,"October 06, 2025","October 11, 2025",290.2,637510,Card,delivered
5417,993,26,44,21,5,2025/11/22,2025/11/22,267.2,109591,Bank Transfer,dlvrd
5418,602,11,4,10,20,2025-12-17,2025-12-20,127.1,708408,Wallet,Returned
5419,461,21,14,21,9,"May 20, 2025","May 25, 2025",269.1,204794,Cash on Delivery,returned
5420,1515,4,18,6,4,07-04-2025,07-09-2025,312.0,821060,Wallet,Delvered
5421,1233,29,34,2,1,11-Sep-2025,18-Sep-2025,103.0,564635,Wallet,Del.
5422,870,28,55,15,22,16/09/2025,17/09/2025,220.6,633054,Card,Del.
5423,605,25,13,10,18,"July 11, 2025","July 13, 2025",184.9,648439,Bank Transfer,Delivered
5424,758,44,51,21,21,06.08.2025,12.08.2025,332.7,308960,Bank Transfer,DELIVERED
5425,1,16,50,3,7,25-Jan-2025,29-Jan-2025,23.0,89075,Wallet,Retund
5426,732,41,22,1,4,"January 02, 2025",,119.5,496697,Bank Transfer,In-Transit
5427,1585,30,38,12,3,08-01-2025,08-06-2025,32.0,57851,Bank Transfer,FAILED
5428,1160,16,50,13,6,13.06.2025,,128.0,301000,Wallet,PENDING
5429,1018,25,13,6,8,2025-06-01,2025-06-05,188.9,674086,Cash on Delivery,Delvered
5430,1685,40,2,21,14,09-Jul-2025,11-Jul-2025,200.5,844908,Wallet,FAILED
5431,60,2,28,16,2,2025/03/05,2025/03/06,90.6,84757,Wallet,Retund
5432,584,36,49,7,19,2025-05-22,2025-05-27,344.7,448777,Bank Transfer,Delivered
5433,1360,34,52,19,3,25/07/2025,28/07/2025,59.5,728314,Bank Transfer,Failed
5434,1761,44,51,21,22,29-Jan-2025,,53.1,69882,Wallet,in transit
5435,810,26,44,8,14,25-Aug-2025,26-Aug-2025,296.1,390006,Card,Delvered
5436,1273,11,4,17,19,01-04-2025,01-10-2025,42.6,253565,Cash on Delivery,delivered
5437,1078,36,49,19,11,2025-08-26,2025-09-01,310.6,550224,Wallet,DELIVERED
5438,573,16,50,18,7,23/12/2025,29/12/2025,305.3,161356,Card,DELIVERED
5439,1405,18,27,3,10,25-Sep-2025,27-Sep-2025,298.4,68817,Bank Transfer,Delvered
5440,1726,4,18,15,16,24.07.2025,28.07.2025,139.6,611834,Bank Transfer,dlvrd
5441,1179,40,2,21,22,16.06.2025,19.06.2025,251.3,707332,Wallet,dlvrd
5442,627,39,19,12,15,2025/03/05,2025/03/12,204.8,57044,Bank Transfer,DELIVERED
5443,1308,36,49,21,17,"September 23, 2025","September 26, 2025",113.0,283590,Bank Transfer,RETURNED
5444,746,20,31,14,14,2025-03-17,2025-03-23,336.5,416631,Card,Failed
5445,628,19,32,5,6,31/03/2025,06/04/2025,9.6,260526,Card,Del.
5446,1643,42,53,10,4,04.10.2025,,313.6,44539,Cash on Delivery,pending
5447,49,44,51,11,2,2025/10/17,2025/10/21,155.1,48505,Card,returned
5448,580,9,36,11,20,18-Aug-2025,21-Aug-2025,189.5,109364,Wallet,delivered
5449,835,15,6,20,14,13.02.2025,19.02.2025,314.3,810720,Wallet,Del.
5450,1645,42,53,16,6,"May 01, 2025","May 07, 2025",97.5,89771,Bank Transfer,returned
5451,261,38,24,15,3,23/12/2025,25/12/2025,270.1,242541,Wallet,Returned
5452,274,22,26,15,20,"April 24, 2025","April 29, 2025",78.8,53604,Wallet,dlvrd
5453,1397,28,55,6,11,02-03-2025,02-04-2025,6.8,572902,Card,dlvrd
5454,1357,26,44,22,18,"January 05, 2025","January 07, 2025",301.6,735797,Cash on Delivery,Del.
5455,727,13,35,6,10,2025-12-25,2025-12-28,132.7,582544,Cash on Delivery,Del.
5456,1748,11,4,6,6,2025/08/03,2025/08/07,36.3,388133,Cash on Delivery,dlvrd
5457,1190,21,14,8,6,31-Mar-2025,05-Apr-2025,242.7,816292,Wallet,Delvered
5458,1064,28,55,12,1,05-Jan-2025,06-Jan-2025,282.6,699143,Bank Transfer,delivered
5459,532,13,35,18,15,2025/04/12,2025/04/13,211.3,785657,Bank Transfer,DELIVERED
5460,1027,24,39,13,21,2025-09-09,2025-09-11,215.9,55889,Bank Transfer,Delivered
5461,934,40,2,12,10,2025-03-30,2025-04-01,11.7,703149,Wallet,delivered
5462,1037,20,31,10,12,2025/08/06,2025/08/09,279.7,617950,Wallet,Delvered
5463,470,28,55,20,8,21.03.2025,24.03.2025,247.2,354326,Cash on Delivery,Del.
5464,1137,34,52,13,3,02.05.2025,02.05.2025,87.3,678662,Card,delivered
5465,63,15,6,19,1,08.10.2025,12.10.2025,7.3,203003,Cash on Delivery,Delivered
5466,234,16,50,10,5,"February 17, 2025","February 20, 2025",79.4,754490,Cash on Delivery,RETURNED
5467,1306,6,16,10,17,2025-05-09,2025-05-11,333.7,612308,Bank Transfer,delivered
5468,103,40,2,11,1,"February 09, 2025","February 13, 2025",98.4,778009,Card,delivered
5469,375,11,4,3,4,11-26-2025,11-26-2025,245.8,796783,Card,Returned
5470,1369,33,43,12,3,2025/05/15,,49.4,121731,Cash on Delivery,pending
5471,1422,31,15,9,20,09/02/2025,15/02/2025,204.1,428376,Wallet,Del.
5472,88,42,53,5,3,04/05/2025,11/05/2025,149.8,0,Cash on Delivery,Delvered
5473,562,6,16,12,8,2025/07/03,2025/07/08,16.1,728441,Wallet,delivered
5474,806,15,6,6,1,11/04/2025,14/04/2025,332.0,52832,Wallet,Faild
5475,1615,43,54,13,18,01/12/2025,02/12/2025,72.4,463474,Cash on Delivery,delivered
5476,1108,10,7,8,12,15.11.2025,18.11.2025,164.8,241989,Bank Transfer,Delvered
5477,969,41,22,1,12,11/12/2025,,147.9,,Wallet,PENDING
5478,938,10,7,2,2,03-Aug-2025,07-Aug-2025,342.9,83436,Wallet,Delvered
5479,585,23,45,6,9,04-24-2025,04-28-2025,179.2,542535,Cash on Delivery,Delivered
5480,1635,7,5,20,22,"April 08, 2025","April 10, 2025",63.6,795060,Card,Delvered
5481,1616,23,45,8,18,2025-07-09,2025-07-11,282.3,36741,Wallet,Retund
5482,812,22,26,17,12,13.02.2025,19.02.2025,104.3,103417,Card,Delvered
5483,1078,21,14,11,18,10-20-2025,10-20-2025,203.8,643122,Cash on Delivery,Del.
5484,253,22,26,15,3,07-31-2025,08-02-2025,233.6,214353,Bank Transfer,Del.
5485,203,33,43,4,21,23-Aug-2025,,26.3,187751,Wallet,In-Transit
5486,1141,44,51,11,9,2025/12/27,2025/12/28,222.2,25563,Cash on Delivery,delivered
5487,763,39,19,5,7,12.07.2025,16.07.2025,7.9,537725,Bank Transfer,FAILED
5488,235,13,35,8,22,2025/08/30,2025/09/03,299.3,46157,Wallet,delivered
5489,723,38,24,6,20,2025/08/10,2025/08/10,140.3,611744,Wallet,Delvered
5490,415,23,45,14,11,2025-11-05,2025-11-11,320.5,41090,Bank Transfer,Delivered
5491,210,13,35,19,6,04/10/2025,07/10/2025,148.9,488904,Bank Transfer,Del.
5492,1786,42,53,11,18,27.04.2025,01.05.2025,132.7,453639,Card,Delvered
5493,686,33,43,8,2,13/12/2025,19/12/2025,304.2,379694,Card,delivered
5494,506,11,4,1,16,2025/08/27,2025/08/31,240.5,829022,Cash on Delivery,Delvered
5495,1261,22,26,5,13,2025/01/07,2025/01/10,328.0,455119,Card,Del.
5496,1630,13,35,5,2,12/08/2025,,344.4,24873,Card,Pending
5497,332,40,2,9,8,28/05/2025,31/05/2025,-197.0,848977,Bank Transfer,dlvrd
5498,1143,36,49,4,18,"June 06, 2025",,207.6,475530,Wallet,Pending
5499,879,42,53,6,14,2025-02-01,2025-02-08,143.7,419606,Card,returned
5500,1197,24,39,9,17,"June 03, 2025","June 08, 2025",250.0,225419,Wallet,Del.
5501,1309,23,45,20,12,2025-10-11,,303.5,120644,Card,Pending
5502,1227,19,32,9,11,11/11/2025,14/11/2025,16.3,138521,Cash on Delivery,Del.
5503,66,6,16,1,21,23-Feb-2025,28-Feb-2025,205.7,298401,Bank Transfer,Delvered
5504,172,3,12,16,11,"April 16, 2025",,216.4,774060,Cash on Delivery,pending
5505,304,21,14,17,10,22/04/2025,,239.1,173604,Bank Transfer,pending
5506,492,19,32,2,7,05-22-2025,,347.3,293498,Card,pending
5507,1009,24,39,1,13,2025/11/22,2025/11/28,124.2,372397,Bank Transfer,DELIVERED
5508,344,25,13,5,12,05.08.2025,10.08.2025,-301.1,467856,Bank Transfer,DELIVERED
5509,1462,35,40,17,5,18-May-2025,19-May-2025,86.5,716636,Card,dlvrd
5510,835,3,12,5,13,2025-09-29,,327.8,510395,Wallet,pending
5511,293,36,49,16,19,"December 20, 2025","December 24, 2025",214.7,775338,Card,Delivered
5512,264,32,10,6,16,2025-08-23,2025-08-29,164.9,7481,Card,delivered
5513,956,25,13,22,20,2025-05-24,2025-05-28,299.8,695630,Card,Del.
5514,373,4,18,14,3,2025/03/17,2025/03/20,294.1,396888,Bank Transfer,delivered
5515,1741,8,29,21,16,19/12/2025,19/12/2025,41.7,220696,Cash on Delivery,delivered
5516,937,38,24,12,4,11/03/2025,16/03/2025,310.8,89838,Cash on Delivery,Delivered
5517,1026,40,2,10,6,2025-12-02,2025-12-04,177.2,270203,Card,dlvrd
5518,135,25,13,12,12,2025/04/20,2025/04/20,135.6,0,Cash on Delivery,Faild
5519,1286,15,6,13,13,2025/04/03,2025/04/04,345.3,448212,Cash on Delivery,delivered
5520,619,22,26,2,12,05-May-2025,12-May-2025,149.0,437455,Card,DELIVERED
5521,517,13,35,9,3,08.04.2025,11.04.2025,259.6,845706,Bank Transfer,FAILED
5522,1596,27,47,18,1,25/05/2025,26/05/2025,279.3,177518,Bank Transfer,Faild
5523,387,13,35,17,14,2025-01-09,2025-01-14,76.3,806502,Cash on Delivery,delivered
5524,1184,19,32,4,12,29.09.2025,06.10.2025,300.3,123214,Card,failed
5525,710,11,4,21,15,12/04/2025,19/04/2025,110.9,126906,Card,RETURNED
5526,1031,11,4,16,15,"December 02, 2025",,168.9,735799,Card,in transit
5527,1528,30,38,16,18,07-26-2025,08-02-2025,203.9,57880,Cash on Delivery,DELIVERED
5528,1426,31,15,15,10,09-Mar-2025,14-Mar-2025,10.6,749068,Bank Transfer,Failed
5529,365,1,9,13,3,2025/06/16,2025/06/18,236.7,814241,Bank Transfer,Del.
5530,861,9,36,3,18,10-11-2025,10-16-2025,238.5,818456,Cash on Delivery,delivered
5531,636,36,49,5,8,"June 30, 2025","July 04, 2025",78.7,221699,Card,Delvered
5532,140,35,40,22,6,2025/12/02,2025/12/07,186.0,794711,Wallet,delivered
5533,1525,8,29,21,10,14-Mar-2025,18-Mar-2025,109.0,612307,Bank Transfer,dlvrd
5534,1338,41,22,7,13,09/10/2025,,51.7,506105,Wallet,Pending
5535,375,14,1,8,6,12-09-2025,,264.8,780623,Card,pending
5536,1344,23,45,14,12,"June 15, 2025","June 18, 2025",182.5,509126,Wallet,Returned
5537,341,41,22,5,19,2025/07/02,2025/07/07,173.8,543158,Card,DELIVERED
5538,447,25,13,15,13,2025-11-13,2025-11-15,277.0,507891,Card,dlvrd
5539,1605,3,12,19,7,2025-01-10,2025-01-15,85.8,460589,Cash on Delivery,delivered
5540,62,31,15,16,19,17-Sep-2025,22-Sep-2025,95.4,713789,Card,DELIVERED
5541,113,27,47,6,21,2025/06/28,2025/07/04,53.2,160059,Wallet,Del.
5542,1123,4,18,9,19,01-07-2025,01-12-2025,125.0,602564,Bank Transfer,delivered
5543,1720,13,35,12,5,2025-08-04,2025-08-09,209.0,62076,Card,RETURNED
5544,1346,41,22,15,19,"March 31, 2025","April 05, 2025",166.2,660544,Cash on Delivery,delivered
5545,157,37,46,12,12,30/12/2025,,139.8,636514,Wallet,IN TRANSIT
5546,978,28,55,3,14,17.10.2025,22.10.2025,242.3,575888,Card,Returned
5547,628,9,36,13,13,01.01.2025,02.01.2025,204.7,147112,Card,Del.
5548,499,9,36,3,3,"March 22, 2025","March 24, 2025",268.6,267160,Bank Transfer,dlvrd
5549,1089,18,27,7,3,19-Jan-2025,25-Jan-2025,171.7,456382,Cash on Delivery,delivered
5550,817,41,22,4,8,07/07/2025,14/07/2025,125.7,561684,Wallet,Returned
5551,1037,4,18,7,5,2025/03/15,2025/03/18,285.9,599267,Cash on Delivery,dlvrd
5552,1586,9,36,15,12,11-02-2025,11-07-2025,169.8,55672,Card,dlvrd
5553,272,18,27,4,4,2025/09/14,2025/09/20,83.7,84607,Cash on Delivery,Delivered
5554,383,999,14,1,2,"October 07, 2025",,80.7,727522,Card,pending
5555,450,3,12,8,4,"September 20, 2025","September 26, 2025",202.5,647274,Wallet,Failed
5556,1504,37,46,19,16,2025-11-10,2025-11-14,183.2,784552,Bank Transfer,delivered
5557,209,22,26,2,11,19-Sep-2025,,192.2,138004,Bank Transfer,pending
5558,1442,8,29,22,15,10-Nov-2025,11-Nov-2025,318.3,722637,Bank Transfer,delivered
5559,1531,6,16,1,4,09-08-2025,,189.1,35422,Wallet,In Transit
5560,69,27,47,15,5,2025/04/20,2025/04/22,184.0,213734,Bank Transfer,FAILED
5561,1151,17,11,20,8,06/06/2025,13/06/2025,54.5,309017,Bank Transfer,DELIVERED
5562,1320,6,16,22,2,03-Apr-2025,06-Apr-2025,254.7,67792,Bank Transfer,Delivered
5563,64,32,10,1,16,12-31-2025,01-06-2026,219.1,67627,Cash on Delivery,delivered
5564,608,10,7,13,5,2025-09-13,2025-09-15,292.1,210786,Cash on Delivery,Returned
5565,885,27,47,17,1,2025-08-23,2025-08-25,76.9,576616,Wallet,Delvered
5566,1435,26,44,14,18,20-Mar-2025,22-Mar-2025,234.5,30257,Bank Transfer,dlvrd
5567,4,12,42,9,12,"April 06, 2025","April 11, 2025",320.3,617886,Card,dlvrd
5568,1760,36,49,11,4,2025-01-08,2025-01-11,230.5,268206,Card,Del.
5569,764,22,26,7,18,03.10.2025,,318.2,11255,Bank Transfer,in transit
5570,344,33,43,4,11,03.06.2025,08.06.2025,229.9,816844,Bank Transfer,Delvered
5571,484,24,39,7,22,"November 10, 2025","November 17, 2025",138.7,770902,Cash on Delivery,Delvered
5572,1348,1000,24,10,3,"January 13, 2025","January 15, 2025",327.7,838413,Card,Delvered
5573,337,35,40,3,15,"June 22, 2025",,179.9,740717,Cash on Delivery,Pending
5574,128,41,22,7,2,15.06.2025,17.06.2025,322.9,115173,Bank Transfer,FAILED
5575,167,25,13,12,8,07-Jul-2025,,295.9,665404,Wallet,In-Transit
5576,1658,25,13,2,12,25.09.2025,28.09.2025,330.5,330954,Bank Transfer,Del.
5577,782,19,32,5,2,2025/02/09,2025/02/15,66.3,0,Cash on Delivery,Del.
5578,97,6,16,16,21,2025/01/03,2025/01/08,347.0,76674,Card,DELIVERED
5579,1644,4,18,10,9,2025-01-03,2025-01-09,49.8,371569,Cash on Delivery,DELIVERED
5580,1088,6,16,16,8,"April 10, 2025","April 12, 2025",304.3,204028,Cash on Delivery,DELIVERED
5581,657,5,30,11,22,"May 28, 2025",,241.5,155419,Card,PENDING
5582,857,13,35,20,5,"January 26, 2025","January 28, 2025",80.5,184870,Bank Transfer,DELIVERED
5583,1158,999,42,4,20,"August 14, 2025","August 20, 2025",343.2,604609,Wallet,Delivered
5584,277,31,15,19,11,2025/10/04,2025/10/05,-202.4,321502,Bank Transfer,Del.
5585,1286,17,11,22,12,"November 14, 2025",,257.6,846627,Cash on Delivery,In-Transit
5586,1,34,52,16,10,15/02/2025,,319.8,0,Cash on Delivery,Pending
5587,1646,1,9,2,3,2025/03/18,2025/03/18,118.1,53950,Wallet,Delivered
5588,1278,26,44,20,15,25/04/2025,02/05/2025,41.3,186319,Cash on Delivery,Delvered
5589,472,26,44,1,13,"July 12, 2025","July 18, 2025",127.7,86156,Card,Failed
5590,1604,26,44,11,17,"December 25, 2025",,10.7,754676,Wallet,In-Transit
5591,318,25,13,2,13,2025/03/19,2025/03/23,116.1,509827,Bank Transfer,DELIVERED
5592,985,10,7,6,3,12-Mar-2025,14-Mar-2025,96.9,239865,Bank Transfer,delivered
5593,621,3,12,2,7,2025/02/03,2025/02/07,95.2,310675,Wallet,DELIVERED
5594,924,28,55,21,16,09-Apr-2025,,239.2,68422,Cash on Delivery,In-Transit
5595,519,11,4,6,22,19/08/2025,,-57.1,398971,Cash on Delivery,IN TRANSIT
5596,1278,2,28,12,6,09.01.2025,,21.8,794233,Wallet,IN TRANSIT
5597,1387,37,46,17,15,14-May-2025,15-May-2025,91.5,247404,Card,dlvrd
5598,581,14,1,11,10,22/03/2025,23/03/2025,188.7,139644,Wallet,Delvered
5599,399,9,36,8,5,2025-03-23,2025-03-24,58.2,627188,Cash on Delivery,Delvered
5600,856,30,38,18,2,2025/04/29,2025/05/01,260.6,33496,Cash on Delivery,Delvered
5601,1495,11,4,22,14,18-Nov-2025,,328.6,592159,Bank Transfer,in transit
5602,1793,44,51,17,6,10-08-2025,10-10-2025,257.6,20343,Bank Transfer,dlvrd
5603,600,32,10,16,1,"July 17, 2025","July 23, 2025",266.7,642624,Cash on Delivery,delivered
5604,1514,38,24,11,12,"May 14, 2025","May 14, 2025",205.8,95975,Card,Del.
5605,322,41,22,19,17,21-Oct-2025,,36.4,340556,Cash on Delivery,In Transit
5606,751,34,52,2,1,29.01.2025,05.02.2025,163.2,537831,Card,Delivered
5607,212,19,32,20,16,"March 21, 2025","March 23, 2025",95.8,,Bank Transfer,delivered
5608,186,33,43,17,8,"November 01, 2025","November 07, 2025",269.6,318162,Card,DELIVERED
5609,1498,35,40,12,14,30-May-2025,30-May-2025,63.9,207616,Card,delivered
5610,1261,25,13,9,13,"December 20, 2025","December 25, 2025",241.6,702317,Bank Transfer,dlvrd
5611,1448,17,11,18,5,09-Apr-2025,13-Apr-2025,84.9,156356,Card,DELIVERED
5612,525,1000,3,9,13,"June 07, 2025","June 11, 2025",318.2,354599,Wallet,dlvrd
5613,1441,28,55,11,2,21.12.2025,27.12.2025,347.3,103186,Card,Delivered
5614,266,9,36,12,8,01-16-2025,01-22-2025,70.5,275284,Card,Del.
5615,1763,2,28,17,13,2025-06-11,,229.7,356226,Wallet,In Transit
5616,652,21,14,16,14,26-Jun-2025,01-Jul-2025,306.5,684672,Card,Delivered
5617,1470,20,31,3,22,"May 01, 2025",,30.7,89923,Cash on Delivery,PENDING
5618,1607,40,2,21,21,2025/02/26,2025/02/28,272.3,736416,Wallet,DELIVERED
5619,2,2,28,8,18,"January 25, 2025","January 30, 2025",55.4,717537,Card,dlvrd
5620,1531,10,7,4,17,2025/06/25,2025/06/29,328.9,227474,Card,Del.
5621,1425,20,31,16,2,"March 15, 2025","March 17, 2025",120.3,653404,Cash on Delivery,Delivered
5622,863,29,34,19,13,2025-06-19,2025-06-21,243.7,308338,Wallet,DELIVERED
5623,563,34,52,14,11,2025-10-21,2025-10-24,238.4,731423,Bank Transfer,delivered
5624,1678,3,12,17,17,04-07-2025,04-09-2025,314.5,417477,Wallet,Del.
5625,979,19,32,13,16,07-Jun-2025,07-Jun-2025,126.8,838688,Cash on Delivery,failed
5626,1240,37,46,4,4,01-20-2025,,172.5,365543,Bank Transfer,in transit
5627,938,1,9,4,8,29.03.2025,01.04.2025,36.9,19029,Card,Delvered
5628,1276,30,38,12,22,01.10.2025,06.10.2025,28.6,626491,Bank Transfer,Delvered
5629,1569,19,32,12,5,"December 16, 2025","December 17, 2025",266.8,,Bank Transfer,returned
5630,1278,34,52,5,22,2025-08-08,2025-08-12,248.4,309811,Wallet,FAILED
5631,395,2,28,19,2,08-13-2025,08-20-2025,162.0,0,Cash on Delivery,failed
5632,289,9,36,5,16,03-30-2025,04-01-2025,300.1,,Bank Transfer,Delivered
5633,120,30,38,6,4,2025/01/30,2025/02/02,19.7,,Bank Transfer,dlvrd
5634,1040,7,5,3,13,30/01/2025,30/01/2025,38.1,68119,Bank Transfer,DELIVERED
5635,249,16,50,14,16,2025-03-11,2025-03-14,108.9,630260,Wallet,dlvrd
5636,135,26,44,6,17,2025-02-14,,298.1,345627,Card,IN TRANSIT
5637,1755,43,54,7,15,01.07.2025,06.07.2025,188.7,187840,Card,Del.
5638,1639,6,16,1,18,2025-07-25,2025-07-29,183.4,454742,Cash on Delivery,dlvrd
5639,916,15,6,20,1,2025/06/21,,333.5,322688,Cash on Delivery,In-Transit
5640,1209,32,10,13,18,23.01.2025,27.01.2025,157.6,608122,Card,RETURNED
5641,1526,29,34,11,13,26.09.2025,29.09.2025,317.8,236301,Wallet,Delvered
5642,1333,1000,43,3,19,2025-04-26,2025-04-29,201.7,232924,Wallet,Del.
5643,378,15,6,12,14,16.11.2025,,39.5,685558,Bank Transfer,IN TRANSIT
5644,1408,24,39,13,6,2025-03-12,2025-03-18,53.8,199080,Wallet,Retund
5645,929,37,46,10,5,21/11/2025,22/11/2025,324.9,4756,Wallet,delivered
5646,553,42,53,5,9,2025-05-25,2025-06-01,130.2,572067,Wallet,Delvered
5647,433,3,12,13,22,2025/05/06,2025/05/10,285.8,250686,Bank Transfer,DELIVERED
5648,1026,31,15,12,16,2025-01-17,,118.0,122778,Bank Transfer,Pending
5649,610,31,15,19,1,12.07.2025,17.07.2025,191.8,154452,Wallet,Faild
5650,601,43,54,14,17,04-18-2025,04-25-2025,200.4,632680,Bank Transfer,DELIVERED
5651,1443,33,43,15,17,25-May-2025,29-May-2025,232.1,439895,Wallet,Del.
5652,732,19,32,15,15,2025-02-17,2025-02-17,210.1,118856,Wallet,Delvered
5653,839,35,40,13,18,"January 02, 2025","January 04, 2025",205.4,483725,Card,DELIVERED
5654,1513,7,5,3,1,25.11.2025,30.11.2025,188.1,781626,Wallet,Delivered
5655,1434,27,47,9,14,"July 13, 2025","July 14, 2025",159.4,502077,Cash on Delivery,Retund
5656,309,29,34,7,5,18.04.2025,18.04.2025,152.8,291482,Card,Del.
5657,598,25,13,6,9,"April 10, 2025","April 17, 2025",228.1,238486,Bank Transfer,Delvered
5658,202,14,1,18,21,25/11/2025,27/11/2025,54.4,791179,Card,Del.
5659,40,30,38,22,7,"May 08, 2025","May 09, 2025",-302.9,752502,Card,DELIVERED
5660,742,19,32,2,8,09.09.2025,,321.5,368914,Cash on Delivery,PENDING
5661,1573,33,43,18,7,09.06.2025,13.06.2025,55.6,749027,Card,Delivered
5662,586,42,53,4,19,02-14-2025,02-20-2025,-283.2,545189,Bank Transfer,returned
5663,1090,999,54,15,20,31/07/2025,,52.7,251513,Wallet,IN TRANSIT
5664,1026,10,7,9,22,05.02.2025,06.02.2025,278.2,142460,Bank Transfer,RETURNED
5665,407,40,2,4,12,"February 23, 2025","February 24, 2025",238.5,816038,Cash on Delivery,RETURNED
5666,1053,10,7,12,4,"February 08, 2025",,178.7,432286,Cash on Delivery,In-Transit
5667,328,40,2,10,12,25/09/2025,30/09/2025,211.6,784958,Wallet,DELIVERED
5668,1726,13,35,8,12,"January 27, 2025","January 27, 2025",78.1,843271,Wallet,delivered
5669,1342,30,38,13,12,09-22-2025,09-25-2025,213.9,233809,Wallet,Del.
5670,1588,1001,19,19,9,"November 12, 2025","November 17, 2025",49.0,545951,Cash on Delivery,Del.
5671,507,17,11,20,1,27-Oct-2025,29-Oct-2025,13.7,459206,Card,dlvrd
5672,1105,7,5,11,11,07-Nov-2025,09-Nov-2025,279.5,801291,Wallet,DELIVERED
5673,1532,22,26,16,6,27-Jun-2025,29-Jun-2025,272.2,315822,Cash on Delivery,dlvrd
5674,1113,16,50,13,20,21/12/2025,22/12/2025,68.4,327094,Card,delivered
5675,1748,44,51,17,7,"October 10, 2025","October 13, 2025",280.3,715258,Bank Transfer,Delvered
5676,398,32,10,1,21,23/04/2025,27/04/2025,212.3,463608,Wallet,Delvered
5677,55,15,6,8,21,2025/05/18,2025/05/22,39.5,844084,Wallet,Delivered
5678,292,7,5,6,21,01-22-2025,,262.3,236851,Wallet,pending
5679,890,41,22,5,13,08-Jun-2025,12-Jun-2025,268.6,440087,Wallet,DELIVERED
5680,1107,18,27,19,2,17-Apr-2025,20-Apr-2025,278.8,214172,Cash on Delivery,Delvered
5681,405,32,10,3,19,24-Aug-2025,25-Aug-2025,90.2,590832,Card,dlvrd
5682,240,18,27,10,21,07-23-2025,07-24-2025,147.6,289974,Wallet,dlvrd
5683,1249,36,49,15,16,03-10-2025,,342.5,553384,Card,PENDING
5684,353,34,52,21,20,20/07/2025,,83.0,256019,Bank Transfer,In-Transit
5685,786,31,15,7,16,06-07-2025,06-07-2025,112.4,289578,Bank Transfer,Delvered
5686,1767,32,10,21,3,01.08.2025,06.08.2025,150.1,25278,Cash on Delivery,dlvrd
5687,469,4,18,3,7,"February 01, 2025","February 03, 2025",42.2,638724,Bank Transfer,DELIVERED
5688,31,6,16,3,3,2025-04-16,2025-04-16,296.3,789967,Wallet,Retund
5689,746,18,27,9,7,"November 04, 2025","November 05, 2025",273.3,171853,Bank Transfer,Del.
5690,1539,31,15,13,9,20/09/2025,24/09/2025,119.3,597022,Wallet,Del.
5691,69,36,49,13,16,03/05/2025,05/05/2025,189.4,83033,Wallet,delivered
5692,1231,44,51,11,18,"April 08, 2025","April 08, 2025",260.0,5603,Wallet,Delvered
5693,1447,44,51,14,14,21.10.2025,24.10.2025,335.1,425301,Cash on Delivery,FAILED
5694,101,36,49,3,6,2025/11/08,,38.9,516136,Bank Transfer,PENDING
5695,1096,14,1,16,22,13.08.2025,,292.5,444798,Wallet,In Transit
5696,840,6,16,5,21,2025/02/16,2025/02/22,118.6,637365,Cash on Delivery,DELIVERED
5697,670,5,30,4,3,23/07/2025,,306.3,799144,Wallet,In Transit
5698,580,27,47,15,1,2025/09/22,2025/09/28,2.5,787840,Wallet,Delvered
5699,569,35,40,5,6,2025/04/17,,226.5,653444,Card,Pending
5700,145,1,9,16,18,18/06/2025,19/06/2025,180.5,81371,Cash on Delivery,delivered
5701,444,5,30,7,5,04-Mar-2025,11-Mar-2025,148.4,234002,Cash on Delivery,Faild
5702,1622,21,14,5,2,14.08.2025,19.08.2025,340.9,213009,Card,FAILED
5703,1590,28,55,18,11,2025/08/30,2025/09/06,221.1,423918,Wallet,dlvrd
5704,635,18,27,22,18,2025-05-27,2025-05-27,58.3,278970,Cash on Delivery,dlvrd
5705,920,17,11,12,17,08/03/2025,,130.3,562778,Bank Transfer,pending
5706,710,37,46,6,10,"November 07, 2025","November 07, 2025",247.9,,Card,Delvered
5707,847,22,26,13,4,28-Oct-2025,,128.7,298534,Card,in transit
5708,1181,10,7,11,4,02.07.2025,04.07.2025,258.2,671161,Card,Delvered
5709,1603,1001,2,22,20,08-Jul-2025,14-Jul-2025,63.3,745805,Bank Transfer,DELIVERED
5710,1328,9,36,20,6,14-Sep-2025,,328.3,625431,Bank Transfer,in transit
5711,1391,2,28,8,18,2025-05-12,2025-05-18,139.4,298057,Card,Delivered
5712,86,16,50,18,4,"February 15, 2025",,330.7,467746,Bank Transfer,In Transit
5713,249,39,19,9,3,"January 14, 2025","January 19, 2025",246.3,631155,Bank Transfer,dlvrd
5714,323,41,22,8,3,"January 05, 2025","January 05, 2025",256.3,332956,Card,Returned
5715,999,14,1,11,22,08-07-2025,08-08-2025,224.1,125727,Wallet,Retund
5716,68,13,35,12,3,2025/05/24,2025/05/31,137.6,295833,Wallet,Delvered
5717,1612,29,34,7,4,2025/04/04,2025/04/08,330.2,201887,Card,Del.
5718,169,23,45,2,16,10/03/2025,16/03/2025,77.8,179623,Cash on Delivery,Del.
5719,1281,43,54,19,14,30/04/2025,06/05/2025,235.7,379913,Bank Transfer,Retund
5720,1727,17,11,15,10,2025-09-26,2025-09-30,145.8,741271,Card,Returned
5721,180,6,16,4,1,"November 30, 2025",,343.5,523304,Bank Transfer,pending
5722,1266,43,54,10,21,2025-01-13,2025-01-15,35.6,0,Bank Transfer,delivered
5723,614,20,31,10,17,01-08-2025,01-11-2025,26.2,628986,Wallet,dlvrd
5724,247,34,52,7,4,08/05/2025,,189.2,642257,Card,Pending
5725,1428,29,34,4,8,04-11-2025,04-13-2025,339.0,499221,Card,dlvrd
5726,110,42,53,9,4,"May 25, 2025","May 28, 2025",243.6,89620,Card,Delivered
5727,743,8,29,2,9,"June 07, 2025","June 07, 2025",181.0,136526,Card,Faild
5728,716,29,34,7,19,31-Mar-2025,04-Apr-2025,47.3,353430,Bank Transfer,delivered
5729,616,1,9,14,3,09.06.2025,09.06.2025,281.9,679670,Bank Transfer,Delvered
5730,268,42,53,16,11,04-Jan-2025,07-Jan-2025,56.8,463371,Wallet,Delvered
5731,1664,31,15,13,3,06-Jan-2025,11-Jan-2025,246.2,732362,Card,Retund
5732,1604,5,30,8,9,2025-10-10,2025-10-16,291.9,498328,Wallet,DELIVERED
5733,434,42,53,1,18,12-11-2025,,15.7,439734,Bank Transfer,Pending
5734,1757,24,39,10,19,2025/01/19,2025/01/24,162.6,821192,Wallet,dlvrd
5735,871,44,51,7,13,18/01/2025,21/01/2025,237.7,220690,Bank Transfer,Delvered
5736,872,36,49,13,13,2025-02-24,2025-03-02,192.7,94329,Cash on Delivery,Del.
5737,584,44,51,4,7,04-Dec-2025,08-Dec-2025,292.3,624332,Bank Transfer,dlvrd
5738,711,34,52,3,12,02-04-2025,02-11-2025,248.8,195136,Bank Transfer,Delvered
5739,444,12,42,2,8,2025-03-22,,-189.0,645751,Bank Transfer,In-Transit
5740,595,5,30,17,17,2025/07/14,2025/07/17,-20.8,566320,Bank Transfer,DELIVERED
5741,883,33,43,22,4,2025-11-28,,255.7,211478,Bank Transfer,PENDING
5742,1277,37,46,10,11,19.12.2025,,202.5,747593,Bank Transfer,In-Transit
5743,1032,13,35,21,14,2025-03-20,2025-03-27,243.8,146019,Bank Transfer,FAILED
5744,676,8,29,2,4,2025-12-28,2025-12-29,59.3,127783,Wallet,Delivered
5745,724,18,27,16,18,04.04.2025,,187.9,557892,Cash on Delivery,pending
5746,1011,15,6,3,10,10-17-2025,10-19-2025,16.3,12284,Bank Transfer,Del.
5747,495,4,18,14,11,30/05/2025,02/06/2025,184.9,407856,Bank Transfer,DELIVERED
5748,1193,43,54,15,5,"September 18, 2025","September 22, 2025",184.2,417951,Card,Del.
5749,1312,41,22,20,16,2025/06/15,2025/06/16,41.7,380164,Wallet,dlvrd
5750,985,39,19,15,19,2025-05-30,2025-06-02,86.6,436499,Cash on Delivery,delivered
5751,732,42,53,14,3,27.08.2025,29.08.2025,39.6,262957,Bank Transfer,returned
5752,1738,4,18,22,18,"June 19, 2025","June 22, 2025",226.3,776389,Wallet,Delvered
5753,1137,36,49,16,3,05.12.2025,10.12.2025,56.4,772001,Wallet,Del.
5754,705,13,35,9,5,12.07.2025,16.07.2025,349.0,412749,Card,delivered
5755,378,36,49,6,3,"December 07, 2025","December 11, 2025",239.3,677254,Bank Transfer,DELIVERED
5756,398,40,2,5,7,27-Mar-2025,02-Apr-2025,240.1,225272,Cash on Delivery,delivered
5757,151,28,55,20,2,"July 01, 2025","July 06, 2025",226.7,235675,Wallet,Failed
5758,1253,33,43,6,22,2025/09/09,2025/09/15,231.3,498411,Card,delivered
5759,1352,36,49,20,15,2025-08-12,2025-08-14,279.7,664440,Card,delivered
5760,314,38,24,4,13,01-31-2025,,267.1,518496,Bank Transfer,IN TRANSIT
5761,1356,36,49,16,1,03-25-2025,03-26-2025,252.7,699099,Bank Transfer,RETURNED
5762,1101,999,50,7,14,"June 25, 2025","June 25, 2025",5.9,571903,Wallet,Delivered
5763,1540,24,39,22,13,2025-01-08,2025-01-10,277.7,345810,Card,dlvrd
5764,125,26,44,2,10,2025/12/04,2025/12/04,197.3,290455,Wallet,Returned
5765,1492,24,39,5,3,11-23-2025,11-27-2025,170.3,495842,Wallet,Failed
5766,910,42,53,1,9,04-25-2025,04-29-2025,163.1,255509,Bank Transfer,Delivered
5767,1140,44,51,2,21,"July 30, 2025","August 05, 2025",2.6,418204,Cash on Delivery,Del.
5768,1559,21,14,13,3,04-Jun-2025,10-Jun-2025,84.9,218093,Bank Transfer,Retund
5769,954,11,4,18,4,06-Oct-2025,12-Oct-2025,307.8,353368,Wallet,Delivered
5770,1373,44,51,9,13,2025/08/05,,222.5,473941,Cash on Delivery,Pending
5771,1027,8,29,16,8,19-Apr-2025,26-Apr-2025,141.1,551811,Wallet,delivered
5772,1460,21,14,6,6,01-11-2025,01-15-2025,97.3,474577,Cash on Delivery,Del.
5773,530,17,11,12,9,"June 30, 2025","July 05, 2025",31.5,0,Wallet,RETURNED
5774,518,2,28,19,8,30.03.2025,03.04.2025,346.8,364915,Card,Failed
5775,717,1,9,9,20,17.12.2025,24.12.2025,54.7,229641,Cash on Delivery,Delvered
5776,331,22,26,18,22,2025-04-20,2025-04-26,176.9,721457,Bank Transfer,DELIVERED
5777,648,44,51,14,6,20/09/2025,22/09/2025,233.3,283905,Bank Transfer,delivered
5778,868,1,9,20,22,15.02.2025,,182.3,744543,Card,PENDING
5779,1774,14,1,21,1,2025/06/25,2025/06/29,53.5,336176,Card,Del.
5780,509,25,13,11,13,01/03/2025,04/03/2025,100.2,836988,Wallet,delivered
5781,1438,31,15,21,2,05-28-2025,06-02-2025,183.3,762643,Cash on Delivery,failed
5782,1168,8,29,9,20,2025-08-15,2025-08-21,120.8,22201,Wallet,Delivered
5783,444,7,5,12,13,25/12/2025,30/12/2025,308.8,748721,Cash on Delivery,Del.
5784,613,12,42,9,2,15.02.2025,16.02.2025,214.7,565055,Bank Transfer,Faild
5785,538,18,27,3,7,14/05/2025,20/05/2025,67.1,715120,Bank Transfer,DELIVERED
5786,269,5,30,18,9,2025-06-27,,9.8,710112,Cash on Delivery,in transit
5787,1699,6,16,12,16,04-Jan-2025,,182.1,230605,Cash on Delivery,pending
5788,1752,13,35,10,21,2025/01/12,,122.7,587625,Cash on Delivery,in transit
5789,1794,7,5,18,21,2025/07/11,,175.1,99223,Cash on Delivery,In-Transit
5790,750,25,13,10,1,04.02.2025,05.02.2025,110.6,720559,Cash on Delivery,delivered
5791,713,3,12,6,10,"August 24, 2025",,25.5,10056,Bank Transfer,IN TRANSIT
5792,1413,11,4,15,19,03-19-2025,03-19-2025,8.9,651544,Bank Transfer,Retund
5793,749,22,26,17,2,2025/09/11,2025/09/16,177.7,412817,Cash on Delivery,delivered
5794,1158,34,52,20,2,19.08.2025,,134.9,252694,Bank Transfer,In-Transit
5795,1317,16,50,6,8,2025/01/14,,246.1,,Cash on Delivery,pending
5796,1271,18,27,20,10,2025-07-18,2025-07-24,148.9,102942,Bank Transfer,Delivered
5797,1255,15,6,6,13,2025-09-03,2025-09-05,49.5,349911,Wallet,dlvrd
5798,265,39,19,17,6,2025-08-25,2025-08-28,41.4,608489,Card,Faild
5799,24,11,4,14,14,22/06/2025,28/06/2025,86.0,177320,Bank Transfer,Del.
5800,1221,10,7,8,13,15/07/2025,22/07/2025,218.8,0,Card,FAILED
5801,1529,14,1,16,4,01-21-2025,01-26-2025,3.6,47918,Cash on Delivery,DELIVERED
5802,270,8,29,2,18,10-24-2025,10-26-2025,340.4,152257,Cash on Delivery,DELIVERED
5803,355,19,32,8,5,2025-08-07,2025-08-14,143.0,257833,Bank Transfer,Delvered
5804,978,5,30,10,18,02/04/2025,03/04/2025,231.8,171084,Card,delivered
5805,906,34,52,20,10,2025/03/02,,245.7,141321,Wallet,IN TRANSIT
5806,898,3,12,3,14,2025-04-22,2025-04-28,89.4,400760,Card,Delvered
5807,748,36,49,11,9,02-11-2025,,-196.7,149298,Cash on Delivery,In Transit
5808,1187,9,36,17,1,2025/11/03,,343.3,556689,Card,In Transit
5809,466,18,27,22,10,2025/06/26,2025/07/02,263.2,353899,Bank Transfer,delivered
5810,1168,9,36,4,19,22-Sep-2025,25-Sep-2025,196.4,369259,Bank Transfer,DELIVERED
5811,509,38,24,11,2,14/08/2025,14/08/2025,303.3,27779,Cash on Delivery,failed
5812,1430,37,46,19,16,2025/01/16,2025/01/21,249.6,184323,Card,Failed
5813,1470,43,54,4,1,05-14-2025,,253.8,618417,Wallet,PENDING
5814,822,34,52,16,7,"October 03, 2025",,213.9,755739,Bank Transfer,Pending
5815,706,10,7,5,9,06-03-2025,06-05-2025,105.6,429424,Card,Del.
5816,215,34,52,13,4,01-13-2025,01-13-2025,35.1,378565,Card,Del.
5817,1403,31,15,9,8,"June 24, 2025","June 24, 2025",305.1,613389,Wallet,Del.
5818,663,26,44,4,2,2025/12/19,2025/12/22,103.2,201991,Card,delivered
5819,134,10,7,9,20,2025-06-02,2025-06-03,103.4,123166,Wallet,Del.
5820,1299,26,44,8,11,"September 14, 2025","September 17, 2025",173.7,444959,Cash on Delivery,Failed
5821,873,11,4,13,4,17/07/2025,23/07/2025,318.8,799858,Cash on Delivery,Del.
5822,637,13,35,21,20,11-21-2025,11-24-2025,128.1,281005,Bank Transfer,Delivered
5823,435,32,10,5,14,12/10/2025,15/10/2025,240.7,103679,Card,Delivered
5824,45,1,9,14,7,2025-09-09,2025-09-11,145.3,456794,Wallet,delivered
5825,237,15,6,10,1,28.02.2025,04.03.2025,283.2,647666,Card,Faild
5826,193,8,29,13,21,31/03/2025,04/04/2025,289.5,371367,Bank Transfer,delivered
5827,961,21,14,14,7,"August 27, 2025","August 27, 2025",326.8,758299,Bank Transfer,DELIVERED
5828,272,20,31,21,21,11-02-2025,11-08-2025,332.6,520591,Wallet,Del.
5829,1045,1,9,19,19,10/11/2025,15/11/2025,251.9,0,Wallet,DELIVERED
5830,1258,13,35,11,20,07.03.2025,,254.3,343200,Bank Transfer,PENDING
5831,970,44,51,20,19,2025-06-22,2025-06-23,121.4,29237,Cash on Delivery,Delvered
5832,230,13,35,6,13,05-27-2025,05-27-2025,257.4,679663,Wallet,returned
5833,1239,23,45,1,20,15.10.2025,17.10.2025,-31.9,8689,Bank Transfer,Del.
5834,1419,23,45,22,16,11.05.2025,15.05.2025,273.4,453412,Card,Del.
5835,268,29,34,22,9,2025/05/02,2025/05/07,128.3,687595,Bank Transfer,delivered
5836,531,29,34,12,9,2025-03-30,2025-04-03,57.9,22786,Cash on Delivery,dlvrd
5837,1530,14,1,7,11,05/07/2025,06/07/2025,128.0,649858,Card,Delvered
5838,895,35,40,11,9,2025-08-12,,190.6,267412,Wallet,PENDING
5839,1739,19,32,5,7,06/10/2025,,39.4,353267,Wallet,PENDING
5840,740,14,1,14,18,07-06-2025,07-07-2025,211.6,30363,Wallet,dlvrd
5841,1011,39,19,19,13,2025-03-06,,191.8,769791,Bank Transfer,Pending
5842,1685,12,42,21,2,20.09.2025,22.09.2025,85.7,10795,Wallet,Del.
5843,1768,38,24,8,12,"November 14, 2025","November 19, 2025",165.5,93751,Wallet,Delivered
5844,502,16,50,19,10,16.12.2025,16.12.2025,279.7,552580,Cash on Delivery,Failed
5845,34,21,14,9,12,05-04-2025,05-04-2025,58.0,670746,Wallet,dlvrd
5846,1744,1001,32,8,20,2025-11-19,,227.6,159748,Bank Transfer,PENDING
5847,269,19,32,10,20,05-04-2025,05-08-2025,-258.7,556061,Bank Transfer,Delvered
5848,448,38,24,17,11,07/12/2025,09/12/2025,313.0,748837,Cash on Delivery,Del.
5849,1074,34,52,16,20,"July 08, 2025",,319.8,42658,Card,PENDING
5850,1253,20,31,5,5,23-Jul-2025,25-Jul-2025,94.4,49030,Card,dlvrd
5851,1360,32,10,20,18,2025-04-13,,293.9,397194,Wallet,In-Transit
5852,344,34,52,14,17,09-12-2025,09-13-2025,91.1,,Cash on Delivery,RETURNED
5853,1419,15,6,3,8,23-Sep-2025,29-Sep-2025,176.1,228118,Wallet,failed
5854,871,23,45,15,6,03.03.2025,,311.6,572217,Bank Transfer,Pending
5855,338,2,28,11,14,22.11.2025,27.11.2025,282.6,339111,Wallet,Failed
5856,359,43,54,3,17,11-Aug-2025,,118.7,617683,Cash on Delivery,PENDING
5857,1368,25,13,13,8,12/06/2025,15/06/2025,257.0,688846,Cash on Delivery,Del.
5858,722,37,46,8,16,05-03-2025,05-09-2025,23.5,690178,Bank Transfer,failed
5859,132,28,55,11,6,23.06.2025,,102.2,270252,Card,Pending
5860,586,21,14,18,20,"February 24, 2025","February 28, 2025",14.2,364577,Wallet,Delivered
5861,450,15,6,9,12,20.02.2025,26.02.2025,15.1,505446,Bank Transfer,Delvered
5862,861,36,49,13,5,14/01/2025,,268.8,,Cash on Delivery,IN TRANSIT
5863,803,29,34,5,18,2025/06/28,2025/07/02,324.2,523253,Bank Transfer,Del.
5864,1504,12,42,14,2,2025-11-12,,142.2,84330,Wallet,PENDING
5865,1404,8,29,10,6,28.09.2025,04.10.2025,40.1,679363,Card,delivered
5866,150,3,12,12,3,07-29-2025,07-31-2025,200.7,371196,Wallet,DELIVERED
5867,33,1,9,4,3,"December 11, 2025","December 14, 2025",215.2,71440,Cash on Delivery,dlvrd
5868,427,33,43,15,9,03-24-2025,03-28-2025,213.7,554405,Card,delivered
5869,1532,18,27,13,7,20-Jun-2025,26-Jun-2025,331.0,22203,Bank Transfer,Delvered
5870,1340,5,30,13,15,10-Jun-2025,16-Jun-2025,344.4,0,Cash on Delivery,DELIVERED
5871,1536,25,13,14,16,09-26-2025,10-03-2025,233.2,776958,Cash on Delivery,Failed
5872,1482,36,49,17,8,13/04/2025,15/04/2025,89.7,182176,Wallet,dlvrd
5873,986,39,19,16,22,03-25-2025,03-29-2025,51.6,283429,Cash on Delivery,Delvered
5874,21,3,12,11,3,11-06-2025,11-11-2025,4.3,726438,Cash on Delivery,Retund
5875,1251,9,36,15,18,06.11.2025,07.11.2025,317.9,149069,Cash on Delivery,returned
5876,1037,5,30,16,10,13.03.2025,16.03.2025,2.7,373752,Card,Del.
5877,1119,17,11,5,17,10-Feb-2025,10-Feb-2025,298.8,226891,Bank Transfer,dlvrd
5878,61,37,46,13,13,13.04.2025,20.04.2025,286.6,771817,Card,Delivered
5879,290,3,12,17,7,"January 28, 2025",,107.4,516823,Wallet,Pending
5880,834,19,32,17,2,2025-03-31,2025-04-04,59.8,339931,Cash on Delivery,Del.
5881,1091,35,40,11,10,28-Jul-2025,30-Jul-2025,36.1,143848,Cash on Delivery,FAILED
5882,580,7,5,15,8,03.05.2025,08.05.2025,231.3,248101,Card,Delvered
5883,645,25,13,19,2,24/09/2025,,181.6,490161,Card,In-Transit
5884,429,35,40,22,13,19.07.2025,,313.3,172660,Cash on Delivery,IN TRANSIT
5885,1518,1,9,6,15,29-Jun-2025,,338.4,94640,Card,pending
5886,671,21,14,10,11,06/05/2025,07/05/2025,206.8,576119,Cash on Delivery,dlvrd
5887,1660,37,46,22,11,03-16-2025,03-17-2025,225.3,749245,Bank Transfer,Delvered
5888,830,33,43,12,4,"February 15, 2025","February 16, 2025",9.2,444015,Card,dlvrd
5889,395,9,36,22,6,31/10/2025,06/11/2025,139.2,725305,Wallet,Delivered
5890,513,25,13,15,12,02-24-2025,02-26-2025,64.2,533548,Bank Transfer,delivered
5891,1430,42,53,18,4,2025/01/16,2025/01/21,296.7,0,Wallet,delivered
5892,20,19,32,14,8,06-22-2025,06-23-2025,246.7,601609,Bank Transfer,delivered
5893,681,34,52,17,10,02/04/2025,07/04/2025,233.9,121741,Cash on Delivery,DELIVERED
5894,1487,2,28,1,10,18.05.2025,23.05.2025,288.1,264833,Bank Transfer,dlvrd
5895,1139,41,22,7,16,2025/04/30,2025/05/06,109.6,325008,Cash on Delivery,dlvrd
5896,455,5,30,17,20,27-Jul-2025,31-Jul-2025,154.7,555503,Bank Transfer,DELIVERED
5897,911,24,39,8,21,07-20-2025,07-26-2025,239.3,87369,Cash on Delivery,Delvered
5898,69,42,53,9,22,19-Apr-2025,25-Apr-2025,-275.6,511573,Cash on Delivery,delivered
5899,1330,9,36,12,11,29-Jan-2025,02-Feb-2025,25.1,222240,Wallet,DELIVERED
5900,290,10,7,12,10,26.03.2025,02.04.2025,215.6,684543,Card,FAILED
5901,1415,15,6,15,13,11/12/2025,,209.6,459779,Bank Transfer,in transit
5902,516,39,19,22,2,04-16-2025,04-22-2025,163.6,619807,Card,dlvrd
5903,1458,10,7,2,16,16.07.2025,20.07.2025,211.3,295975,Bank Transfer,failed
5904,522,37,46,5,10,2025/06/14,2025/06/16,163.7,89328,Bank Transfer,Delivered
5905,518,1,9,1,10,2025-01-23,,39.2,534137,Cash on Delivery,in transit
5906,428,33,43,21,15,23.06.2025,29.06.2025,179.9,122536,Card,Delvered
5907,1690,20,31,10,1,2025/10/25,2025/10/26,60.5,738734,Cash on Delivery,Delvered
5908,722,16,50,4,17,20-Nov-2025,20-Nov-2025,207.3,539290,Card,DELIVERED
5909,894,23,45,14,4,"March 07, 2025",,26.9,450250,Cash on Delivery,pending
5910,527,3,12,21,13,07.08.2025,12.08.2025,244.8,635549,Bank Transfer,delivered
5911,1045,40,2,13,3,"August 30, 2025","August 30, 2025",161.2,156783,Bank Transfer,Del.
5912,135,9,36,2,10,08-03-2025,08-04-2025,117.4,639833,Wallet,Del.
5913,539,19,32,17,16,16/04/2025,20/04/2025,338.2,72419,Card,Faild
5914,96,3,12,19,12,2025-08-19,2025-08-26,150.9,719491,Wallet,DELIVERED
5915,1531,3,12,11,19,2025/11/20,2025/11/20,200.4,450903,Cash on Delivery,Del.
5916,398,30,38,8,2,11-03-2025,,297.3,402521,Cash on Delivery,pending
5917,255,43,54,14,3,19/07/2025,23/07/2025,209.4,54294,Wallet,Delivered
5918,513,28,55,16,12,02.06.2025,03.06.2025,282.3,0,Bank Transfer,delivered
5919,408,10,7,6,14,14-Jul-2025,15-Jul-2025,247.6,848946,Bank Transfer,DELIVERED
5920,1434,14,1,2,2,05/09/2025,09/09/2025,167.2,8330,Wallet,Delvered
5921,996,11,4,22,3,2025-11-09,2025-11-14,118.7,19917,Bank Transfer,Returned
5922,1397,8,29,5,5,2025/06/06,2025/06/13,207.5,287252,Bank Transfer,Del.
5923,1753,17,11,21,8,05-Mar-2025,06-Mar-2025,273.6,579971,Card,Delivered
5924,1726,13,35,7,16,03-10-2025,03-11-2025,68.5,422969,Bank Transfer,Del.
5925,1154,13,35,13,11,2025-10-09,2025-10-13,15.4,434807,Card,delivered
5926,1056,38,24,8,16,08.07.2025,09.07.2025,226.3,469970,Card,delivered
5927,1606,30,38,14,2,2025-07-29,2025-07-30,160.8,385883,Card,FAILED
5928,635,24,39,11,7,02/07/2025,05/07/2025,218.9,374333,Bank Transfer,Del.
5929,1427,28,55,7,2,2025/01/03,2025/01/06,263.7,466452,Bank Transfer,Returned
5930,1213,41,22,6,16,2025-05-08,2025-05-12,-273.0,491097,Wallet,Delivered
5931,1473,41,22,4,12,"December 30, 2025",,121.4,606409,Cash on Delivery,Pending
5932,1208,25,13,7,15,2025-11-05,2025-11-08,165.2,321350,Cash on Delivery,dlvrd
5933,347,21,14,20,9,04-13-2025,,293.5,640836,Wallet,In-Transit
5934,438,3,12,14,10,"February 24, 2025","February 27, 2025",318.6,743950,Wallet,Del.
5935,948,22,26,4,15,25-Sep-2025,29-Sep-2025,309.7,5880,Bank Transfer,FAILED
5936,1605,23,45,1,1,2025/02/25,2025/03/03,21.9,609091,Wallet,DELIVERED
5937,494,10,7,1,19,26-Jan-2025,28-Jan-2025,290.8,379108,Cash on Delivery,Delivered
5938,882,17,11,22,4,2025/12/31,2026/01/03,76.6,724437,Wallet,delivered
5939,889,40,2,8,12,01-12-2025,01-18-2025,248.1,575633,Card,DELIVERED
5940,1363,12,42,22,17,"March 22, 2025","March 26, 2025",290.4,739477,Bank Transfer,Delvered
5941,558,38,24,20,8,01-09-2025,01-11-2025,33.3,443496,Bank Transfer,Del.
5942,258,29,34,18,14,09-20-2025,09-22-2025,83.4,335143,Wallet,Del.
5943,1499,20,31,20,20,06/09/2025,09/09/2025,308.6,417987,Wallet,Returned
5944,1530,44,51,8,15,27-Jan-2025,30-Jan-2025,213.1,49560,Cash on Delivery,delivered
5945,769,29,34,3,11,"December 01, 2025","December 07, 2025",186.3,661896,Wallet,DELIVERED
5946,922,13,35,9,18,2025/04/28,2025/05/03,341.5,557445,Bank Transfer,Del.
5947,1226,7,5,8,1,19.08.2025,20.08.2025,6.2,687893,Card,Delvered
5948,1744,4,18,15,8,"May 07, 2025","May 12, 2025",250.3,487288,Wallet,DELIVERED
5949,495,21,14,9,15,25-Jan-2025,,221.6,672745,Card,pending
5950,921,1,9,2,6,07-02-2025,07-08-2025,316.5,339496,Cash on Delivery,delivered
5951,709,15,6,21,5,15/07/2025,17/07/2025,120.5,449926,Cash on Delivery,delivered
5952,1602,22,26,11,17,2025-03-04,2025-03-06,314.2,87081,Card,delivered
5953,682,37,46,15,8,07-Dec-2025,10-Dec-2025,177.2,253302,Wallet,dlvrd
5954,425,36,49,6,12,06-05-2025,,5.8,630708,Bank Transfer,Pending
5955,1057,6,16,7,17,2025-09-04,2025-09-07,9.2,590766,Card,Returned
5956,184,21,14,17,11,21.12.2025,,104.1,84948,Wallet,Pending
5957,284,1000,48,3,8,04-Dec-2025,08-Dec-2025,179.3,413032,Cash on Delivery,dlvrd
5958,374,31,15,4,9,"June 21, 2025","June 25, 2025",104.1,675666,Cash on Delivery,delivered
5959,1293,32,10,19,14,21-Apr-2025,27-Apr-2025,277.7,354612,Cash on Delivery,Delivered
5960,586,23,45,17,9,15-Oct-2025,16-Oct-2025,337.3,438510,Cash on Delivery,Failed
5961,1752,16,50,17,3,2025/05/04,2025/05/07,343.8,588198,Cash on Delivery,Failed
5962,1182,16,50,12,9,2025-09-18,2025-09-23,59.6,192938,Bank Transfer,Failed
5963,1502,13,35,18,13,2025-10-23,2025-10-24,196.9,61901,Card,dlvrd
5964,897,37,46,11,8,2025/06/20,2025/06/23,260.3,774236,Bank Transfer,DELIVERED
5965,439,7,5,21,15,23.05.2025,28.05.2025,9.8,465896,Cash on Delivery,dlvrd
5966,1582,27,47,11,12,03-29-2025,03-30-2025,16.6,276502,Card,DELIVERED
5967,580,42,53,15,19,24-Jun-2025,25-Jun-2025,344.4,106774,Bank Transfer,dlvrd
5968,255,32,10,15,13,30/05/2025,06/06/2025,178.0,315038,Bank Transfer,Faild
5969,686,16,50,5,18,24-Jun-2025,,312.6,18992,Bank Transfer,PENDING
5970,249,14,1,5,15,"May 23, 2025","May 25, 2025",189.6,178514,Card,dlvrd
5971,7,41,22,16,14,2025/02/08,2025/02/13,103.8,72315,Wallet,Delvered
5972,888,23,45,9,2,27-Mar-2025,28-Mar-2025,122.7,59875,Card,DELIVERED
5973,1406,43,54,19,9,28-Jul-2025,31-Jul-2025,342.3,602619,Card,delivered
5974,1026,1,9,8,21,2025-07-04,2025-07-09,128.9,450743,Cash on Delivery,Failed
5975,611,44,51,3,18,11-10-2025,11-11-2025,146.8,98622,Card,Delivered
5976,258,1001,11,1,20,10-Oct-2025,,57.0,228687,Wallet,PENDING
5977,1774,4,18,10,6,2025-05-06,2025-05-10,57.9,419685,Wallet,Delvered
5978,1609,15,6,16,19,09/11/2025,14/11/2025,35.9,775804,Card,delivered
5979,1246,5,30,19,4,06/07/2025,07/07/2025,213.1,605233,Wallet,dlvrd
5980,241,25,13,9,18,2025/04/25,,41.0,297545,Cash on Delivery,pending
5981,1018,3,12,7,2,"May 27, 2025","June 03, 2025",157.6,411094,Wallet,delivered
5982,157,26,44,17,15,2025-07-10,2025-07-11,309.9,377657,Card,DELIVERED
5983,714,7,5,20,11,2025-04-02,2025-04-07,172.8,380711,Bank Transfer,RETURNED
5984,688,8,29,1,11,2025/07/07,,185.2,810107,Cash on Delivery,In Transit
5985,807,34,52,5,22,06-11-2025,06-15-2025,293.4,25525,Wallet,Delvered
5986,1502,23,45,1,20,02/09/2025,03/09/2025,4.5,347147,Wallet,DELIVERED
5987,1479,1,9,2,20,2025/02/07,2025/02/09,59.8,353977,Cash on Delivery,Faild
5988,284,13,35,13,14,04.10.2025,,230.2,347565,Wallet,IN TRANSIT
5989,1364,38,24,6,19,12.08.2025,16.08.2025,221.5,539092,Card,DELIVERED
5990,724,3,12,20,15,04-24-2025,,107.6,81665,Card,In Transit
5991,43,40,2,6,19,05/06/2025,,113.7,157595,Bank Transfer,in transit
5992,1555,24,39,21,14,01-05-2025,01-05-2025,51.3,441231,Card,Delivered
5993,341,42,53,9,1,"July 07, 2025","July 10, 2025",169.4,8563,Card,Faild
5994,796,1,9,6,15,20/05/2025,22/05/2025,2.5,217089,Cash on Delivery,Faild
5995,490,4,18,2,18,16-Oct-2025,,218.9,0,Bank Transfer,Pending
5996,962,39,19,12,1,2025/04/30,2025/05/01,229.0,221829,Card,Del.
5997,1078,32,10,9,11,31/01/2025,06/02/2025,58.3,528221,Bank Transfer,failed
5998,329,3,12,13,14,2025-09-26,2025-09-28,129.6,616575,Bank Transfer,Delvered
5999,7,11,4,14,18,2025-11-13,2025-11-19,316.7,752347,Card,DELIVERED
6000,1757,14,1,14,2,11-22-2025,,73.2,701477,Cash on Delivery,in transit
