payment_id,order_id,amount_collected_naira,payment_type,collected_by_driver_id,collection_timestamp
1,1,841829,Wallet,32,2025-06-21 06:00
2,2,293082,Bank Transfer,25,2025-02-07 16:00
3,3,725724,Card,24,2025-10-29 03:00
4,5,579208,Cash on Delivery,27,2025-04-29 21:00
5,6,824103,Wallet,29,2025-02-21 13:00
6,7,697662,Wallet,44,2025-01-17 20:00
7,8,792700,Cash on Delivery,42,2025-01-30 15:00
8,10,770699,Wallet,40,2025-06-29 11:00
9,12,298807,Wallet,15,2025-07-01 10:00
10,13,86611,Card,13,2025-07-20 05:00
11,14,179928,Cash on Delivery,26,2025-09-03 15:00
12,15,158144,Card,37,2025-03-24 00:00
13,16,338503,Wallet,31,2025-05-06 14:00
14,17,562611,Wallet,10,2025-01-09 23:00
15,20,128921,Wallet,5,2025-11-20 11:00
16,21,69758,Wallet,31,2025-04-23 00:00
17,22,263835,Bank Transfer,41,2025-04-23 14:00
18,23,414374,Bank Transfer,11,2025-03-08 22:00
19,24,264464,Card,28,2025-09-12 13:00
20,25,305663,Cash on Delivery,16,2025-07-02 07:00
21,26,138962,Bank Transfer,24,2025-11-06 02:00
22,27,743711,Card,27,2025-12-03 15:00
23,28,803148,Bank Transfer,37,2025-11-09 06:00
24,30,165424,Card,31,2025-01-26 02:00
25,31,699871,Card,20,2025-07-21 19:00
26,32,470563,Card,38,2025-06-23 00:00
27,34,558308,Wallet,16,2025-04-16 09:00
28,35,563939,Card,25,2025-10-26 19:00
29,37,93420,Card,15,2025-01-06 06:00
30,39,673958,Cash on Delivery,32,2025-04-01 00:00
31,40,88149,Bank Transfer,27,2025-05-14 00:00
32,41,399848,Card,35,2025-05-04 01:00
33,42,533866,Card,17,2025-09-24 05:00
34,44,153116,Card,23,2025-02-27 01:00
35,47,522545,Bank Transfer,1,2025-05-25 04:00
36,48,783247,Card,11,2025-11-05 12:00
37,50,549598,Cash on Delivery,26,2025-05-01 03:00
38,51,36299,Card,13,2025-04-22 08:00
39,52,132298,Bank Transfer,19,2025-09-24 17:00
40,53,789002,Wallet,20,2025-03-11 04:00
41,54,253173,Cash on Delivery,26,2025-06-16 05:00
42,55,748218,Wallet,35,2025-04-22 23:00
43,57,278989,Cash on Delivery,35,2025-07-26 16:00
44,60,825252,Cash on Delivery,15,2025-11-12 04:00
45,61,143657,Bank Transfer,42,2025-01-23 16:00
46,62,493463,Bank Transfer,8,2025-08-29 17:00
47,63,705359,Card,26,2025-10-04 14:00
48,65,525900,Card,1001,2025-06-10 03:00
49,66,847661,Bank Transfer,22,2025-04-20 19:00
50,67,655106,Card,8,2025-01-17 06:00
51,71,797545,Bank Transfer,31,2025-03-24 21:00
52,72,34749,Wallet,28,2025-10-15 01:00
53,73,674573,Bank Transfer,22,2025-05-05 00:00
54,74,619899,Cash on Delivery,21,2025-01-10 13:00
55,75,231554,Bank Transfer,41,2025-03-20 10:00
56,76,427999,Cash on Delivery,23,2025-03-14 13:00
57,77,184171,Bank Transfer,29,2025-08-25 06:00
58,78,27682,Cash on Delivery,19,2025-11-06 22:00
59,79,404985,Cash on Delivery,35,2025-04-04 03:00
60,81,504431,Wallet,32,2025-02-17 13:00
61,83,146331,Bank Transfer,6,2025-10-10 17:00
62,84,109203,Card,24,2025-09-16 06:00
63,85,14202,Bank Transfer,13,2025-11-29 07:00
64,86,370386,Wallet,12,2025-04-27 04:00
65,87,316105,Card,37,2025-11-23 00:00
66,88,105064,Card,43,2025-06-13 12:00
67,89,87703,Cash on Delivery,3,2025-10-21 18:00
68,90,68878,Bank Transfer,34,2025-09-16 14:00
69,91,74884,Wallet,28,2025-02-23 01:00
70,94,833150,Wallet,8,2025-01-24 00:00
71,95,489713,Cash on Delivery,15,2025-11-03 23:00
72,96,280696,Wallet,21,2025-07-01 01:00
73,97,554811,Wallet,7,2025-07-16 14:00
74,98,9148,Wallet,19,2025-09-04 02:00
75,99,31553,Bank Transfer,5,2025-12-05 17:00
76,100,547473,Cash on Delivery,14,2025-03-29 11:00
77,102,165171,Card,12,2025-08-04 09:00
78,103,759487,Cash on Delivery,10,2025-01-20 13:00
79,104,523805,Card,9,2025-06-26 09:00
80,106,701645,Bank Transfer,30,2025-05-18 14:00
81,107,621401,Wallet,38,2025-05-24 19:00
82,108,695953,Bank Transfer,7,2025-05-01 10:00
83,109,715671,Bank Transfer,37,2025-12-12 22:00
84,110,230311,Wallet,14,2025-08-31 19:00
85,112,35134,Bank Transfer,18,2025-10-09 01:00
86,113,3264,Cash on Delivery,32,2025-12-19 05:00
87,114,483773,Cash on Delivery,8,2025-11-10 15:00
88,115,491440,Cash on Delivery,13,2025-08-27 02:00
89,116,715302,Wallet,17,2025-07-23 16:00
90,118,320052,Bank Transfer,14,2025-06-17 18:00
91,119,431932,Card,42,2025-01-13 19:00
92,120,165370,Cash on Delivery,21,2025-03-14 06:00
93,121,151833,Bank Transfer,22,2025-02-27 12:00
94,123,11776,Bank Transfer,9,2025-01-23 11:00
95,124,475467,Card,27,2025-04-26 18:00
96,125,809902,Wallet,11,2025-06-16 20:00
97,126,250847,Cash on Delivery,27,2025-10-13 02:00
98,127,179635,Wallet,31,2025-06-08 10:00
99,129,200009,Card,6,2025-10-03 20:00
100,133,92683,Wallet,1,2025-04-23 06:00
101,135,402721,Cash on Delivery,29,2025-06-29 22:00
102,136,524003,Card,27,2025-02-24 20:00
103,139,222125,Bank Transfer,25,2025-11-09 13:00
104,140,254867,Card,10,2025-02-18 13:00
105,141,188891,Cash on Delivery,15,2025-10-28 20:00
106,143,424871,Wallet,1,2025-06-19 22:00
107,144,317554,Bank Transfer,5,2025-08-19 09:00
108,145,239596,Cash on Delivery,19,2025-05-31 18:00
109,146,410019,Bank Transfer,25,2025-05-16 14:00
110,147,479104,Card,33,2025-06-22 15:00
111,149,429349,Cash on Delivery,9,2025-07-07 20:00
112,150,709439,Bank Transfer,16,2025-05-17 05:00
113,151,425840,Cash on Delivery,27,2025-08-20 19:00
114,152,150774,Wallet,26,2025-03-15 00:00
115,153,711903,Card,19,2025-03-23 23:00
116,154,577460,Cash on Delivery,37,2025-10-09 14:00
117,155,170145,Wallet,29,2025-01-22 23:00
118,156,643285,Bank Transfer,36,2025-01-05 08:00
119,157,699265,Wallet,32,2025-04-04 09:00
120,159,784166,Card,24,2025-08-04 06:00
121,160,176934,Cash on Delivery,38,2025-04-27 17:00
122,162,8142,Card,11,2025-06-05 09:00
123,163,808769,Cash on Delivery,39,2025-07-25 04:00
124,164,174271,Card,25,2025-04-11 00:00
125,165,535863,Cash on Delivery,9,2025-08-05 16:00
126,166,142951,Bank Transfer,43,2025-10-05 18:00
127,167,392924,Bank Transfer,16,2025-12-11 04:00
128,168,475345,Card,35,2025-03-02 20:00
129,170,345042,Wallet,35,2025-04-02 23:00
130,171,299108,Wallet,6,2025-10-30 16:00
131,172,674395,Card,38,2025-05-09 21:00
132,173,713594,Card,27,2025-07-24 05:00
133,174,316384,Bank Transfer,40,2025-02-09 06:00
134,177,171642,Card,1001,2025-05-28 14:00
135,178,530877,Bank Transfer,3,2025-08-09 02:00
136,179,477187,Wallet,13,2025-04-05 23:00
137,180,743276,Card,37,2025-05-17 02:00
138,181,507086,Bank Transfer,28,2026-01-03 00:00
139,182,44324,Cash on Delivery,3,2025-10-31 01:00
140,183,299989,Wallet,25,2025-02-19 12:00
141,184,785978,Bank Transfer,34,2025-11-09 17:00
142,185,228424,Wallet,28,2025-01-19 23:00
143,186,546732,Wallet,12,2025-04-11 11:00
144,187,438752,Cash on Delivery,14,2025-10-28 09:00
145,188,650586,Cash on Delivery,30,2025-02-06 08:00
146,190,7152,Wallet,21,2025-04-19 19:00
147,191,659274,Card,20,2025-12-21 21:00
148,193,190081,Cash on Delivery,33,2025-01-08 09:00
149,194,510017,Cash on Delivery,1,2025-04-15 16:00
150,199,689309,Card,44,2025-09-06 01:00
151,201,757905,Wallet,1,2025-03-12 00:00
152,202,126546,Bank Transfer,16,2025-07-28 08:00
153,203,242581,Wallet,25,2025-07-31 06:00
154,204,791841,Card,9,2025-01-08 03:00
155,205,317599,Card,26,2025-10-14 02:00
156,208,400626,Bank Transfer,34,2025-10-27 07:00
157,210,113689,Cash on Delivery,37,2025-10-12 14:00
158,211,722439,Bank Transfer,31,2025-03-27 07:00
159,212,546724,Cash on Delivery,21,2025-07-27 13:00
160,213,180052,Bank Transfer,38,2025-11-08 05:00
161,214,57704,Wallet,29,2025-10-01 15:00
162,215,734569,Card,36,2025-07-04 19:00
163,216,681050,Cash on Delivery,6,2025-02-20 06:00
164,218,589980,Card,24,2025-10-11 12:00
165,219,49059,Cash on Delivery,14,2025-04-18 14:00
166,220,832233,Bank Transfer,39,2025-10-18 17:00
167,221,680690,Wallet,22,2025-10-03 14:00
168,222,238181,Card,31,2025-12-20 08:00
169,223,848136,Wallet,16,2025-10-25 01:00
170,224,440362,Wallet,24,2025-09-10 03:00
171,225,11285,Cash on Delivery,41,2025-08-12 17:00
172,226,398432,Card,11,2025-12-25 16:00
173,227,502774,Bank Transfer,32,2025-06-04 21:00
174,228,713445,Card,39,2025-07-23 07:00
175,229,360752,Cash on Delivery,16,2025-07-30 22:00
176,230,808556,Bank Transfer,13,2025-12-17 16:00
177,231,823398,Bank Transfer,38,2025-06-18 20:00
178,233,399464,Wallet,43,2025-10-20 13:00
179,234,723062,Card,11,2025-01-19 18:00
180,235,221028,Card,11,2025-07-27 15:00
181,236,439793,Cash on Delivery,1,2025-02-06 05:00
182,237,331875,Wallet,21,2025-02-13 12:00
183,238,657891,Wallet,1,2025-07-26 15:00
184,239,177820,Card,26,2025-06-05 20:00
185,243,563239,Card,40,2025-06-18 06:00
186,244,562132,Bank Transfer,36,2025-10-27 23:00
187,245,452334,Card,28,2025-12-24 13:00
188,246,447929,Bank Transfer,33,2025-09-15 04:00
189,247,826652,Bank Transfer,24,2025-07-25 14:00
190,249,623122,Wallet,26,2025-03-11 18:00
191,250,353856,Bank Transfer,1,2025-01-30 11:00
192,252,814665,Bank Transfer,15,2025-06-17 03:00
193,253,60650,Wallet,35,2025-04-26 02:00
194,254,13179,Wallet,36,2025-05-21 17:00
195,255,121022,Bank Transfer,44,2025-01-10 11:00
196,256,16893,Cash on Delivery,34,2025-11-05 13:00
197,257,437436,Card,24,2025-11-15 06:00
198,258,358401,Bank Transfer,34,2025-07-24 19:00
199,259,717224,Cash on Delivery,14,2025-02-25 19:00
200,260,793662,Wallet,22,2025-10-16 11:00
201,262,275871,Wallet,4,2025-12-17 08:00
202,263,494714,Wallet,5,2025-07-08 00:00
203,264,340478,Cash on Delivery,10,2025-01-15 14:00
204,266,197861,Wallet,31,2025-03-22 21:00
205,267,847069,Wallet,33,2025-11-17 07:00
206,268,547864,Card,3,2025-12-20 13:00
207,270,742059,Bank Transfer,35,2025-11-05 13:00
208,271,58302,Card,15,2025-08-10 17:00
209,274,538097,Wallet,31,2026-01-04 18:00
210,275,549410,Bank Transfer,11,2025-02-09 17:00
211,277,793034,Card,13,2025-01-21 06:00
212,278,778149,Card,27,2025-08-12 10:00
213,279,385584,Wallet,27,2025-09-13 00:00
214,280,691896,Card,26,2025-07-08 00:00
215,281,224777,Bank Transfer,11,2025-11-24 09:00
216,282,195932,Cash on Delivery,17,2025-10-15 21:00
217,283,390374,Cash on Delivery,13,2025-03-24 22:00
218,284,450029,Wallet,32,2025-11-30 22:00
219,285,414031,Wallet,31,2025-10-05 00:00
220,286,209244,Card,42,2025-01-04 03:00
221,287,706639,Wallet,42,2025-12-22 19:00
222,288,121271,Bank Transfer,7,2025-07-27 15:00
223,289,644924,Cash on Delivery,7,2025-12-08 09:00
224,290,578025,Wallet,11,2025-05-08 05:00
225,291,808241,Card,28,2025-04-15 11:00
226,292,815924,Wallet,23,2025-07-31 05:00
227,293,316498,Wallet,18,2025-09-06 23:00
228,294,173761,Card,41,2025-10-23 19:00
229,295,182202,Wallet,27,2025-04-16 16:00
230,296,639739,Card,10,2025-06-05 01:00
231,298,488617,Card,36,2026-01-02 15:00
232,300,565872,Wallet,20,2025-01-06 14:00
233,301,189131,Bank Transfer,44,2025-01-17 20:00
234,302,405850,Bank Transfer,3,2025-02-16 17:00
235,303,79287,Cash on Delivery,32,2025-11-09 05:00
236,305,223441,Cash on Delivery,13,2025-05-15 04:00
237,306,597203,Cash on Delivery,35,2025-07-15 10:00
238,309,203373,Wallet,42,2025-03-23 04:00
239,312,332479,Cash on Delivery,19,2025-03-18 18:00
240,314,155472,Bank Transfer,44,2025-05-25 09:00
241,315,253992,Bank Transfer,21,2025-03-22 17:00
242,316,125485,Wallet,2,2025-06-16 12:00
243,317,645678,Bank Transfer,30,2025-09-27 04:00
244,318,150643,Bank Transfer,27,2025-08-21 22:00
245,319,769356,Cash on Delivery,8,2025-12-15 09:00
246,320,365920,Bank Transfer,2,2025-10-11 11:00
247,321,38660,Card,30,2025-05-07 21:00
248,323,214451,Cash on Delivery,1,2025-09-30 12:00
249,324,719276,Wallet,26,2025-11-10 19:00
250,326,135114,Wallet,40,2025-11-04 15:00
251,327,639293,Card,14,2025-09-01 05:00
252,328,547253,Wallet,3,2025-08-04 19:00
253,329,576109,Bank Transfer,7,2025-07-17 11:00
254,330,72252,Cash on Delivery,19,2025-06-30 21:00
255,331,595006,Wallet,8,2025-11-17 02:00
256,333,702368,Card,31,2025-11-20 06:00
257,336,62698,Card,43,2025-10-11 11:00
258,338,435590,Bank Transfer,21,2025-07-19 06:00
259,339,123259,Wallet,37,2025-08-09 18:00
260,340,113080,Cash on Delivery,38,2025-04-28 13:00
261,341,745883,Cash on Delivery,1,2025-05-30 12:00
262,342,49573,Wallet,10,2025-05-06 05:00
263,343,119294,Bank Transfer,43,2025-03-13 22:00
264,346,743678,Wallet,6,2025-10-18 22:00
265,347,207208,Card,3,2025-05-31 23:00
266,348,12195,Bank Transfer,30,2025-06-13 19:00
267,349,345269,Card,39,2025-01-25 06:00
268,350,328802,Card,34,2025-08-11 01:00
269,351,500677,Bank Transfer,35,2025-04-22 18:00
270,352,38731,Wallet,10,2025-02-22 06:00
271,353,550952,Cash on Delivery,30,2025-04-08 08:00
272,354,399833,Wallet,1,2025-10-12 16:00
273,355,2930,Cash on Delivery,9,2025-12-25 05:00
274,356,563558,Wallet,44,2025-01-27 19:00
275,357,516953,Bank Transfer,28,2025-07-04 01:00
276,360,223883,Card,1001,2025-03-15 06:00
277,361,327975,Wallet,7,2025-05-26 21:00
278,362,662321,Card,32,2025-12-25 15:00
279,363,671844,Bank Transfer,35,2025-07-21 21:00
280,366,785096,Card,39,2025-04-07 09:00
281,369,26407,Wallet,39,2025-05-07 13:00
282,370,305190,Wallet,14,2025-08-02 10:00
283,371,74610,Cash on Delivery,33,2025-01-08 03:00
284,372,275663,Card,9,2025-06-18 21:00
285,373,810481,Cash on Delivery,7,2025-07-25 00:00
286,374,224083,Wallet,4,2025-12-02 04:00
287,377,769184,Wallet,1000,2025-04-12 13:00
288,378,313622,Wallet,6,2025-11-27 14:00
289,379,563936,Bank Transfer,5,2025-05-26 13:00
290,381,248537,Card,31,2025-07-10 17:00
291,382,453146,Wallet,20,2025-06-18 05:00
292,384,256313,Bank Transfer,8,2025-07-03 02:00
293,385,282359,Card,44,2025-05-05 13:00
294,386,685593,Wallet,17,2025-03-19 15:00
295,387,532687,Bank Transfer,17,2025-11-20 23:00
296,389,102512,Card,17,2025-02-21 06:00
297,390,286951,Bank Transfer,28,2025-05-07 04:00
298,391,646979,Cash on Delivery,27,2025-08-21 04:00
299,392,470925,Card,39,2025-05-06 03:00
300,393,535147,Bank Transfer,5,2025-03-03 22:00
301,394,15398,Card,43,2025-10-28 15:00
302,395,526533,Cash on Delivery,40,2025-02-17 14:00
303,396,234491,Cash on Delivery,23,2025-03-18 14:00
304,397,521754,Card,42,2025-07-19 18:00
305,398,348058,Card,4,2025-05-22 22:00
306,399,86909,Bank Transfer,43,2025-03-09 20:00
307,401,504449,Cash on Delivery,31,2025-05-10 16:00
308,402,675547,Wallet,1,2025-08-22 10:00
309,403,122219,Wallet,42,2025-06-09 18:00
310,404,342663,Card,10,2025-08-06 11:00
311,405,120542,Bank Transfer,34,2025-09-08 14:00
312,406,84054,Card,1,2025-06-07 07:00
313,407,434916,Card,17,2025-07-20 02:00
314,408,805938,Wallet,37,2025-04-05 19:00
315,409,408882,Wallet,7,2025-02-12 18:00
316,410,522927,Card,34,2025-12-04 18:00
317,412,144602,Card,21,2025-08-04 01:00
318,413,494486,Cash on Delivery,6,2025-10-25 12:00
319,414,836152,Wallet,23,2025-04-14 05:00
320,415,284306,Cash on Delivery,44,2025-03-29 06:00
321,416,596078,Bank Transfer,21,2025-06-26 02:00
322,418,508948,Wallet,14,2025-01-30 19:00
323,419,758446,Cash on Delivery,40,2025-11-10 01:00
324,420,600982,Card,9,2025-03-09 00:00
325,421,81835,Bank Transfer,16,2025-04-08 08:00
326,422,760490,Cash on Delivery,24,2025-01-10 19:00
327,424,61868,Bank Transfer,33,2025-04-06 01:00
328,425,510756,Wallet,25,2026-01-01 21:00
329,426,537025,Card,2,2025-11-19 00:00
330,427,813592,Cash on Delivery,39,2025-05-02 18:00
331,430,39992,Cash on Delivery,14,2025-06-20 04:00
332,431,439860,Bank Transfer,18,2025-05-31 17:00
333,432,184229,Wallet,17,2025-11-18 18:00
334,434,787546,Wallet,41,2025-08-17 09:00
335,436,633394,Wallet,44,2025-05-08 23:00
336,437,3301,Wallet,43,2025-07-23 15:00
337,438,185367,Wallet,32,2025-08-24 22:00
338,439,190553,Wallet,16,2025-05-06 08:00
339,440,592734,Wallet,27,2025-03-16 08:00
340,442,409056,Bank Transfer,31,2025-05-28 03:00
341,443,486187,Wallet,4,2025-11-22 12:00
342,445,626859,Bank Transfer,43,2025-01-08 17:00
343,446,789918,Wallet,7,2025-12-19 16:00
344,448,236240,Card,22,2025-11-10 06:00
345,449,58888,Wallet,31,2025-12-16 13:00
346,450,255749,Bank Transfer,17,2025-08-22 08:00
347,451,730772,Card,15,2025-07-05 15:00
348,453,779339,Bank Transfer,37,2025-09-25 15:00
349,455,266370,Wallet,25,2025-04-11 21:00
350,456,76727,Card,31,2025-04-14 21:00
351,457,755023,Bank Transfer,1000,2025-02-20 13:00
352,458,121872,Card,20,2025-03-03 19:00
353,459,81104,Card,7,2025-12-28 17:00
354,460,788834,Wallet,33,2025-03-13 00:00
355,461,539251,Cash on Delivery,1001,2025-03-18 18:00
356,462,164286,Cash on Delivery,18,2025-10-16 06:00
357,463,340720,Card,42,2025-01-13 11:00
358,464,540111,Wallet,39,2025-06-24 08:00
359,466,21530,Card,4,2025-08-10 00:00
360,467,613434,Card,40,2025-01-12 18:00
361,468,750534,Card,24,2025-04-30 13:00
362,469,636486,Card,36,2025-05-15 17:00
363,471,340542,Bank Transfer,28,2025-09-08 06:00
364,472,136527,Wallet,31,2025-06-19 02:00
365,473,285779,Bank Transfer,8,2025-12-02 20:00
366,474,337810,Wallet,14,2025-07-01 03:00
367,476,636093,Wallet,36,2025-01-06 15:00
368,479,743790,Wallet,14,2025-10-15 00:00
369,480,479065,Wallet,40,2025-01-17 12:00
370,481,461190,Bank Transfer,11,2025-06-29 19:00
371,482,675135,Wallet,31,2025-01-12 03:00
372,483,735629,Cash on Delivery,40,2025-02-02 07:00
373,484,760478,Bank Transfer,15,2025-06-01 01:00
374,485,319230,Card,41,2025-09-09 19:00
375,486,763441,Card,24,2025-09-20 04:00
376,487,609437,Card,7,2025-05-15 12:00
377,489,487716,Card,43,2025-01-24 22:00
378,490,361739,Wallet,24,2025-10-26 20:00
379,491,197450,Cash on Delivery,9,2025-10-08 07:00
380,492,267974,Bank Transfer,20,2025-11-14 10:00
381,494,572042,Bank Transfer,34,2025-07-19 20:00
382,496,657051,Wallet,21,2025-05-26 14:00
383,497,614491,Bank Transfer,42,2025-10-10 19:00
384,498,158527,Cash on Delivery,13,2025-05-08 18:00
385,499,396347,Wallet,1000,2025-12-09 17:00
386,500,332661,Wallet,34,2025-09-24 16:00
387,501,518624,Wallet,6,2025-07-31 21:00
388,502,161278,Wallet,8,2025-10-10 05:00
389,503,147748,Cash on Delivery,16,2025-11-27 12:00
390,506,496305,Cash on Delivery,16,2025-04-09 22:00
391,507,594453,Card,29,2025-02-03 09:00
392,508,9963,Wallet,30,2025-07-29 14:00
393,510,186200,Bank Transfer,3,2025-10-31 03:00
394,511,402813,Bank Transfer,27,2025-03-04 20:00
395,512,644964,Wallet,14,2025-06-06 07:00
396,513,466586,Bank Transfer,42,2025-07-31 23:00
397,514,667955,Cash on Delivery,38,2025-04-12 09:00
398,515,660316,Bank Transfer,42,2025-04-01 04:00
399,516,556902,Card,17,2026-01-02 23:00
400,518,27324,Bank Transfer,24,2025-06-29 16:00
401,519,808410,Cash on Delivery,35,2025-07-23 22:00
402,521,334672,Card,27,2025-03-31 02:00
403,523,230163,Cash on Delivery,40,2025-03-16 01:00
404,526,392337,Wallet,18,2025-12-11 23:00
405,527,194364,Bank Transfer,8,2025-10-18 10:00
406,529,95873,Wallet,2,2025-08-29 02:00
407,530,830268,Wallet,35,2025-05-08 17:00
408,533,10042,Wallet,38,2025-08-05 19:00
409,534,73680,Bank Transfer,3,2025-04-24 15:00
410,536,140719,Bank Transfer,22,2025-11-11 20:00
411,539,53868,Card,8,2025-08-01 10:00
412,540,149991,Card,14,2025-12-12 12:00
413,541,718673,Bank Transfer,44,2025-04-19 05:00
414,543,68734,Bank Transfer,42,2025-12-25 01:00
415,544,520332,Wallet,23,2025-01-16 17:00
416,546,132459,Bank Transfer,1,2025-01-07 07:00
417,547,128182,Cash on Delivery,28,2025-01-20 07:00
418,548,347672,Bank Transfer,26,2025-12-04 01:00
419,549,446357,Cash on Delivery,22,2025-07-30 11:00
420,551,467234,Bank Transfer,37,2025-07-12 22:00
421,552,299728,Bank Transfer,22,2025-09-15 23:00
422,553,645142,Card,3,2025-03-16 10:00
423,554,292102,Bank Transfer,7,2025-07-10 14:00
424,555,443323,Card,36,2025-04-20 22:00
425,556,17061,Wallet,15,2025-06-11 02:00
426,557,287627,Cash on Delivery,13,2025-07-08 18:00
427,558,480155,Card,30,2025-08-21 02:00
428,559,414055,Card,14,2025-10-28 22:00
429,561,95175,Wallet,20,2025-07-08 17:00
430,563,823561,Cash on Delivery,32,2025-07-31 21:00
431,564,3888,Cash on Delivery,15,2025-03-27 04:00
432,566,221014,Card,18,2025-01-15 09:00
433,567,76276,Cash on Delivery,41,2025-07-29 17:00
434,568,337948,Wallet,42,2025-06-23 04:00
435,569,783307,Wallet,1,2025-11-29 14:00
436,570,92411,Bank Transfer,3,2025-08-22 19:00
437,572,265827,Bank Transfer,15,2025-07-08 05:00
438,573,259316,Card,30,2025-05-04 02:00
439,575,517181,Bank Transfer,36,2025-11-25 21:00
440,576,252983,Wallet,14,2025-10-31 21:00
441,577,309074,Card,7,2025-10-05 00:00
442,578,220719,Cash on Delivery,28,2025-02-12 10:00
443,579,45446,Card,13,2025-10-02 18:00
444,580,309655,Card,30,2025-11-19 05:00
445,581,534017,Bank Transfer,34,2025-07-24 19:00
446,582,14678,Cash on Delivery,41,2025-11-16 15:00
447,584,598547,Bank Transfer,34,2025-05-23 11:00
448,586,398832,Card,10,2025-01-13 22:00
449,587,388156,Bank Transfer,40,2025-10-30 00:00
450,588,185653,Wallet,17,2025-08-20 21:00
451,589,435562,Card,36,2025-06-03 10:00
452,590,376287,Bank Transfer,31,2025-12-23 10:00
453,591,60813,Wallet,2,2025-10-13 06:00
454,592,29442,Bank Transfer,6,2025-12-23 16:00
455,594,96855,Wallet,28,2025-10-22 12:00
456,595,282932,Cash on Delivery,17,2025-07-15 23:00
457,596,439334,Cash on Delivery,27,2025-06-03 14:00
458,597,114919,Card,11,2026-01-01 07:00
459,598,170309,Card,20,2025-09-12 18:00
460,599,500252,Bank Transfer,12,2025-07-25 09:00
461,600,597735,Bank Transfer,20,2025-03-09 11:00
462,601,667896,Bank Transfer,32,2025-11-03 22:00
463,602,758588,Cash on Delivery,44,2025-02-27 18:00
464,605,442154,Wallet,4,2025-04-27 22:00
465,608,520318,Cash on Delivery,17,2025-05-14 14:00
466,609,63093,Cash on Delivery,15,2025-12-18 05:00
467,610,165923,Card,30,2025-08-31 08:00
468,611,472068,Card,16,2025-04-08 21:00
469,612,120427,Bank Transfer,19,2025-11-20 11:00
470,613,166988,Bank Transfer,3,2025-03-18 08:00
471,615,311247,Card,11,2025-03-23 21:00
472,616,653400,Card,27,2025-04-22 05:00
473,618,33483,Bank Transfer,24,2025-06-24 00:00
474,619,326269,Card,3,2025-08-28 22:00
475,620,23107,Cash on Delivery,25,2025-12-03 00:00
476,621,625567,Card,12,2025-08-27 07:00
477,622,493492,Wallet,36,2025-02-01 03:00
478,623,770407,Bank Transfer,14,2025-08-21 16:00
479,624,133494,Card,33,2025-09-16 18:00
480,625,285816,Card,22,2025-04-16 14:00
481,627,473799,Cash on Delivery,6,2025-07-28 21:00
482,628,243877,Bank Transfer,31,2025-09-01 18:00
483,629,128010,Bank Transfer,5,2025-02-19 23:00
484,630,841314,Wallet,41,2025-05-01 23:00
485,632,390881,Wallet,3,2025-12-22 09:00
486,633,676766,Bank Transfer,25,2025-01-04 08:00
487,634,573417,Wallet,4,2025-04-21 16:00
488,637,422048,Card,10,2025-12-06 09:00
489,638,251895,Bank Transfer,17,2025-11-09 22:00
490,641,284275,Wallet,1,2025-12-20 12:00
491,642,347241,Wallet,19,2025-09-03 22:00
492,644,687545,Card,16,2025-05-09 00:00
493,645,435037,Wallet,7,2025-03-13 04:00
494,646,579201,Wallet,19,2025-02-11 02:00
495,647,453658,Card,20,2025-04-03 05:00
496,648,109506,Card,2,2025-04-21 14:00
497,649,706825,Card,10,2025-01-05 11:00
498,650,425750,Card,12,2025-04-10 12:00
499,651,785949,Bank Transfer,15,2025-11-26 00:00
500,652,552555,Cash on Delivery,44,2025-04-29 14:00
501,653,438635,Card,26,2025-06-29 06:00
502,654,757710,Bank Transfer,35,2025-08-30 09:00
503,655,209708,Wallet,4,2025-02-13 15:00
504,656,312347,Wallet,21,2025-10-10 16:00
505,657,592918,Bank Transfer,21,2025-07-18 08:00
506,659,760299,Bank Transfer,9,2025-12-12 16:00
507,660,565760,Wallet,19,2025-06-20 02:00
508,661,627677,Card,24,2025-12-17 07:00
509,662,407510,Bank Transfer,6,2025-10-11 03:00
510,663,680329,Bank Transfer,6,2025-10-14 18:00
511,664,653267,Card,27,2025-02-18 12:00
512,665,324110,Cash on Delivery,39,2025-01-28 02:00
513,668,679563,Bank Transfer,14,2025-03-23 23:00
514,670,811082,Wallet,4,2025-06-18 10:00
515,671,838819,Wallet,39,2025-07-26 14:00
516,672,718034,Wallet,4,2025-10-17 10:00
517,674,98950,Bank Transfer,18,2025-07-08 14:00
518,675,233903,Bank Transfer,37,2025-11-25 03:00
519,677,216596,Bank Transfer,33,2025-06-06 00:00
520,678,636741,Bank Transfer,2,2025-04-15 02:00
521,682,351260,Wallet,4,2025-10-30 09:00
522,683,403834,Wallet,34,2025-11-23 23:00
523,684,119184,Bank Transfer,17,2025-06-02 18:00
524,685,666116,Bank Transfer,5,2025-12-02 23:00
525,686,41163,Card,33,2025-11-11 10:00
526,687,149323,Card,37,2025-06-07 23:00
527,688,178485,Wallet,23,2025-07-28 05:00
528,689,574515,Cash on Delivery,9,2025-02-05 20:00
529,690,849456,Bank Transfer,26,2025-05-16 01:00
530,692,486845,Wallet,36,2025-01-20 18:00
531,694,53534,Wallet,38,2025-01-17 20:00
532,695,588447,Wallet,33,2025-05-06 06:00
533,696,576081,Cash on Delivery,22,2025-07-26 23:00
534,697,159645,Card,3,2025-04-10 16:00
535,699,105602,Cash on Delivery,10,2025-12-05 07:00
536,700,128732,Card,13,2025-03-11 19:00
537,701,701220,Bank Transfer,38,2025-04-17 21:00
538,702,689472,Cash on Delivery,13,2025-05-02 19:00
539,703,576547,Cash on Delivery,38,2025-10-02 01:00
540,704,135426,Wallet,32,2025-12-10 02:00
541,705,82223,Card,9,2025-10-01 20:00
542,706,11907,Cash on Delivery,23,2025-07-10 23:00
543,707,496872,Bank Transfer,20,2025-10-24 02:00
544,709,555675,Card,23,2025-06-15 16:00
545,710,625984,Card,25,2025-12-12 19:00
546,711,30311,Cash on Delivery,5,2025-08-12 15:00
547,712,536326,Cash on Delivery,41,2025-12-23 14:00
548,713,608975,Wallet,36,2025-03-03 10:00
549,715,272437,Bank Transfer,18,2025-05-09 20:00
550,716,450074,Cash on Delivery,11,2025-05-16 20:00
551,717,769194,Bank Transfer,14,2025-06-21 02:00
552,718,694093,Wallet,12,2025-03-04 04:00
553,719,608022,Bank Transfer,39,2025-04-24 14:00
554,721,252333,Bank Transfer,36,2025-01-29 22:00
555,723,691238,Card,7,2025-11-07 08:00
556,724,133016,Cash on Delivery,44,2025-02-08 06:00
557,725,271665,Wallet,4,2025-07-18 23:00
558,726,52276,Card,42,2025-05-03 17:00
559,727,91426,Cash on Delivery,36,2025-12-09 11:00
560,728,6991,Cash on Delivery,6,2025-02-09 09:00
561,729,225543,Bank Transfer,17,2025-01-21 13:00
562,730,486631,Cash on Delivery,36,2025-04-25 17:00
563,732,756836,Card,41,2025-07-27 07:00
564,733,341217,Wallet,1,2025-04-15 14:00
565,734,75553,Bank Transfer,11,2025-02-02 17:00
566,735,154430,Bank Transfer,1000,2025-09-28 01:00
567,736,128703,Cash on Delivery,2,2025-06-24 22:00
568,737,259569,Wallet,18,2025-12-30 05:00
569,738,579874,Wallet,10,2025-05-02 10:00
570,739,802648,Bank Transfer,44,2025-06-24 01:00
571,741,824449,Cash on Delivery,36,2025-09-30 22:00
572,742,716019,Card,43,2025-03-12 13:00
573,743,71213,Wallet,17,2025-04-23 05:00
574,744,194565,Card,40,2025-09-09 22:00
575,746,780728,Cash on Delivery,38,2025-03-23 12:00
576,747,833515,Wallet,36,2025-01-28 10:00
577,748,12618,Card,26,2025-07-18 22:00
578,750,236995,Bank Transfer,43,2025-01-19 19:00
579,751,742235,Wallet,28,2025-07-04 04:00
580,753,340987,Card,27,2025-04-14 18:00
581,754,816023,Wallet,5,2025-10-29 01:00
582,757,521906,Wallet,22,2025-09-09 15:00
583,761,322970,Card,34,2025-06-26 05:00
584,762,299351,Wallet,32,2025-07-28 06:00
585,763,551313,Bank Transfer,41,2025-05-05 09:00
586,764,284186,Cash on Delivery,34,2025-11-16 03:00
587,765,347205,Bank Transfer,24,2025-07-31 00:00
588,766,268464,Card,25,2025-04-23 23:00
589,767,723448,Wallet,18,2025-12-21 15:00
590,768,411532,Cash on Delivery,5,2025-02-04 05:00
591,770,349590,Wallet,22,2025-01-13 12:00
592,771,217013,Card,26,2025-02-23 15:00
593,772,103002,Cash on Delivery,5,2025-01-26 02:00
594,773,182681,Bank Transfer,13,2025-01-06 10:00
595,775,847045,Cash on Delivery,17,2025-05-18 07:00
596,778,304976,Card,14,2025-03-25 07:00
597,779,816704,Bank Transfer,8,2025-12-26 19:00
598,780,729602,Card,22,2025-11-25 20:00
599,781,562853,Cash on Delivery,24,2025-12-02 21:00
600,782,648352,Bank Transfer,30,2025-07-23 07:00
601,783,295976,Bank Transfer,22,2025-01-20 23:00
602,784,420200,Cash on Delivery,22,2025-06-06 02:00
603,787,19657,Card,2,2025-04-03 23:00
604,788,49388,Bank Transfer,13,2025-05-25 02:00
605,790,172383,Bank Transfer,38,2025-02-19 01:00
606,792,346201,Card,6,2025-02-22 10:00
607,793,845152,Cash on Delivery,16,2025-10-09 14:00
608,794,631943,Wallet,35,2025-05-03 21:00
609,795,441504,Card,39,2025-08-15 00:00
610,796,282078,Bank Transfer,14,2025-10-25 06:00
611,797,156388,Card,43,2025-09-25 00:00
612,798,438450,Wallet,36,2025-05-24 23:00
613,799,672602,Cash on Delivery,21,2025-12-17 05:00
614,800,778334,Bank Transfer,17,2025-11-27 00:00
615,801,314623,Cash on Delivery,44,2025-09-20 10:00
616,802,462823,Wallet,7,2025-05-02 16:00
617,803,109619,Wallet,4,2025-05-23 06:00
618,804,19748,Wallet,42,2025-06-03 09:00
619,806,133438,Bank Transfer,13,2025-08-28 13:00
620,807,403163,Card,26,2025-02-16 03:00
621,808,468281,Cash on Delivery,1,2025-07-03 11:00
622,809,489048,Bank Transfer,39,2025-04-15 11:00
623,810,449755,Bank Transfer,4,2025-08-17 12:00
624,811,604160,Cash on Delivery,3,2025-06-11 19:00
625,812,595517,Bank Transfer,27,2025-04-20 16:00
626,813,291176,Card,30,2025-01-12 04:00
627,814,319979,Card,35,2025-07-15 17:00
628,816,253021,Card,17,2025-06-03 07:00
629,819,22456,Wallet,38,2025-11-29 16:00
630,820,111767,Bank Transfer,6,2025-05-24 04:00
631,822,304672,Wallet,19,2025-10-02 23:00
632,824,152472,Wallet,16,2025-07-15 02:00
633,825,114449,Cash on Delivery,38,2025-10-26 07:00
634,826,236697,Cash on Delivery,22,2025-04-05 11:00
635,827,118553,Wallet,24,2025-03-10 12:00
636,828,479037,Bank Transfer,21,2025-09-05 04:00
637,829,623646,Bank Transfer,38,2025-03-20 03:00
638,830,645646,Cash on Delivery,30,2025-01-09 05:00
639,832,67774,Card,29,2025-06-17 09:00
640,833,276188,Card,44,2025-03-24 20:00
641,834,236213,Bank Transfer,1,2025-09-15 04:00
642,835,163023,Card,5,2025-02-02 21:00
643,836,622678,Card,3,2025-11-07 17:00
644,837,470033,Wallet,39,2025-02-05 10:00
645,839,494254,Cash on Delivery,33,2025-07-09 16:00
646,840,437439,Cash on Delivery,33,2025-12-01 06:00
647,841,233598,Card,43,2025-06-20 03:00
648,842,146860,Bank Transfer,9,2025-04-22 08:00
649,843,267538,Card,6,2025-11-19 08:00
650,844,793740,Wallet,20,2025-03-17 01:00
651,845,206454,Wallet,42,2025-06-29 10:00
652,846,848380,Card,28,2025-12-15 17:00
653,848,492834,Card,23,2025-08-28 17:00
654,849,469739,Wallet,1000,2025-12-06 16:00
655,850,520033,Card,16,2025-10-09 12:00
656,851,586072,Wallet,40,2025-02-09 21:00
657,852,750702,Bank Transfer,1,2025-06-22 07:00
658,853,539039,Cash on Delivery,3,2026-01-03 12:00
659,854,376168,Wallet,44,2025-06-16 15:00
660,855,652287,Card,33,2025-07-31 06:00
661,857,240753,Card,35,2025-08-24 04:00
662,859,114918,Card,16,2025-06-28 16:00
663,860,799920,Wallet,5,2026-01-04 10:00
664,861,523286,Wallet,9,2025-04-21 05:00
665,863,283071,Bank Transfer,41,2025-11-22 02:00
666,864,28370,Cash on Delivery,16,2025-10-29 11:00
667,866,788205,Cash on Delivery,30,2025-12-29 23:00
668,867,665383,Wallet,2,2025-11-19 00:00
669,868,369526,Bank Transfer,31,2025-02-18 09:00
670,869,589612,Card,30,2025-01-14 14:00
671,871,449232,Wallet,17,2025-07-28 00:00
672,872,50225,Card,8,2025-04-03 05:00
673,873,287400,Cash on Delivery,21,2025-02-17 22:00
674,874,574312,Wallet,14,2025-02-03 17:00
675,875,520221,Bank Transfer,27,2025-03-02 01:00
676,876,494289,Card,42,2025-11-17 23:00
677,877,787297,Cash on Delivery,41,2025-06-27 17:00
678,878,662257,Cash on Delivery,18,2025-12-30 17:00
679,880,22655,Card,2,2025-10-28 15:00
680,881,117392,Card,41,2025-05-16 06:00
681,882,508669,Card,15,2025-12-16 01:00
682,883,679076,Bank Transfer,32,2025-11-02 10:00
683,884,92287,Card,19,2025-12-21 10:00
684,885,619684,Card,18,2026-01-01 05:00
685,888,103500,Card,39,2025-08-04 21:00
686,889,96466,Card,22,2025-04-22 14:00
687,890,112392,Bank Transfer,15,2025-08-31 00:00
688,891,640192,Wallet,2,2025-09-28 02:00
689,893,447857,Bank Transfer,40,2025-01-22 11:00
690,894,664602,Bank Transfer,33,2025-11-22 08:00
691,895,427446,Cash on Delivery,26,2025-08-03 23:00
692,898,429395,Card,28,2025-08-28 18:00
693,899,848594,Wallet,8,2025-08-10 00:00
694,900,336038,Cash on Delivery,13,2025-07-25 09:00
695,901,24781,Bank Transfer,25,2025-09-11 00:00
696,905,741354,Cash on Delivery,32,2025-05-27 03:00
697,906,743988,Wallet,41,2025-07-15 12:00
698,907,234398,Bank Transfer,34,2025-03-20 08:00
699,909,563221,Bank Transfer,1,2025-08-28 19:00
700,912,273916,Wallet,1001,2025-06-28 00:00
701,913,589106,Card,10,2025-04-03 01:00
702,915,273176,Cash on Delivery,26,2025-07-03 09:00
703,917,303380,Card,16,2025-12-05 10:00
704,920,87529,Cash on Delivery,44,2025-03-12 07:00
705,921,673608,Card,10,2025-01-19 10:00
706,922,802851,Bank Transfer,6,2025-05-28 13:00
707,923,158114,Wallet,24,2025-01-14 21:00
708,924,206814,Card,1000,2025-12-09 22:00
709,925,787886,Wallet,29,2025-07-04 06:00
710,927,246242,Cash on Delivery,40,2025-10-06 21:00
711,928,393742,Card,29,2025-06-27 22:00
712,929,215212,Bank Transfer,44,2025-06-20 08:00
713,930,610697,Wallet,30,2025-11-23 00:00
714,931,539748,Wallet,1,2025-01-29 14:00
715,932,542789,Wallet,20,2025-08-28 15:00
716,934,484825,Card,1001,2025-05-03 09:00
717,935,112632,Bank Transfer,31,2025-10-29 12:00
718,936,840882,Card,32,2025-03-24 07:00
719,937,170020,Bank Transfer,2,2025-08-28 07:00
720,938,367852,Wallet,26,2025-08-15 03:00
721,940,610537,Bank Transfer,41,2025-06-07 01:00
722,941,254926,Wallet,28,2025-08-03 12:00
723,942,756291,Bank Transfer,40,2025-03-29 05:00
724,943,25455,Wallet,15,2025-12-25 08:00
725,944,745406,Bank Transfer,16,2025-11-24 03:00
726,945,248843,Wallet,13,2025-05-06 21:00
727,946,84835,Cash on Delivery,12,2025-11-20 23:00
728,947,698063,Card,6,2025-09-02 03:00
729,949,793262,Cash on Delivery,16,2025-12-10 11:00
730,950,605266,Cash on Delivery,5,2025-10-09 05:00
731,951,329565,Wallet,19,2025-04-01 01:00
732,953,308140,Cash on Delivery,22,2025-04-22 12:00
733,954,54817,Wallet,33,2025-06-16 23:00
734,955,610767,Wallet,43,2025-06-01 18:00
735,956,55603,Wallet,36,2025-05-04 16:00
736,957,727770,Cash on Delivery,21,2025-02-07 12:00
737,958,217915,Bank Transfer,13,2025-11-25 18:00
738,959,374253,Bank Transfer,18,2025-06-22 00:00
739,961,128156,Card,11,2025-08-20 12:00
740,963,116747,Wallet,39,2025-10-02 23:00
741,964,201004,Cash on Delivery,10,2025-09-05 17:00
742,965,837237,Wallet,9,2025-02-19 04:00
743,966,73277,Bank Transfer,8,2025-12-04 05:00
744,969,188765,Cash on Delivery,8,2025-05-16 13:00
745,970,204343,Bank Transfer,33,2025-02-21 21:00
746,972,3397,Card,28,2025-02-09 13:00
747,975,416110,Bank Transfer,18,2025-03-14 16:00
748,976,417331,Bank Transfer,21,2025-12-09 06:00
749,977,86550,Cash on Delivery,14,2025-07-23 23:00
750,978,819328,Card,9,2025-10-06 14:00
751,979,265560,Card,6,2025-09-18 10:00
752,980,209058,Wallet,21,2025-07-28 09:00
753,981,695468,Cash on Delivery,23,2025-03-25 03:00
754,983,289827,Cash on Delivery,37,2025-11-12 23:00
755,984,844226,Bank Transfer,31,2025-06-17 07:00
756,985,210666,Wallet,2,2025-05-19 06:00
757,986,811372,Card,13,2025-12-11 00:00
758,987,155263,Wallet,20,2025-05-09 17:00
759,988,725608,Bank Transfer,32,2025-08-04 02:00
760,989,317001,Card,8,2025-03-01 22:00
761,990,395905,Wallet,5,2025-06-10 15:00
762,991,358216,Card,33,2025-09-08 00:00
763,992,629967,Wallet,21,2025-09-07 06:00
764,993,810752,Bank Transfer,36,2025-11-07 09:00
765,994,7007,Card,20,2025-08-11 22:00
766,995,582758,Card,31,2025-09-13 20:00
767,996,29519,Wallet,4,2025-12-23 14:00
768,997,752686,Bank Transfer,32,2025-11-04 04:00
769,1001,318467,Card,12,2025-03-13 19:00
770,1002,74313,Wallet,31,2025-10-21 06:00
771,1003,240769,Wallet,28,2025-05-15 11:00
772,1004,334071,Wallet,34,2025-07-09 08:00
773,1005,186091,Card,5,2025-01-02 17:00
774,1006,70572,Card,21,2025-03-14 07:00
775,1008,409177,Bank Transfer,25,2025-07-22 16:00
776,1009,629214,Card,12,2025-12-11 20:00
777,1010,622381,Cash on Delivery,7,2025-10-31 17:00
778,1011,615297,Card,40,2025-05-30 19:00
779,1012,728836,Card,27,2025-05-20 15:00
780,1015,815464,Bank Transfer,14,2025-10-19 23:00
781,1017,337823,Card,7,2025-02-07 14:00
782,1018,561131,Wallet,30,2025-11-30 17:00
783,1020,282277,Card,23,2025-09-22 21:00
784,1021,251211,Cash on Delivery,37,2025-06-22 07:00
785,1022,264058,Card,21,2025-05-19 02:00
786,1023,815280,Bank Transfer,37,2025-07-19 09:00
787,1024,155862,Cash on Delivery,1,2025-10-28 16:00
788,1025,491498,Card,28,2025-01-21 13:00
789,1026,587613,Wallet,13,2025-01-17 14:00
790,1027,737319,Bank Transfer,20,2025-10-18 18:00
791,1028,842344,Card,9,2025-01-20 15:00
792,1029,150372,Bank Transfer,39,2025-11-26 13:00
793,1030,576879,Bank Transfer,23,2025-04-01 12:00
794,1032,59419,Cash on Delivery,35,2025-01-09 12:00
795,1033,492215,Bank Transfer,23,2025-07-14 16:00
796,1034,173745,Card,41,2025-03-16 18:00
797,1035,685007,Wallet,25,2025-10-24 20:00
798,1036,162450,Bank Transfer,29,2025-12-23 11:00
799,1037,234839,Card,44,2025-10-31 02:00
800,1040,742496,Bank Transfer,14,2025-06-03 13:00
801,1041,330553,Cash on Delivery,14,2025-02-15 01:00
802,1043,638111,Card,10,2025-10-02 21:00
803,1044,561531,Cash on Delivery,3,2025-07-16 14:00
804,1045,533261,Card,25,2025-03-13 03:00
805,1046,13860,Wallet,34,2025-10-25 10:00
806,1047,200419,Cash on Delivery,41,2025-01-22 22:00
807,1049,516971,Cash on Delivery,29,2025-07-27 06:00
808,1050,145113,Wallet,39,2025-06-04 20:00
809,1052,350922,Bank Transfer,2,2025-09-30 17:00
810,1053,90847,Wallet,21,2025-03-05 04:00
811,1054,756435,Card,1,2025-01-19 10:00
812,1055,676099,Cash on Delivery,15,2025-07-22 09:00
813,1057,341525,Cash on Delivery,19,2025-10-16 12:00
814,1058,831410,Wallet,33,2025-05-01 02:00
815,1059,281029,Wallet,17,2025-11-20 16:00
816,1061,620447,Bank Transfer,22,2025-09-03 10:00
817,1062,386927,Cash on Delivery,11,2025-02-27 18:00
818,1063,473430,Bank Transfer,5,2025-03-02 07:00
819,1064,775203,Wallet,11,2025-09-15 17:00
820,1065,388462,Wallet,13,2025-09-01 13:00
821,1066,823705,Cash on Delivery,20,2025-01-03 08:00
822,1067,763822,Bank Transfer,27,2025-09-28 16:00
823,1068,700760,Wallet,42,2025-11-05 09:00
824,1069,685984,Cash on Delivery,10,2025-07-07 09:00
825,1070,338525,Cash on Delivery,4,2025-01-26 08:00
826,1071,592463,Bank Transfer,21,2025-01-09 20:00
827,1072,62939,Bank Transfer,11,2025-08-17 06:00
828,1075,825946,Bank Transfer,1,2025-06-20 17:00
829,1076,100151,Wallet,1001,2025-05-10 11:00
830,1077,134661,Wallet,23,2025-12-07 16:00
831,1078,501749,Card,22,2025-12-16 07:00
832,1079,500097,Wallet,43,2025-06-28 00:00
833,1080,844560,Wallet,18,2025-05-09 22:00
834,1081,35179,Cash on Delivery,10,2025-03-08 10:00
835,1082,566790,Card,43,2025-05-09 11:00
836,1083,97235,Bank Transfer,21,2025-09-22 00:00
837,1085,366779,Cash on Delivery,9,2025-11-28 14:00
838,1086,766433,Cash on Delivery,18,2025-11-22 01:00
839,1087,333350,Cash on Delivery,44,2025-07-06 19:00
840,1090,752066,Bank Transfer,1,2025-12-21 20:00
841,1093,17035,Bank Transfer,44,2025-01-17 08:00
842,1095,54166,Wallet,41,2025-03-15 17:00
843,1096,114996,Bank Transfer,42,2025-04-25 22:00
844,1097,160323,Cash on Delivery,4,2025-03-30 16:00
845,1098,567746,Card,33,2025-06-08 11:00
846,1099,543846,Wallet,16,2025-12-20 04:00
847,1101,240105,Wallet,12,2025-05-03 15:00
848,1103,354952,Wallet,2,2025-02-22 02:00
849,1104,799180,Card,43,2025-01-10 12:00
850,1109,297329,Bank Transfer,33,2025-12-06 12:00
851,1110,585910,Wallet,31,2025-10-20 18:00
852,1111,792366,Wallet,40,2025-12-28 02:00
853,1112,172322,Cash on Delivery,22,2025-07-27 21:00
854,1113,758412,Card,33,2025-03-02 20:00
855,1114,254873,Cash on Delivery,35,2025-07-26 22:00
856,1115,185924,Card,36,2025-04-05 22:00
857,1116,631088,Bank Transfer,35,2025-05-28 09:00
858,1117,308578,Cash on Delivery,24,2025-06-25 13:00
859,1118,726075,Card,12,2025-11-08 21:00
860,1122,811653,Wallet,6,2025-11-05 10:00
861,1124,141572,Bank Transfer,41,2025-09-16 10:00
862,1126,685691,Bank Transfer,14,2025-11-17 16:00
863,1127,214826,Card,5,2025-08-13 05:00
864,1128,399776,Card,5,2025-11-21 00:00
865,1129,29490,Bank Transfer,1000,2025-03-05 05:00
866,1130,167147,Cash on Delivery,16,2025-02-01 10:00
867,1131,401145,Wallet,1,2025-10-03 20:00
868,1132,372868,Wallet,30,2025-04-28 10:00
869,1134,127263,Cash on Delivery,40,2025-05-02 12:00
870,1135,813741,Bank Transfer,5,2025-08-23 22:00
871,1136,468926,Wallet,20,2025-01-10 09:00
872,1138,265033,Wallet,36,2025-03-24 14:00
873,1139,361030,Wallet,33,2025-04-19 08:00
874,1141,56859,Wallet,22,2025-12-26 14:00
875,1142,445501,Bank Transfer,3,2025-10-03 16:00
876,1144,761498,Card,42,2025-10-18 04:00
877,1145,309671,Card,36,2025-04-25 18:00
878,1148,774554,Bank Transfer,38,2025-09-16 01:00
879,1150,753650,Bank Transfer,29,2025-07-29 12:00
880,1151,148271,Bank Transfer,6,2025-06-22 21:00
881,1152,426191,Bank Transfer,24,2025-04-11 10:00
882,1154,240558,Bank Transfer,20,2025-04-03 01:00
883,1156,313887,Bank Transfer,9,2025-11-18 19:00
884,1157,181684,Wallet,13,2025-04-21 23:00
885,1160,374391,Wallet,39,2025-01-04 04:00
886,1162,508249,Bank Transfer,11,2025-05-14 12:00
887,1163,683340,Wallet,24,2025-09-13 03:00
888,1164,515146,Card,42,2025-04-05 22:00
889,1165,495480,Card,19,2025-01-17 10:00
890,1166,183831,Cash on Delivery,28,2025-10-04 17:00
891,1168,419587,Card,3,2025-09-09 16:00
892,1169,655685,Card,14,2025-04-02 04:00
893,1171,552833,Card,39,2025-10-01 18:00
894,1173,358605,Cash on Delivery,14,2025-05-02 18:00
895,1174,632268,Cash on Delivery,12,2025-07-19 11:00
896,1175,396414,Bank Transfer,6,2025-12-22 18:00
897,1176,509190,Bank Transfer,15,2025-11-25 05:00
898,1177,312650,Bank Transfer,21,2025-08-07 08:00
899,1178,653632,Cash on Delivery,44,2025-11-19 13:00
900,1180,752293,Wallet,44,2025-04-16 17:00
901,1181,393357,Cash on Delivery,8,2025-12-04 07:00
902,1182,271580,Cash on Delivery,41,2025-12-05 21:00
903,1183,239575,Cash on Delivery,29,2025-10-12 18:00
904,1185,687989,Card,17,2025-07-26 22:00
905,1187,643863,Cash on Delivery,19,2025-11-30 14:00
906,1188,730149,Wallet,34,2025-04-30 17:00
907,1189,309665,Bank Transfer,7,2025-12-14 12:00
908,1190,131881,Cash on Delivery,26,2025-10-19 17:00
909,1192,23988,Card,25,2025-04-02 01:00
910,1193,332868,Card,36,2025-03-19 11:00
911,1194,269585,Cash on Delivery,18,2025-04-04 04:00
912,1195,603155,Card,31,2025-05-15 06:00
913,1196,416302,Cash on Delivery,39,2026-01-01 02:00
914,1197,405160,Bank Transfer,43,2025-11-22 12:00
915,1198,667979,Bank Transfer,9,2025-04-09 04:00
916,1199,804484,Cash on Delivery,40,2025-04-01 01:00
917,1200,657172,Bank Transfer,29,2025-10-08 03:00
918,1201,263681,Card,17,2025-10-22 12:00
919,1202,199026,Card,33,2025-01-16 00:00
920,1204,651187,Wallet,44,2025-09-14 07:00
921,1205,67444,Card,8,2025-04-12 03:00
922,1206,382553,Bank Transfer,3,2025-09-04 23:00
923,1208,597056,Wallet,36,2025-12-06 19:00
924,1209,49091,Bank Transfer,29,2025-05-15 14:00
925,1210,207839,Bank Transfer,26,2025-11-30 19:00
926,1214,101641,Cash on Delivery,25,2025-06-30 22:00
927,1216,818971,Wallet,8,2025-10-29 02:00
928,1217,76640,Card,43,2025-10-12 02:00
929,1218,610512,Cash on Delivery,11,2025-10-29 14:00
930,1219,680867,Wallet,16,2025-10-30 15:00
931,1220,105981,Wallet,18,2025-03-22 08:00
932,1221,109000,Wallet,8,2025-11-08 18:00
933,1222,677435,Bank Transfer,2,2025-11-21 20:00
934,1223,17494,Bank Transfer,29,2025-08-30 15:00
935,1224,468039,Wallet,41,2025-04-24 19:00
936,1225,138145,Card,1000,2025-10-17 18:00
937,1226,361271,Wallet,11,2025-12-04 14:00
938,1228,682789,Wallet,44,2025-08-10 20:00
939,1229,641574,Wallet,4,2025-09-04 10:00
940,1230,300885,Card,7,2025-10-10 22:00
941,1233,612141,Bank Transfer,44,2025-06-01 04:00
942,1234,305372,Card,44,2025-02-10 17:00
943,1235,393239,Bank Transfer,33,2025-05-12 21:00
944,1236,17274,Wallet,17,2025-09-17 13:00
945,1237,392243,Card,10,2025-01-14 19:00
946,1239,483009,Wallet,3,2025-12-27 19:00
947,1240,6827,Card,39,2025-09-09 04:00
948,1241,719812,Bank Transfer,1,2025-01-01 19:00
949,1243,511161,Wallet,40,2025-11-25 03:00
950,1244,341803,Wallet,21,2025-09-03 07:00
951,1245,326515,Wallet,32,2025-02-25 12:00
952,1246,770404,Card,21,2025-01-28 22:00
953,1247,749924,Bank Transfer,8,2025-05-02 06:00
954,1248,455574,Bank Transfer,25,2025-12-04 21:00
955,1249,72842,Wallet,7,2025-12-19 02:00
956,1250,450994,Wallet,12,2025-09-20 13:00
957,1252,497230,Wallet,44,2025-10-28 20:00
958,1253,42081,Cash on Delivery,9,2025-02-08 21:00
959,1254,106516,Wallet,24,2025-06-29 04:00
960,1256,814899,Bank Transfer,40,2025-08-14 11:00
961,1257,724199,Wallet,35,2025-05-30 22:00
962,1259,557316,Bank Transfer,21,2025-10-17 22:00
963,1260,255367,Bank Transfer,8,2025-11-20 20:00
964,1261,456735,Bank Transfer,23,2025-06-11 18:00
965,1262,634755,Cash on Delivery,23,2025-01-13 09:00
966,1263,494245,Card,41,2025-01-22 11:00
967,1264,37652,Card,38,2025-05-16 15:00
968,1265,174641,Bank Transfer,3,2025-08-17 11:00
969,1266,766156,Wallet,14,2025-08-07 12:00
970,1267,93405,Card,7,2025-06-05 08:00
971,1268,5449,Card,34,2025-10-02 00:00
972,1269,331616,Wallet,28,2025-09-24 01:00
973,1270,726569,Card,4,2025-10-13 19:00
974,1271,677071,Card,26,2025-03-16 00:00
975,1272,414419,Bank Transfer,26,2025-09-18 16:00
976,1273,514620,Card,41,2025-05-28 02:00
977,1274,762979,Bank Transfer,30,2025-10-13 14:00
978,1275,353939,Bank Transfer,43,2025-09-21 17:00
979,1276,356691,Bank Transfer,42,2025-06-22 15:00
980,1277,505882,Cash on Delivery,8,2025-09-05 08:00
981,1278,13901,Wallet,40,2025-09-02 19:00
982,1279,270487,Bank Transfer,25,2025-03-14 20:00
983,1280,524276,Bank Transfer,39,2025-01-29 21:00
984,1281,638529,Bank Transfer,14,2025-05-04 13:00
985,1282,266709,Card,26,2025-07-10 21:00
986,1283,704107,Cash on Delivery,5,2025-03-19 00:00
987,1284,34855,Wallet,38,2025-06-21 20:00
988,1285,390171,Wallet,9,2025-06-25 04:00
989,1287,844868,Bank Transfer,23,2025-01-18 07:00
990,1288,571781,Bank Transfer,23,2025-02-04 18:00
991,1289,615645,Card,36,2025-09-12 04:00
992,1290,390371,Card,43,2025-05-14 12:00
993,1291,650311,Card,4,2025-06-03 15:00
994,1292,249249,Card,43,2025-02-09 21:00
995,1293,439329,Cash on Delivery,39,2025-09-03 17:00
996,1294,175480,Cash on Delivery,25,2025-07-04 21:00
997,1295,558137,Cash on Delivery,42,2025-06-05 00:00
998,1296,224664,Wallet,41,2025-03-23 22:00
999,1297,159306,Wallet,42,2025-01-12 04:00
1000,1298,545389,Bank Transfer,32,2025-01-25 13:00
1001,1299,685911,Card,7,2025-09-27 21:00
1002,1301,674446,Wallet,14,2025-02-13 19:00
1003,1302,262923,Wallet,8,2025-01-13 19:00
1004,1304,716477,Wallet,44,2025-03-29 16:00
1005,1305,380264,Bank Transfer,14,2025-10-06 18:00
1006,1306,237705,Wallet,37,2025-11-30 18:00
1007,1307,761553,Cash on Delivery,34,2025-06-24 11:00
1008,1308,775227,Wallet,7,2025-05-27 02:00
1009,1310,277113,Cash on Delivery,31,2025-06-05 12:00
1010,1312,322401,Cash on Delivery,27,2025-03-21 22:00
1011,1313,544538,Card,37,2025-02-05 02:00
1012,1315,433158,Bank Transfer,35,2025-09-28 22:00
1013,1316,166851,Bank Transfer,12,2025-12-26 02:00
1014,1317,58082,Wallet,6,2025-02-07 17:00
1015,1318,318898,Cash on Delivery,43,2025-11-26 02:00
1016,1319,259677,Bank Transfer,25,2025-10-29 12:00
1017,1320,138133,Wallet,37,2025-02-18 19:00
1018,1323,296722,Bank Transfer,24,2025-02-05 05:00
1019,1324,34138,Card,23,2025-09-18 13:00
1020,1325,307628,Card,44,2025-03-31 23:00
1021,1326,180691,Card,39,2025-05-24 18:00
1022,1327,201049,Bank Transfer,11,2025-06-18 16:00
1023,1328,278190,Card,999,2025-07-11 12:00
1024,1329,637283,Bank Transfer,23,2025-10-01 20:00
1025,1330,72125,Cash on Delivery,44,2025-03-13 21:00
1026,1331,593873,Wallet,7,2025-05-31 04:00
1027,1332,846838,Wallet,22,2025-05-14 05:00
1028,1333,327165,Card,25,2025-05-19 14:00
1029,1334,576755,Wallet,44,2025-07-17 07:00
1030,1335,524667,Wallet,3,2025-07-21 21:00
1031,1338,26885,Wallet,14,2025-12-30 00:00
1032,1339,608408,Bank Transfer,27,2025-04-20 10:00
1033,1340,57719,Card,17,2025-04-04 18:00
1034,1341,416944,Card,1,2025-04-24 08:00
1035,1345,32405,Bank Transfer,1000,2025-11-15 21:00
1036,1346,113976,Bank Transfer,14,2025-07-05 01:00
1037,1347,377774,Cash on Delivery,22,2025-02-27 14:00
1038,1348,193044,Bank Transfer,27,2025-06-22 13:00
1039,1349,307772,Cash on Delivery,2,2025-10-14 02:00
1040,1352,393332,Wallet,22,2025-03-06 16:00
1041,1355,44180,Bank Transfer,24,2025-10-29 16:00
1042,1356,253964,Cash on Delivery,9,2025-11-02 19:00
1043,1357,145990,Card,1000,2025-09-15 01:00
1044,1358,830890,Card,5,2025-09-12 08:00
1045,1359,829310,Wallet,7,2025-01-16 02:00
1046,1360,301337,Card,23,2025-07-20 17:00
1047,1361,575404,Card,1001,2025-11-20 16:00
1048,1363,247504,Wallet,43,2025-10-11 00:00
1049,1364,825880,Wallet,1000,2025-10-30 02:00
1050,1366,609165,Cash on Delivery,40,2025-03-27 10:00
1051,1367,759080,Wallet,44,2025-03-03 22:00
1052,1368,364740,Wallet,7,2025-09-04 23:00
1053,1369,478184,Wallet,13,2025-06-28 04:00
1054,1371,17971,Card,21,2025-11-05 06:00
1055,1373,176031,Wallet,26,2025-04-09 01:00
1056,1374,261088,Card,9,2025-03-20 19:00
1057,1375,174538,Card,31,2025-04-16 19:00
1058,1376,171683,Card,24,2025-12-20 20:00
1059,1377,214742,Card,20,2025-11-06 01:00
1060,1378,483091,Card,40,2025-11-21 09:00
1061,1379,128051,Wallet,38,2025-06-12 14:00
1062,1380,470554,Cash on Delivery,44,2025-03-25 20:00
1063,1381,380577,Wallet,11,2025-01-22 07:00
1064,1382,553336,Cash on Delivery,27,2025-01-19 07:00
1065,1383,405332,Bank Transfer,42,2025-04-30 13:00
1066,1385,229835,Cash on Delivery,11,2025-04-11 10:00
1067,1387,14872,Cash on Delivery,36,2025-01-10 14:00
1068,1388,156006,Bank Transfer,20,2025-01-17 13:00
1069,1389,569853,Wallet,10,2025-10-12 17:00
1070,1390,573591,Wallet,2,2025-08-10 20:00
1071,1391,747244,Bank Transfer,6,2025-09-22 16:00
1072,1393,165633,Wallet,21,2025-09-23 00:00
1073,1394,747539,Cash on Delivery,40,2025-01-31 20:00
1074,1397,496063,Bank Transfer,30,2025-02-11 18:00
1075,1398,812655,Wallet,34,2025-03-16 04:00
1076,1399,34369,Bank Transfer,37,2025-02-14 13:00
1077,1401,799653,Cash on Delivery,17,2025-07-19 00:00
1078,1403,80008,Wallet,31,2025-12-21 17:00
1079,1404,10777,Bank Transfer,15,2025-05-03 11:00
1080,1405,253808,Bank Transfer,18,2025-10-18 17:00
1081,1406,734703,Cash on Delivery,11,2025-01-29 23:00
1082,1407,35436,Card,19,2025-11-21 16:00
1083,1408,393920,Wallet,41,2025-08-27 21:00
1084,1409,818756,Bank Transfer,2,2025-02-23 02:00
1085,1410,121189,Bank Transfer,42,2025-09-07 10:00
1086,1411,222742,Card,35,2025-05-31 23:00
1087,1412,696083,Cash on Delivery,22,2025-11-30 01:00
1088,1413,394792,Cash on Delivery,30,2025-06-25 06:00
1089,1414,21575,Bank Transfer,18,2025-08-03 09:00
1090,1416,477050,Cash on Delivery,14,2025-03-03 04:00
1091,1417,295571,Bank Transfer,10,2025-01-13 16:00
1092,1418,27003,Bank Transfer,15,2025-11-06 02:00
1093,1419,514191,Wallet,37,2025-06-29 22:00
1094,1420,545000,Wallet,19,2025-06-26 04:00
1095,1422,644182,Cash on Delivery,20,2025-11-24 06:00
1096,1423,108276,Wallet,42,2025-02-07 00:00
1097,1424,463064,Cash on Delivery,29,2025-06-30 23:00
1098,1426,120970,Bank Transfer,19,2025-03-21 23:00
1099,1427,218780,Bank Transfer,16,2025-09-11 11:00
1100,1429,38450,Wallet,18,2025-09-13 05:00
1101,1431,248441,Bank Transfer,29,2025-06-29 01:00
1102,1432,331270,Cash on Delivery,23,2025-09-23 12:00
1103,1433,339341,Cash on Delivery,24,2025-09-18 11:00
1104,1434,776105,Card,7,2025-12-06 04:00
1105,1436,411063,Wallet,25,2025-10-04 10:00
1106,1438,287597,Bank Transfer,10,2025-04-28 04:00
1107,1439,612254,Card,2,2025-08-12 08:00
1108,1440,53929,Card,13,2025-05-21 23:00
1109,1441,244570,Wallet,7,2025-10-08 00:00
1110,1442,448229,Card,11,2025-10-18 21:00
1111,1443,782184,Card,17,2025-03-01 06:00
1112,1444,559179,Wallet,5,2025-09-05 01:00
1113,1445,354757,Card,29,2025-05-19 13:00
1114,1446,664568,Bank Transfer,13,2025-06-29 20:00
1115,1447,92424,Cash on Delivery,20,2025-03-03 17:00
1116,1449,91133,Cash on Delivery,30,2025-09-05 17:00
1117,1450,458105,Wallet,1001,2025-12-08 09:00
1118,1451,544682,Card,37,2025-05-10 21:00
1119,1453,387249,Card,42,2025-11-23 10:00
1120,1454,4212,Card,23,2025-12-27 04:00
1121,1455,476410,Bank Transfer,35,2025-05-08 08:00
1122,1456,552741,Cash on Delivery,34,2025-09-18 13:00
1123,1457,498238,Bank Transfer,2,2025-12-31 23:00
1124,1458,586885,Cash on Delivery,12,2025-08-31 00:00
1125,1460,563379,Bank Transfer,32,2025-12-04 02:00
1126,1461,361847,Cash on Delivery,24,2025-11-22 19:00
1127,1462,294521,Card,44,2025-05-31 17:00
1128,1463,763424,Wallet,19,2025-10-04 23:00
1129,1464,70265,Card,27,2025-05-14 20:00
1130,1465,322668,Bank Transfer,28,2025-10-13 03:00
1131,1466,822645,Wallet,24,2025-01-19 17:00
1132,1467,498051,Bank Transfer,22,2025-05-11 03:00
1133,1468,91807,Cash on Delivery,14,2025-04-16 09:00
1134,1469,130693,Wallet,37,2025-10-01 00:00
1135,1470,736426,Bank Transfer,13,2025-07-15 23:00
1136,1471,608599,Wallet,20,2025-09-09 12:00
1137,1473,640120,Wallet,32,2025-06-07 14:00
1138,1475,637274,Cash on Delivery,12,2025-04-21 00:00
1139,1476,86490,Cash on Delivery,33,2025-08-01 06:00
1140,1477,753815,Wallet,14,2025-05-27 04:00
1141,1479,751313,Wallet,17,2025-12-06 01:00
1142,1480,452141,Card,5,2025-03-04 09:00
1143,1481,55684,Wallet,22,2025-07-09 07:00
1144,1483,276109,Wallet,21,2025-01-14 12:00
1145,1485,718672,Wallet,16,2025-07-01 05:00
1146,1486,134457,Card,999,2025-05-30 01:00
1147,1487,711076,Card,44,2025-03-26 02:00
1148,1488,764871,Bank Transfer,34,2025-05-28 07:00
1149,1489,413411,Wallet,4,2025-07-25 21:00
1150,1490,387741,Card,21,2025-11-05 22:00
1151,1491,788776,Cash on Delivery,15,2025-04-13 03:00
1152,1492,288958,Bank Transfer,3,2025-12-19 15:00
1153,1493,547029,Bank Transfer,18,2025-08-03 19:00
1154,1494,595018,Bank Transfer,40,2025-02-13 19:00
1155,1495,755432,Bank Transfer,44,2025-04-14 15:00
1156,1496,655899,Card,16,2025-07-11 23:00
1157,1497,314027,Card,41,2025-02-27 19:00
1158,1498,32021,Bank Transfer,37,2025-05-17 15:00
1159,1501,370766,Wallet,26,2025-05-25 00:00
1160,1502,446107,Card,5,2025-01-24 00:00
1161,1504,52029,Cash on Delivery,2,2025-08-06 17:00
1162,1505,688759,Card,21,2025-01-20 21:00
1163,1506,197323,Cash on Delivery,9,2025-08-25 23:00
1164,1507,10834,Bank Transfer,8,2025-01-26 07:00
1165,1508,274107,Wallet,29,2025-03-18 13:00
1166,1509,489678,Bank Transfer,7,2025-12-18 00:00
1167,1510,439863,Bank Transfer,8,2025-11-02 11:00
1168,1511,369602,Cash on Delivery,28,2025-05-21 12:00
1169,1512,424038,Cash on Delivery,30,2025-03-21 01:00
1170,1515,360933,Card,26,2025-02-04 13:00
1171,1516,496566,Wallet,2,2025-09-29 07:00
1172,1517,467042,Cash on Delivery,42,2025-01-20 13:00
1173,1519,81436,Cash on Delivery,32,2025-10-02 12:00
1174,1520,696109,Bank Transfer,32,2025-06-30 07:00
1175,1521,337499,Bank Transfer,28,2025-09-11 17:00
1176,1523,523111,Bank Transfer,16,2025-05-17 04:00
1177,1527,73451,Card,35,2025-01-24 13:00
1178,1528,185231,Cash on Delivery,22,2025-05-01 10:00
1179,1530,600417,Card,28,2025-06-19 06:00
1180,1532,118554,Card,34,2025-03-04 17:00
1181,1533,422769,Card,39,2025-02-24 09:00
1182,1534,260063,Cash on Delivery,6,2025-09-20 13:00
1183,1536,555159,Cash on Delivery,21,2025-09-07 07:00
1184,1538,633404,Bank Transfer,22,2025-02-15 04:00
1185,1539,671980,Wallet,4,2025-02-02 07:00
1186,1540,242086,Cash on Delivery,1,2025-03-13 21:00
1187,1541,153576,Bank Transfer,12,2025-10-22 08:00
1188,1543,831713,Wallet,26,2025-07-03 19:00
1189,1544,442508,Bank Transfer,16,2025-09-22 21:00
1190,1546,605925,Card,41,2025-11-20 11:00
1191,1548,354252,Wallet,41,2025-04-24 14:00
1192,1549,536237,Wallet,5,2025-09-19 08:00
1193,1550,588694,Cash on Delivery,37,2025-07-05 11:00
1194,1551,819532,Card,18,2025-03-11 22:00
1195,1553,8883,Card,13,2025-04-11 00:00
1196,1555,58794,Wallet,1000,2025-12-06 12:00
1197,1556,745152,Wallet,41,2025-06-05 02:00
1198,1558,493014,Card,28,2025-11-07 04:00
1199,1559,417580,Wallet,1,2025-12-12 23:00
1200,1561,293740,Card,13,2025-04-12 04:00
1201,1562,355020,Bank Transfer,4,2025-11-05 06:00
1202,1563,290598,Wallet,2,2025-02-08 17:00
1203,1564,4529,Bank Transfer,13,2025-12-03 01:00
1204,1565,823669,Bank Transfer,36,2025-10-12 20:00
1205,1566,543553,Cash on Delivery,14,2025-04-01 09:00
1206,1567,584764,Bank Transfer,38,2025-02-09 01:00
1207,1568,499751,Wallet,38,2025-01-14 22:00
1208,1569,472613,Card,31,2025-04-18 20:00
1209,1570,3997,Wallet,38,2025-07-01 01:00
1210,1571,9117,Bank Transfer,7,2025-03-17 14:00
1211,1573,438810,Wallet,7,2025-09-19 13:00
1212,1574,53175,Cash on Delivery,27,2025-10-21 22:00
1213,1575,836722,Bank Transfer,42,2025-08-28 22:00
1214,1576,545308,Bank Transfer,21,2025-04-15 23:00
1215,1578,611019,Card,6,2025-07-16 07:00
1216,1579,52643,Wallet,17,2025-09-30 21:00
1217,1580,92473,Card,41,2025-06-23 16:00
1218,1581,241133,Cash on Delivery,14,2025-02-08 09:00
1219,1582,794907,Card,9,2025-08-12 22:00
1220,1583,144373,Wallet,29,2025-12-21 21:00
1221,1585,346527,Wallet,9,2025-04-18 22:00
1222,1587,739824,Bank Transfer,34,2025-07-27 20:00
1223,1588,134414,Bank Transfer,36,2025-09-19 10:00
1224,1589,346300,Wallet,11,2025-05-25 01:00
1225,1590,356143,Card,29,2025-11-27 11:00
1226,1591,104530,Bank Transfer,34,2025-09-27 00:00
1227,1593,471980,Bank Transfer,12,2025-07-01 04:00
1228,1595,393206,Card,10,2025-01-14 18:00
1229,1596,828158,Card,29,2025-04-02 11:00
1230,1597,778152,Card,37,2025-07-24 08:00
1231,1598,805602,Bank Transfer,35,2025-10-20 22:00
1232,1599,231478,Wallet,27,2025-01-16 16:00
1233,1600,775830,Card,36,2025-08-31 06:00
1234,1601,102136,Card,34,2025-08-20 05:00
1235,1602,207347,Wallet,3,2025-05-24 08:00
1236,1603,560568,Wallet,24,2025-06-18 00:00
1237,1604,839543,Bank Transfer,4,2025-03-24 01:00
1238,1605,234547,Bank Transfer,1000,2025-04-04 01:00
1239,1606,159843,Wallet,3,2025-07-27 16:00
1240,1608,139203,Card,22,2025-09-09 08:00
1241,1609,300227,Wallet,13,2025-04-17 04:00
1242,1611,700767,Card,17,2025-03-16 21:00
1243,1614,373078,Card,4,2025-05-15 05:00
1244,1617,807042,Card,7,2025-04-26 11:00
1245,1618,488201,Bank Transfer,6,2025-04-23 18:00
1246,1619,65793,Wallet,27,2025-11-29 14:00
1247,1620,720719,Card,20,2025-10-22 04:00
1248,1621,85753,Wallet,30,2025-08-31 05:00
1249,1622,460301,Card,30,2025-06-17 20:00
1250,1623,571922,Cash on Delivery,21,2025-02-15 08:00
1251,1624,208156,Wallet,41,2025-02-16 10:00
1252,1625,291161,Bank Transfer,35,2025-03-12 12:00
1253,1626,167762,Wallet,6,2025-08-08 06:00
1254,1627,222193,Card,19,2025-07-22 03:00
1255,1630,123960,Bank Transfer,32,2025-05-13 19:00
1256,1631,406298,Cash on Delivery,18,2025-01-30 04:00
1257,1632,550084,Wallet,26,2025-04-12 01:00
1258,1633,436385,Card,38,2025-03-03 23:00
1259,1635,458325,Wallet,34,2025-11-17 09:00
1260,1636,225286,Bank Transfer,40,2025-06-03 14:00
1261,1638,690516,Cash on Delivery,15,2025-02-01 12:00
1262,1639,605897,Card,15,2025-05-28 19:00
1263,1640,259665,Cash on Delivery,12,2025-11-03 16:00
1264,1641,654950,Wallet,2,2025-05-13 09:00
1265,1642,118920,Cash on Delivery,3,2025-04-18 16:00
1266,1643,820482,Card,41,2025-10-19 00:00
1267,1644,752115,Wallet,7,2025-11-18 21:00
1268,1646,360776,Card,43,2025-07-03 16:00
1269,1647,822730,Bank Transfer,11,2025-06-06 16:00
1270,1648,524125,Cash on Delivery,40,2025-12-17 11:00
1271,1649,256356,Card,21,2025-04-26 09:00
1272,1650,578467,Bank Transfer,44,2025-03-06 13:00
1273,1651,614743,Card,36,2025-08-31 23:00
1274,1652,544639,Wallet,14,2025-04-01 10:00
1275,1653,792242,Card,4,2025-12-01 08:00
1276,1654,178302,Card,12,2025-03-07 18:00
1277,1655,253847,Wallet,21,2025-11-05 10:00
1278,1657,352697,Cash on Delivery,27,2025-07-07 11:00
1279,1658,41336,Wallet,11,2025-08-13 00:00
1280,1659,730368,Card,3,2025-06-02 02:00
1281,1661,572641,Card,17,2025-10-30 19:00
1282,1662,502650,Bank Transfer,39,2025-11-25 21:00
1283,1663,389970,Wallet,3,2025-02-04 03:00
1284,1664,515180,Bank Transfer,4,2025-06-16 21:00
1285,1666,265586,Card,30,2025-10-12 16:00
1286,1667,235704,Bank Transfer,43,2025-01-23 06:00
1287,1668,113427,Bank Transfer,32,2025-09-02 21:00
1288,1669,67260,Wallet,28,2025-03-11 13:00
1289,1670,436104,Wallet,41,2025-12-07 14:00
1290,1671,677323,Cash on Delivery,43,2025-12-21 06:00
1291,1672,210341,Cash on Delivery,7,2025-03-21 17:00
1292,1673,732573,Wallet,4,2025-06-11 03:00
1293,1674,160048,Cash on Delivery,22,2025-11-17 23:00
1294,1678,489634,Cash on Delivery,41,2025-11-24 14:00
1295,1679,701818,Bank Transfer,38,2025-06-21 13:00
1296,1680,577697,Bank Transfer,4,2025-06-01 03:00
1297,1681,137723,Wallet,24,2025-09-13 05:00
1298,1682,191791,Bank Transfer,31,2025-10-18 08:00
1299,1683,648645,Card,17,2025-03-26 02:00
1300,1685,388728,Bank Transfer,39,2025-11-07 23:00
1301,1686,86880,Cash on Delivery,34,2025-11-09 05:00
1302,1687,162865,Bank Transfer,36,2025-05-03 23:00
1303,1688,802039,Cash on Delivery,41,2025-01-09 22:00
1304,1689,565871,Card,9,2025-06-03 12:00
1305,1692,92383,Cash on Delivery,23,2025-02-26 22:00
1306,1693,837986,Bank Transfer,25,2025-03-19 03:00
1307,1694,736182,Cash on Delivery,6,2025-12-23 00:00
1308,1695,22886,Card,8,2025-02-17 05:00
1309,1698,420073,Bank Transfer,25,2025-03-08 19:00
1310,1699,320374,Cash on Delivery,28,2025-05-19 08:00
1311,1700,513329,Bank Transfer,8,2025-06-29 12:00
1312,1701,452478,Bank Transfer,30,2025-11-14 04:00
1313,1703,589479,Wallet,17,2025-10-27 16:00
1314,1704,753480,Card,1,2025-10-07 10:00
1315,1706,611142,Cash on Delivery,23,2025-08-25 23:00
1316,1707,451937,Card,43,2025-06-04 03:00
1317,1708,351468,Wallet,16,2026-01-01 16:00
1318,1710,463463,Card,41,2025-12-17 09:00
1319,1711,832010,Cash on Delivery,9,2025-03-02 11:00
1320,1712,406373,Cash on Delivery,8,2025-01-06 10:00
1321,1713,796487,Card,37,2025-07-16 00:00
1322,1714,785171,Card,39,2025-07-20 10:00
1323,1716,112459,Wallet,10,2025-01-13 04:00
1324,1717,521094,Wallet,32,2025-04-15 08:00
1325,1718,219952,Bank Transfer,42,2025-06-12 21:00
1326,1720,425677,Bank Transfer,28,2025-06-20 18:00
1327,1721,479811,Card,20,2025-05-05 09:00
1328,1722,311388,Card,11,2025-03-12 15:00
1329,1724,64167,Cash on Delivery,10,2025-04-22 18:00
1330,1725,119301,Card,39,2025-03-16 12:00
1331,1726,709413,Wallet,19,2025-03-22 22:00
1332,1727,732239,Bank Transfer,30,2025-06-23 12:00
1333,1728,170542,Card,25,2025-12-14 05:00
1334,1730,239072,Wallet,19,2025-06-25 01:00
1335,1731,327918,Bank Transfer,42,2025-01-24 08:00
1336,1734,493113,Cash on Delivery,19,2025-10-20 17:00
1337,1735,660145,Card,6,2025-01-31 14:00
1338,1736,562475,Wallet,10,2025-01-03 21:00
1339,1737,32638,Card,4,2025-12-26 02:00
1340,1738,325530,Wallet,37,2025-05-04 13:00
1341,1739,277886,Bank Transfer,27,2025-05-13 15:00
1342,1740,810342,Bank Transfer,29,2025-02-11 01:00
1343,1741,150418,Cash on Delivery,23,2025-02-27 12:00
1344,1742,39830,Bank Transfer,12,2025-06-27 18:00
1345,1743,155179,Wallet,17,2025-09-18 23:00
1346,1744,330581,Card,36,2025-12-05 19:00
1347,1745,811923,Cash on Delivery,39,2025-03-10 23:00
1348,1747,606788,Card,40,2025-08-30 06:00
1349,1748,288252,Wallet,34,2025-03-08 04:00
1350,1749,242197,Wallet,13,2025-05-31 04:00
1351,1750,186585,Card,35,2025-03-14 11:00
1352,1751,649997,Wallet,23,2025-02-04 11:00
1353,1752,142209,Wallet,18,2025-06-02 20:00
1354,1755,620948,Card,8,2025-09-25 18:00
1355,1756,83785,Wallet,1,2025-08-12 17:00
1356,1758,614852,Wallet,37,2025-07-02 23:00
1357,1759,778652,Wallet,25,2025-06-21 09:00
1358,1760,356109,Card,31,2025-08-16 15:00
1359,1761,321484,Wallet,26,2025-02-08 04:00
1360,1763,384587,Wallet,20,2025-01-27 08:00
1361,1764,139757,Bank Transfer,29,2025-03-12 09:00
1362,1765,652101,Wallet,35,2025-03-10 07:00
1363,1766,548005,Card,18,2025-11-02 08:00
1364,1767,784772,Wallet,35,2025-12-22 15:00
1365,1768,833516,Wallet,32,2025-07-16 09:00
1366,1769,423438,Bank Transfer,19,2025-04-14 11:00
1367,1770,166012,Card,20,2025-11-10 18:00
1368,1771,590216,Card,32,2025-10-01 13:00
1369,1772,261411,Bank Transfer,30,2025-07-14 03:00
1370,1774,712574,Card,18,2025-03-01 21:00
1371,1775,128905,Wallet,14,2025-10-12 19:00
1372,1777,299537,Wallet,14,2025-05-31 12:00
1373,1778,512287,Wallet,29,2025-10-07 18:00
1374,1779,330951,Wallet,32,2025-05-25 10:00
1375,1780,510307,Bank Transfer,27,2025-07-21 08:00
1376,1783,711220,Wallet,30,2025-04-25 13:00
1377,1784,593594,Bank Transfer,37,2025-11-12 18:00
1378,1788,652237,Cash on Delivery,7,2025-06-10 14:00
1379,1790,428112,Wallet,5,2025-03-20 03:00
1380,1791,430506,Card,34,2025-10-26 22:00
1381,1792,129005,Bank Transfer,25,2025-02-02 18:00
1382,1793,263058,Cash on Delivery,39,2025-05-08 18:00
1383,1794,708964,Bank Transfer,25,2025-03-25 06:00
1384,1795,48890,Bank Transfer,4,2025-08-02 18:00
1385,1796,822327,Card,32,2025-10-06 13:00
1386,1797,770728,Bank Transfer,37,2025-07-24 10:00
1387,1798,470279,Card,44,2025-03-11 05:00
1388,1799,155210,Bank Transfer,1,2025-04-18 21:00
1389,1804,582863,Bank Transfer,24,2025-06-02 04:00
1390,1805,434796,Wallet,36,2025-02-23 09:00
1391,1806,71591,Cash on Delivery,4,2025-12-06 06:00
1392,1807,194210,Wallet,20,2025-08-26 12:00
1393,1808,268348,Wallet,34,2025-05-23 05:00
1394,1809,413369,Card,41,2025-08-06 07:00
1395,1810,437763,Cash on Delivery,5,2025-11-01 13:00
1396,1811,586353,Bank Transfer,39,2025-03-02 14:00
1397,1812,231069,Wallet,23,2025-09-01 16:00
1398,1814,752401,Wallet,5,2025-09-25 01:00
1399,1816,686990,Wallet,12,2025-09-12 14:00
1400,1818,370323,Cash on Delivery,24,2025-02-25 02:00
1401,1819,329966,Cash on Delivery,21,2025-02-20 08:00
1402,1820,36532,Card,11,2025-12-31 15:00
1403,1821,143806,Wallet,39,2025-06-17 10:00
1404,1822,371423,Bank Transfer,11,2025-09-25 07:00
1405,1823,545573,Bank Transfer,15,2025-11-28 06:00
1406,1824,362357,Bank Transfer,30,2025-06-02 20:00
1407,1825,324050,Wallet,5,2025-06-30 05:00
1408,1826,565464,Card,23,2025-09-07 16:00
1409,1827,774716,Card,27,2025-11-04 11:00
1410,1828,732868,Cash on Delivery,3,2025-05-23 13:00
1411,1829,674546,Wallet,12,2025-04-11 17:00
1412,1830,118724,Card,12,2025-04-14 02:00
1413,1831,369685,Cash on Delivery,44,2025-10-31 14:00
1414,1833,9445,Wallet,8,2025-04-02 01:00
1415,1834,348324,Bank Transfer,31,2025-01-24 23:00
1416,1835,522366,Card,6,2025-06-12 09:00
1417,1836,535933,Wallet,43,2025-03-15 20:00
1418,1837,631035,Cash on Delivery,11,2025-04-13 22:00
1419,1838,270787,Cash on Delivery,42,2025-10-25 01:00
1420,1839,187860,Wallet,41,2025-05-22 07:00
1421,1840,24190,Bank Transfer,14,2025-11-05 06:00
1422,1841,466775,Wallet,12,2025-08-21 23:00
1423,1843,425031,Card,29,2025-02-01 08:00
1424,1844,23041,Wallet,32,2025-03-14 17:00
1425,1845,589116,Cash on Delivery,27,2025-09-20 21:00
1426,1847,438752,Card,13,2025-06-19 15:00
1427,1848,373531,Card,37,2025-04-25 12:00
1428,1849,240195,Wallet,10,2025-04-16 12:00
1429,1851,409940,Bank Transfer,19,2025-04-14 15:00
1430,1852,523562,Cash on Delivery,13,2025-01-07 13:00
1431,1853,459978,Cash on Delivery,25,2025-02-10 01:00
1432,1854,267751,Cash on Delivery,27,2025-09-27 13:00
1433,1856,707043,Bank Transfer,31,2025-02-12 20:00
1434,1857,207660,Bank Transfer,10,2025-01-24 15:00
1435,1858,833274,Wallet,43,2025-08-24 00:00
1436,1859,321529,Cash on Delivery,27,2025-06-18 20:00
1437,1860,437815,Bank Transfer,38,2025-09-23 03:00
1438,1861,19930,Bank Transfer,5,2025-12-29 07:00
1439,1863,554636,Wallet,34,2025-10-01 18:00
1440,1864,611477,Cash on Delivery,11,2025-04-02 07:00
1441,1865,699989,Cash on Delivery,18,2025-08-11 22:00
1442,1866,40704,Wallet,34,2025-02-13 15:00
1443,1867,326400,Card,16,2025-06-26 14:00
1444,1869,158675,Cash on Delivery,17,2025-09-01 12:00
1445,1870,126388,Cash on Delivery,19,2025-06-10 04:00
1446,1871,75479,Wallet,24,2025-01-04 22:00
1447,1872,458621,Card,26,2025-10-17 17:00
1448,1873,49278,Cash on Delivery,26,2025-11-09 22:00
1449,1874,576120,Card,38,2025-02-12 13:00
1450,1875,675116,Bank Transfer,34,2025-07-19 00:00
1451,1876,589623,Wallet,11,2025-08-05 00:00
1452,1877,532852,Wallet,32,2025-01-16 17:00
1453,1878,367585,Bank Transfer,22,2025-03-19 11:00
1454,1879,318852,Card,10,2025-03-25 17:00
1455,1881,694700,Card,1,2025-03-20 13:00
1456,1882,748996,Wallet,39,2025-10-23 22:00
1457,1885,743828,Bank Transfer,19,2025-10-01 04:00
1458,1886,789634,Bank Transfer,29,2025-05-31 00:00
1459,1887,375159,Wallet,31,2025-10-04 11:00
1460,1889,767419,Bank Transfer,7,2025-09-12 15:00
1461,1890,114780,Card,23,2025-08-02 00:00
1462,1891,653636,Card,17,2025-06-05 10:00
1463,1892,20558,Wallet,35,2025-10-19 05:00
1464,1894,356948,Wallet,12,2025-05-22 08:00
1465,1895,591810,Bank Transfer,29,2025-10-13 11:00
1466,1896,469051,Cash on Delivery,43,2025-09-26 07:00
1467,1897,17451,Wallet,13,2025-10-31 02:00
1468,1898,277097,Cash on Delivery,12,2025-01-08 22:00
1469,1900,433636,Wallet,31,2025-11-21 15:00
1470,1901,330734,Bank Transfer,3,2025-02-27 18:00
1471,1903,307203,Card,35,2025-05-14 13:00
1472,1905,92760,Bank Transfer,30,2025-06-12 17:00
1473,1906,783857,Wallet,2,2025-11-05 22:00
1474,1907,120543,Bank Transfer,25,2025-05-05 03:00
1475,1908,83702,Bank Transfer,10,2025-03-13 19:00
1476,1909,176384,Card,1001,2025-09-16 19:00
1477,1912,809845,Card,14,2025-02-22 01:00
1478,1913,424490,Card,22,2025-09-03 07:00
1479,1915,486964,Card,25,2025-06-06 01:00
1480,1919,67556,Cash on Delivery,10,2025-04-12 20:00
1481,1920,651855,Wallet,3,2025-10-06 08:00
1482,1921,415052,Wallet,30,2025-07-04 11:00
1483,1923,661681,Wallet,18,2025-02-19 11:00
1484,1924,711683,Bank Transfer,33,2025-06-08 10:00
1485,1925,191276,Card,10,2025-06-23 00:00
1486,1926,68574,Cash on Delivery,26,2025-07-11 14:00
1487,1928,392867,Card,4,2025-11-30 08:00
1488,1930,34237,Bank Transfer,5,2025-08-31 10:00
1489,1931,356804,Bank Transfer,35,2025-03-25 17:00
1490,1932,734284,Bank Transfer,7,2025-02-16 19:00
1491,1933,834680,Cash on Delivery,13,2025-12-25 09:00
1492,1934,795975,Card,14,2025-05-10 14:00
1493,1936,375673,Wallet,35,2025-05-03 10:00
1494,1938,845243,Bank Transfer,32,2025-04-27 16:00
1495,1939,17631,Card,44,2025-11-23 07:00
1496,1940,247068,Cash on Delivery,10,2025-05-20 02:00
1497,1941,502787,Card,29,2025-06-14 17:00
1498,1942,462847,Cash on Delivery,8,2025-10-22 07:00
1499,1944,623047,Card,43,2025-11-19 20:00
1500,1945,46263,Wallet,12,2025-08-14 07:00
1501,1946,497052,Card,14,2025-01-05 00:00
1502,1947,29036,Cash on Delivery,14,2025-02-03 20:00
1503,1948,387102,Wallet,19,2025-11-21 04:00
1504,1950,476577,Cash on Delivery,26,2025-08-23 10:00
1505,1952,472856,Bank Transfer,36,2025-12-11 03:00
1506,1953,294942,Card,31,2026-01-03 18:00
1507,1954,436626,Wallet,27,2025-07-29 09:00
1508,1955,699275,Wallet,1001,2025-08-07 11:00
1509,1956,56974,Bank Transfer,10,2025-05-25 15:00
1510,1957,124775,Cash on Delivery,17,2025-11-24 12:00
1511,1958,800914,Card,40,2025-10-15 07:00
1512,1960,785246,Wallet,28,2025-04-02 02:00
1513,1961,521773,Card,28,2025-01-05 19:00
1514,1962,612163,Bank Transfer,16,2025-06-30 18:00
1515,1963,456666,Cash on Delivery,28,2025-10-13 06:00
1516,1964,543882,Card,42,2025-05-28 06:00
1517,1966,68110,Cash on Delivery,19,2025-12-26 05:00
1518,1967,237538,Cash on Delivery,9,2025-05-23 04:00
1519,1968,361143,Wallet,35,2025-03-04 10:00
1520,1969,111660,Card,19,2025-10-13 13:00
1521,1970,763190,Card,2,2025-09-05 04:00
1522,1971,494726,Cash on Delivery,37,2025-02-11 19:00
1523,1973,90290,Bank Transfer,1001,2025-09-01 14:00
1524,1975,376849,Bank Transfer,30,2025-12-20 22:00
1525,1976,586764,Wallet,7,2025-03-21 20:00
1526,1978,633396,Card,3,2025-08-29 17:00
1527,1981,286760,Wallet,8,2025-11-20 04:00
1528,1983,70088,Wallet,25,2025-07-03 08:00
1529,1984,763697,Cash on Delivery,16,2025-07-30 14:00
1530,1985,596888,Card,27,2025-10-29 02:00
1531,1986,19451,Cash on Delivery,22,2025-10-19 23:00
1532,1987,232261,Bank Transfer,2,2025-10-09 00:00
1533,1988,466963,Wallet,30,2025-09-23 07:00
1534,1989,611168,Cash on Delivery,41,2025-09-30 13:00
1535,1990,666145,Card,29,2025-09-15 23:00
1536,1991,565565,Bank Transfer,17,2025-06-07 01:00
1537,1992,486602,Cash on Delivery,38,2025-01-13 22:00
1538,1993,304418,Cash on Delivery,44,2025-01-31 07:00
1539,1994,373138,Wallet,5,2025-02-24 08:00
1540,1995,73967,Wallet,14,2025-11-08 00:00
1541,1996,71733,Card,42,2025-05-14 05:00
1542,1997,401447,Bank Transfer,44,2025-04-26 01:00
1543,1998,92310,Wallet,27,2025-04-08 13:00
1544,1999,177953,Cash on Delivery,5,2025-07-17 08:00
1545,2000,87165,Bank Transfer,17,2025-12-13 02:00
1546,2001,788892,Wallet,22,2025-11-21 00:00
1547,2002,378820,Cash on Delivery,24,2025-12-25 23:00
1548,2003,679915,Wallet,25,2025-06-09 13:00
1549,2006,715900,Card,27,2025-10-07 11:00
1550,2007,20843,Wallet,14,2025-04-08 15:00
1551,2009,685822,Card,44,2025-02-07 12:00
1552,2010,672820,Bank Transfer,35,2025-06-08 02:00
1553,2011,493278,Bank Transfer,9,2025-07-16 18:00
1554,2014,694590,Card,4,2025-09-10 08:00
1555,2015,310033,Cash on Delivery,999,2025-09-16 18:00
1556,2016,152225,Bank Transfer,31,2026-01-03 20:00
1557,2017,463391,Card,42,2025-01-18 11:00
1558,2018,606194,Card,4,2025-07-09 04:00
1559,2019,740432,Wallet,38,2025-08-14 19:00
1560,2020,560495,Cash on Delivery,43,2025-09-11 16:00
1561,2021,331736,Bank Transfer,22,2025-04-24 23:00
1562,2022,641932,Bank Transfer,5,2025-11-21 16:00
1563,2023,694304,Bank Transfer,1000,2025-11-05 17:00
1564,2024,29127,Bank Transfer,27,2025-07-18 19:00
1565,2025,379502,Card,17,2025-02-22 02:00
1566,2026,41983,Cash on Delivery,15,2025-11-10 01:00
1567,2027,730888,Bank Transfer,7,2025-06-07 22:00
1568,2028,530378,Bank Transfer,8,2025-11-30 08:00
1569,2029,756810,Wallet,7,2025-06-14 19:00
1570,2030,322469,Cash on Delivery,29,2025-10-18 14:00
1571,2031,268702,Card,32,2025-03-08 14:00
1572,2032,657624,Card,36,2025-09-25 10:00
1573,2033,159811,Card,7,2025-11-01 07:00
1574,2034,349444,Bank Transfer,30,2025-09-25 03:00
1575,2035,703950,Wallet,26,2025-08-18 03:00
1576,2037,470250,Bank Transfer,10,2025-08-19 21:00
1577,2038,148102,Card,32,2025-11-28 07:00
1578,2039,6042,Cash on Delivery,36,2025-03-15 05:00
1579,2040,119182,Card,12,2025-03-24 13:00
1580,2041,618739,Wallet,11,2025-04-21 23:00
1581,2042,70423,Wallet,15,2025-08-20 12:00
1582,2043,581101,Bank Transfer,32,2025-05-17 03:00
1583,2044,208203,Bank Transfer,1,2025-12-02 16:00
1584,2045,824772,Bank Transfer,15,2025-04-30 15:00
1585,2046,632179,Wallet,40,2025-03-28 20:00
1586,2047,827548,Cash on Delivery,30,2025-06-21 18:00
1587,2049,46362,Card,32,2025-11-21 13:00
1588,2051,26455,Wallet,15,2025-03-04 07:00
1589,2053,353701,Cash on Delivery,27,2025-04-08 12:00
1590,2055,285435,Cash on Delivery,22,2025-05-21 05:00
1591,2056,99214,Card,42,2025-09-01 10:00
1592,2057,675842,Bank Transfer,25,2025-05-04 12:00
1593,2060,61952,Card,8,2025-09-28 10:00
1594,2062,266416,Bank Transfer,29,2025-12-18 18:00
1595,2063,763294,Wallet,25,2025-02-13 18:00
1596,2064,678722,Wallet,5,2025-04-01 09:00
1597,2066,753115,Cash on Delivery,33,2025-05-13 09:00
1598,2067,176882,Bank Transfer,26,2025-12-06 16:00
1599,2069,79326,Bank Transfer,1001,2025-11-18 12:00
1600,2071,145093,Cash on Delivery,16,2025-03-09 14:00
1601,2072,413234,Wallet,28,2025-09-02 07:00
1602,2073,14733,Cash on Delivery,1,2025-11-11 00:00
1603,2074,776108,Bank Transfer,23,2025-06-07 13:00
1604,2075,829266,Wallet,21,2025-07-25 05:00
1605,2077,785795,Wallet,5,2025-01-22 22:00
1606,2078,435731,Cash on Delivery,13,2025-09-04 12:00
1607,2079,404558,Bank Transfer,19,2025-12-03 02:00
1608,2080,318516,Wallet,22,2025-10-12 10:00
1609,2082,694330,Wallet,38,2025-03-23 16:00
1610,2083,556532,Bank Transfer,35,2025-04-23 23:00
1611,2084,76341,Cash on Delivery,21,2025-04-19 08:00
1612,2085,590575,Card,1,2025-09-19 05:00
1613,2086,691411,Wallet,39,2025-06-03 00:00
1614,2087,451881,Cash on Delivery,25,2025-03-28 05:00
1615,2088,10082,Card,19,2025-10-14 23:00
1616,2089,324044,Card,41,2025-01-20 22:00
1617,2090,837462,Cash on Delivery,3,2025-03-26 05:00
1618,2092,211364,Wallet,7,2025-05-19 10:00
1619,2093,301914,Wallet,7,2025-01-08 16:00
1620,2094,686179,Wallet,10,2025-04-04 20:00
1621,2096,182858,Wallet,24,2025-11-23 04:00
1622,2097,51508,Card,10,2025-12-25 09:00
1623,2099,186707,Card,3,2025-03-08 16:00
1624,2100,570722,Wallet,26,2025-09-22 06:00
1625,2101,126171,Bank Transfer,38,2025-04-04 06:00
1626,2102,635216,Wallet,7,2025-05-27 08:00
1627,2103,845485,Bank Transfer,34,2025-07-17 02:00
1628,2104,273598,Bank Transfer,42,2025-08-17 03:00
1629,2105,569599,Card,32,2025-09-24 16:00
1630,2107,90532,Wallet,36,2025-09-28 20:00
1631,2108,742464,Cash on Delivery,33,2025-04-21 15:00
1632,2109,624806,Cash on Delivery,16,2025-06-26 02:00
1633,2113,815199,Cash on Delivery,7,2025-04-25 16:00
1634,2115,375665,Bank Transfer,42,2025-01-11 14:00
1635,2116,413195,Bank Transfer,9,2025-02-24 00:00
1636,2118,180719,Wallet,23,2025-05-20 18:00
1637,2119,380162,Bank Transfer,15,2025-06-23 15:00
1638,2120,71966,Bank Transfer,44,2026-01-05 21:00
1639,2121,717237,Cash on Delivery,35,2025-09-10 01:00
1640,2122,782389,Bank Transfer,41,2025-04-12 10:00
1641,2123,134428,Wallet,32,2025-04-14 13:00
1642,2125,361613,Bank Transfer,18,2025-09-14 16:00
1643,2126,282449,Card,37,2025-04-22 17:00
1644,2127,581524,Wallet,24,2025-12-12 20:00
1645,2128,403476,Card,11,2025-11-17 01:00
1646,2129,446498,Cash on Delivery,29,2025-12-23 16:00
1647,2131,648051,Bank Transfer,2,2025-07-05 05:00
1648,2132,446228,Card,20,2025-01-20 09:00
1649,2134,153534,Cash on Delivery,42,2025-10-22 03:00
1650,2135,426722,Card,9,2025-10-25 07:00
1651,2136,70246,Card,27,2025-05-28 21:00
1652,2137,676454,Cash on Delivery,14,2025-07-20 17:00
1653,2138,488196,Bank Transfer,3,2025-02-03 17:00
1654,2139,262261,Card,27,2025-08-28 00:00
1655,2140,373746,Wallet,35,2025-12-21 23:00
1656,2141,288494,Card,5,2025-10-09 19:00
1657,2142,98127,Card,25,2025-04-18 17:00
1658,2143,768359,Card,32,2025-11-05 21:00
1659,2144,508304,Card,37,2025-04-25 01:00
1660,2145,796492,Card,18,2025-01-05 11:00
1661,2146,585176,Card,35,2025-03-19 10:00
1662,2147,311353,Bank Transfer,4,2025-05-26 17:00
1663,2148,528121,Card,43,2025-03-25 16:00
1664,2150,433593,Card,3,2025-02-23 08:00
1665,2151,431845,Bank Transfer,17,2025-09-02 20:00
1666,2152,824033,Card,38,2025-08-17 00:00
1667,2153,58170,Wallet,4,2025-07-19 02:00
1668,2154,603589,Cash on Delivery,9,2025-01-12 10:00
1669,2155,718532,Cash on Delivery,4,2025-07-20 16:00
1670,2157,109592,Bank Transfer,2,2025-10-03 19:00
1671,2158,569508,Card,44,2025-02-10 00:00
1672,2164,315399,Wallet,32,2025-12-19 22:00
1673,2165,431465,Wallet,3,2025-03-01 14:00
1674,2167,570787,Bank Transfer,12,2025-12-09 12:00
1675,2168,416050,Bank Transfer,18,2025-01-14 02:00
1676,2169,253815,Wallet,8,2025-11-28 00:00
1677,2170,313072,Card,10,2025-01-10 03:00
1678,2171,188976,Cash on Delivery,36,2025-09-19 13:00
1679,2172,418856,Wallet,1,2025-04-28 17:00
1680,2173,407993,Card,22,2025-04-21 03:00
1681,2174,657568,Wallet,42,2025-02-17 00:00
1682,2175,152277,Card,27,2025-04-22 16:00
1683,2176,155112,Card,19,2025-01-16 17:00
1684,2177,403734,Bank Transfer,44,2025-02-21 11:00
1685,2178,82505,Card,3,2025-07-31 16:00
1686,2179,831389,Card,36,2025-03-09 02:00
1687,2180,2090,Bank Transfer,35,2025-11-28 07:00
1688,2181,404843,Card,10,2025-07-16 10:00
1689,2183,581170,Bank Transfer,23,2025-12-23 06:00
1690,2184,228011,Wallet,18,2025-01-03 01:00
1691,2185,387467,Card,21,2025-06-04 06:00
1692,2187,501296,Wallet,22,2025-04-26 12:00
1693,2188,805919,Cash on Delivery,4,2025-07-27 07:00
1694,2189,763332,Wallet,15,2025-11-16 18:00
1695,2190,843653,Bank Transfer,14,2025-06-07 11:00
1696,2192,197294,Cash on Delivery,28,2025-09-10 07:00
1697,2194,600869,Cash on Delivery,35,2025-12-15 20:00
1698,2196,23448,Cash on Delivery,37,2025-04-02 00:00
1699,2198,685894,Bank Transfer,40,2025-03-14 13:00
1700,2199,153720,Wallet,32,2025-04-29 23:00
1701,2200,272999,Bank Transfer,28,2025-06-09 09:00
1702,2201,669416,Wallet,42,2025-01-20 08:00
1703,2202,524309,Card,2,2025-11-07 05:00
1704,2204,561321,Wallet,17,2025-06-09 21:00
1705,2207,106448,Card,27,2025-12-25 07:00
1706,2210,834064,Card,10,2025-03-05 08:00
1707,2212,774406,Card,1,2025-12-16 00:00
1708,2213,848263,Bank Transfer,2,2025-05-14 06:00
1709,2216,181816,Wallet,11,2025-03-07 23:00
1710,2217,58906,Bank Transfer,8,2025-03-13 21:00
1711,2219,736628,Cash on Delivery,35,2025-11-13 19:00
1712,2220,488611,Wallet,4,2025-07-03 18:00
1713,2221,53397,Card,15,2025-04-20 18:00
1714,2222,644050,Bank Transfer,10,2025-07-18 08:00
1715,2223,640201,Cash on Delivery,6,2025-06-19 00:00
1716,2224,799450,Wallet,31,2025-09-08 03:00
1717,2225,19384,Card,41,2025-04-07 13:00
1718,2226,456650,Bank Transfer,2,2025-05-13 01:00
1719,2227,74413,Wallet,19,2025-10-02 02:00
1720,2228,198070,Card,15,2025-11-21 19:00
1721,2229,611391,Wallet,40,2025-08-01 01:00
1722,2230,246721,Bank Transfer,20,2025-01-07 22:00
1723,2232,227863,Wallet,31,2025-08-17 21:00
1724,2233,826085,Cash on Delivery,2,2025-08-20 07:00
1725,2234,260749,Bank Transfer,39,2025-04-27 14:00
1726,2236,402427,Cash on Delivery,43,2025-09-18 18:00
1727,2237,392203,Wallet,33,2025-05-17 23:00
1728,2239,324487,Card,25,2025-03-15 17:00
1729,2240,266081,Bank Transfer,15,2025-07-14 10:00
1730,2241,325294,Bank Transfer,21,2025-02-19 17:00
1731,2242,351128,Card,11,2025-03-26 19:00
1732,2243,312232,Cash on Delivery,7,2025-09-10 03:00
1733,2246,782963,Card,7,2025-05-31 01:00
1734,2247,268534,Card,24,2025-03-25 00:00
1735,2248,301926,Wallet,34,2025-05-28 10:00
1736,2249,108100,Wallet,34,2025-02-17 18:00
1737,2250,445865,Bank Transfer,39,2025-09-16 02:00
1738,2251,543716,Cash on Delivery,18,2025-01-27 10:00
1739,2252,736558,Wallet,10,2025-03-05 09:00
1740,2253,803966,Wallet,37,2025-08-01 11:00
1741,2255,467255,Bank Transfer,1,2025-08-10 03:00
1742,2257,624003,Bank Transfer,1,2025-04-19 01:00
1743,2258,94169,Card,32,2025-11-13 12:00
1744,2259,647734,Cash on Delivery,44,2025-02-26 20:00
1745,2260,251869,Card,25,2025-05-04 15:00
1746,2261,720923,Card,19,2025-03-03 03:00
1747,2263,718563,Bank Transfer,3,2025-12-23 13:00
1748,2264,745916,Cash on Delivery,39,2025-05-06 21:00
1749,2265,22063,Cash on Delivery,12,2025-05-23 09:00
1750,2266,768936,Card,18,2025-05-16 09:00
1751,2267,102762,Wallet,13,2025-10-21 14:00
1752,2268,437296,Bank Transfer,41,2025-01-22 04:00
1753,2269,407494,Card,15,2025-08-16 04:00
1754,2270,62486,Wallet,6,2025-12-04 23:00
1755,2271,650066,Card,2,2025-10-01 11:00
1756,2272,196855,Wallet,16,2025-02-21 12:00
1757,2274,716120,Bank Transfer,3,2025-11-09 14:00
1758,2275,216332,Bank Transfer,44,2025-11-26 16:00
1759,2279,243647,Cash on Delivery,39,2025-09-25 12:00
1760,2281,824353,Card,40,2025-01-08 11:00
1761,2282,763727,Card,42,2025-06-06 14:00
1762,2284,427729,Cash on Delivery,4,2025-06-09 03:00
1763,2285,227857,Bank Transfer,14,2025-11-06 19:00
1764,2286,27522,Card,13,2025-07-30 15:00
1765,2287,141393,Cash on Delivery,2,2025-07-06 18:00
1766,2288,32375,Bank Transfer,4,2025-12-25 00:00
1767,2292,821558,Bank Transfer,14,2025-01-24 07:00
1768,2293,619788,Card,14,2025-09-06 04:00
1769,2294,117377,Cash on Delivery,41,2025-02-19 20:00
1770,2295,587351,Bank Transfer,42,2025-05-08 06:00
1771,2296,49821,Card,35,2025-12-31 05:00
1772,2297,515411,Wallet,24,2025-11-16 08:00
1773,2298,249388,Card,24,2025-07-15 13:00
1774,2299,117924,Card,38,2025-05-21 14:00
1775,2301,773592,Card,25,2025-02-11 19:00
1776,2302,247014,Bank Transfer,21,2025-05-21 15:00
1777,2303,576384,Cash on Delivery,10,2025-07-08 22:00
1778,2305,447917,Bank Transfer,26,2025-10-08 08:00
1779,2306,324928,Cash on Delivery,38,2025-06-24 04:00
1780,2307,19465,Cash on Delivery,2,2025-07-24 02:00
1781,2309,462214,Wallet,3,2025-10-16 10:00
1782,2311,718332,Card,12,2025-09-11 15:00
1783,2312,832710,Card,19,2025-05-09 11:00
1784,2313,323922,Card,15,2025-01-19 14:00
1785,2314,79749,Card,6,2025-12-29 04:00
1786,2315,235653,Bank Transfer,3,2025-02-03 20:00
1787,2316,262668,Card,6,2025-08-19 04:00
1788,2322,249759,Bank Transfer,18,2025-03-31 07:00
1789,2323,712162,Bank Transfer,16,2025-02-20 06:00
1790,2324,798054,Card,3,2025-09-24 20:00
1791,2325,75461,Wallet,31,2025-08-01 00:00
1792,2327,334502,Cash on Delivery,5,2025-08-03 23:00
1793,2329,271137,Cash on Delivery,19,2025-06-25 15:00
1794,2332,369670,Wallet,44,2025-03-08 05:00
1795,2335,809394,Cash on Delivery,40,2025-07-27 00:00
1796,2337,794199,Cash on Delivery,18,2025-11-19 08:00
1797,2338,664005,Wallet,12,2025-08-07 16:00
1798,2339,495468,Card,9,2025-01-25 01:00
1799,2340,222781,Wallet,34,2025-04-15 10:00
1800,2341,781288,Card,14,2025-08-22 06:00
1801,2345,506487,Bank Transfer,39,2025-10-11 22:00
1802,2347,598869,Wallet,28,2025-12-09 03:00
1803,2348,155152,Bank Transfer,11,2025-08-02 09:00
1804,2349,333204,Cash on Delivery,20,2025-01-10 17:00
1805,2350,263775,Bank Transfer,5,2025-09-28 14:00
1806,2351,22977,Bank Transfer,10,2025-11-21 00:00
1807,2352,618675,Bank Transfer,15,2025-10-17 06:00
1808,2354,69415,Wallet,24,2025-08-10 16:00
1809,2356,95795,Bank Transfer,38,2025-05-23 05:00
1810,2357,269449,Card,20,2025-07-27 00:00
1811,2358,527289,Card,43,2025-02-14 09:00
1812,2359,366477,Bank Transfer,14,2025-06-21 12:00
1813,2360,304554,Card,7,2025-03-19 23:00
1814,2361,652532,Card,14,2025-07-15 03:00
1815,2362,839053,Wallet,10,2025-02-13 13:00
1816,2363,497265,Cash on Delivery,35,2025-05-13 15:00
1817,2365,293042,Bank Transfer,1000,2025-02-09 13:00
1818,2366,816675,Wallet,34,2025-03-01 22:00
1819,2367,475676,Card,10,2025-06-22 18:00
1820,2368,214107,Wallet,999,2025-12-30 10:00
1821,2369,417000,Card,34,2025-07-24 14:00
1822,2371,501378,Cash on Delivery,16,2025-06-24 05:00
1823,2372,360090,Card,15,2025-12-10 22:00
1824,2374,351585,Wallet,39,2025-06-13 22:00
1825,2375,83803,Cash on Delivery,15,2025-07-30 21:00
1826,2376,115244,Card,25,2025-03-04 00:00
1827,2377,138680,Wallet,6,2025-04-03 17:00
1828,2380,651053,Bank Transfer,3,2025-07-13 14:00
1829,2381,716060,Wallet,38,2025-10-13 01:00
1830,2382,184750,Cash on Delivery,44,2025-12-23 17:00
1831,2383,297048,Wallet,24,2025-12-01 21:00
1832,2384,387833,Cash on Delivery,34,2025-08-10 20:00
1833,2386,318320,Wallet,1000,2025-10-17 14:00
1834,2387,273659,Bank Transfer,4,2025-12-21 23:00
1835,2388,99114,Bank Transfer,36,2025-12-15 06:00
1836,2389,224935,Wallet,8,2025-07-07 05:00
1837,2390,327668,Wallet,25,2025-07-19 16:00
1838,2391,233857,Card,7,2025-12-04 12:00
1839,2392,212436,Wallet,43,2025-07-07 12:00
1840,2393,465156,Bank Transfer,35,2025-04-19 22:00
1841,2394,538054,Bank Transfer,37,2025-12-14 07:00
1842,2396,28776,Cash on Delivery,999,2025-09-23 04:00
1843,2399,7834,Wallet,20,2025-08-11 10:00
1844,2400,819993,Card,12,2025-09-23 21:00
1845,2401,614477,Cash on Delivery,30,2025-08-06 09:00
1846,2403,430132,Wallet,30,2025-11-22 01:00
1847,2404,346688,Wallet,15,2025-12-28 09:00
1848,2405,445045,Wallet,31,2025-04-21 06:00
1849,2408,561809,Bank Transfer,35,2025-06-28 05:00
1850,2409,711023,Cash on Delivery,4,2025-02-01 17:00
1851,2410,476171,Cash on Delivery,35,2025-06-19 15:00
1852,2413,52987,Wallet,21,2025-03-16 16:00
1853,2414,179055,Cash on Delivery,9,2025-12-08 13:00
1854,2415,575106,Wallet,43,2025-06-26 16:00
1855,2417,255501,Wallet,28,2025-06-20 13:00
1856,2420,512561,Wallet,16,2025-12-01 00:00
1857,2421,497572,Bank Transfer,22,2025-11-09 11:00
1858,2422,736975,Card,40,2025-12-29 22:00
1859,2423,194732,Wallet,14,2025-01-12 10:00
1860,2424,66954,Cash on Delivery,24,2025-11-25 02:00
1861,2426,227540,Card,27,2025-12-09 14:00
1862,2428,663952,Cash on Delivery,41,2025-07-15 15:00
1863,2429,722766,Cash on Delivery,3,2025-02-18 12:00
1864,2430,215821,Wallet,7,2025-05-22 13:00
1865,2431,504981,Wallet,43,2025-02-11 12:00
1866,2432,798146,Wallet,4,2025-09-12 03:00
1867,2433,682005,Wallet,24,2025-01-19 12:00
1868,2435,834496,Card,28,2025-08-15 16:00
1869,2438,141672,Cash on Delivery,6,2025-02-17 02:00
1870,2441,382159,Card,30,2025-02-26 10:00
1871,2442,302693,Card,28,2025-08-16 00:00
1872,2443,352789,Bank Transfer,7,2025-05-11 10:00
1873,2444,5202,Bank Transfer,33,2025-05-27 03:00
1874,2445,630091,Cash on Delivery,43,2025-07-25 04:00
1875,2446,620129,Cash on Delivery,35,2025-11-09 06:00
1876,2447,322961,Wallet,6,2025-11-11 21:00
1877,2448,562171,Bank Transfer,20,2025-12-05 13:00
1878,2450,517196,Wallet,8,2025-05-13 06:00
1879,2451,271379,Wallet,7,2025-04-06 06:00
1880,2452,16295,Wallet,6,2025-05-04 00:00
1881,2457,646656,Card,7,2025-05-21 07:00
1882,2458,526937,Wallet,19,2025-12-02 03:00
1883,2460,532503,Wallet,2,2025-08-02 16:00
1884,2461,45564,Bank Transfer,40,2025-08-22 06:00
1885,2462,683709,Wallet,5,2025-03-15 18:00
1886,2463,362680,Cash on Delivery,38,2025-08-25 17:00
1887,2466,392960,Card,31,2025-01-21 08:00
1888,2467,386742,Card,35,2025-06-03 15:00
1889,2468,372673,Wallet,1,2025-04-08 08:00
1890,2470,85018,Bank Transfer,18,2025-11-09 17:00
1891,2472,570437,Card,19,2025-02-07 17:00
1892,2473,190898,Bank Transfer,6,2025-08-11 14:00
1893,2475,595691,Bank Transfer,40,2025-07-22 23:00
1894,2476,73430,Card,999,2025-07-20 08:00
1895,2477,606806,Wallet,39,2025-04-04 05:00
1896,2482,352660,Wallet,32,2025-12-16 07:00
1897,2483,109849,Bank Transfer,11,2025-03-27 22:00
1898,2485,335900,Card,2,2025-09-09 14:00
1899,2486,514934,Card,37,2025-07-27 07:00
1900,2487,337820,Card,17,2025-01-30 13:00
1901,2488,268681,Wallet,1,2025-06-05 18:00
1902,2489,509420,Bank Transfer,38,2025-05-11 00:00
1903,2490,237108,Card,8,2025-11-03 23:00
1904,2491,747491,Card,6,2025-07-30 10:00
1905,2492,725337,Card,3,2025-11-26 19:00
1906,2494,122435,Card,40,2025-08-22 03:00
1907,2497,837565,Card,26,2025-09-13 21:00
1908,2498,561016,Card,19,2025-10-17 01:00
1909,2500,539360,Bank Transfer,19,2025-08-11 01:00
1910,2501,583762,Card,38,2025-05-23 07:00
1911,2502,307863,Bank Transfer,15,2025-10-27 14:00
1912,2503,638912,Wallet,34,2025-11-24 07:00
1913,2505,409470,Card,33,2025-04-07 18:00
1914,2506,55032,Bank Transfer,5,2025-10-14 08:00
1915,2507,419989,Wallet,3,2025-04-10 01:00
1916,2508,478340,Bank Transfer,10,2025-02-23 23:00
1917,2509,742142,Card,11,2025-09-05 16:00
1918,2512,44784,Wallet,25,2025-04-20 04:00
1919,2513,607028,Wallet,18,2026-01-02 08:00
1920,2514,534994,Wallet,36,2025-05-29 12:00
1921,2516,255738,Bank Transfer,26,2025-12-10 15:00
1922,2517,452100,Bank Transfer,43,2025-09-18 02:00
1923,2518,842997,Wallet,25,2025-03-28 21:00
1924,2519,749486,Wallet,3,2025-08-06 14:00
1925,2520,200128,Wallet,37,2025-07-17 04:00
1926,2521,610727,Wallet,36,2025-06-30 16:00
1927,2522,59383,Card,39,2025-04-19 10:00
1928,2524,391983,Wallet,20,2025-08-09 03:00
1929,2525,597011,Wallet,26,2025-12-17 07:00
1930,2526,425410,Wallet,15,2025-06-04 02:00
1931,2527,787386,Bank Transfer,35,2025-06-20 00:00
1932,2528,483717,Card,8,2025-11-10 04:00
1933,2529,24797,Bank Transfer,34,2025-08-30 03:00
1934,2531,809154,Bank Transfer,14,2025-12-22 07:00
1935,2532,266847,Bank Transfer,26,2025-12-21 00:00
1936,2533,115987,Card,23,2025-09-24 12:00
1937,2535,251759,Bank Transfer,1001,2025-11-24 09:00
1938,2536,11044,Cash on Delivery,16,2025-06-19 20:00
1939,2537,474993,Card,7,2025-08-29 07:00
1940,2538,329111,Bank Transfer,16,2025-12-21 17:00
1941,2540,731063,Cash on Delivery,23,2025-09-07 02:00
1942,2541,427043,Cash on Delivery,12,2025-01-17 12:00
1943,2542,557038,Bank Transfer,33,2025-12-18 13:00
1944,2543,399059,Card,29,2025-08-29 03:00
1945,2544,209278,Cash on Delivery,41,2025-02-20 11:00
1946,2545,67663,Cash on Delivery,44,2025-08-03 23:00
1947,2546,72648,Bank Transfer,8,2025-06-15 19:00
1948,2547,682168,Cash on Delivery,33,2025-08-27 06:00
1949,2548,218936,Wallet,7,2025-11-10 21:00
1950,2551,73965,Wallet,33,2025-10-10 09:00
1951,2552,705469,Wallet,25,2025-02-27 20:00
1952,2554,340230,Cash on Delivery,16,2025-10-31 07:00
1953,2556,822951,Wallet,26,2025-01-16 18:00
1954,2557,673064,Bank Transfer,29,2025-09-06 00:00
1955,2558,732680,Bank Transfer,37,2025-01-17 12:00
1956,2559,485432,Cash on Delivery,44,2025-02-24 10:00
1957,2560,630244,Wallet,8,2025-09-28 21:00
1958,2561,124501,Wallet,31,2025-02-22 04:00
1959,2562,402105,Cash on Delivery,12,2025-01-28 15:00
1960,2563,682698,Card,39,2025-09-01 07:00
1961,2565,553259,Cash on Delivery,33,2025-05-06 04:00
1962,2566,169244,Card,35,2025-03-23 19:00
1963,2569,224326,Card,39,2025-10-27 12:00
1964,2570,106552,Wallet,40,2025-10-02 07:00
1965,2572,137329,Wallet,29,2025-04-13 16:00
1966,2574,810342,Card,28,2025-09-08 15:00
1967,2576,38022,Wallet,28,2025-10-06 06:00
1968,2577,420089,Bank Transfer,36,2025-04-08 02:00
1969,2578,477440,Wallet,15,2025-02-20 12:00
1970,2580,17253,Bank Transfer,34,2025-01-07 20:00
1971,2582,309120,Cash on Delivery,11,2025-06-09 19:00
1972,2583,499126,Cash on Delivery,34,2025-09-18 07:00
1973,2584,216107,Cash on Delivery,17,2025-04-30 22:00
1974,2585,792518,Bank Transfer,19,2025-09-09 16:00
1975,2586,302100,Wallet,22,2025-07-15 02:00
1976,2588,347567,Cash on Delivery,11,2025-03-17 17:00
1977,2589,623730,Wallet,23,2025-07-01 02:00
1978,2591,358255,Wallet,5,2025-03-02 13:00
1979,2592,194078,Cash on Delivery,42,2025-02-20 12:00
1980,2594,591969,Wallet,3,2025-07-25 00:00
1981,2595,811091,Bank Transfer,27,2025-05-02 05:00
1982,2596,314998,Wallet,13,2025-06-16 21:00
1983,2599,731825,Card,24,2025-11-02 02:00
1984,2601,627515,Wallet,20,2025-05-26 11:00
1985,2602,777733,Bank Transfer,41,2025-02-18 06:00
1986,2603,717589,Bank Transfer,38,2025-08-14 03:00
1987,2604,590655,Card,16,2025-03-30 00:00
1988,2605,354078,Wallet,32,2025-12-10 19:00
1989,2606,178842,Cash on Delivery,43,2025-06-12 05:00
1990,2607,841787,Card,44,2025-04-18 22:00
1991,2609,436142,Card,8,2025-01-21 18:00
1992,2611,364798,Cash on Delivery,36,2025-06-20 01:00
1993,2612,323431,Cash on Delivery,18,2025-10-12 05:00
1994,2613,148587,Card,11,2025-12-16 23:00
1995,2615,485379,Card,4,2025-09-13 07:00
1996,2616,62067,Cash on Delivery,28,2025-03-27 21:00
1997,2617,55259,Bank Transfer,44,2025-01-21 09:00
1998,2618,678398,Cash on Delivery,16,2025-10-15 04:00
1999,2619,253939,Cash on Delivery,14,2025-09-27 10:00
2000,2621,367967,Cash on Delivery,2,2025-08-23 09:00
2001,2622,672205,Card,5,2025-12-06 05:00
2002,2623,187055,Cash on Delivery,23,2025-11-22 13:00
2003,2624,152868,Bank Transfer,19,2025-06-17 18:00
2004,2625,94696,Wallet,41,2025-09-21 14:00
2005,2627,97959,Wallet,22,2025-01-21 21:00
2006,2628,847957,Card,26,2025-02-05 19:00
2007,2629,293559,Bank Transfer,34,2025-12-10 15:00
2008,2631,538452,Card,33,2025-05-30 07:00
2009,2632,790257,Bank Transfer,33,2025-02-11 08:00
2010,2634,644293,Cash on Delivery,3,2025-06-13 02:00
2011,2635,842753,Cash on Delivery,5,2025-01-04 06:00
2012,2637,818407,Wallet,6,2025-08-01 18:00
2013,2638,49404,Cash on Delivery,36,2025-11-16 15:00
2014,2640,99965,Cash on Delivery,34,2025-03-02 18:00
2015,2641,660013,Cash on Delivery,36,2025-11-19 16:00
2016,2642,99770,Cash on Delivery,28,2025-07-28 19:00
2017,2643,595816,Bank Transfer,25,2025-09-14 16:00
2018,2644,84196,Bank Transfer,8,2025-12-28 20:00
2019,2646,235709,Card,25,2025-05-01 13:00
2020,2647,282876,Card,44,2025-07-02 08:00
2021,2649,378916,Bank Transfer,39,2025-12-31 22:00
2022,2650,285026,Card,18,2025-08-24 23:00
2023,2651,571711,Bank Transfer,10,2025-05-25 19:00
2024,2653,363868,Card,19,2025-10-18 15:00
2025,2654,812475,Cash on Delivery,30,2025-11-30 20:00
2026,2656,165568,Card,25,2025-04-11 13:00
2027,2657,792485,Card,8,2025-04-20 17:00
2028,2659,217453,Cash on Delivery,31,2025-02-24 12:00
2029,2662,599095,Wallet,31,2025-05-03 10:00
2030,2663,420052,Card,5,2025-08-11 22:00
2031,2664,365625,Bank Transfer,2,2025-11-12 09:00
2032,2665,110585,Wallet,1,2025-06-21 05:00
2033,2666,584915,Cash on Delivery,39,2025-03-08 20:00
2034,2667,58437,Card,21,2025-02-05 07:00
2035,2668,681551,Wallet,14,2025-09-11 05:00
2036,2669,732892,Wallet,32,2025-12-18 12:00
2037,2670,335568,Wallet,25,2025-05-14 03:00
2038,2672,20371,Card,14,2025-12-16 07:00
2039,2673,385232,Wallet,12,2025-05-29 01:00
2040,2674,421906,Wallet,2,2025-08-03 19:00
2041,2675,487296,Wallet,27,2025-05-19 17:00
2042,2676,44660,Bank Transfer,21,2025-02-12 10:00
2043,2677,258111,Wallet,18,2025-02-24 16:00
2044,2678,325479,Card,43,2025-03-05 07:00
2045,2679,761244,Wallet,31,2025-02-10 22:00
2046,2680,72570,Bank Transfer,19,2025-04-05 23:00
2047,2683,779952,Bank Transfer,29,2025-12-14 18:00
2048,2684,629182,Wallet,21,2025-03-27 23:00
2049,2685,429559,Bank Transfer,20,2025-05-18 04:00
2050,2688,486871,Wallet,7,2025-01-06 01:00
2051,2689,423226,Cash on Delivery,22,2025-07-24 08:00
2052,2690,507830,Card,8,2025-11-08 18:00
2053,2691,690982,Wallet,4,2025-05-06 15:00
2054,2692,836072,Card,29,2025-01-04 12:00
2055,2693,797971,Wallet,34,2025-06-30 11:00
2056,2694,712255,Wallet,35,2025-04-28 03:00
2057,2695,340335,Bank Transfer,14,2025-10-22 21:00
2058,2696,294783,Bank Transfer,4,2025-08-13 06:00
2059,2698,729847,Wallet,11,2025-02-03 11:00
2060,2699,536337,Wallet,40,2025-07-16 08:00
2061,2700,32571,Card,25,2025-08-21 00:00
2062,2702,117689,Wallet,28,2025-05-11 08:00
2063,2703,443616,Cash on Delivery,33,2025-04-12 18:00
2064,2704,66582,Wallet,15,2025-08-10 06:00
2065,2705,823172,Bank Transfer,43,2025-03-25 17:00
2066,2706,272638,Card,40,2025-11-02 03:00
2067,2707,345091,Bank Transfer,16,2025-06-30 15:00
2068,2708,472528,Cash on Delivery,17,2025-05-28 05:00
2069,2710,82986,Wallet,7,2025-03-15 18:00
2070,2711,442163,Card,36,2025-02-03 11:00
2071,2712,367442,Bank Transfer,25,2025-05-29 01:00
2072,2713,409806,Card,6,2025-08-02 16:00
2073,2714,12601,Card,9,2025-06-27 18:00
2074,2715,411971,Wallet,32,2025-09-23 11:00
2075,2716,748999,Wallet,26,2025-09-05 18:00
2076,2718,675839,Bank Transfer,15,2025-07-24 20:00
2077,2719,374148,Cash on Delivery,34,2026-01-02 21:00
2078,2720,349354,Wallet,41,2025-04-05 07:00
2079,2721,743914,Cash on Delivery,13,2025-05-13 22:00
2080,2722,443507,Cash on Delivery,15,2025-11-25 12:00
2081,2724,253420,Cash on Delivery,26,2025-10-12 21:00
2082,2726,342366,Bank Transfer,16,2025-05-04 02:00
2083,2727,702742,Wallet,21,2025-07-12 07:00
2084,2728,58203,Bank Transfer,14,2025-01-30 20:00
2085,2729,702649,Card,43,2025-12-11 11:00
2086,2730,687369,Wallet,7,2025-07-05 23:00
2087,2731,561809,Card,24,2025-05-16 10:00
2088,2732,750042,Cash on Delivery,22,2025-08-14 04:00
2089,2733,807590,Cash on Delivery,5,2025-01-30 19:00
2090,2734,634196,Card,27,2025-06-26 16:00
2091,2735,838093,Card,2,2025-11-05 20:00
2092,2736,430337,Cash on Delivery,17,2025-10-20 23:00
2093,2737,374208,Wallet,25,2025-03-09 20:00
2094,2738,259734,Cash on Delivery,7,2025-08-16 00:00
2095,2740,173470,Cash on Delivery,38,2025-11-13 20:00
2096,2741,829129,Bank Transfer,14,2025-10-10 06:00
2097,2742,88673,Bank Transfer,13,2025-02-25 09:00
2098,2743,796065,Bank Transfer,29,2025-12-29 10:00
2099,2744,728044,Cash on Delivery,9,2025-12-11 02:00
2100,2745,352289,Bank Transfer,21,2025-05-13 12:00
2101,2746,821133,Bank Transfer,4,2025-08-19 17:00
2102,2747,370880,Wallet,999,2025-03-19 07:00
2103,2748,565150,Card,27,2025-06-17 04:00
2104,2749,167332,Card,14,2025-04-28 20:00
2105,2750,207842,Bank Transfer,5,2025-12-25 04:00
2106,2752,353326,Bank Transfer,15,2025-04-11 22:00
2107,2754,292191,Card,34,2025-10-04 11:00
2108,2755,40035,Card,34,2025-09-08 00:00
2109,2756,667111,Cash on Delivery,39,2025-10-22 23:00
2110,2757,86540,Cash on Delivery,2,2025-06-21 11:00
2111,2758,701332,Cash on Delivery,37,2025-01-10 11:00
2112,2760,423368,Card,23,2025-04-21 03:00
2113,2762,481156,Wallet,16,2025-05-03 01:00
2114,2763,478628,Cash on Delivery,13,2025-10-05 01:00
2115,2764,265452,Bank Transfer,1,2025-04-12 21:00
2116,2765,291127,Cash on Delivery,38,2025-10-23 23:00
2117,2766,127600,Card,16,2025-01-06 11:00
2118,2767,118858,Cash on Delivery,19,2025-09-19 01:00
2119,2768,188314,Cash on Delivery,15,2025-03-24 17:00
2120,2769,649098,Wallet,8,2025-12-02 21:00
2121,2770,300663,Bank Transfer,32,2025-05-18 14:00
2122,2771,100150,Cash on Delivery,20,2025-01-13 02:00
2123,2772,286322,Card,22,2025-06-02 16:00
2124,2774,722753,Cash on Delivery,15,2025-06-02 18:00
2125,2775,196307,Card,23,2025-06-22 03:00
2126,2777,574472,Cash on Delivery,35,2025-11-14 15:00
2127,2778,759910,Wallet,43,2025-12-22 14:00
2128,2779,18374,Wallet,43,2025-09-03 01:00
2129,2780,773161,Wallet,6,2025-10-30 07:00
2130,2781,68778,Cash on Delivery,13,2025-04-25 05:00
2131,2782,279610,Card,28,2025-12-07 05:00
2132,2784,655184,Card,18,2025-09-07 02:00
2133,2785,513642,Bank Transfer,4,2026-01-01 07:00
2134,2786,115437,Card,14,2025-10-29 12:00
2135,2787,846817,Cash on Delivery,36,2025-04-22 15:00
2136,2788,264535,Wallet,28,2025-08-02 09:00
2137,2789,579395,Wallet,20,2025-09-02 11:00
2138,2791,819943,Wallet,44,2025-05-10 15:00
2139,2792,797272,Card,42,2025-11-05 22:00
2140,2794,651330,Cash on Delivery,7,2025-05-16 12:00
2141,2796,720853,Wallet,20,2025-01-05 23:00
2142,2797,175048,Bank Transfer,25,2025-06-05 15:00
2143,2799,49747,Bank Transfer,13,2025-06-19 10:00
2144,2800,391094,Wallet,3,2025-02-20 17:00
2145,2802,224899,Wallet,25,2025-03-14 18:00
2146,2803,515951,Cash on Delivery,31,2025-08-04 03:00
2147,2804,351705,Card,12,2025-08-30 20:00
2148,2805,297845,Bank Transfer,34,2025-06-22 06:00
2149,2806,684160,Cash on Delivery,42,2025-02-19 02:00
2150,2807,381530,Wallet,35,2025-04-25 19:00
2151,2808,144255,Cash on Delivery,1,2025-11-13 22:00
2152,2809,784377,Wallet,16,2025-04-08 09:00
2153,2810,533264,Wallet,8,2025-07-26 07:00
2154,2811,742781,Wallet,28,2025-11-01 12:00
2155,2812,449524,Card,14,2025-04-18 23:00
2156,2813,97445,Bank Transfer,19,2025-02-05 15:00
2157,2815,334000,Cash on Delivery,2,2025-10-28 06:00
2158,2816,849703,Card,43,2025-08-11 05:00
2159,2817,242843,Cash on Delivery,25,2025-08-31 17:00
2160,2818,834324,Wallet,31,2025-03-17 12:00
2161,2819,823646,Card,20,2025-12-02 13:00
2162,2823,201255,Bank Transfer,16,2025-06-22 18:00
2163,2824,323108,Wallet,21,2025-02-15 23:00
2164,2825,650824,Card,40,2025-06-06 22:00
2165,2826,461839,Wallet,43,2025-01-23 05:00
2166,2827,636771,Card,43,2025-01-02 08:00
2167,2828,334691,Card,35,2025-09-25 01:00
2168,2831,257864,Cash on Delivery,44,2025-09-30 14:00
2169,2832,713428,Bank Transfer,5,2025-08-07 05:00
2170,2834,469628,Card,16,2025-03-23 04:00
2171,2835,651608,Card,33,2025-09-13 15:00
2172,2836,356697,Card,29,2025-07-06 05:00
2173,2837,500035,Bank Transfer,32,2025-03-13 15:00
2174,2840,716586,Wallet,2,2025-06-20 04:00
2175,2841,66801,Card,44,2025-04-24 07:00
2176,2843,551074,Wallet,37,2025-08-09 07:00
2177,2844,388461,Bank Transfer,27,2025-05-06 20:00
2178,2845,388092,Wallet,34,2025-02-22 17:00
2179,2846,616030,Card,33,2025-02-16 09:00
2180,2847,457870,Card,18,2025-01-26 16:00
2181,2848,594142,Card,35,2025-03-09 19:00
2182,2849,82009,Cash on Delivery,38,2025-01-24 12:00
2183,2850,303979,Card,21,2025-12-13 20:00
2184,2851,154898,Wallet,32,2025-08-23 12:00
2185,2852,632758,Cash on Delivery,43,2025-05-20 00:00
2186,2853,222613,Bank Transfer,42,2025-11-28 03:00
2187,2854,597250,Card,14,2025-02-22 01:00
2188,2855,272829,Wallet,39,2025-09-04 11:00
2189,2856,87009,Bank Transfer,1,2025-07-05 09:00
2190,2857,232794,Bank Transfer,44,2025-05-27 10:00
2191,2859,468411,Card,29,2025-02-17 20:00
2192,2861,619064,Bank Transfer,25,2025-02-06 19:00
2193,2862,58910,Bank Transfer,33,2025-02-12 07:00
2194,2863,470231,Bank Transfer,28,2025-07-11 21:00
2195,2864,577184,Cash on Delivery,32,2025-02-03 05:00
2196,2865,143883,Bank Transfer,28,2025-04-13 10:00
2197,2866,389827,Wallet,5,2025-11-23 16:00
2198,2867,702410,Wallet,1,2025-06-25 19:00
2199,2868,261243,Wallet,11,2025-06-04 11:00
2200,2870,210646,Bank Transfer,23,2025-11-11 07:00
2201,2871,59907,Wallet,8,2025-08-29 23:00
2202,2872,295239,Wallet,41,2025-12-04 15:00
2203,2873,511232,Wallet,31,2025-11-11 12:00
2204,2875,233827,Wallet,41,2025-02-27 11:00
2205,2877,410289,Cash on Delivery,28,2025-06-22 01:00
2206,2878,562024,Cash on Delivery,12,2025-01-11 23:00
2207,2879,658225,Card,43,2025-05-18 07:00
2208,2881,713203,Wallet,42,2025-05-03 21:00
2209,2882,35407,Wallet,16,2025-07-01 09:00
2210,2884,667150,Card,16,2025-01-08 14:00
2211,2885,484137,Wallet,32,2025-06-21 08:00
2212,2886,376565,Card,23,2025-11-09 04:00
2213,2887,33630,Bank Transfer,14,2025-03-10 05:00
2214,2889,420441,Wallet,41,2025-03-03 03:00
2215,2890,828813,Cash on Delivery,9,2025-08-24 12:00
2216,2893,245242,Cash on Delivery,1001,2025-06-26 07:00
2217,2894,36661,Bank Transfer,9,2025-03-05 01:00
2218,2895,605668,Bank Transfer,28,2025-10-11 17:00
2219,2896,408847,Card,29,2025-03-11 21:00
2220,2897,424685,Bank Transfer,15,2025-07-31 02:00
2221,2898,57075,Card,30,2025-11-27 09:00
2222,2899,447280,Bank Transfer,2,2025-02-04 08:00
2223,2900,621800,Card,4,2025-08-12 17:00
2224,2901,582762,Bank Transfer,21,2025-08-13 18:00
2225,2902,17334,Wallet,9,2025-05-30 02:00
2226,2903,523932,Card,34,2025-03-02 06:00
2227,2904,545389,Bank Transfer,21,2025-12-30 22:00
2228,2906,572316,Card,10,2025-06-28 06:00
2229,2907,830594,Cash on Delivery,19,2025-03-20 11:00
2230,2908,148888,Card,7,2025-09-14 22:00
2231,2909,104531,Cash on Delivery,26,2025-01-08 06:00
2232,2910,613507,Cash on Delivery,39,2025-11-17 20:00
2233,2911,6463,Wallet,22,2025-12-02 13:00
2234,2914,500523,Cash on Delivery,6,2025-01-15 01:00
2235,2916,296806,Cash on Delivery,26,2025-01-17 03:00
2236,2917,299994,Cash on Delivery,9,2025-06-15 07:00
2237,2918,571127,Bank Transfer,19,2025-04-22 20:00
2238,2919,193113,Cash on Delivery,28,2025-11-03 01:00
2239,2920,817832,Card,44,2025-07-18 12:00
2240,2921,200404,Card,27,2025-11-26 17:00
2241,2922,270799,Wallet,9,2025-08-29 07:00
2242,2924,846291,Card,28,2025-04-24 06:00
2243,2925,4072,Cash on Delivery,5,2025-06-03 13:00
2244,2926,60326,Wallet,21,2025-12-02 01:00
2245,2927,820754,Card,13,2025-04-12 12:00
2246,2928,579247,Bank Transfer,12,2025-06-22 06:00
2247,2929,157192,Wallet,20,2025-07-06 00:00
2248,2930,85638,Cash on Delivery,4,2025-08-14 17:00
2249,2931,642714,Bank Transfer,20,2025-05-28 18:00
2250,2932,817019,Bank Transfer,39,2025-09-14 00:00
2251,2933,139062,Wallet,24,2025-11-03 07:00
2252,2934,830411,Bank Transfer,4,2025-02-23 14:00
2253,2935,292084,Bank Transfer,19,2025-06-01 20:00
2254,2936,199403,Bank Transfer,16,2025-11-25 21:00
2255,2937,19927,Wallet,5,2025-11-21 18:00
2256,2938,270393,Wallet,11,2025-01-18 19:00
2257,2940,395530,Bank Transfer,15,2025-08-01 19:00
2258,2942,229793,Wallet,1,2025-03-01 20:00
2259,2944,679372,Wallet,18,2025-10-08 11:00
2260,2945,356051,Bank Transfer,43,2026-01-01 01:00
2261,2946,207427,Cash on Delivery,10,2025-04-25 21:00
2262,2947,404746,Bank Transfer,43,2025-07-31 17:00
2263,2948,743455,Bank Transfer,7,2025-11-01 19:00
2264,2951,680553,Bank Transfer,21,2025-04-11 13:00
2265,2953,640120,Cash on Delivery,999,2025-08-31 14:00
2266,2954,259619,Bank Transfer,33,2025-05-30 17:00
2267,2955,127721,Bank Transfer,13,2025-07-17 08:00
2268,2957,317865,Card,44,2025-05-28 21:00
2269,2958,717187,Cash on Delivery,999,2025-10-20 06:00
2270,2959,626288,Wallet,26,2025-08-12 22:00
2271,2960,430867,Bank Transfer,35,2025-02-10 09:00
2272,2962,691987,Wallet,18,2025-04-21 00:00
2273,2963,734809,Card,3,2025-11-03 18:00
2274,2965,782887,Cash on Delivery,14,2025-04-05 02:00
2275,2966,162733,Wallet,42,2025-05-19 17:00
2276,2968,119010,Cash on Delivery,42,2025-01-31 16:00
2277,2969,360655,Cash on Delivery,24,2025-03-16 00:00
2278,2970,417651,Wallet,29,2025-09-04 06:00
2279,2971,566557,Wallet,34,2025-10-08 00:00
2280,2973,333452,Wallet,35,2025-03-03 10:00
2281,2974,158720,Bank Transfer,16,2025-06-04 23:00
2282,2975,603351,Card,26,2025-03-02 21:00
2283,2978,318865,Bank Transfer,23,2025-03-25 06:00
2284,2979,640281,Bank Transfer,21,2025-06-20 04:00
2285,2980,406379,Card,34,2025-11-05 17:00
2286,2981,461487,Bank Transfer,10,2025-09-01 03:00
2287,2982,138804,Cash on Delivery,34,2025-06-24 13:00
2288,2983,800483,Bank Transfer,17,2025-11-20 23:00
2289,2984,754201,Card,29,2025-08-10 08:00
2290,2985,222201,Bank Transfer,40,2025-09-25 23:00
2291,2986,272540,Wallet,38,2025-01-22 07:00
2292,2987,217604,Bank Transfer,18,2025-08-10 17:00
2293,2988,53160,Wallet,17,2025-10-06 19:00
2294,2989,185276,Card,27,2025-03-11 07:00
2295,2990,547129,Card,33,2025-07-14 05:00
2296,2992,93398,Card,28,2025-11-23 16:00
2297,2994,384254,Card,5,2025-02-27 15:00
2298,2995,263421,Wallet,21,2025-11-10 23:00
2299,2996,319494,Card,1000,2025-08-21 19:00
2300,2998,552964,Cash on Delivery,22,2025-06-14 01:00
2301,2999,824978,Bank Transfer,32,2025-06-07 11:00
2302,3001,750256,Cash on Delivery,40,2025-04-28 07:00
2303,3003,276356,Card,13,2025-12-23 06:00
2304,3004,213986,Cash on Delivery,36,2025-06-24 14:00
2305,3005,716657,Card,8,2025-09-29 09:00
2306,3006,249314,Bank Transfer,21,2025-01-17 08:00
2307,3007,190432,Card,15,2025-05-12 09:00
2308,3011,28458,Card,22,2025-08-15 12:00
2309,3012,171924,Bank Transfer,20,2025-04-15 01:00
2310,3014,695483,Card,22,2025-06-23 23:00
2311,3015,508410,Wallet,22,2025-08-14 02:00
2312,3017,616597,Wallet,13,2025-07-07 22:00
2313,3018,316798,Bank Transfer,24,2025-06-12 11:00
2314,3019,407889,Card,4,2025-08-21 22:00
2315,3020,33348,Card,11,2025-04-04 10:00
2316,3021,21628,Wallet,36,2025-04-10 10:00
2317,3022,548865,Card,31,2025-12-28 22:00
2318,3023,678973,Bank Transfer,13,2025-03-06 11:00
2319,3024,489713,Card,33,2025-07-28 22:00
2320,3025,275609,Wallet,41,2025-04-27 14:00
2321,3027,181011,Card,6,2025-12-30 10:00
2322,3029,541561,Wallet,38,2025-07-19 21:00
2323,3030,534224,Bank Transfer,1,2025-07-05 11:00
2324,3032,532689,Card,4,2025-08-09 09:00
2325,3033,491635,Wallet,34,2025-10-31 12:00
2326,3034,714614,Bank Transfer,11,2025-05-30 01:00
2327,3035,524131,Card,29,2025-03-25 20:00
2328,3036,84101,Wallet,19,2025-12-13 01:00
2329,3037,803492,Wallet,30,2025-01-21 18:00
2330,3038,170094,Cash on Delivery,39,2025-06-10 01:00
2331,3040,720650,Wallet,34,2025-05-11 16:00
2332,3042,202154,Card,22,2025-02-02 19:00
2333,3044,778233,Card,17,2025-11-23 05:00
2334,3046,673552,Wallet,20,2025-10-15 08:00
2335,3047,819826,Bank Transfer,7,2025-09-30 02:00
2336,3048,261437,Card,18,2025-04-01 15:00
2337,3049,263165,Bank Transfer,43,2025-03-05 09:00
2338,3050,249355,Card,22,2025-07-05 20:00
2339,3051,20377,Bank Transfer,9,2025-03-18 09:00
2340,3052,708324,Card,9,2025-10-29 03:00
2341,3053,116665,Card,6,2025-02-23 09:00
2342,3056,134045,Bank Transfer,42,2025-10-09 20:00
2343,3057,55437,Card,32,2025-01-23 14:00
2344,3058,726971,Wallet,17,2025-03-24 10:00
2345,3059,586726,Wallet,32,2025-05-26 03:00
2346,3060,569523,Cash on Delivery,15,2025-06-30 01:00
2347,3061,643875,Card,30,2025-11-24 00:00
2348,3062,747760,Wallet,32,2025-12-28 18:00
2349,3063,455451,Card,17,2025-03-08 08:00
2350,3064,88837,Bank Transfer,35,2025-05-30 19:00
2351,3065,67692,Bank Transfer,7,2025-10-14 15:00
2352,3067,703417,Wallet,12,2025-03-01 02:00
2353,3068,730176,Card,8,2025-10-05 11:00
2354,3069,361083,Wallet,36,2025-10-16 15:00
2355,3070,770945,Wallet,41,2025-09-21 13:00
2356,3071,789233,Cash on Delivery,20,2025-11-26 17:00
2357,3072,246003,Card,30,2025-04-02 23:00
2358,3073,510525,Wallet,42,2025-11-24 16:00
2359,3074,787815,Bank Transfer,35,2025-08-13 12:00
2360,3075,164197,Wallet,2,2025-06-17 18:00
2361,3076,681953,Card,35,2025-07-16 23:00
2362,3077,128371,Bank Transfer,15,2025-10-05 20:00
2363,3078,718592,Wallet,40,2025-01-09 01:00
2364,3079,117127,Wallet,13,2025-09-05 11:00
2365,3080,279362,Wallet,35,2025-04-26 15:00
2366,3081,537903,Cash on Delivery,2,2025-04-10 09:00
2367,3083,488847,Card,4,2025-02-03 08:00
2368,3085,689901,Card,40,2025-07-20 15:00
2369,3086,137757,Card,14,2025-05-28 18:00
2370,3087,597620,Bank Transfer,21,2025-05-26 14:00
2371,3089,319161,Card,16,2025-07-10 08:00
2372,3091,549359,Card,19,2025-01-21 08:00
2373,3092,33365,Bank Transfer,27,2025-05-28 08:00
2374,3093,701963,Bank Transfer,21,2025-11-25 11:00
2375,3094,695317,Bank Transfer,11,2025-02-13 05:00
2376,3095,546895,Wallet,2,2025-10-09 01:00
2377,3096,253545,Wallet,2,2025-09-04 15:00
2378,3097,636683,Wallet,19,2025-02-17 16:00
2379,3098,757455,Wallet,2,2025-05-27 09:00
2380,3099,770081,Bank Transfer,42,2025-07-01 22:00
2381,3100,319778,Wallet,13,2025-03-21 07:00
2382,3101,671735,Bank Transfer,27,2025-10-04 02:00
2383,3102,767475,Card,43,2025-05-12 13:00
2384,3103,404863,Wallet,34,2025-07-20 07:00
2385,3105,7498,Wallet,39,2025-10-02 14:00
2386,3107,455133,Bank Transfer,28,2025-04-02 07:00
2387,3109,89956,Wallet,15,2025-12-10 16:00
2388,3110,321152,Card,9,2025-06-04 03:00
2389,3111,32789,Bank Transfer,5,2025-10-11 14:00
2390,3112,765257,Bank Transfer,33,2025-09-06 02:00
2391,3113,537545,Card,4,2025-02-21 01:00
2392,3114,101975,Card,22,2025-09-12 12:00
2393,3115,128919,Bank Transfer,1,2025-11-13 19:00
2394,3116,143211,Card,19,2025-03-18 01:00
2395,3117,730455,Wallet,10,2025-07-08 06:00
2396,3118,827747,Card,37,2025-09-22 05:00
2397,3119,312387,Wallet,26,2025-10-01 03:00
2398,3120,146480,Card,42,2025-04-28 07:00
2399,3121,488147,Card,6,2025-12-06 01:00
2400,3122,765786,Bank Transfer,10,2025-01-16 18:00
2401,3123,429957,Bank Transfer,20,2025-10-28 17:00
2402,3124,504176,Wallet,3,2025-04-07 11:00
2403,3125,831783,Bank Transfer,42,2025-05-20 08:00
2404,3126,396971,Card,23,2025-10-26 07:00
2405,3127,669386,Bank Transfer,44,2025-04-25 23:00
2406,3128,313234,Bank Transfer,30,2025-04-27 22:00
2407,3129,210094,Card,2,2025-12-03 09:00
2408,3130,37391,Bank Transfer,33,2025-05-06 14:00
2409,3131,474881,Card,11,2025-08-29 22:00
2410,3132,75783,Card,33,2025-05-21 11:00
2411,3133,110092,Card,33,2025-12-14 12:00
2412,3134,725750,Wallet,4,2025-10-26 09:00
2413,3135,721345,Card,44,2025-12-02 13:00
2414,3136,430132,Bank Transfer,38,2025-10-21 03:00
2415,3138,101149,Bank Transfer,16,2025-05-13 09:00
2416,3139,609112,Cash on Delivery,33,2025-11-05 21:00
2417,3141,478231,Wallet,11,2025-06-27 15:00
2418,3142,294233,Wallet,41,2025-10-16 17:00
2419,3144,141559,Cash on Delivery,43,2025-08-21 20:00
2420,3145,450365,Wallet,4,2025-09-23 23:00
2421,3146,623990,Bank Transfer,27,2025-05-02 00:00
2422,3147,244573,Bank Transfer,15,2025-09-26 13:00
2423,3149,526524,Cash on Delivery,1000,2025-02-27 07:00
2424,3150,120064,Card,22,2025-04-11 14:00
2425,3151,91786,Card,35,2025-11-10 21:00
2426,3152,581366,Bank Transfer,41,2025-01-25 23:00
2427,3153,444661,Cash on Delivery,1000,2025-07-22 04:00
2428,3155,273689,Wallet,44,2025-06-23 03:00
2429,3156,247629,Wallet,18,2025-03-28 03:00
2430,3157,28223,Bank Transfer,9,2025-10-15 21:00
2431,3158,680682,Bank Transfer,11,2025-02-10 03:00
2432,3159,137552,Cash on Delivery,8,2025-09-28 22:00
2433,3160,471150,Bank Transfer,13,2025-01-21 15:00
2434,3162,322113,Wallet,1,2025-10-05 03:00
2435,3164,369056,Wallet,39,2025-07-28 23:00
2436,3165,327897,Bank Transfer,14,2025-10-17 07:00
2437,3166,150323,Wallet,25,2025-09-13 07:00
2438,3167,466068,Card,29,2025-05-27 07:00
2439,3168,689415,Cash on Delivery,9,2025-09-01 12:00
2440,3169,455021,Card,35,2025-08-05 05:00
2441,3170,643531,Wallet,24,2025-02-07 16:00
2442,3171,592253,Wallet,1,2025-04-25 12:00
2443,3172,173346,Card,24,2025-12-22 18:00
2444,3173,509291,Card,32,2025-07-13 18:00
2445,3175,384014,Bank Transfer,22,2025-07-21 13:00
2446,3177,147092,Bank Transfer,1,2025-01-31 11:00
2447,3178,791034,Wallet,15,2025-10-23 07:00
2448,3179,131642,Cash on Delivery,37,2025-04-17 00:00
2449,3180,680486,Bank Transfer,31,2025-06-11 01:00
2450,3181,763087,Card,38,2025-12-30 22:00
2451,3183,530083,Bank Transfer,13,2025-03-15 23:00
2452,3184,280870,Cash on Delivery,21,2025-06-07 03:00
2453,3186,565106,Wallet,13,2025-09-25 05:00
2454,3188,442483,Cash on Delivery,11,2025-09-05 08:00
2455,3189,829773,Wallet,12,2025-10-14 16:00
2456,3190,190315,Bank Transfer,9,2025-11-05 06:00
2457,3192,712199,Cash on Delivery,12,2025-11-08 18:00
2458,3194,104583,Bank Transfer,12,2025-04-21 20:00
2459,3195,493861,Bank Transfer,16,2025-10-24 18:00
2460,3196,99602,Bank Transfer,7,2025-09-26 15:00
2461,3197,25965,Card,10,2025-11-04 01:00
2462,3202,257759,Cash on Delivery,16,2025-02-28 23:00
2463,3203,544153,Bank Transfer,2,2025-09-07 06:00
2464,3205,367547,Card,30,2025-02-09 03:00
2465,3206,540382,Cash on Delivery,43,2025-06-28 19:00
2466,3208,299553,Bank Transfer,15,2025-01-12 09:00
2467,3209,703301,Cash on Delivery,13,2025-12-25 23:00
2468,3210,168675,Cash on Delivery,35,2025-10-29 11:00
2469,3211,122733,Bank Transfer,10,2025-09-17 15:00
2470,3212,620426,Bank Transfer,12,2025-12-29 22:00
2471,3213,211980,Cash on Delivery,27,2025-10-27 05:00
2472,3214,165660,Bank Transfer,29,2025-07-17 03:00
2473,3216,633218,Wallet,39,2025-07-22 17:00
2474,3218,759139,Bank Transfer,30,2025-09-22 09:00
2475,3219,721996,Card,2,2025-04-16 00:00
2476,3220,652878,Card,20,2025-10-18 22:00
2477,3222,712176,Card,4,2025-07-02 09:00
2478,3224,737221,Wallet,33,2025-05-11 10:00
2479,3225,822618,Wallet,1,2025-09-05 10:00
2480,3226,417544,Wallet,30,2025-09-07 11:00
2481,3227,571842,Card,41,2025-04-13 00:00
2482,3228,746868,Cash on Delivery,17,2025-12-15 05:00
2483,3229,281919,Card,18,2025-11-20 12:00
2484,3230,621069,Wallet,40,2025-05-15 05:00
2485,3232,77244,Bank Transfer,30,2025-03-17 07:00
2486,3233,237851,Card,39,2025-10-26 02:00
2487,3234,28405,Wallet,4,2025-09-19 18:00
2488,3235,335555,Cash on Delivery,31,2025-07-23 05:00
2489,3237,761399,Wallet,20,2025-04-14 07:00
2490,3239,524767,Card,16,2025-04-14 04:00
2491,3240,302997,Wallet,39,2025-04-04 13:00
2492,3241,668313,Cash on Delivery,33,2025-05-08 17:00
2493,3242,834447,Wallet,35,2025-10-24 01:00
2494,3244,357645,Wallet,40,2025-08-09 10:00
2495,3245,549706,Cash on Delivery,31,2025-12-18 15:00
2496,3246,192444,Cash on Delivery,24,2025-10-16 11:00
2497,3248,605888,Bank Transfer,29,2025-03-25 04:00
2498,3250,595890,Bank Transfer,21,2025-10-01 02:00
2499,3251,738765,Cash on Delivery,1,2025-09-22 15:00
2500,3252,798526,Wallet,22,2025-06-17 06:00
2501,3253,204934,Card,41,2025-11-03 19:00
2502,3254,53201,Card,26,2025-11-15 01:00
2503,3255,734091,Wallet,20,2025-09-14 17:00
2504,3256,592761,Wallet,43,2025-08-31 02:00
2505,3257,22698,Wallet,22,2025-11-21 12:00
2506,3258,652799,Bank Transfer,15,2025-08-08 08:00
2507,3259,239724,Cash on Delivery,38,2025-06-15 10:00
2508,3260,806086,Bank Transfer,19,2025-08-01 05:00
2509,3261,506614,Wallet,999,2025-12-23 23:00
2510,3262,241551,Cash on Delivery,9,2025-02-04 03:00
2511,3263,347975,Cash on Delivery,16,2025-05-10 20:00
2512,3264,774568,Bank Transfer,17,2025-04-12 10:00
2513,3267,413505,Wallet,5,2025-06-13 14:00
2514,3268,412063,Cash on Delivery,39,2025-03-28 15:00
2515,3269,172960,Wallet,8,2025-08-19 15:00
2516,3271,604005,Cash on Delivery,39,2025-01-16 09:00
2517,3272,404670,Bank Transfer,1,2025-04-06 18:00
2518,3273,426370,Bank Transfer,43,2025-12-21 01:00
2519,3274,361044,Bank Transfer,1,2025-06-19 07:00
2520,3275,804080,Cash on Delivery,39,2025-11-19 10:00
2521,3276,37304,Card,16,2025-09-11 19:00
2522,3278,833045,Card,40,2025-05-31 03:00
2523,3279,96355,Wallet,17,2025-09-11 20:00
2524,3280,78454,Card,28,2025-02-07 19:00
2525,3281,360086,Wallet,39,2025-09-26 16:00
2526,3282,782162,Wallet,40,2025-04-06 21:00
2527,3283,792874,Card,25,2025-06-29 02:00
2528,3285,745348,Card,33,2025-09-21 02:00
2529,3286,807972,Cash on Delivery,24,2025-05-14 15:00
2530,3288,178431,Card,7,2025-04-04 15:00
2531,3289,550689,Cash on Delivery,21,2025-02-27 03:00
2532,3290,188465,Wallet,19,2025-12-31 12:00
2533,3291,702110,Card,40,2025-11-10 19:00
2534,3294,99670,Bank Transfer,35,2025-10-12 22:00
2535,3295,118205,Bank Transfer,25,2025-01-18 16:00
2536,3296,457149,Card,28,2025-12-28 11:00
2537,3297,236171,Card,17,2025-03-26 10:00
2538,3298,547193,Wallet,16,2025-12-16 20:00
2539,3300,743533,Wallet,4,2025-08-26 15:00
2540,3301,117983,Card,3,2025-07-02 23:00
2541,3302,127081,Card,42,2025-06-30 23:00
2542,3303,108456,Cash on Delivery,11,2025-02-12 20:00
2543,3304,115044,Card,12,2025-03-31 21:00
2544,3305,313705,Wallet,32,2025-07-19 05:00
2545,3308,353619,Bank Transfer,26,2025-12-29 15:00
2546,3309,653167,Bank Transfer,19,2025-12-31 00:00
2547,3310,232199,Card,23,2025-05-21 06:00
2548,3311,705237,Wallet,25,2025-09-24 03:00
2549,3312,656377,Card,2,2025-02-05 10:00
2550,3313,146717,Bank Transfer,32,2025-05-21 13:00
2551,3314,120066,Wallet,9,2025-01-24 05:00
2552,3316,715510,Card,43,2025-02-26 17:00
2553,3318,703198,Cash on Delivery,29,2025-05-16 00:00
2554,3319,95969,Cash on Delivery,18,2025-06-10 04:00
2555,3320,557574,Card,24,2025-09-21 08:00
2556,3321,801739,Wallet,9,2025-09-24 14:00
2557,3322,298671,Card,1,2025-01-26 20:00
2558,3323,528504,Cash on Delivery,19,2025-10-22 08:00
2559,3324,436951,Wallet,14,2025-04-10 14:00
2560,3325,434597,Bank Transfer,12,2025-08-09 11:00
2561,3329,631488,Wallet,1001,2025-02-22 16:00
2562,3330,819226,Wallet,1,2025-04-03 00:00
2563,3331,2905,Cash on Delivery,41,2025-11-19 11:00
2564,3332,78873,Bank Transfer,1,2025-09-26 10:00
2565,3333,61437,Bank Transfer,39,2025-04-16 15:00
2566,3334,420773,Card,30,2025-10-15 02:00
2567,3335,822568,Wallet,14,2025-01-30 19:00
2568,3336,769433,Wallet,15,2025-02-12 23:00
2569,3337,68778,Card,33,2025-03-24 04:00
2570,3339,665944,Cash on Delivery,6,2025-10-08 23:00
2571,3340,87025,Wallet,4,2025-01-23 06:00
2572,3341,672974,Bank Transfer,26,2025-02-06 06:00
2573,3342,542513,Wallet,14,2025-02-13 04:00
2574,3343,740689,Bank Transfer,22,2025-11-14 23:00
2575,3344,366154,Cash on Delivery,18,2025-04-23 10:00
2576,3345,652635,Card,44,2025-03-30 20:00
2577,3348,830959,Bank Transfer,10,2025-03-05 07:00
2578,3349,789205,Card,40,2025-12-09 16:00
2579,3350,253179,Cash on Delivery,19,2025-03-08 20:00
2580,3352,466335,Bank Transfer,18,2025-10-23 12:00
2581,3354,104716,Wallet,27,2025-08-24 23:00
2582,3355,393168,Bank Transfer,19,2025-12-24 02:00
2583,3356,235188,Wallet,8,2025-12-07 09:00
2584,3358,204419,Bank Transfer,35,2025-07-18 00:00
2585,3360,737430,Bank Transfer,16,2025-08-10 12:00
2586,3361,816756,Card,10,2025-06-02 16:00
2587,3362,707095,Cash on Delivery,24,2025-12-18 13:00
2588,3363,755008,Cash on Delivery,40,2025-11-29 17:00
2589,3364,198724,Card,21,2025-10-01 16:00
2590,3366,423378,Bank Transfer,43,2025-04-09 06:00
2591,3368,235660,Bank Transfer,24,2025-12-03 07:00
2592,3370,628092,Bank Transfer,34,2025-04-20 17:00
2593,3371,345831,Card,32,2025-08-06 20:00
2594,3372,535297,Wallet,22,2025-07-06 12:00
2595,3373,410753,Bank Transfer,3,2025-05-17 16:00
2596,3374,365134,Bank Transfer,3,2025-11-04 12:00
2597,3375,187510,Bank Transfer,20,2025-08-16 12:00
2598,3377,707324,Bank Transfer,14,2025-01-20 17:00
2599,3378,192709,Wallet,44,2025-09-03 23:00
2600,3379,115122,Bank Transfer,43,2025-12-08 07:00
2601,3380,320377,Cash on Delivery,10,2025-02-09 09:00
2602,3382,6064,Wallet,12,2025-07-25 07:00
2603,3384,691965,Card,44,2025-01-10 23:00
2604,3385,592359,Wallet,16,2025-04-09 06:00
2605,3386,267994,Cash on Delivery,6,2025-02-23 15:00
2606,3387,790265,Cash on Delivery,4,2025-09-14 21:00
2607,3388,749316,Cash on Delivery,8,2025-08-24 17:00
2608,3390,761038,Bank Transfer,34,2025-05-21 16:00
2609,3391,662785,Wallet,14,2025-04-06 20:00
2610,3393,628090,Card,4,2025-05-23 01:00
2611,3397,592891,Bank Transfer,35,2025-11-05 20:00
2612,3398,780366,Wallet,34,2025-07-09 20:00
2613,3399,458616,Bank Transfer,20,2025-03-26 22:00
2614,3402,418160,Wallet,8,2025-09-06 15:00
2615,3403,704388,Wallet,35,2025-09-10 00:00
2616,3404,457864,Cash on Delivery,19,2025-05-21 05:00
2617,3405,255600,Cash on Delivery,8,2025-07-17 04:00
2618,3407,641482,Bank Transfer,44,2025-07-13 10:00
2619,3410,455713,Bank Transfer,40,2025-10-31 22:00
2620,3411,830088,Bank Transfer,39,2025-11-14 23:00
2621,3412,612525,Bank Transfer,41,2025-02-23 15:00
2622,3413,125230,Card,42,2025-11-03 01:00
2623,3414,297128,Card,15,2025-10-30 15:00
2624,3415,593573,Bank Transfer,20,2025-03-29 10:00
2625,3416,501305,Wallet,8,2025-07-13 13:00
2626,3417,551980,Cash on Delivery,16,2025-04-26 16:00
2627,3419,699765,Bank Transfer,33,2025-08-30 18:00
2628,3420,389983,Bank Transfer,40,2025-09-14 03:00
2629,3421,626220,Wallet,43,2025-08-30 03:00
2630,3422,56293,Wallet,21,2025-02-08 16:00
2631,3423,592398,Card,40,2025-11-03 21:00
2632,3425,677347,Card,19,2025-11-23 12:00
2633,3426,710741,Card,37,2025-12-27 09:00
2634,3427,337571,Cash on Delivery,27,2025-12-31 23:00
2635,3428,698753,Cash on Delivery,36,2025-06-09 03:00
2636,3430,515192,Card,25,2025-01-19 14:00
2637,3431,807147,Cash on Delivery,22,2025-03-12 11:00
2638,3432,599553,Bank Transfer,18,2025-02-14 06:00
2639,3433,713381,Cash on Delivery,34,2025-05-20 13:00
2640,3434,794125,Cash on Delivery,12,2025-07-11 15:00
2641,3435,36439,Wallet,1,2025-05-03 00:00
2642,3436,344910,Card,13,2025-08-02 01:00
2643,3437,570040,Wallet,7,2025-05-15 06:00
2644,3439,220034,Card,19,2025-10-25 05:00
2645,3440,490347,Card,37,2025-08-22 18:00
2646,3441,223558,Bank Transfer,39,2025-12-18 15:00
2647,3442,654469,Card,37,2025-03-20 10:00
2648,3443,604116,Bank Transfer,15,2025-03-09 01:00
2649,3444,256952,Card,18,2025-06-15 23:00
2650,3445,387720,Bank Transfer,42,2025-08-10 00:00
2651,3446,139945,Cash on Delivery,29,2025-06-08 17:00
2652,3449,667812,Wallet,25,2025-10-24 21:00
2653,3450,246143,Cash on Delivery,1,2025-03-28 01:00
2654,3452,496522,Wallet,19,2025-04-28 04:00
2655,3453,596164,Cash on Delivery,32,2025-03-08 12:00
2656,3454,417366,Wallet,34,2025-08-05 01:00
2657,3455,20587,Wallet,15,2025-12-22 05:00
2658,3456,47231,Cash on Delivery,9,2025-06-09 14:00
2659,3457,493309,Card,30,2025-10-21 15:00
2660,3460,548080,Cash on Delivery,12,2025-09-02 01:00
2661,3461,333837,Cash on Delivery,22,2025-07-17 06:00
2662,3462,703570,Wallet,29,2025-10-06 01:00
2663,3464,451662,Cash on Delivery,35,2025-07-19 13:00
2664,3465,207756,Wallet,26,2025-05-18 12:00
2665,3466,670941,Card,27,2025-05-09 07:00
2666,3467,795973,Wallet,42,2025-11-18 14:00
2667,3468,199886,Card,6,2025-02-17 01:00
2668,3469,12931,Card,17,2025-08-07 17:00
2669,3470,548806,Bank Transfer,42,2025-11-20 13:00
2670,3472,626926,Wallet,18,2025-03-08 17:00
2671,3473,540860,Bank Transfer,1,2025-06-20 22:00
2672,3474,593710,Bank Transfer,19,2025-05-21 08:00
2673,3475,237283,Cash on Delivery,24,2025-11-25 04:00
2674,3476,418281,Card,31,2025-12-05 08:00
2675,3477,848644,Card,38,2025-02-21 05:00
2676,3478,41660,Cash on Delivery,44,2025-06-01 05:00
2677,3479,484972,Wallet,17,2025-05-14 10:00
2678,3480,497767,Cash on Delivery,19,2025-08-17 01:00
2679,3481,749550,Card,25,2025-01-10 09:00
2680,3482,90525,Cash on Delivery,36,2025-11-03 22:00
2681,3483,461590,Bank Transfer,7,2025-08-19 12:00
2682,3484,5763,Card,43,2025-08-06 00:00
2683,3485,550635,Wallet,21,2025-08-12 22:00
2684,3486,723405,Bank Transfer,25,2025-03-29 15:00
2685,3487,459804,Wallet,16,2025-08-02 14:00
2686,3491,296577,Cash on Delivery,39,2025-04-10 22:00
2687,3492,76003,Cash on Delivery,38,2025-07-09 07:00
2688,3494,359552,Bank Transfer,26,2025-10-28 18:00
2689,3496,295840,Bank Transfer,18,2025-05-31 03:00
2690,3497,692701,Card,10,2025-05-21 10:00
2691,3501,439807,Card,33,2025-01-26 19:00
2692,3502,699763,Card,4,2025-12-07 08:00
2693,3504,666995,Bank Transfer,32,2025-10-03 03:00
2694,3505,276292,Cash on Delivery,22,2025-03-24 23:00
2695,3507,290804,Wallet,42,2025-07-18 05:00
2696,3508,789283,Wallet,41,2025-01-27 02:00
2697,3509,645711,Card,11,2025-12-12 03:00
2698,3510,512219,Card,34,2025-07-23 14:00
2699,3511,490034,Bank Transfer,23,2025-12-16 13:00
2700,3512,34635,Wallet,27,2025-08-23 07:00
2701,3513,593982,Wallet,5,2025-01-08 10:00
2702,3514,347331,Wallet,44,2025-12-22 17:00
2703,3515,577716,Bank Transfer,33,2025-10-23 04:00
2704,3516,819423,Wallet,37,2025-04-18 03:00
2705,3518,91047,Bank Transfer,26,2025-11-26 00:00
2706,3519,87408,Wallet,39,2025-09-25 01:00
2707,3520,446592,Wallet,19,2025-02-09 15:00
2708,3521,370180,Bank Transfer,32,2025-03-07 23:00
2709,3522,249166,Card,5,2025-04-17 05:00
2710,3524,774564,Wallet,14,2025-07-08 08:00
2711,3525,184416,Wallet,4,2025-02-21 22:00
2712,3526,416115,Card,44,2025-04-09 15:00
2713,3527,172227,Bank Transfer,35,2025-08-02 19:00
2714,3528,479644,Card,17,2025-10-10 00:00
2715,3530,758674,Card,33,2025-12-17 17:00
2716,3531,564480,Cash on Delivery,4,2025-11-06 20:00
2717,3533,214950,Cash on Delivery,22,2025-12-25 14:00
2718,3536,848324,Wallet,34,2025-03-11 21:00
2719,3537,48474,Card,34,2025-12-14 19:00
2720,3539,655341,Bank Transfer,31,2025-05-25 13:00
2721,3541,327895,Cash on Delivery,1,2025-08-15 22:00
2722,3542,613639,Bank Transfer,34,2025-01-28 16:00
2723,3543,696965,Cash on Delivery,34,2025-09-26 18:00
2724,3544,525267,Card,27,2025-04-29 02:00
2725,3545,538565,Wallet,44,2025-12-13 15:00
2726,3546,707952,Card,15,2025-01-23 21:00
2727,3547,735352,Card,27,2025-05-25 15:00
2728,3549,722701,Bank Transfer,25,2025-07-19 23:00
2729,3550,62999,Bank Transfer,36,2025-05-22 06:00
2730,3551,810670,Card,44,2025-10-11 20:00
2731,3552,93225,Bank Transfer,14,2025-08-27 18:00
2732,3553,528151,Bank Transfer,42,2025-09-16 11:00
2733,3554,373599,Bank Transfer,20,2025-09-26 11:00
2734,3555,175950,Wallet,9,2025-12-06 03:00
2735,3557,580133,Wallet,39,2025-07-17 16:00
2736,3558,791978,Cash on Delivery,23,2025-10-21 02:00
2737,3559,402075,Bank Transfer,5,2025-07-28 14:00
2738,3561,297338,Wallet,9,2025-11-29 16:00
2739,3562,740779,Card,10,2025-06-24 17:00
2740,3563,298649,Bank Transfer,16,2025-07-09 21:00
2741,3567,305627,Card,33,2025-03-27 15:00
2742,3568,458515,Bank Transfer,2,2025-02-04 10:00
2743,3569,239652,Wallet,5,2026-01-01 06:00
2744,3570,323149,Card,8,2025-02-20 22:00
2745,3571,387833,Card,13,2025-01-31 07:00
2746,3572,818489,Wallet,21,2025-12-17 07:00
2747,3573,102929,Bank Transfer,43,2025-03-27 18:00
2748,3574,443474,Bank Transfer,8,2025-06-07 16:00
2749,3575,766900,Wallet,28,2025-03-08 13:00
2750,3577,66708,Card,35,2025-02-03 01:00
2751,3579,114377,Cash on Delivery,22,2025-09-18 16:00
2752,3580,732868,Bank Transfer,8,2025-08-14 04:00
2753,3581,265750,Card,37,2025-10-16 17:00
2754,3582,804014,Card,44,2025-09-11 21:00
2755,3584,198036,Card,2,2025-06-27 20:00
2756,3585,277554,Cash on Delivery,25,2025-09-29 17:00
2757,3586,839021,Wallet,3,2025-09-09 19:00
2758,3587,286861,Card,11,2025-08-18 03:00
2759,3588,641670,Wallet,37,2025-04-08 19:00
2760,3589,160880,Cash on Delivery,2,2025-03-19 04:00
2761,3590,789891,Bank Transfer,22,2025-08-03 05:00
2762,3591,133461,Wallet,35,2025-11-06 08:00
2763,3592,438956,Wallet,21,2025-04-27 15:00
2764,3593,118014,Cash on Delivery,30,2025-04-07 21:00
2765,3594,709831,Bank Transfer,22,2025-03-06 12:00
2766,3595,621327,Cash on Delivery,16,2025-05-25 02:00
2767,3596,311093,Bank Transfer,36,2025-01-22 23:00
2768,3599,90610,Card,5,2025-06-20 05:00
2769,3600,728859,Card,43,2025-09-08 22:00
2770,3601,108630,Cash on Delivery,8,2025-09-14 06:00
2771,3604,418131,Wallet,8,2025-08-27 07:00
2772,3605,130631,Card,30,2025-05-24 00:00
2773,3606,136914,Bank Transfer,37,2025-02-02 04:00
2774,3607,210766,Bank Transfer,37,2025-08-17 06:00
2775,3608,190452,Cash on Delivery,17,2025-09-29 15:00
2776,3609,704838,Bank Transfer,31,2025-08-07 11:00
2777,3610,681112,Wallet,2,2025-05-15 17:00
2778,3611,663458,Bank Transfer,16,2025-05-25 14:00
2779,3613,147566,Wallet,20,2025-06-16 07:00
2780,3614,602771,Card,30,2025-02-09 16:00
2781,3616,690583,Card,10,2025-09-19 10:00
2782,3617,153217,Bank Transfer,18,2025-01-18 12:00
2783,3618,637315,Card,37,2025-02-08 01:00
2784,3619,800251,Wallet,13,2025-10-02 15:00
2785,3623,698631,Cash on Delivery,39,2025-10-02 16:00
2786,3624,179813,Bank Transfer,3,2025-11-21 09:00
2787,3625,77848,Card,36,2025-10-31 12:00
2788,3626,787981,Cash on Delivery,13,2025-10-12 04:00
2789,3627,55263,Card,37,2025-07-09 10:00
2790,3628,351388,Card,43,2025-02-22 16:00
2791,3630,714818,Wallet,41,2025-09-13 06:00
2792,3631,76266,Cash on Delivery,13,2025-10-05 09:00
2793,3633,610914,Cash on Delivery,12,2025-07-07 18:00
2794,3634,447463,Wallet,5,2025-03-02 10:00
2795,3635,400539,Cash on Delivery,25,2025-01-11 03:00
2796,3637,469714,Wallet,25,2025-09-13 10:00
2797,3638,263386,Wallet,3,2025-11-28 16:00
2798,3639,679857,Card,4,2025-11-01 06:00
2799,3640,350215,Card,31,2025-11-22 11:00
2800,3641,123004,Bank Transfer,15,2025-10-06 15:00
2801,3642,735910,Card,38,2025-05-19 20:00
2802,3643,398898,Bank Transfer,34,2025-12-24 23:00
2803,3644,527250,Bank Transfer,13,2025-01-17 06:00
2804,3645,454033,Bank Transfer,32,2025-03-05 18:00
2805,3647,619660,Card,8,2025-05-13 17:00
2806,3648,533285,Card,32,2025-04-27 03:00
2807,3649,473217,Card,16,2025-10-04 01:00
2808,3650,55755,Card,35,2025-07-01 12:00
2809,3651,792465,Bank Transfer,26,2025-05-08 22:00
2810,3652,223242,Wallet,28,2025-08-10 01:00
2811,3653,195271,Cash on Delivery,27,2025-03-12 11:00
2812,3654,771798,Cash on Delivery,31,2025-12-13 04:00
2813,3655,591036,Wallet,39,2025-10-17 04:00
2814,3656,440203,Card,34,2025-08-27 01:00
2815,3657,141303,Wallet,1,2025-05-24 21:00
2816,3658,375483,Wallet,36,2026-01-02 11:00
2817,3659,286783,Card,44,2025-11-27 06:00
2818,3660,572801,Cash on Delivery,21,2025-05-22 00:00
2819,3662,638464,Card,4,2025-01-20 14:00
2820,3663,426653,Card,14,2025-09-23 06:00
2821,3666,462565,Bank Transfer,5,2025-11-26 12:00
2822,3667,699022,Cash on Delivery,12,2025-09-18 01:00
2823,3672,724135,Card,37,2025-07-21 10:00
2824,3673,622375,Bank Transfer,3,2025-10-17 15:00
2825,3674,759443,Cash on Delivery,20,2025-11-01 12:00
2826,3676,348872,Cash on Delivery,25,2025-01-15 10:00
2827,3677,787768,Bank Transfer,35,2025-10-16 05:00
2828,3678,482433,Bank Transfer,4,2025-04-13 17:00
2829,3681,20467,Card,15,2025-10-29 23:00
2830,3683,498181,Card,22,2025-05-19 05:00
2831,3684,800913,Bank Transfer,9,2025-11-25 10:00
2832,3687,52279,Card,34,2025-08-19 14:00
2833,3688,160327,Wallet,41,2025-02-06 05:00
2834,3691,314713,Bank Transfer,6,2025-10-27 07:00
2835,3692,562466,Card,14,2025-10-30 16:00
2836,3693,277145,Cash on Delivery,20,2025-12-23 06:00
2837,3696,785077,Bank Transfer,20,2025-10-16 23:00
2838,3697,154599,Bank Transfer,1000,2025-11-19 03:00
2839,3699,508124,Card,26,2025-05-20 10:00
2840,3700,280943,Wallet,19,2025-12-20 18:00
2841,3701,71357,Bank Transfer,26,2025-01-08 12:00
2842,3702,800357,Wallet,32,2025-01-15 13:00
2843,3703,587430,Wallet,2,2025-09-07 20:00
2844,3704,38978,Wallet,5,2025-12-12 21:00
2845,3705,564048,Cash on Delivery,25,2025-07-11 06:00
2846,3706,210945,Wallet,39,2025-03-22 22:00
2847,3707,101758,Card,20,2026-01-04 16:00
2848,3708,358874,Cash on Delivery,44,2025-04-02 16:00
2849,3709,804196,Card,34,2025-04-30 05:00
2850,3710,699639,Cash on Delivery,26,2025-04-18 10:00
2851,3711,44410,Wallet,25,2025-11-10 23:00
2852,3713,435828,Card,35,2025-03-21 10:00
2853,3714,83547,Bank Transfer,44,2025-09-17 13:00
2854,3716,14619,Wallet,17,2025-12-27 09:00
2855,3717,27916,Card,43,2025-04-23 08:00
2856,3718,554259,Bank Transfer,6,2025-09-17 19:00
2857,3719,419599,Wallet,38,2025-07-27 09:00
2858,3720,303821,Wallet,34,2025-02-05 20:00
2859,3721,654332,Cash on Delivery,7,2025-10-10 04:00
2860,3723,150842,Cash on Delivery,36,2025-07-14 21:00
2861,3724,772254,Card,25,2025-06-17 22:00
2862,3725,396521,Card,18,2025-01-10 01:00
2863,3727,527406,Cash on Delivery,26,2025-08-23 04:00
2864,3729,840888,Cash on Delivery,37,2025-12-30 11:00
2865,3730,447886,Cash on Delivery,38,2025-10-22 08:00
2866,3731,510476,Bank Transfer,6,2025-10-28 20:00
2867,3732,845863,Card,17,2025-04-13 22:00
2868,3734,27891,Cash on Delivery,12,2025-07-14 22:00
2869,3735,377282,Wallet,24,2025-03-16 18:00
2870,3737,814801,Card,24,2025-03-23 11:00
2871,3738,256703,Bank Transfer,12,2025-11-25 12:00
2872,3739,647450,Cash on Delivery,12,2025-05-29 16:00
2873,3740,312444,Cash on Delivery,36,2025-06-14 00:00
2874,3741,482617,Cash on Delivery,24,2025-06-22 13:00
2875,3742,293367,Cash on Delivery,9,2025-07-15 07:00
2876,3744,702200,Cash on Delivery,15,2025-11-27 05:00
2877,3746,408726,Cash on Delivery,7,2025-12-28 03:00
2878,3748,360998,Cash on Delivery,5,2025-02-16 16:00
2879,3749,654862,Wallet,14,2025-02-13 12:00
2880,3750,199371,Card,41,2025-11-17 23:00
2881,3751,642678,Wallet,6,2025-03-29 07:00
2882,3752,554481,Cash on Delivery,8,2025-10-14 04:00
2883,3753,432091,Wallet,6,2025-12-18 09:00
2884,3755,270865,Bank Transfer,28,2025-04-05 17:00
2885,3756,840086,Wallet,25,2025-05-28 04:00
2886,3757,450683,Bank Transfer,32,2025-11-24 04:00
2887,3758,255776,Card,4,2025-06-26 01:00
2888,3759,83077,Cash on Delivery,33,2025-05-25 00:00
2889,3760,615782,Wallet,11,2025-06-15 03:00
2890,3761,344378,Card,35,2025-10-17 07:00
2891,3763,42806,Wallet,40,2025-04-19 03:00
2892,3764,25009,Bank Transfer,42,2025-03-04 20:00
2893,3765,296431,Card,14,2025-07-25 00:00
2894,3766,398282,Cash on Delivery,13,2025-09-20 10:00
2895,3767,720735,Cash on Delivery,24,2025-09-27 04:00
2896,3768,491792,Cash on Delivery,28,2025-01-18 17:00
2897,3769,404971,Card,37,2025-10-26 01:00
2898,3770,674077,Wallet,27,2025-01-07 14:00
2899,3771,432778,Cash on Delivery,8,2025-09-21 21:00
2900,3772,385534,Cash on Delivery,19,2025-08-24 06:00
2901,3773,413693,Card,31,2025-12-07 19:00
2902,3774,97335,Bank Transfer,9,2025-05-22 22:00
2903,3777,240775,Bank Transfer,7,2025-11-25 13:00
2904,3779,301054,Wallet,42,2025-11-16 18:00
2905,3780,412129,Wallet,31,2025-07-18 16:00
2906,3782,847349,Card,5,2025-05-05 10:00
2907,3784,522082,Bank Transfer,36,2025-12-31 07:00
2908,3785,355156,Bank Transfer,18,2025-12-04 17:00
2909,3786,345203,Wallet,13,2025-06-18 16:00
2910,3787,763023,Bank Transfer,34,2025-04-18 19:00
2911,3788,135039,Bank Transfer,23,2025-09-08 09:00
2912,3789,9697,Bank Transfer,5,2025-08-22 12:00
2913,3790,379845,Wallet,4,2025-02-25 15:00
2914,3791,324258,Card,24,2025-12-03 10:00
2915,3792,523987,Card,15,2025-03-24 23:00
2916,3793,784535,Bank Transfer,15,2025-09-29 20:00
2917,3794,661940,Bank Transfer,23,2025-12-10 16:00
2918,3795,835949,Bank Transfer,1,2025-08-14 15:00
2919,3796,320043,Card,3,2025-10-21 13:00
2920,3797,646617,Card,43,2025-04-10 21:00
2921,3798,184052,Bank Transfer,35,2025-04-22 16:00
2922,3799,467673,Wallet,24,2025-11-15 19:00
2923,3800,266869,Cash on Delivery,27,2025-01-14 06:00
2924,3801,104240,Card,27,2025-10-06 07:00
2925,3802,303331,Card,29,2025-03-27 19:00
2926,3803,822512,Bank Transfer,11,2025-09-08 23:00
2927,3804,335371,Bank Transfer,25,2025-07-30 23:00
2928,3806,831209,Cash on Delivery,24,2025-11-28 09:00
2929,3808,838275,Bank Transfer,21,2025-02-19 13:00
2930,3809,423466,Bank Transfer,38,2025-08-31 03:00
2931,3811,669971,Cash on Delivery,40,2025-01-20 03:00
2932,3812,669506,Card,19,2025-10-02 01:00
2933,3813,61423,Wallet,17,2025-09-02 11:00
2934,3814,442342,Cash on Delivery,38,2025-01-17 01:00
2935,3815,465161,Bank Transfer,3,2025-01-15 00:00
2936,3816,638049,Card,39,2025-08-08 02:00
2937,3817,503500,Wallet,20,2025-12-01 14:00
2938,3818,459405,Cash on Delivery,23,2025-02-04 15:00
2939,3819,80765,Wallet,33,2025-03-22 04:00
2940,3820,666829,Cash on Delivery,12,2025-06-14 22:00
2941,3821,247784,Cash on Delivery,36,2025-07-06 11:00
2942,3822,14234,Bank Transfer,43,2025-02-25 18:00
2943,3823,164350,Wallet,32,2025-09-05 14:00
2944,3824,733023,Wallet,17,2025-06-30 08:00
2945,3825,607109,Wallet,30,2025-11-21 19:00
2946,3826,344159,Wallet,40,2025-03-02 19:00
2947,3827,143462,Wallet,4,2025-03-31 06:00
2948,3829,265500,Wallet,14,2025-07-28 10:00
2949,3830,512498,Bank Transfer,35,2025-06-13 00:00
2950,3833,259413,Wallet,43,2025-11-24 01:00
2951,3834,218495,Wallet,35,2025-07-26 00:00
2952,3835,790049,Wallet,29,2025-02-28 00:00
2953,3837,805978,Bank Transfer,20,2025-11-08 07:00
2954,3842,132965,Bank Transfer,11,2025-01-13 20:00
2955,3843,706201,Card,1,2025-06-03 01:00
2956,3844,724836,Card,18,2025-07-24 15:00
2957,3845,481200,Cash on Delivery,23,2025-09-10 12:00
2958,3846,385935,Bank Transfer,27,2025-06-02 12:00
2959,3847,760634,Wallet,33,2025-07-16 16:00
2960,3848,446681,Card,11,2025-04-30 23:00
2961,3850,356443,Wallet,14,2025-02-03 04:00
2962,3851,725821,Bank Transfer,15,2025-01-13 01:00
2963,3852,458483,Bank Transfer,10,2025-07-31 12:00
2964,3853,350446,Cash on Delivery,31,2025-06-15 18:00
2965,3854,432732,Cash on Delivery,43,2025-11-19 09:00
2966,3857,663935,Bank Transfer,30,2025-08-12 09:00
2967,3860,653436,Card,25,2025-08-30 14:00
2968,3861,451479,Card,40,2025-09-01 04:00
2969,3863,181442,Card,26,2025-08-21 04:00
2970,3865,363538,Wallet,7,2025-01-10 22:00
2971,3867,637652,Cash on Delivery,7,2025-02-14 12:00
2972,3868,840735,Wallet,5,2025-04-29 04:00
2973,3869,64109,Cash on Delivery,35,2025-10-17 11:00
2974,3870,697998,Cash on Delivery,33,2025-07-10 10:00
2975,3871,266753,Bank Transfer,11,2025-01-16 07:00
2976,3872,624280,Bank Transfer,31,2025-09-07 06:00
2977,3873,680289,Wallet,32,2025-05-20 17:00
2978,3874,843150,Card,31,2025-12-09 12:00
2979,3875,808800,Wallet,12,2025-01-11 16:00
2980,3876,722226,Cash on Delivery,15,2025-03-20 12:00
2981,3877,783682,Wallet,7,2025-08-15 03:00
2982,3878,689393,Card,18,2025-11-02 01:00
2983,3879,151259,Bank Transfer,6,2025-04-27 15:00
2984,3880,141703,Card,14,2025-03-22 17:00
2985,3881,226001,Card,26,2025-02-13 07:00
2986,3883,304981,Card,18,2025-03-27 21:00
2987,3884,364036,Bank Transfer,36,2025-12-13 13:00
2988,3885,634276,Bank Transfer,20,2025-12-24 00:00
2989,3886,287898,Wallet,3,2025-07-12 20:00
2990,3887,297986,Bank Transfer,13,2025-10-16 05:00
2991,3892,770784,Wallet,23,2025-12-11 19:00
2992,3893,546003,Wallet,41,2025-06-13 18:00
2993,3896,305980,Card,17,2025-01-04 13:00
2994,3897,655035,Wallet,12,2025-12-06 03:00
2995,3899,323298,Wallet,19,2025-10-17 23:00
2996,3900,541668,Card,1,2025-12-13 05:00
2997,3901,721468,Bank Transfer,15,2025-09-24 03:00
2998,3902,90707,Card,5,2025-12-15 06:00
2999,3903,752096,Card,20,2025-04-05 21:00
3000,3904,256816,Bank Transfer,17,2025-02-09 11:00
3001,3905,177406,Wallet,26,2025-05-28 11:00
3002,3906,844311,Card,5,2025-06-10 09:00
3003,3909,544791,Wallet,5,2025-11-02 23:00
3004,3910,498388,Bank Transfer,8,2025-03-21 19:00
3005,3911,743897,Bank Transfer,23,2025-03-15 13:00
3006,3912,62158,Cash on Delivery,19,2025-08-22 01:00
3007,3913,692167,Bank Transfer,18,2025-09-13 01:00
3008,3915,333046,Cash on Delivery,33,2025-07-30 21:00
3009,3916,166400,Card,16,2025-04-27 02:00
3010,3917,745127,Wallet,5,2025-09-19 20:00
3011,3918,229361,Card,18,2025-10-29 04:00
3012,3919,279604,Card,6,2025-07-04 04:00
3013,3920,737286,Card,42,2025-03-29 15:00
3014,3921,177980,Wallet,37,2025-01-22 00:00
3015,3922,149663,Card,27,2025-09-08 02:00
3016,3924,284955,Bank Transfer,27,2025-04-10 17:00
3017,3925,763533,Wallet,41,2025-03-29 17:00
3018,3926,428880,Wallet,38,2025-09-04 01:00
3019,3927,64608,Cash on Delivery,32,2025-04-05 22:00
3020,3928,842409,Cash on Delivery,25,2025-02-13 16:00
3021,3929,96056,Card,32,2025-11-09 08:00
3022,3930,147429,Card,24,2025-10-05 09:00
3023,3931,842030,Bank Transfer,18,2025-07-21 16:00
3024,3932,86154,Wallet,1,2025-11-10 11:00
3025,3933,130446,Bank Transfer,4,2025-09-25 07:00
3026,3937,160096,Card,19,2025-12-23 00:00
3027,3938,24630,Card,23,2025-10-21 16:00
3028,3939,92200,Bank Transfer,38,2025-06-08 20:00
3029,3940,305154,Card,35,2025-04-13 12:00
3030,3941,377661,Bank Transfer,11,2026-01-04 04:00
3031,3942,603093,Card,40,2025-01-09 05:00
3032,3943,229859,Wallet,31,2025-04-28 11:00
3033,3944,336308,Wallet,10,2025-01-16 18:00
3034,3945,134156,Wallet,2,2025-11-29 14:00
3035,3946,45848,Cash on Delivery,22,2025-02-27 01:00
3036,3947,761759,Bank Transfer,33,2025-08-11 01:00
3037,3948,308154,Bank Transfer,5,2025-05-13 02:00
3038,3950,24895,Cash on Delivery,44,2025-07-21 14:00
3039,3951,809173,Wallet,25,2025-04-11 10:00
3040,3952,49520,Card,16,2025-10-23 06:00
3041,3954,41872,Bank Transfer,36,2025-07-11 02:00
3042,3955,303762,Bank Transfer,15,2025-08-22 17:00
3043,3958,556336,Wallet,17,2025-10-22 15:00
3044,3959,557662,Cash on Delivery,33,2025-01-15 23:00
3045,3960,152253,Card,38,2025-01-22 12:00
3046,3962,2781,Wallet,42,2025-06-29 13:00
3047,3963,375942,Bank Transfer,25,2025-08-22 13:00
3048,3966,438209,Card,5,2025-10-04 20:00
3049,3967,702553,Cash on Delivery,17,2025-05-15 08:00
3050,3968,413271,Wallet,19,2025-06-09 08:00
3051,3969,411916,Wallet,19,2025-05-13 10:00
3052,3970,518659,Card,6,2026-01-06 07:00
3053,3972,332424,Card,28,2025-05-06 12:00
3054,3975,682904,Wallet,17,2025-11-11 15:00
3055,3976,485748,Wallet,30,2025-03-15 09:00
3056,3977,288287,Card,38,2025-03-01 10:00
3057,3978,269981,Bank Transfer,23,2025-07-17 13:00
3058,3979,45445,Wallet,34,2025-04-28 13:00
3059,3980,361942,Bank Transfer,11,2025-07-07 08:00
3060,3981,236858,Card,20,2025-05-06 17:00
3061,3982,636710,Wallet,35,2025-02-01 21:00
3062,3983,238656,Card,25,2025-05-27 07:00
3063,3985,365692,Bank Transfer,39,2025-03-31 09:00
3064,3986,420293,Wallet,21,2025-05-12 08:00
3065,3987,160467,Card,17,2025-05-31 08:00
3066,3989,645959,Card,2,2025-09-10 09:00
3067,3990,69070,Bank Transfer,19,2025-03-16 10:00
3068,3992,207079,Bank Transfer,41,2025-09-03 20:00
3069,3993,440167,Cash on Delivery,30,2025-04-13 07:00
3070,3994,558220,Cash on Delivery,2,2025-01-12 17:00
3071,3995,88482,Card,34,2025-02-11 06:00
3072,3996,522722,Cash on Delivery,34,2025-11-02 19:00
3073,3998,168277,Bank Transfer,31,2025-05-09 18:00
3074,4000,774995,Wallet,16,2025-08-08 10:00
3075,4002,353773,Card,10,2025-02-19 12:00
3076,4003,160173,Wallet,28,2025-04-13 09:00
3077,4004,35811,Wallet,28,2025-02-14 09:00
3078,4007,638374,Card,21,2025-01-04 13:00
3079,4008,609759,Card,44,2025-05-12 03:00
3080,4009,579355,Bank Transfer,34,2025-10-12 19:00
3081,4010,384011,Wallet,3,2025-05-07 14:00
3082,4011,75281,Cash on Delivery,17,2025-04-05 22:00
3083,4012,188111,Bank Transfer,42,2025-05-22 01:00
3084,4015,529393,Wallet,43,2025-06-30 11:00
3085,4018,833294,Bank Transfer,33,2025-10-26 23:00
3086,4019,256676,Wallet,22,2025-12-22 20:00
3087,4020,749388,Bank Transfer,35,2025-05-16 00:00
3088,4022,367914,Bank Transfer,34,2025-01-16 15:00
3089,4023,122755,Bank Transfer,42,2025-06-18 20:00
3090,4024,666787,Bank Transfer,10,2025-02-03 05:00
3091,4025,435332,Card,7,2025-10-17 03:00
3092,4026,364224,Cash on Delivery,12,2025-05-19 17:00
3093,4027,527435,Bank Transfer,39,2025-09-24 22:00
3094,4028,822659,Card,9,2025-02-20 03:00
3095,4030,642399,Wallet,30,2025-08-18 21:00
3096,4031,672089,Wallet,5,2025-02-21 06:00
3097,4032,234297,Bank Transfer,28,2025-12-13 22:00
3098,4033,697122,Cash on Delivery,4,2025-09-01 06:00
3099,4035,4505,Card,5,2025-06-01 15:00
3100,4036,618092,Cash on Delivery,39,2025-04-03 22:00
3101,4038,553602,Bank Transfer,14,2025-08-31 00:00
3102,4039,430459,Wallet,38,2025-01-23 04:00
3103,4041,629958,Cash on Delivery,30,2025-05-28 12:00
3104,4042,501059,Wallet,40,2025-12-16 02:00
3105,4043,717832,Card,18,2025-07-14 08:00
3106,4044,194294,Wallet,8,2025-08-26 11:00
3107,4045,31724,Card,4,2025-03-24 02:00
3108,4046,247959,Cash on Delivery,27,2025-11-24 21:00
3109,4047,557148,Bank Transfer,6,2025-02-01 05:00
3110,4048,461155,Cash on Delivery,38,2025-07-14 23:00
3111,4049,346868,Card,37,2025-01-30 12:00
3112,4050,256738,Wallet,32,2025-08-08 13:00
3113,4051,26194,Wallet,28,2025-05-09 01:00
3114,4052,576908,Card,6,2025-09-11 01:00
3115,4053,94115,Cash on Delivery,13,2025-11-16 07:00
3116,4054,99914,Card,8,2025-05-19 21:00
3117,4055,234017,Bank Transfer,1,2025-08-22 00:00
3118,4056,194634,Card,3,2025-03-10 15:00
3119,4057,285262,Card,43,2025-07-27 12:00
3120,4059,345461,Wallet,9,2025-11-01 22:00
3121,4061,44410,Cash on Delivery,12,2025-09-07 00:00
3122,4062,595547,Card,40,2025-06-08 21:00
3123,4063,496510,Bank Transfer,34,2025-04-20 03:00
3124,4065,435954,Bank Transfer,23,2025-12-18 03:00
3125,4066,394497,Wallet,28,2025-04-16 08:00
3126,4067,819225,Cash on Delivery,6,2025-03-10 17:00
3127,4069,658927,Cash on Delivery,31,2025-05-17 15:00
3128,4070,514675,Cash on Delivery,29,2025-07-17 05:00
3129,4073,282389,Bank Transfer,9,2025-03-13 22:00
3130,4076,489188,Wallet,21,2025-12-30 01:00
3131,4077,39191,Card,37,2025-04-18 05:00
3132,4078,736515,Bank Transfer,7,2025-05-01 08:00
3133,4080,546380,Wallet,21,2025-08-26 18:00
3134,4081,579097,Card,12,2025-08-08 04:00
3135,4083,75942,Cash on Delivery,23,2025-08-17 14:00
3136,4085,406618,Wallet,13,2025-05-27 05:00
3137,4088,77285,Cash on Delivery,26,2025-08-14 01:00
3138,4089,267709,Wallet,24,2025-06-05 12:00
3139,4090,535345,Bank Transfer,21,2025-05-23 01:00
3140,4091,496535,Wallet,33,2025-02-09 02:00
3141,4092,492308,Wallet,1,2025-05-06 12:00
3142,4094,330487,Wallet,16,2025-12-17 19:00
3143,4096,182603,Card,1001,2025-03-17 08:00
3144,4097,153235,Card,11,2025-11-09 23:00
3145,4098,700854,Bank Transfer,16,2025-06-09 23:00
3146,4099,694655,Bank Transfer,44,2025-01-24 06:00
3147,4102,416609,Wallet,35,2025-04-21 01:00
3148,4103,597194,Bank Transfer,26,2025-02-08 08:00
3149,4104,212876,Wallet,16,2025-02-25 15:00
3150,4107,420395,Bank Transfer,37,2025-05-28 07:00
3151,4108,352674,Card,5,2025-01-07 19:00
3152,4109,534254,Bank Transfer,39,2025-08-04 21:00
3153,4110,571164,Bank Transfer,28,2025-10-20 16:00
3154,4111,259702,Bank Transfer,32,2025-06-09 17:00
3155,4113,108916,Wallet,20,2025-01-16 12:00
3156,4114,815828,Card,20,2025-03-20 08:00
3157,4115,70950,Card,32,2025-02-07 10:00
3158,4116,661480,Cash on Delivery,19,2025-03-23 07:00
3159,4117,150860,Bank Transfer,10,2025-12-13 16:00
3160,4118,599841,Bank Transfer,25,2025-01-26 15:00
3161,4119,317875,Bank Transfer,20,2025-09-15 16:00
3162,4122,196041,Card,4,2025-03-30 11:00
3163,4123,759816,Cash on Delivery,26,2025-11-18 07:00
3164,4124,309349,Wallet,8,2025-05-14 03:00
3165,4126,75276,Bank Transfer,26,2025-05-04 14:00
3166,4127,760202,Bank Transfer,10,2025-12-24 20:00
3167,4128,354258,Card,24,2025-04-24 18:00
3168,4129,334768,Bank Transfer,25,2025-08-05 06:00
3169,4132,216375,Wallet,22,2025-02-02 18:00
3170,4134,269478,Cash on Delivery,9,2025-12-10 23:00
3171,4135,264617,Wallet,37,2025-12-27 11:00
3172,4136,779614,Wallet,22,2025-04-06 00:00
3173,4137,238405,Card,1001,2025-07-21 10:00
3174,4138,305016,Cash on Delivery,24,2025-06-03 06:00
3175,4140,219485,Wallet,18,2025-06-08 06:00
3176,4141,565230,Card,39,2025-04-18 18:00
3177,4142,670881,Bank Transfer,44,2025-08-31 01:00
3178,4143,785838,Cash on Delivery,43,2025-11-03 21:00
3179,4144,691501,Card,21,2025-04-24 01:00
3180,4145,281713,Bank Transfer,39,2025-07-03 09:00
3181,4146,718792,Wallet,42,2025-08-15 21:00
3182,4147,111014,Card,32,2025-04-08 08:00
3183,4148,250019,Bank Transfer,44,2025-08-18 22:00
3184,4149,432649,Cash on Delivery,9,2025-09-12 15:00
3185,4150,119905,Card,16,2025-08-05 07:00
3186,4151,695138,Card,39,2025-09-05 18:00
3187,4152,298529,Wallet,30,2025-03-09 02:00
3188,4153,626634,Card,4,2025-05-13 19:00
3189,4154,176663,Wallet,5,2025-08-17 23:00
3190,4157,248368,Wallet,23,2025-10-28 22:00
3191,4158,755923,Bank Transfer,1000,2025-01-25 04:00
3192,4159,108602,Bank Transfer,20,2025-03-30 10:00
3193,4160,142679,Card,1,2025-08-21 19:00
3194,4161,688838,Bank Transfer,22,2025-08-10 19:00
3195,4162,598841,Wallet,19,2025-06-14 17:00
3196,4164,235228,Cash on Delivery,36,2025-01-19 17:00
3197,4166,389110,Wallet,8,2025-05-31 19:00
3198,4167,184178,Wallet,11,2025-04-10 12:00
3199,4168,53355,Card,39,2025-06-02 06:00
3200,4169,398089,Card,43,2025-11-26 19:00
3201,4170,178475,Wallet,24,2025-11-15 17:00
3202,4171,129747,Cash on Delivery,9,2025-07-15 15:00
3203,4172,841522,Cash on Delivery,31,2025-04-18 09:00
3204,4173,605508,Bank Transfer,13,2025-11-13 17:00
3205,4174,206880,Cash on Delivery,30,2025-03-15 16:00
3206,4175,449139,Card,33,2025-02-09 04:00
3207,4176,468778,Card,44,2025-08-07 02:00
3208,4178,181749,Wallet,6,2025-03-10 10:00
3209,4179,381233,Card,28,2025-11-01 19:00
3210,4180,283761,Bank Transfer,1,2025-10-21 16:00
3211,4181,635167,Card,41,2025-07-13 23:00
3212,4182,230180,Bank Transfer,19,2025-10-19 07:00
3213,4183,526682,Cash on Delivery,16,2025-07-20 08:00
3214,4184,310587,Bank Transfer,12,2025-01-17 15:00
3215,4186,341913,Wallet,20,2025-07-19 07:00
3216,4188,745365,Card,7,2025-10-16 05:00
3217,4189,144447,Wallet,38,2025-07-03 01:00
3218,4190,329408,Wallet,15,2025-05-21 18:00
3219,4191,209431,Wallet,31,2025-08-22 09:00
3220,4192,164672,Wallet,30,2025-11-03 20:00
3221,4194,137129,Card,23,2025-04-16 21:00
3222,4195,3581,Card,33,2025-05-22 07:00
3223,4196,511070,Cash on Delivery,3,2025-01-21 20:00
3224,4197,635483,Bank Transfer,8,2025-08-27 13:00
3225,4198,246046,Wallet,25,2025-04-13 06:00
3226,4199,32862,Card,33,2025-11-27 00:00
3227,4201,722616,Bank Transfer,3,2025-03-30 17:00
3228,4202,134090,Wallet,29,2025-12-27 14:00
3229,4203,224494,Card,34,2025-08-25 19:00
3230,4204,191663,Cash on Delivery,20,2025-05-25 21:00
3231,4205,827814,Card,42,2025-07-07 15:00
3232,4206,143697,Card,18,2025-10-06 03:00
3233,4207,116400,Cash on Delivery,19,2025-04-14 02:00
3234,4208,420013,Cash on Delivery,26,2025-07-17 07:00
3235,4209,788841,Wallet,5,2025-08-25 08:00
3236,4211,164930,Card,43,2025-06-25 14:00
3237,4212,118951,Card,8,2025-03-12 11:00
3238,4213,259295,Wallet,999,2025-12-06 13:00
3239,4215,535318,Wallet,13,2025-11-20 11:00
3240,4218,634343,Bank Transfer,41,2025-08-10 12:00
3241,4219,517781,Bank Transfer,19,2025-08-18 12:00
3242,4220,7715,Cash on Delivery,8,2025-04-12 03:00
3243,4221,255324,Bank Transfer,34,2025-01-05 08:00
3244,4222,52258,Card,15,2025-04-25 03:00
3245,4225,128508,Cash on Delivery,4,2025-02-17 17:00
3246,4226,553992,Cash on Delivery,23,2025-12-17 03:00
3247,4227,571094,Bank Transfer,11,2025-01-15 03:00
3248,4229,31419,Wallet,2,2025-12-15 10:00
3249,4231,684104,Card,18,2025-03-13 17:00
3250,4233,585253,Wallet,22,2025-10-03 03:00
3251,4236,296621,Card,31,2025-02-06 16:00
3252,4237,660650,Card,43,2025-11-07 19:00
3253,4239,663589,Bank Transfer,14,2025-05-30 12:00
3254,4240,203822,Card,44,2025-05-11 23:00
3255,4241,656681,Cash on Delivery,23,2025-06-17 20:00
3256,4242,800602,Bank Transfer,39,2025-04-06 17:00
3257,4243,736342,Wallet,37,2025-06-06 22:00
3258,4244,544276,Card,34,2025-04-11 20:00
3259,4245,623770,Bank Transfer,10,2025-11-21 19:00
3260,4246,420587,Bank Transfer,33,2025-07-30 03:00
3261,4247,702664,Card,31,2025-04-21 14:00
3262,4248,691132,Bank Transfer,999,2025-08-19 00:00
3263,4249,402704,Bank Transfer,41,2025-05-10 11:00
3264,4250,614206,Card,29,2025-08-12 01:00
3265,4251,5831,Wallet,39,2025-11-21 01:00
3266,4252,533134,Bank Transfer,32,2025-02-24 21:00
3267,4253,779711,Card,16,2025-10-04 03:00
3268,4254,453387,Bank Transfer,18,2025-12-04 11:00
3269,4255,721107,Cash on Delivery,23,2025-09-12 16:00
3270,4256,204530,Bank Transfer,36,2025-12-19 05:00
3271,4257,319072,Wallet,27,2025-09-16 00:00
3272,4258,769187,Card,42,2025-04-13 19:00
3273,4259,548360,Wallet,7,2025-03-09 01:00
3274,4260,376887,Cash on Delivery,17,2025-11-28 17:00
3275,4261,814694,Bank Transfer,21,2025-08-18 21:00
3276,4263,9406,Wallet,2,2025-06-19 04:00
3277,4264,51636,Bank Transfer,8,2025-06-01 13:00
3278,4265,737988,Card,42,2025-09-11 23:00
3279,4266,546209,Wallet,13,2025-07-25 01:00
3280,4267,642605,Wallet,3,2025-01-25 01:00
3281,4269,606887,Card,17,2025-07-22 08:00
3282,4270,541330,Card,39,2025-07-25 21:00
3283,4271,652440,Cash on Delivery,37,2025-09-05 22:00
3284,4272,526730,Bank Transfer,11,2025-07-01 01:00
3285,4273,640530,Wallet,13,2025-08-12 07:00
3286,4274,126873,Bank Transfer,6,2025-05-07 03:00
3287,4276,676543,Cash on Delivery,13,2025-11-19 18:00
3288,4277,303234,Bank Transfer,41,2025-01-22 02:00
3289,4278,84816,Wallet,21,2025-01-05 02:00
3290,4279,503601,Cash on Delivery,43,2025-04-05 07:00
3291,4280,812292,Bank Transfer,36,2025-02-26 00:00
3292,4282,571317,Bank Transfer,44,2025-01-22 04:00
3293,4283,525458,Wallet,26,2025-09-20 06:00
3294,4285,145452,Card,9,2025-07-18 04:00
3295,4286,544496,Card,4,2025-08-12 08:00
3296,4287,748563,Bank Transfer,13,2025-06-17 14:00
3297,4288,293886,Card,31,2025-08-23 09:00
3298,4290,660192,Wallet,6,2025-08-25 23:00
3299,4291,546847,Wallet,29,2025-07-06 21:00
3300,4292,483305,Bank Transfer,9,2025-08-23 13:00
3301,4293,183140,Bank Transfer,34,2025-12-22 16:00
3302,4294,324340,Cash on Delivery,26,2025-04-05 08:00
3303,4295,583542,Wallet,36,2025-02-26 21:00
3304,4296,243808,Bank Transfer,15,2025-05-13 10:00
3305,4297,246452,Bank Transfer,4,2025-11-02 12:00
3306,4300,516419,Card,43,2025-02-26 22:00
3307,4301,78382,Cash on Delivery,25,2025-10-09 18:00
3308,4302,46454,Bank Transfer,29,2025-07-18 00:00
3309,4303,171309,Card,1000,2025-02-19 02:00
3310,4304,733849,Wallet,21,2025-12-17 01:00
3311,4305,504489,Wallet,30,2025-07-01 18:00
3312,4306,214729,Wallet,36,2025-06-15 01:00
3313,4307,741127,Bank Transfer,25,2025-05-24 17:00
3314,4310,618574,Card,3,2025-04-04 23:00
3315,4312,815443,Wallet,33,2025-04-16 10:00
3316,4316,759331,Wallet,19,2025-01-11 02:00
3317,4318,496140,Cash on Delivery,10,2025-07-07 10:00
3318,4321,206430,Card,40,2025-05-31 10:00
3319,4322,792058,Cash on Delivery,27,2025-07-26 17:00
3320,4323,339828,Bank Transfer,4,2025-04-20 03:00
3321,4324,749846,Cash on Delivery,39,2025-11-16 13:00
3322,4325,172017,Bank Transfer,29,2025-06-06 23:00
3323,4326,374707,Bank Transfer,16,2025-02-04 03:00
3324,4327,622262,Bank Transfer,34,2025-01-06 08:00
3325,4328,14619,Wallet,7,2025-05-09 02:00
3326,4329,411289,Bank Transfer,13,2025-03-09 18:00
3327,4330,64811,Wallet,28,2025-02-05 12:00
3328,4332,640620,Bank Transfer,4,2025-10-15 14:00
3329,4333,554937,Bank Transfer,44,2025-07-27 18:00
3330,4334,843969,Card,18,2025-10-10 14:00
3331,4335,188432,Card,29,2025-01-19 13:00
3332,4336,610036,Wallet,23,2025-03-17 10:00
3333,4338,667634,Wallet,3,2025-08-28 13:00
3334,4339,268772,Bank Transfer,11,2025-02-14 14:00
3335,4340,579048,Card,31,2025-11-07 14:00
3336,4341,105176,Cash on Delivery,33,2025-01-05 11:00
3337,4343,474097,Wallet,7,2025-03-10 03:00
3338,4344,157056,Wallet,12,2025-12-07 05:00
3339,4347,824204,Bank Transfer,21,2025-02-19 13:00
3340,4348,479346,Card,4,2025-08-25 19:00
3341,4349,329065,Cash on Delivery,37,2025-11-12 02:00
3342,4350,213219,Cash on Delivery,26,2025-04-18 22:00
3343,4351,424994,Wallet,4,2025-12-05 08:00
3344,4352,30399,Cash on Delivery,19,2025-11-09 12:00
3345,4353,405334,Bank Transfer,24,2025-06-22 12:00
3346,4354,114580,Wallet,14,2025-02-22 01:00
3347,4355,56348,Wallet,30,2025-11-18 17:00
3348,4356,600559,Bank Transfer,31,2025-09-29 11:00
3349,4358,460437,Wallet,40,2025-11-13 08:00
3350,4359,718768,Card,3,2025-06-29 19:00
3351,4360,292148,Cash on Delivery,13,2025-08-10 21:00
3352,4362,736341,Wallet,3,2025-07-27 17:00
3353,4363,617940,Wallet,3,2025-04-22 00:00
3354,4364,197434,Card,6,2025-03-25 18:00
3355,4365,178206,Card,20,2025-04-21 02:00
3356,4366,184965,Wallet,10,2025-08-18 03:00
3357,4367,796358,Card,22,2025-10-23 06:00
3358,4369,215557,Bank Transfer,12,2025-08-11 23:00
3359,4370,163592,Bank Transfer,22,2026-01-01 00:00
3360,4371,193879,Bank Transfer,28,2025-10-04 08:00
3361,4372,820164,Bank Transfer,12,2025-10-02 18:00
3362,4373,387392,Wallet,3,2025-09-19 21:00
3363,4374,403631,Wallet,1001,2025-04-29 09:00
3364,4375,691571,Bank Transfer,1,2025-08-28 08:00
3365,4376,799534,Cash on Delivery,39,2025-04-02 21:00
3366,4377,139993,Card,15,2025-08-12 03:00
3367,4379,195750,Wallet,37,2025-12-05 00:00
3368,4380,299669,Card,25,2025-07-07 23:00
3369,4381,763916,Wallet,41,2025-06-16 00:00
3370,4382,548567,Wallet,3,2025-01-30 20:00
3371,4383,573902,Card,32,2025-03-23 13:00
3372,4384,428305,Wallet,33,2025-11-26 08:00
3373,4385,705975,Card,42,2025-06-14 19:00
3374,4387,729671,Bank Transfer,33,2025-03-25 09:00
3375,4388,644984,Wallet,42,2025-09-23 03:00
3376,4389,782571,Card,12,2025-04-12 23:00
3377,4390,51084,Wallet,36,2025-07-25 17:00
3378,4391,557440,Wallet,39,2025-12-24 18:00
3379,4392,524895,Wallet,18,2025-05-05 14:00
3380,4393,622526,Card,1,2025-07-17 21:00
3381,4395,829760,Bank Transfer,20,2025-12-12 22:00
3382,4396,674955,Card,6,2025-08-01 13:00
3383,4397,160837,Wallet,40,2025-02-01 06:00
3384,4398,409438,Cash on Delivery,41,2025-07-07 00:00
3385,4399,615659,Wallet,8,2025-11-20 16:00
3386,4400,394011,Wallet,24,2025-05-16 02:00
3387,4401,19436,Bank Transfer,4,2025-06-11 01:00
3388,4402,577724,Wallet,15,2025-01-07 18:00
3389,4403,241355,Wallet,25,2025-10-15 21:00
3390,4404,250971,Cash on Delivery,41,2025-08-13 09:00
3391,4408,733337,Bank Transfer,19,2025-03-06 14:00
3392,4409,448911,Card,15,2025-06-06 05:00
3393,4411,171572,Card,14,2025-04-09 14:00
3394,4412,678458,Card,23,2025-02-04 12:00
3395,4415,69894,Card,11,2025-02-08 01:00
3396,4416,610096,Bank Transfer,23,2025-01-22 20:00
3397,4417,773980,Bank Transfer,38,2025-11-19 23:00
3398,4418,650520,Card,20,2025-08-17 18:00
3399,4419,632115,Bank Transfer,10,2025-02-20 15:00
3400,4421,390679,Card,4,2025-11-23 12:00
3401,4422,735131,Bank Transfer,23,2025-07-09 19:00
3402,4423,335249,Bank Transfer,25,2025-05-30 22:00
3403,4424,80509,Card,11,2025-12-18 02:00
3404,4425,152396,Card,13,2025-10-09 12:00
3405,4426,76219,Cash on Delivery,30,2025-10-29 04:00
3406,4427,493256,Cash on Delivery,19,2025-03-05 16:00
3407,4428,96843,Cash on Delivery,29,2025-04-16 14:00
3408,4430,153772,Card,25,2025-12-13 05:00
3409,4431,56772,Card,2,2025-08-28 13:00
3410,4432,772272,Cash on Delivery,29,2025-04-15 07:00
3411,4433,316161,Bank Transfer,41,2025-10-02 16:00
3412,4435,156522,Cash on Delivery,41,2025-03-11 00:00
3413,4436,123364,Cash on Delivery,4,2025-10-25 07:00
3414,4438,224219,Card,2,2025-02-24 16:00
3415,4439,531302,Cash on Delivery,10,2025-05-10 20:00
3416,4441,454094,Bank Transfer,42,2025-08-03 13:00
3417,4442,416954,Card,8,2025-11-19 17:00
3418,4444,322438,Cash on Delivery,31,2025-02-09 12:00
3419,4445,623008,Card,42,2025-03-14 00:00
3420,4447,829449,Bank Transfer,17,2025-12-31 07:00
3421,4449,43313,Cash on Delivery,32,2025-09-16 07:00
3422,4450,647928,Bank Transfer,18,2025-07-11 09:00
3423,4451,795435,Card,15,2025-12-11 12:00
3424,4452,441665,Card,29,2025-04-01 12:00
3425,4453,648854,Card,28,2025-04-17 14:00
3426,4454,773825,Card,3,2025-07-24 01:00
3427,4455,674882,Card,24,2025-10-20 16:00
3428,4456,127057,Wallet,18,2025-01-05 16:00
3429,4457,763502,Bank Transfer,12,2025-03-17 10:00
3430,4458,221883,Wallet,21,2025-03-16 16:00
3431,4460,599829,Cash on Delivery,35,2025-01-08 17:00
3432,4464,408884,Card,34,2025-11-25 11:00
3433,4465,214559,Wallet,8,2025-09-17 06:00
3434,4467,372039,Wallet,16,2025-04-10 15:00
3435,4468,832717,Cash on Delivery,12,2025-08-15 07:00
3436,4469,267719,Card,4,2025-01-20 13:00
3437,4472,602900,Bank Transfer,30,2025-02-25 03:00
3438,4473,250686,Wallet,12,2025-02-18 06:00
3439,4474,275793,Card,9,2025-07-07 15:00
3440,4475,723316,Wallet,3,2025-11-10 21:00
3441,4476,502515,Cash on Delivery,30,2025-12-27 12:00
3442,4477,318710,Card,17,2025-10-20 11:00
3443,4479,842311,Bank Transfer,16,2025-01-14 08:00
3444,4480,501983,Card,28,2025-10-06 19:00
3445,4481,117029,Cash on Delivery,15,2025-06-11 09:00
3446,4482,87685,Bank Transfer,32,2025-07-22 11:00
3447,4483,339282,Card,43,2025-02-11 20:00
3448,4485,9227,Card,42,2025-02-01 16:00
3449,4486,660436,Card,17,2025-03-13 23:00
3450,4487,414430,Card,8,2025-02-12 15:00
3451,4488,760357,Wallet,27,2025-06-17 12:00
3452,4489,472220,Card,27,2025-10-17 00:00
3453,4490,688038,Bank Transfer,1,2025-10-26 12:00
3454,4491,348390,Bank Transfer,37,2025-03-05 21:00
3455,4492,8103,Card,14,2025-10-14 14:00
3456,4493,843449,Wallet,5,2025-03-18 19:00
3457,4495,394735,Card,5,2025-02-27 06:00
3458,4496,436656,Bank Transfer,2,2025-07-05 14:00
3459,4497,652894,Card,43,2025-05-16 19:00
3460,4498,128213,Wallet,15,2025-09-08 12:00
3461,4499,741013,Wallet,14,2025-06-05 21:00
3462,4500,494049,Cash on Delivery,37,2025-04-04 21:00
3463,4501,355176,Wallet,15,2025-01-22 00:00
3464,4502,656160,Bank Transfer,44,2025-02-15 21:00
3465,4504,452668,Wallet,3,2025-09-14 10:00
3466,4506,731717,Bank Transfer,29,2025-12-25 16:00
3467,4508,732704,Cash on Delivery,36,2025-02-19 08:00
3468,4509,143346,Bank Transfer,41,2025-03-23 06:00
3469,4510,478336,Card,23,2025-07-18 18:00
3470,4511,718268,Bank Transfer,33,2025-06-25 02:00
3471,4512,759606,Bank Transfer,10,2025-07-24 11:00
3472,4513,450524,Cash on Delivery,19,2025-02-17 23:00
3473,4514,137641,Wallet,20,2025-01-14 08:00
3474,4515,258150,Bank Transfer,15,2025-03-06 10:00
3475,4516,169853,Cash on Delivery,36,2025-05-23 13:00
3476,4517,594860,Bank Transfer,16,2025-02-28 21:00
3477,4519,326122,Bank Transfer,19,2025-03-25 06:00
3478,4520,607000,Card,9,2025-03-20 05:00
3479,4521,413841,Cash on Delivery,27,2025-11-25 13:00
3480,4522,810695,Wallet,26,2025-11-24 10:00
3481,4523,797899,Wallet,24,2025-01-25 12:00
3482,4525,322685,Wallet,10,2025-10-15 01:00
3483,4527,126852,Cash on Delivery,16,2025-10-09 21:00
3484,4529,661560,Card,10,2025-03-16 04:00
3485,4530,648055,Card,29,2025-09-03 01:00
3486,4531,728738,Card,37,2025-04-30 03:00
3487,4532,681925,Card,1000,2025-04-09 08:00
3488,4533,167499,Card,32,2025-01-06 18:00
3489,4534,152962,Wallet,29,2025-05-07 17:00
3490,4535,810869,Bank Transfer,30,2025-04-17 23:00
3491,4536,476536,Wallet,25,2025-12-05 12:00
3492,4537,314403,Card,35,2025-10-01 12:00
3493,4538,130727,Wallet,19,2025-12-27 20:00
3494,4539,732592,Bank Transfer,32,2025-01-02 11:00
3495,4540,458194,Bank Transfer,44,2025-04-12 21:00
3496,4541,70000,Bank Transfer,20,2025-07-04 22:00
3497,4542,624080,Bank Transfer,19,2025-10-07 06:00
3498,4543,502421,Cash on Delivery,18,2025-12-20 09:00
3499,4544,618443,Cash on Delivery,26,2025-07-23 08:00
3500,4545,327238,Cash on Delivery,25,2025-12-18 10:00
3501,4546,338638,Cash on Delivery,33,2025-09-13 03:00
3502,4547,185479,Wallet,13,2025-11-01 15:00
3503,4548,331073,Bank Transfer,31,2025-07-04 04:00
3504,4549,177483,Wallet,25,2025-03-17 13:00
3505,4550,417652,Wallet,3,2025-12-28 06:00
3506,4551,759927,Cash on Delivery,28,2025-06-28 13:00
3507,4552,374559,Wallet,29,2025-04-29 03:00
3508,4553,428726,Card,37,2025-04-14 06:00
3509,4554,141939,Cash on Delivery,8,2025-12-18 07:00
3510,4555,13912,Wallet,30,2025-09-07 21:00
3511,4556,409033,Card,38,2025-04-19 12:00
3512,4557,687421,Card,11,2025-06-02 18:00
3513,4558,83742,Card,4,2025-10-04 14:00
3514,4559,451346,Cash on Delivery,1,2025-12-19 08:00
3515,4560,408139,Cash on Delivery,1,2025-10-09 13:00
3516,4565,80803,Bank Transfer,40,2025-02-12 06:00
3517,4566,374002,Card,36,2025-06-28 13:00
3518,4567,584726,Cash on Delivery,22,2025-11-04 15:00
3519,4568,288743,Card,1001,2025-12-13 20:00
3520,4570,34432,Bank Transfer,11,2025-04-18 13:00
3521,4572,528000,Wallet,43,2025-03-13 17:00
3522,4573,823778,Card,41,2025-04-22 14:00
3523,4574,508933,Bank Transfer,15,2025-05-10 17:00
3524,4578,173533,Cash on Delivery,11,2025-09-10 05:00
3525,4579,822912,Card,5,2025-04-28 21:00
3526,4580,661860,Wallet,25,2025-12-17 10:00
3527,4582,774668,Card,2,2025-06-25 02:00
3528,4585,447863,Bank Transfer,40,2025-10-28 13:00
3529,4586,492730,Bank Transfer,9,2025-11-27 22:00
3530,4589,381656,Wallet,7,2025-01-09 23:00
3531,4590,77012,Card,22,2025-06-12 23:00
3532,4591,18234,Cash on Delivery,32,2025-10-10 02:00
3533,4594,155163,Bank Transfer,24,2025-10-30 10:00
3534,4595,430762,Cash on Delivery,26,2025-08-27 00:00
3535,4596,134932,Cash on Delivery,34,2025-02-03 11:00
3536,4597,419364,Card,20,2025-02-28 07:00
3537,4598,221071,Wallet,9,2025-08-15 03:00
3538,4599,830601,Card,30,2025-07-22 17:00
3539,4600,221804,Wallet,36,2025-07-28 14:00
3540,4601,558951,Bank Transfer,9,2025-01-20 08:00
3541,4602,394039,Cash on Delivery,40,2025-10-23 00:00
3542,4603,810160,Bank Transfer,13,2025-04-02 20:00
3543,4604,599821,Card,33,2025-12-31 14:00
3544,4605,671632,Card,5,2025-11-13 19:00
3545,4606,104670,Card,18,2025-10-10 01:00
3546,4607,323445,Bank Transfer,23,2025-03-01 02:00
3547,4608,685275,Card,22,2025-04-04 00:00
3548,4609,433928,Cash on Delivery,36,2025-01-17 11:00
3549,4610,818373,Card,24,2025-05-31 17:00
3550,4611,159247,Card,33,2025-09-26 05:00
3551,4613,204276,Wallet,43,2025-06-05 10:00
3552,4614,410553,Card,15,2025-03-09 02:00
3553,4615,262870,Card,1,2025-10-03 03:00
3554,4616,446188,Card,22,2025-11-28 11:00
3555,4617,816839,Wallet,12,2025-05-27 02:00
3556,4618,63964,Bank Transfer,14,2025-06-01 01:00
3557,4620,784235,Wallet,44,2025-11-23 10:00
3558,4621,719771,Bank Transfer,34,2025-10-09 00:00
3559,4626,78958,Wallet,6,2025-11-27 04:00
3560,4629,374617,Cash on Delivery,22,2025-10-09 19:00
3561,4630,135630,Cash on Delivery,6,2025-07-11 16:00
3562,4631,736430,Wallet,15,2025-05-13 19:00
3563,4632,531588,Cash on Delivery,17,2025-07-03 13:00
3564,4633,710473,Wallet,6,2025-11-08 08:00
3565,4634,666356,Bank Transfer,1001,2025-10-24 22:00
3566,4635,627702,Wallet,8,2025-04-14 17:00
3567,4636,122316,Card,9,2025-05-01 18:00
3568,4638,588998,Bank Transfer,18,2025-09-06 08:00
3569,4639,2574,Wallet,39,2025-03-02 03:00
3570,4640,179731,Cash on Delivery,20,2025-10-20 05:00
3571,4642,4107,Wallet,36,2025-05-18 18:00
3572,4643,351690,Wallet,999,2025-04-24 05:00
3573,4644,503001,Bank Transfer,7,2025-05-04 00:00
3574,4645,72569,Bank Transfer,20,2025-03-27 13:00
3575,4646,848147,Cash on Delivery,26,2025-11-19 13:00
3576,4647,589547,Card,2,2025-10-09 17:00
3577,4648,446030,Wallet,9,2025-10-23 23:00
3578,4649,359993,Card,14,2025-03-23 15:00
3579,4650,451019,Bank Transfer,41,2025-07-22 05:00
3580,4653,161515,Wallet,30,2025-05-02 15:00
3581,4654,634464,Bank Transfer,37,2025-03-27 08:00
3582,4655,713905,Cash on Delivery,11,2025-07-07 09:00
3583,4656,621606,Wallet,3,2025-09-04 00:00
3584,4657,117320,Card,5,2025-06-23 19:00
3585,4659,746873,Card,11,2025-08-05 01:00
3586,4660,264217,Wallet,43,2025-03-18 17:00
3587,4662,660955,Wallet,11,2025-04-26 20:00
3588,4663,625113,Wallet,34,2025-02-05 01:00
3589,4664,185625,Bank Transfer,17,2025-05-04 07:00
3590,4665,301684,Bank Transfer,42,2025-02-14 06:00
3591,4666,412995,Card,34,2025-03-21 06:00
3592,4667,746717,Cash on Delivery,35,2025-03-06 09:00
3593,4668,412185,Cash on Delivery,2,2025-03-13 18:00
3594,4669,168130,Wallet,32,2025-06-02 19:00
3595,4670,826939,Card,17,2025-09-18 04:00
3596,4671,580866,Wallet,25,2025-03-18 04:00
3597,4672,805727,Wallet,6,2025-05-16 14:00
3598,4673,35455,Card,34,2025-11-03 03:00
3599,4674,844443,Wallet,39,2025-11-05 20:00
3600,4675,566612,Wallet,30,2025-07-16 05:00
3601,4676,388821,Card,24,2025-07-02 13:00
3602,4677,428632,Card,11,2025-09-25 13:00
3603,4678,811502,Bank Transfer,32,2025-02-21 22:00
3604,4679,245162,Wallet,26,2025-06-22 03:00
3605,4680,307557,Wallet,9,2025-05-26 12:00
3606,4681,29125,Wallet,18,2025-02-03 07:00
3607,4682,168320,Wallet,32,2025-01-13 12:00
3608,4683,566624,Wallet,26,2025-12-24 21:00
3609,4684,843762,Bank Transfer,40,2025-08-02 23:00
3610,4685,224876,Card,10,2025-09-09 02:00
3611,4686,695269,Bank Transfer,20,2025-08-16 00:00
3612,4688,529920,Cash on Delivery,43,2025-09-05 19:00
3613,4691,292198,Wallet,18,2025-08-24 00:00
3614,4692,821130,Card,20,2025-09-14 15:00
3615,4693,5926,Bank Transfer,39,2025-03-18 01:00
3616,4694,263433,Wallet,11,2025-08-13 17:00
3617,4695,781618,Wallet,34,2025-09-04 04:00
3618,4696,310787,Bank Transfer,21,2025-06-05 01:00
3619,4697,679321,Wallet,37,2025-12-07 12:00
3620,4699,300696,Cash on Delivery,21,2025-08-24 14:00
3621,4700,610130,Card,13,2025-06-29 21:00
3622,4701,626245,Wallet,10,2025-01-13 00:00
3623,4703,129904,Bank Transfer,34,2025-03-16 11:00
3624,4704,747626,Bank Transfer,19,2025-10-18 18:00
3625,4705,558591,Card,26,2025-04-21 21:00
3626,4707,601238,Card,23,2025-02-09 21:00
3627,4708,559531,Cash on Delivery,23,2025-07-08 00:00
3628,4709,788301,Cash on Delivery,32,2025-02-05 14:00
3629,4711,200169,Cash on Delivery,10,2025-01-27 05:00
3630,4712,299443,Cash on Delivery,31,2025-06-06 09:00
3631,4713,178691,Bank Transfer,13,2025-06-16 15:00
3632,4715,437796,Wallet,8,2025-01-19 05:00
3633,4716,501939,Wallet,44,2025-10-11 23:00
3634,4720,555363,Card,38,2025-10-23 01:00
3635,4723,126346,Card,33,2025-12-12 13:00
3636,4724,745602,Cash on Delivery,24,2025-12-25 17:00
3637,4725,370557,Wallet,24,2025-03-17 07:00
3638,4726,144441,Wallet,38,2025-08-25 13:00
3639,4727,729397,Wallet,9,2025-12-11 23:00
3640,4728,305234,Card,10,2025-07-10 03:00
3641,4729,787449,Card,41,2025-10-28 01:00
3642,4731,282982,Cash on Delivery,39,2025-09-23 10:00
3643,4732,684547,Bank Transfer,13,2025-05-02 15:00
3644,4733,497295,Cash on Delivery,37,2025-03-26 18:00
3645,4734,593057,Cash on Delivery,10,2025-01-21 19:00
3646,4736,732255,Bank Transfer,22,2025-02-28 06:00
3647,4737,261861,Card,39,2025-02-14 13:00
3648,4738,237928,Card,24,2025-03-02 08:00
3649,4739,739160,Cash on Delivery,44,2025-01-09 18:00
3650,4740,98035,Cash on Delivery,16,2025-05-19 15:00
3651,4741,825972,Bank Transfer,39,2025-02-17 08:00
3652,4742,85273,Card,9,2025-11-02 14:00
3653,4743,186972,Card,30,2025-12-03 02:00
3654,4744,20191,Card,27,2025-01-07 14:00
3655,4745,537574,Wallet,32,2025-10-13 17:00
3656,4746,847095,Card,10,2025-02-24 10:00
3657,4747,503800,Wallet,1,2025-03-12 08:00
3658,4748,69376,Card,10,2025-01-13 22:00
3659,4749,86324,Bank Transfer,25,2025-05-14 00:00
3660,4750,820610,Cash on Delivery,20,2025-04-13 00:00
3661,4751,362847,Bank Transfer,19,2025-01-31 09:00
3662,4754,111862,Cash on Delivery,20,2025-01-17 18:00
3663,4755,364135,Cash on Delivery,21,2025-06-26 10:00
3664,4756,705282,Cash on Delivery,19,2025-02-22 03:00
3665,4757,456042,Cash on Delivery,36,2025-08-18 20:00
3666,4758,716565,Wallet,26,2025-06-18 11:00
3667,4760,374567,Wallet,2,2025-10-23 07:00
3668,4762,537116,Bank Transfer,13,2025-01-09 16:00
3669,4764,280875,Card,7,2025-03-25 23:00
3670,4768,561642,Card,13,2025-06-04 20:00
3671,4769,773576,Bank Transfer,43,2025-01-14 01:00
3672,4770,486554,Card,37,2025-03-02 09:00
3673,4772,107972,Wallet,30,2025-01-10 11:00
3674,4773,783546,Cash on Delivery,19,2025-12-21 11:00
3675,4774,254763,Wallet,2,2025-04-11 00:00
3676,4775,293050,Cash on Delivery,12,2025-08-16 04:00
3677,4776,388832,Card,1,2025-06-18 15:00
3678,4777,459525,Card,18,2025-11-10 21:00
3679,4778,325118,Bank Transfer,28,2025-05-26 08:00
3680,4779,477666,Bank Transfer,15,2025-08-19 16:00
3681,4780,466980,Card,41,2025-09-02 12:00
3682,4782,238214,Card,4,2025-11-09 12:00
3683,4784,667865,Card,34,2025-07-31 09:00
3684,4785,11023,Card,40,2025-08-18 23:00
3685,4786,414746,Card,37,2025-01-07 17:00
3686,4787,275185,Cash on Delivery,39,2025-05-09 13:00
3687,4788,359930,Wallet,1,2025-09-21 05:00
3688,4789,795652,Bank Transfer,4,2025-11-26 13:00
3689,4790,401272,Bank Transfer,8,2025-03-27 08:00
3690,4791,106808,Card,39,2025-03-10 09:00
3691,4792,707893,Cash on Delivery,7,2025-01-03 17:00
3692,4793,104282,Bank Transfer,10,2025-07-14 19:00
3693,4794,297810,Wallet,22,2025-08-15 11:00
3694,4797,17235,Cash on Delivery,18,2025-06-19 01:00
3695,4799,128109,Wallet,33,2025-02-26 07:00
3696,4800,104879,Wallet,18,2025-08-30 18:00
3697,4801,340932,Card,33,2025-09-19 23:00
3698,4802,404619,Wallet,19,2025-03-23 11:00
3699,4803,762257,Cash on Delivery,11,2025-03-23 12:00
3700,4804,579977,Wallet,3,2025-03-21 18:00
3701,4805,588120,Wallet,39,2025-08-10 12:00
3702,4808,3552,Card,36,2025-03-23 08:00
3703,4809,425778,Cash on Delivery,27,2025-10-31 23:00
3704,4810,63781,Bank Transfer,6,2025-09-19 04:00
3705,4814,481891,Card,10,2025-08-09 14:00
3706,4816,780035,Wallet,8,2025-04-29 11:00
3707,4817,802765,Cash on Delivery,34,2025-03-12 09:00
3708,4820,81072,Card,33,2025-05-22 11:00
3709,4821,618445,Card,25,2025-02-04 00:00
3710,4822,288900,Card,19,2025-07-19 16:00
3711,4823,582597,Card,3,2025-03-06 10:00
3712,4824,549711,Wallet,16,2025-10-19 22:00
3713,4825,141907,Cash on Delivery,27,2025-08-02 11:00
3714,4826,504704,Cash on Delivery,6,2025-11-16 22:00
3715,4827,376994,Wallet,12,2025-04-10 02:00
3716,4830,557048,Cash on Delivery,8,2025-08-05 14:00
3717,4832,29843,Cash on Delivery,6,2025-01-07 21:00
3718,4833,601602,Card,35,2025-05-30 09:00
3719,4834,187133,Card,25,2025-07-16 16:00
3720,4835,584619,Wallet,1,2025-01-13 02:00
3721,4838,305608,Cash on Delivery,26,2025-09-21 05:00
3722,4839,487586,Wallet,30,2025-02-22 03:00
3723,4840,305090,Card,17,2025-10-25 21:00
3724,4841,580946,Cash on Delivery,15,2025-03-03 23:00
3725,4842,825371,Bank Transfer,21,2025-10-14 00:00
3726,4843,821579,Card,15,2025-11-16 18:00
3727,4844,387732,Cash on Delivery,44,2025-05-14 19:00
3728,4846,100100,Card,10,2025-06-16 09:00
3729,4847,521727,Bank Transfer,26,2025-06-13 06:00
3730,4848,411334,Card,28,2025-10-28 15:00
3731,4849,329885,Wallet,5,2025-12-20 09:00
3732,4850,487632,Wallet,35,2025-11-24 21:00
3733,4851,50132,Wallet,5,2025-04-02 01:00
3734,4852,628618,Card,14,2025-10-24 05:00
3735,4853,12450,Bank Transfer,43,2025-12-18 07:00
3736,4855,184197,Cash on Delivery,14,2025-05-23 17:00
3737,4856,233908,Card,3,2025-07-08 00:00
3738,4858,633043,Card,37,2025-03-15 12:00
3739,4859,50234,Card,37,2025-02-10 15:00
3740,4860,717707,Cash on Delivery,37,2025-01-09 18:00
3741,4861,425297,Wallet,11,2025-03-17 02:00
3742,4862,213792,Wallet,11,2025-02-22 14:00
3743,4865,841439,Cash on Delivery,10,2025-06-30 13:00
3744,4867,453960,Wallet,26,2025-02-23 14:00
3745,4869,827267,Bank Transfer,30,2025-05-22 16:00
3746,4870,434237,Cash on Delivery,3,2025-07-13 08:00
3747,4872,554247,Wallet,24,2025-12-02 02:00
3748,4873,211842,Card,7,2025-01-20 03:00
3749,4876,348935,Wallet,34,2025-08-04 03:00
3750,4878,250764,Wallet,42,2025-04-07 10:00
3751,4879,768938,Card,38,2025-10-03 10:00
3752,4880,165389,Bank Transfer,5,2025-12-12 10:00
3753,4881,114791,Bank Transfer,23,2025-10-23 10:00
3754,4882,198637,Card,43,2025-11-12 03:00
3755,4883,98672,Card,18,2025-07-15 07:00
3756,4884,129525,Wallet,1000,2025-06-30 06:00
3757,4885,821835,Wallet,35,2025-11-08 04:00
3758,4886,370608,Wallet,2,2025-08-28 22:00
3759,4888,62802,Cash on Delivery,42,2025-11-12 06:00
3760,4889,603153,Card,43,2025-05-30 06:00
3761,4891,207819,Cash on Delivery,42,2025-10-25 02:00
3762,4892,584574,Wallet,17,2025-04-20 11:00
3763,4895,21591,Cash on Delivery,2,2025-12-02 06:00
3764,4896,322611,Cash on Delivery,8,2025-01-16 21:00
3765,4897,840903,Wallet,10,2025-06-08 01:00
3766,4900,819971,Card,1001,2025-08-23 21:00
3767,4901,541385,Bank Transfer,1,2025-06-23 23:00
3768,4902,14708,Card,18,2025-08-02 00:00
3769,4903,330980,Bank Transfer,38,2025-02-26 14:00
3770,4904,691730,Cash on Delivery,6,2025-04-23 12:00
3771,4905,70709,Wallet,8,2025-11-24 04:00
3772,4906,497022,Wallet,34,2025-04-02 08:00
3773,4907,707180,Bank Transfer,2,2025-11-21 05:00
3774,4908,574623,Cash on Delivery,28,2025-09-26 12:00
3775,4909,559653,Cash on Delivery,44,2025-06-20 17:00
3776,4910,485105,Card,6,2025-06-17 13:00
3777,4911,552683,Wallet,41,2025-08-15 22:00
3778,4912,662297,Bank Transfer,10,2025-01-03 11:00
3779,4913,626047,Card,19,2025-05-16 12:00
3780,4915,811097,Bank Transfer,3,2025-05-18 06:00
3781,4917,306510,Bank Transfer,37,2025-10-07 12:00
3782,4918,847055,Cash on Delivery,6,2025-06-06 03:00
3783,4919,75197,Bank Transfer,19,2025-06-26 10:00
3784,4920,411419,Cash on Delivery,25,2025-05-07 15:00
3785,4921,449596,Card,24,2025-04-17 22:00
3786,4922,574702,Bank Transfer,33,2025-09-29 19:00
3787,4924,29728,Wallet,2,2025-11-27 11:00
3788,4925,23257,Wallet,5,2025-07-29 02:00
3789,4926,253479,Wallet,5,2025-06-10 18:00
3790,4927,387627,Bank Transfer,23,2025-08-02 10:00
3791,4929,822679,Wallet,35,2025-12-16 17:00
3792,4931,63162,Bank Transfer,26,2025-11-18 22:00
3793,4932,298347,Wallet,16,2025-12-03 17:00
3794,4933,354739,Bank Transfer,44,2025-02-25 10:00
3795,4934,643725,Bank Transfer,39,2025-04-01 23:00
3796,4936,139787,Wallet,28,2025-02-22 06:00
3797,4938,79331,Card,13,2025-01-14 20:00
3798,4939,203117,Bank Transfer,1,2025-05-02 20:00
3799,4940,298897,Wallet,1000,2025-09-26 20:00
3800,4942,474432,Wallet,15,2025-08-17 10:00
3801,4943,721469,Wallet,44,2025-03-12 00:00
3802,4944,446808,Wallet,25,2025-05-06 08:00
3803,4945,87444,Bank Transfer,11,2025-11-20 08:00
3804,4946,25206,Card,13,2025-01-20 03:00
3805,4947,320425,Bank Transfer,29,2025-02-09 04:00
3806,4948,245660,Bank Transfer,14,2025-09-29 10:00
3807,4949,401016,Bank Transfer,6,2025-08-28 21:00
3808,4950,547077,Card,15,2025-03-06 01:00
3809,4951,553844,Bank Transfer,7,2025-08-25 16:00
3810,4952,49818,Cash on Delivery,13,2025-08-08 08:00
3811,4953,428372,Card,15,2025-03-18 11:00
3812,4954,599503,Bank Transfer,8,2025-07-20 07:00
3813,4955,233085,Cash on Delivery,18,2025-04-22 14:00
3814,4957,76448,Wallet,20,2025-09-18 02:00
3815,4958,341112,Wallet,6,2025-04-15 01:00
3816,4959,365703,Card,5,2025-12-21 18:00
3817,4961,737896,Wallet,14,2025-02-27 01:00
3818,4964,498410,Card,6,2025-11-17 04:00
3819,4965,552736,Wallet,44,2025-02-12 21:00
3820,4966,376704,Cash on Delivery,4,2025-06-11 02:00
3821,4967,5396,Card,11,2025-08-11 11:00
3822,4968,522878,Wallet,18,2025-06-19 08:00
3823,4969,10127,Bank Transfer,17,2025-03-07 22:00
3824,4972,698669,Card,27,2025-04-24 10:00
3825,4973,50285,Wallet,28,2025-06-13 13:00
3826,4974,203532,Bank Transfer,3,2025-04-05 05:00
3827,4975,765689,Cash on Delivery,9,2025-04-15 02:00
3828,4976,639153,Bank Transfer,29,2025-02-10 11:00
3829,4977,642990,Card,1,2025-06-07 21:00
3830,4979,145394,Cash on Delivery,28,2025-05-14 04:00
3831,4980,460824,Card,22,2025-04-12 11:00
3832,4981,42975,Card,16,2025-03-14 02:00
3833,4982,692026,Cash on Delivery,21,2025-07-13 03:00
3834,4984,281833,Cash on Delivery,14,2025-09-26 11:00
3835,4985,203637,Bank Transfer,3,2025-01-20 02:00
3836,4986,598541,Bank Transfer,40,2025-07-13 21:00
3837,4987,830132,Cash on Delivery,17,2025-10-03 13:00
3838,4988,668993,Cash on Delivery,13,2025-07-04 21:00
3839,4989,251875,Cash on Delivery,5,2025-01-15 18:00
3840,4990,237257,Wallet,38,2025-02-16 12:00
3841,4991,733648,Bank Transfer,6,2025-09-27 16:00
3842,4992,244881,Wallet,26,2025-11-04 00:00
3843,4993,223758,Bank Transfer,14,2025-09-03 05:00
3844,4995,485527,Bank Transfer,29,2025-06-12 15:00
3845,4996,299088,Card,8,2025-04-01 16:00
3846,4997,520814,Card,41,2025-03-09 04:00
3847,4998,548105,Card,29,2025-02-09 16:00
3848,4999,225911,Card,5,2025-04-08 22:00
3849,5000,246855,Wallet,15,2025-03-02 02:00
3850,5001,709616,Wallet,12,2025-08-12 23:00
3851,5002,495363,Wallet,9,2025-07-03 23:00
3852,5004,401466,Cash on Delivery,39,2025-06-05 07:00
3853,5005,812795,Cash on Delivery,8,2025-07-29 08:00
3854,5010,480668,Wallet,33,2025-03-28 07:00
3855,5012,838953,Cash on Delivery,34,2025-10-08 14:00
3856,5013,105857,Cash on Delivery,7,2025-03-30 00:00
3857,5015,656690,Card,14,2025-04-26 09:00
3858,5016,506946,Cash on Delivery,41,2025-06-11 02:00
3859,5018,646284,Wallet,4,2025-01-21 19:00
3860,5019,525746,Wallet,9,2025-11-09 21:00
3861,5020,659573,Cash on Delivery,6,2025-11-12 09:00
3862,5021,253824,Bank Transfer,2,2025-10-28 05:00
3863,5022,170639,Cash on Delivery,31,2025-09-24 07:00
3864,5023,612759,Wallet,14,2025-12-14 01:00
3865,5025,354176,Bank Transfer,10,2025-11-14 05:00
3866,5026,94651,Card,20,2025-06-17 07:00
3867,5027,69344,Card,14,2025-08-27 23:00
3868,5028,763192,Card,28,2025-03-08 16:00
3869,5030,831143,Bank Transfer,36,2025-06-04 20:00
3870,5031,142504,Bank Transfer,42,2025-06-30 14:00
3871,5032,197671,Card,12,2025-09-06 06:00
3872,5033,304853,Cash on Delivery,20,2025-06-22 07:00
3873,5034,204712,Card,35,2025-05-06 13:00
3874,5036,680080,Cash on Delivery,15,2025-02-17 20:00
3875,5037,737405,Card,1,2025-06-30 07:00
3876,5038,485772,Card,3,2025-04-06 01:00
3877,5039,718427,Card,17,2025-01-12 13:00
3878,5041,546380,Cash on Delivery,31,2025-11-28 14:00
3879,5044,157624,Bank Transfer,2,2025-04-01 18:00
3880,5045,564312,Card,28,2025-02-17 02:00
3881,5046,580875,Card,26,2025-04-10 05:00
3882,5048,119034,Wallet,999,2025-04-26 03:00
3883,5050,410027,Cash on Delivery,1,2025-04-26 23:00
3884,5051,10168,Card,42,2025-05-09 13:00
3885,5052,353694,Bank Transfer,18,2025-11-07 06:00
3886,5053,293899,Wallet,5,2025-01-09 02:00
3887,5054,381585,Bank Transfer,32,2025-03-03 08:00
3888,5056,383007,Bank Transfer,15,2025-04-23 10:00
3889,5058,45937,Cash on Delivery,14,2025-04-26 19:00
3890,5059,625273,Cash on Delivery,43,2025-12-29 16:00
3891,5060,684049,Card,39,2025-06-20 18:00
3892,5061,42746,Bank Transfer,4,2025-04-27 09:00
3893,5063,434371,Wallet,28,2025-03-04 16:00
3894,5064,453383,Cash on Delivery,13,2025-05-26 15:00
3895,5067,497611,Wallet,20,2025-03-25 21:00
3896,5068,193564,Cash on Delivery,5,2025-06-13 16:00
3897,5069,292757,Bank Transfer,3,2025-12-10 18:00
3898,5070,73134,Card,10,2025-03-12 02:00
3899,5071,251460,Bank Transfer,8,2025-08-30 22:00
3900,5073,714572,Wallet,28,2025-06-11 07:00
3901,5075,551166,Wallet,7,2025-06-19 15:00
3902,5076,398174,Cash on Delivery,43,2025-05-17 21:00
3903,5077,692233,Bank Transfer,39,2025-08-22 10:00
3904,5078,756348,Wallet,19,2025-11-25 01:00
3905,5079,6506,Card,39,2025-11-13 12:00
3906,5080,260468,Bank Transfer,5,2025-06-08 16:00
3907,5082,158975,Card,11,2025-03-15 01:00
3908,5083,830441,Card,39,2025-09-30 04:00
3909,5085,515386,Card,44,2025-01-07 17:00
3910,5086,10943,Bank Transfer,23,2025-04-17 04:00
3911,5090,179957,Wallet,29,2025-07-18 14:00
3912,5091,804115,Card,3,2025-10-07 01:00
3913,5093,632300,Card,18,2025-03-06 23:00
3914,5094,802729,Bank Transfer,42,2025-02-22 19:00
3915,5097,364118,Wallet,15,2025-05-11 19:00
3916,5098,267509,Card,27,2025-02-11 15:00
3917,5099,671614,Cash on Delivery,18,2025-04-04 16:00
3918,5100,689013,Bank Transfer,9,2025-06-17 05:00
3919,5101,816081,Card,38,2025-12-06 18:00
3920,5102,207388,Bank Transfer,18,2025-09-12 17:00
3921,5103,86315,Card,42,2025-06-17 01:00
3922,5104,590055,Cash on Delivery,3,2025-04-30 01:00
3923,5105,631245,Card,24,2025-07-02 18:00
3924,5106,434542,Wallet,16,2025-08-02 05:00
3925,5107,467231,Wallet,23,2025-03-01 23:00
3926,5108,842337,Bank Transfer,19,2025-05-10 08:00
3927,5109,62620,Card,6,2025-06-24 19:00
3928,5110,701399,Bank Transfer,35,2025-09-04 07:00
3929,5111,302459,Bank Transfer,35,2025-08-28 09:00
3930,5112,265639,Card,40,2025-09-23 22:00
3931,5113,455405,Card,12,2025-09-29 11:00
3932,5114,464404,Wallet,36,2025-05-17 21:00
3933,5115,395232,Card,13,2025-01-12 14:00
3934,5116,551314,Bank Transfer,33,2025-06-26 00:00
3935,5118,516352,Bank Transfer,10,2025-02-25 18:00
3936,5119,793172,Card,20,2025-07-26 10:00
3937,5120,180776,Card,35,2025-04-06 14:00
3938,5121,52560,Bank Transfer,10,2025-05-27 08:00
3939,5122,193762,Card,37,2025-08-02 07:00
3940,5123,513951,Cash on Delivery,35,2025-09-26 14:00
3941,5126,451605,Bank Transfer,33,2025-09-16 19:00
3942,5127,345459,Cash on Delivery,16,2025-09-27 05:00
3943,5128,427737,Bank Transfer,12,2025-12-14 16:00
3944,5129,334729,Bank Transfer,3,2025-04-22 09:00
3945,5131,725784,Wallet,11,2025-08-29 06:00
3946,5134,78755,Bank Transfer,9,2025-12-31 05:00
3947,5135,145451,Bank Transfer,1,2025-09-30 18:00
3948,5136,253824,Bank Transfer,19,2025-05-04 08:00
3949,5137,221932,Cash on Delivery,37,2025-03-17 23:00
3950,5138,407789,Card,40,2025-06-04 08:00
3951,5139,317062,Cash on Delivery,30,2025-10-06 06:00
3952,5140,566711,Cash on Delivery,15,2025-08-02 08:00
3953,5141,377661,Wallet,37,2025-02-19 01:00
3954,5142,454275,Card,25,2025-01-09 15:00
3955,5143,735310,Wallet,15,2025-01-14 16:00
3956,5144,508393,Card,31,2025-03-19 14:00
3957,5145,308709,Bank Transfer,25,2025-07-14 21:00
3958,5147,285363,Bank Transfer,33,2025-09-21 03:00
3959,5148,525698,Bank Transfer,27,2025-03-12 18:00
3960,5149,215201,Bank Transfer,21,2025-06-04 07:00
3961,5150,2099,Card,26,2025-06-12 05:00
3962,5151,731790,Card,34,2025-08-27 19:00
3963,5156,730883,Bank Transfer,36,2025-08-19 19:00
3964,5157,415575,Wallet,1,2025-03-16 10:00
3965,5158,100955,Cash on Delivery,10,2025-02-13 01:00
3966,5159,352632,Cash on Delivery,11,2025-01-27 14:00
3967,5160,10091,Card,18,2025-04-18 21:00
3968,5161,150184,Card,29,2025-03-18 11:00
3969,5162,149171,Bank Transfer,10,2025-01-25 09:00
3970,5163,760891,Bank Transfer,17,2025-05-06 12:00
3971,5164,734763,Cash on Delivery,23,2025-08-09 11:00
3972,5165,521019,Wallet,17,2025-05-14 01:00
3973,5166,90902,Card,13,2025-10-19 00:00
3974,5167,129971,Wallet,33,2025-04-24 11:00
3975,5168,181814,Card,27,2025-11-05 19:00
3976,5171,415109,Cash on Delivery,23,2025-04-25 14:00
3977,5172,711288,Wallet,999,2025-04-16 09:00
3978,5173,466039,Bank Transfer,8,2025-12-15 22:00
3979,5174,407372,Wallet,11,2025-12-21 13:00
3980,5175,56480,Bank Transfer,5,2025-09-06 12:00
3981,5176,440498,Cash on Delivery,44,2025-05-18 02:00
3982,5177,675884,Wallet,41,2025-06-06 07:00
3983,5179,120408,Bank Transfer,13,2025-12-12 10:00
3984,5180,485129,Wallet,11,2025-09-06 07:00
3985,5182,365272,Wallet,35,2025-03-05 06:00
3986,5183,502518,Card,20,2025-03-31 22:00
3987,5184,573591,Card,30,2025-12-28 06:00
3988,5185,332218,Bank Transfer,7,2025-05-08 09:00
3989,5186,448575,Cash on Delivery,26,2025-04-14 13:00
3990,5188,676862,Wallet,43,2025-06-13 01:00
3991,5189,230814,Bank Transfer,17,2025-07-03 12:00
3992,5190,308967,Cash on Delivery,39,2025-04-03 16:00
3993,5191,626753,Cash on Delivery,23,2025-05-23 23:00
3994,5192,494611,Wallet,19,2025-03-23 16:00
3995,5193,759298,Cash on Delivery,25,2025-04-30 06:00
3996,5194,695661,Wallet,21,2025-10-31 09:00
3997,5195,268000,Bank Transfer,9,2025-08-02 18:00
3998,5196,444055,Bank Transfer,26,2025-01-26 12:00
3999,5197,449285,Wallet,38,2025-04-15 11:00
4000,5199,233711,Bank Transfer,6,2025-12-09 18:00
4001,5201,521501,Wallet,44,2025-06-29 11:00
4002,5202,802447,Bank Transfer,18,2025-11-04 04:00
4003,5205,473989,Card,1,2025-03-07 14:00
4004,5206,835555,Bank Transfer,16,2025-11-18 21:00
4005,5209,586359,Bank Transfer,44,2025-11-04 01:00
4006,5211,228380,Bank Transfer,31,2025-06-23 22:00
4007,5213,573748,Card,7,2025-09-20 05:00
4008,5214,501492,Card,25,2025-02-14 22:00
4009,5215,177197,Cash on Delivery,43,2025-09-05 16:00
4010,5216,164934,Bank Transfer,23,2025-04-19 04:00
4011,5218,356499,Wallet,34,2025-03-30 07:00
4012,5219,337937,Wallet,14,2025-08-10 19:00
4013,5220,400123,Card,42,2025-04-10 01:00
4014,5221,513611,Card,21,2025-09-27 23:00
4015,5224,749859,Card,34,2025-04-04 02:00
4016,5225,150550,Bank Transfer,38,2025-06-18 14:00
4017,5226,779045,Bank Transfer,10,2025-11-03 02:00
4018,5227,112575,Card,22,2025-05-20 14:00
4019,5228,435667,Card,16,2025-08-12 22:00
4020,5229,321397,Bank Transfer,31,2025-07-12 13:00
4021,5230,159657,Wallet,13,2025-10-16 18:00
4022,5232,16174,Bank Transfer,39,2025-02-02 11:00
4023,5233,177069,Wallet,31,2025-02-13 11:00
4024,5235,589194,Card,39,2025-06-17 20:00
4025,5236,771598,Bank Transfer,18,2025-04-08 12:00
4026,5237,532359,Bank Transfer,35,2025-02-19 18:00
4027,5238,216313,Wallet,4,2025-07-19 06:00
4028,5239,773687,Bank Transfer,11,2025-11-15 10:00
4029,5240,847140,Cash on Delivery,6,2025-12-21 20:00
4030,5241,671934,Wallet,24,2025-08-22 04:00
4031,5242,176499,Cash on Delivery,5,2025-01-29 00:00
4032,5243,388987,Card,21,2025-06-08 13:00
4033,5244,650313,Bank Transfer,29,2025-07-31 23:00
4034,5245,561364,Bank Transfer,43,2025-03-20 22:00
4035,5246,94525,Bank Transfer,29,2025-04-30 13:00
4036,5248,570453,Cash on Delivery,10,2025-10-10 19:00
4037,5249,267224,Bank Transfer,14,2025-09-03 09:00
4038,5250,126347,Card,39,2025-11-01 14:00
4039,5252,736872,Wallet,24,2025-04-03 04:00
4040,5253,213173,Wallet,32,2025-07-17 06:00
4041,5256,526037,Card,1,2025-06-01 16:00
4042,5259,71796,Wallet,39,2025-09-10 05:00
4043,5261,352147,Cash on Delivery,35,2025-08-18 15:00
4044,5262,607373,Wallet,39,2025-12-28 07:00
4045,5263,190085,Cash on Delivery,33,2025-05-01 01:00
4046,5264,626090,Bank Transfer,13,2025-12-26 09:00
4047,5265,753948,Card,23,2025-10-29 09:00
4048,5266,461960,Wallet,21,2025-02-16 09:00
4049,5267,277415,Wallet,17,2025-07-09 07:00
4050,5268,842770,Wallet,38,2025-11-28 04:00
4051,5271,698045,Wallet,34,2025-09-15 03:00
4052,5272,604310,Bank Transfer,12,2025-06-12 23:00
4053,5273,362078,Cash on Delivery,999,2025-09-25 22:00
4054,5275,838867,Cash on Delivery,5,2025-03-10 09:00
4055,5276,67364,Bank Transfer,31,2025-04-10 07:00
4056,5277,223307,Wallet,12,2025-04-19 00:00
4057,5279,43908,Wallet,9,2025-01-12 10:00
4058,5281,758632,Wallet,28,2025-02-25 17:00
4059,5282,138845,Wallet,8,2025-05-18 10:00
4060,5284,805386,Cash on Delivery,20,2025-02-04 02:00
4061,5285,444058,Bank Transfer,20,2025-04-08 17:00
4062,5286,364584,Card,9,2025-06-28 16:00
4063,5288,461948,Cash on Delivery,24,2025-02-06 06:00
4064,5289,483193,Bank Transfer,30,2025-06-20 21:00
4065,5291,528980,Card,19,2025-07-12 05:00
4066,5292,609271,Cash on Delivery,7,2025-06-03 13:00
4067,5293,399158,Card,10,2025-08-28 14:00
4068,5294,534702,Wallet,7,2025-11-16 04:00
4069,5295,137383,Card,23,2025-11-24 22:00
4070,5296,42209,Bank Transfer,10,2025-12-04 15:00
4071,5297,444041,Bank Transfer,25,2025-04-17 12:00
4072,5298,254988,Bank Transfer,34,2025-06-27 00:00
4073,5299,614312,Wallet,2,2025-10-03 22:00
4074,5301,364436,Card,15,2025-11-24 08:00
4075,5302,5049,Bank Transfer,22,2025-03-20 21:00
4076,5303,263650,Card,15,2025-08-16 18:00
4077,5305,721381,Card,14,2025-07-04 06:00
4078,5307,333092,Wallet,28,2025-10-06 05:00
4079,5308,802684,Bank Transfer,1,2025-11-03 07:00
4080,5309,395230,Cash on Delivery,22,2025-06-11 04:00
4081,5310,834888,Card,40,2025-07-29 09:00
4082,5311,730673,Card,16,2025-03-12 16:00
4083,5312,394173,Card,19,2025-02-13 21:00
4084,5313,431653,Card,38,2025-04-03 21:00
4085,5314,229989,Card,33,2025-02-15 05:00
4086,5315,21286,Card,18,2025-04-01 19:00
4087,5316,560361,Bank Transfer,32,2025-01-24 14:00
4088,5317,830691,Card,18,2025-09-23 10:00
4089,5318,458466,Wallet,36,2025-09-25 03:00
4090,5319,105524,Wallet,21,2025-09-24 11:00
4091,5321,772172,Bank Transfer,23,2025-11-17 20:00
4092,5322,673411,Cash on Delivery,22,2025-05-20 21:00
4093,5323,286146,Wallet,20,2025-05-03 10:00
4094,5325,557320,Card,26,2025-03-04 10:00
4095,5326,622390,Bank Transfer,31,2025-02-14 22:00
4096,5328,162326,Bank Transfer,28,2025-05-29 16:00
4097,5329,510525,Card,14,2025-08-09 00:00
4098,5330,77715,Cash on Delivery,31,2025-11-06 01:00
4099,5331,129900,Card,11,2025-06-05 22:00
4100,5332,285793,Wallet,6,2025-08-02 18:00
4101,5335,780830,Wallet,27,2025-06-25 19:00
4102,5337,417249,Wallet,23,2025-02-01 10:00
4103,5338,589899,Bank Transfer,40,2025-06-17 17:00
4104,5339,532804,Card,13,2025-02-11 08:00
4105,5340,107624,Bank Transfer,14,2025-07-05 08:00
4106,5341,552555,Card,12,2025-08-17 05:00
4107,5342,94583,Cash on Delivery,1000,2025-06-30 21:00
4108,5343,486152,Bank Transfer,21,2025-09-25 09:00
4109,5344,149612,Bank Transfer,5,2025-01-11 21:00
4110,5345,569898,Card,17,2025-03-17 17:00
4111,5346,734997,Bank Transfer,22,2025-06-12 16:00
4112,5348,622831,Wallet,18,2025-07-13 11:00
4113,5350,16830,Cash on Delivery,29,2025-10-27 11:00
4114,5351,661156,Card,18,2025-10-17 17:00
4115,5352,584152,Card,9,2025-03-12 16:00
4116,5353,323839,Card,23,2025-03-12 07:00
4117,5354,674133,Bank Transfer,9,2025-03-12 09:00
4118,5355,759126,Card,38,2025-10-02 15:00
4119,5357,261703,Card,17,2025-03-07 07:00
4120,5358,340979,Cash on Delivery,20,2025-04-12 05:00
4121,5359,798813,Card,13,2025-12-18 03:00
4122,5360,84081,Cash on Delivery,40,2025-06-23 10:00
4123,5361,98973,Bank Transfer,34,2025-09-06 07:00
4124,5362,727317,Cash on Delivery,25,2025-06-09 06:00
4125,5363,388057,Bank Transfer,39,2025-05-29 10:00
4126,5366,376208,Bank Transfer,37,2025-02-17 17:00
4127,5368,308113,Bank Transfer,12,2025-10-17 19:00
4128,5370,648220,Wallet,16,2025-06-27 00:00
4129,5371,426285,Bank Transfer,15,2025-03-16 23:00
4130,5373,82336,Wallet,20,2025-06-16 17:00
4131,5374,538980,Wallet,19,2025-10-01 16:00
4132,5375,668504,Bank Transfer,15,2025-12-21 13:00
4133,5376,610431,Card,29,2025-12-05 01:00
4134,5377,487460,Cash on Delivery,40,2025-12-24 21:00
4135,5378,15315,Wallet,29,2025-09-15 12:00
4136,5379,423452,Card,32,2025-08-28 13:00
4137,5380,323761,Bank Transfer,4,2025-08-29 20:00
4138,5381,360573,Bank Transfer,9,2025-04-02 00:00
4139,5383,34464,Cash on Delivery,13,2025-03-02 16:00
4140,5384,128185,Wallet,14,2025-01-29 12:00
4141,5385,643343,Wallet,4,2025-04-18 00:00
4142,5386,42545,Bank Transfer,6,2025-01-25 03:00
4143,5387,733050,Bank Transfer,29,2025-09-07 23:00
4144,5390,54952,Card,36,2025-07-16 20:00
4145,5392,479966,Cash on Delivery,6,2025-02-20 14:00
4146,5393,754177,Card,29,2026-01-01 10:00
4147,5394,675642,Wallet,4,2025-05-19 10:00
4148,5395,98298,Card,6,2025-03-31 18:00
4149,5396,737600,Card,39,2025-03-13 23:00
4150,5397,624798,Card,2,2025-12-11 20:00
4151,5398,3975,Wallet,5,2025-06-23 22:00
4152,5400,470607,Bank Transfer,24,2025-11-13 17:00
4153,5401,50870,Wallet,36,2025-07-28 04:00
4154,5404,723015,Wallet,6,2025-09-03 18:00
4155,5405,230431,Cash on Delivery,19,2025-12-30 08:00
4156,5406,615326,Bank Transfer,17,2025-12-12 08:00
4157,5407,525643,Bank Transfer,3,2025-01-09 21:00
4158,5408,291301,Bank Transfer,19,2025-12-15 01:00
4159,5409,273173,Bank Transfer,42,2025-11-09 21:00
4160,5412,331246,Bank Transfer,8,2025-08-21 06:00
4161,5413,674614,Card,26,2025-08-06 11:00
4162,5414,743002,Wallet,10,2025-09-27 17:00
4163,5415,302716,Card,34,2025-06-06 20:00
4164,5416,637510,Card,31,2025-10-11 19:00
4165,5417,109591,Bank Transfer,26,2025-11-22 10:00
4166,5418,708408,Wallet,11,2025-12-20 13:00
4167,5420,821060,Wallet,4,2025-07-09 23:00
4168,5421,564635,Wallet,29,2025-09-18 17:00
4169,5422,633054,Card,28,2025-09-17 11:00
4170,5423,648439,Bank Transfer,25,2025-07-13 14:00
4171,5424,308960,Bank Transfer,44,2025-08-13 02:00
4172,5425,89075,Wallet,16,2025-01-30 01:00
4173,5426,496697,Bank Transfer,41,2025-01-02 14:00
4174,5427,57851,Bank Transfer,30,2025-08-07 02:00
4175,5429,674086,Cash on Delivery,25,2025-06-05 05:00
4176,5430,844908,Wallet,40,2025-07-11 18:00
4177,5431,84757,Wallet,2,2025-03-07 00:00
4178,5432,448777,Bank Transfer,36,2025-05-27 18:00
4179,5434,69882,Wallet,44,2025-01-29 16:00
4180,5436,253565,Cash on Delivery,11,2025-01-10 21:00
4181,5437,550224,Wallet,36,2025-09-01 13:00
4182,5438,161356,Card,16,2025-12-29 16:00
4183,5439,68817,Bank Transfer,18,2025-09-28 02:00
4184,5440,611834,Bank Transfer,4,2025-07-29 02:00
4185,5441,707332,Wallet,40,2025-06-19 16:00
4186,5443,283590,Bank Transfer,36,2025-09-26 10:00
4187,5444,416631,Card,20,2025-03-24 03:00
4188,5445,260526,Card,19,2025-04-06 10:00
4189,5447,48505,Card,44,2025-10-22 00:00
4190,5448,109364,Wallet,9,2025-08-21 12:00
4191,5449,810720,Wallet,15,2025-02-19 13:00
4192,5450,89771,Bank Transfer,42,2025-05-07 08:00
4193,5451,242541,Wallet,38,2025-12-25 08:00
4194,5452,53604,Wallet,22,2025-04-29 19:00
4195,5454,735797,Cash on Delivery,26,2025-01-07 14:00
4196,5455,582544,Cash on Delivery,13,2025-12-28 22:00
4197,5456,388133,Cash on Delivery,11,2025-08-08 07:00
4198,5457,816292,Wallet,21,2025-04-06 00:00
4199,5458,699143,Bank Transfer,28,2025-01-06 23:00
4200,5459,785657,Bank Transfer,13,2025-04-13 10:00
4201,5460,55889,Bank Transfer,24,2025-09-12 02:00
4202,5462,617950,Wallet,20,2025-08-10 00:00
4203,5463,354326,Cash on Delivery,28,2025-03-24 02:00
4204,5464,678662,Card,34,2025-05-02 17:00
4205,5465,203003,Cash on Delivery,15,2025-10-12 15:00
4206,5466,754490,Cash on Delivery,16,2025-02-20 13:00
4207,5468,778009,Card,40,2025-02-13 07:00
4208,5469,796783,Card,11,2025-11-26 14:00
4209,5471,428376,Wallet,31,2025-02-16 03:00
4210,5472,178525,Cash on Delivery,42,2025-05-11 10:00
4211,5473,728441,Wallet,6,2025-07-08 06:00
4212,5474,52832,Wallet,15,2025-04-14 19:00
4213,5475,463474,Cash on Delivery,43,2025-12-02 08:00
4214,5478,83436,Wallet,10,2025-08-07 10:00
4215,5479,542535,Cash on Delivery,23,2025-04-29 07:00
4216,5480,795060,Card,7,2025-04-10 14:00
4217,5481,36741,Wallet,23,2025-07-11 21:00
4218,5482,103417,Card,22,2025-02-19 20:00
4219,5483,643122,Cash on Delivery,21,2025-10-20 09:00
4220,5484,214353,Bank Transfer,22,2025-08-02 08:00
4221,5485,187751,Wallet,33,2025-08-23 03:00
4222,5486,25563,Cash on Delivery,44,2025-12-28 08:00
4223,5487,537725,Bank Transfer,39,2025-07-16 21:00
4224,5488,46157,Wallet,13,2025-09-04 05:00
4225,5489,611744,Wallet,38,2025-08-11 06:00
4226,5490,41090,Bank Transfer,23,2025-11-11 22:00
4227,5491,488904,Bank Transfer,13,2025-10-07 14:00
4228,5493,379694,Card,33,2025-12-19 13:00
4229,5494,829022,Cash on Delivery,11,2025-08-31 05:00
4230,5495,455119,Card,22,2025-01-11 03:00
4231,5500,225419,Wallet,24,2025-06-08 21:00
4232,5502,138521,Cash on Delivery,19,2025-11-14 02:00
4233,5503,298401,Bank Transfer,6,2025-02-28 22:00
4234,5507,372397,Bank Transfer,24,2025-11-28 19:00
4235,5508,467856,Bank Transfer,25,2025-08-11 05:00
4236,5509,716636,Card,35,2025-05-19 17:00
4237,5511,775338,Card,36,2025-12-24 06:00
4238,5512,7481,Card,32,2025-08-29 08:00
4239,5513,695630,Card,25,2025-05-28 13:00
4240,5514,396888,Bank Transfer,4,2025-03-20 19:00
4241,5515,220696,Cash on Delivery,8,2025-12-19 14:00
4242,5516,89838,Cash on Delivery,38,2025-03-16 14:00
4243,5517,270203,Card,40,2025-12-05 01:00
4244,5519,448212,Cash on Delivery,15,2025-04-04 22:00
4245,5520,437455,Card,22,2025-05-12 17:00
4246,5521,845706,Bank Transfer,13,2025-04-11 10:00
4247,5522,177518,Bank Transfer,27,2025-05-27 01:00
4248,5523,806502,Cash on Delivery,13,2025-01-15 00:00
4249,5524,123214,Card,19,2025-10-06 11:00
4250,5525,126906,Card,11,2025-04-19 17:00
4251,5527,57880,Cash on Delivery,30,2025-08-02 07:00
4252,5529,814241,Bank Transfer,1,2025-06-18 06:00
4253,5530,818456,Cash on Delivery,9,2025-10-16 13:00
4254,5532,794711,Wallet,35,2025-12-07 10:00
4255,5533,612307,Bank Transfer,8,2025-03-18 15:00
4256,5536,509126,Wallet,23,2025-06-18 19:00
4257,5537,543158,Card,41,2025-07-07 20:00
4258,5538,507891,Card,25,2025-11-15 20:00
4259,5539,460589,Cash on Delivery,3,2025-01-15 08:00
4260,5540,713789,Card,31,2025-09-23 02:00
4261,5541,160059,Wallet,27,2025-07-04 11:00
4262,5543,62076,Card,13,2025-08-10 03:00
4263,5544,660544,Cash on Delivery,41,2025-04-05 21:00
4264,5545,636514,Wallet,37,2025-12-30 21:00
4265,5546,575888,Card,28,2025-10-22 07:00
4266,5547,147112,Card,9,2025-01-02 08:00
4267,5548,267160,Bank Transfer,9,2025-03-24 12:00
4268,5549,456382,Cash on Delivery,18,2025-01-25 19:00
4269,5550,561684,Wallet,41,2025-07-14 08:00
4270,5551,599267,Cash on Delivery,4,2025-03-18 06:00
4271,5552,55672,Card,9,2025-11-07 10:00
4272,5553,84607,Cash on Delivery,18,2025-09-20 13:00
4273,5555,647274,Wallet,3,2025-09-26 15:00
4274,5556,784552,Bank Transfer,37,2025-11-15 00:00
4275,5558,722637,Bank Transfer,8,2025-11-11 23:00
4276,5559,35422,Wallet,6,2025-09-08 22:00
4277,5560,213734,Bank Transfer,27,2025-04-22 17:00
4278,5561,309017,Bank Transfer,17,2025-06-13 20:00
4279,5563,67627,Cash on Delivery,32,2026-01-07 01:00
4280,5565,576616,Wallet,27,2025-08-25 21:00
4281,5566,30257,Bank Transfer,26,2025-03-22 22:00
4282,5567,617886,Card,12,2025-04-11 08:00
4283,5568,268206,Card,36,2025-01-11 14:00
4284,5569,11255,Bank Transfer,22,2025-10-03 08:00
4285,5570,816844,Bank Transfer,33,2025-06-08 16:00
4286,5571,770902,Cash on Delivery,24,2025-11-17 20:00
4287,5572,838413,Card,1000,2025-01-15 22:00
4288,5574,115173,Bank Transfer,41,2025-06-17 13:00
4289,5576,330954,Bank Transfer,25,2025-09-28 11:00
4290,5577,79443,Cash on Delivery,19,2025-02-15 21:00
4291,5578,76674,Card,6,2025-01-09 05:00
4292,5579,371569,Cash on Delivery,4,2025-01-09 06:00
4293,5580,204028,Cash on Delivery,6,2025-04-12 16:00
4294,5582,184870,Bank Transfer,13,2025-01-29 02:00
4295,5583,604609,Wallet,999,2025-08-20 11:00
4296,5584,321502,Bank Transfer,31,2025-10-05 20:00
4297,5587,53950,Wallet,1,2025-03-19 03:00
4298,5588,186319,Cash on Delivery,26,2025-05-02 15:00
4299,5590,754676,Wallet,26,2025-12-25 18:00
4300,5591,509827,Bank Transfer,25,2025-03-23 10:00
4301,5592,239865,Bank Transfer,10,2025-03-14 10:00
4302,5593,310675,Wallet,3,2025-02-08 05:00
4303,5596,794233,Wallet,2,2025-01-09 21:00
4304,5597,247404,Card,37,2025-05-15 20:00
4305,5598,139644,Wallet,14,2025-03-23 23:00
4306,5599,627188,Cash on Delivery,9,2025-03-24 11:00
4307,5600,33496,Cash on Delivery,30,2025-05-01 21:00
4308,5601,592159,Bank Transfer,11,2025-11-18 15:00
4309,5602,20343,Bank Transfer,44,2025-10-10 08:00
4310,5603,642624,Cash on Delivery,32,2025-07-24 00:00
4311,5604,95975,Card,38,2025-05-14 18:00
4312,5606,537831,Card,34,2025-02-05 06:00
4313,5607,213033,Bank Transfer,19,2025-03-23 06:00
4314,5608,318162,Card,33,2025-11-07 12:00
4315,5609,207616,Card,35,2025-05-30 22:00
4316,5610,702317,Bank Transfer,25,2025-12-25 07:00
4317,5611,156356,Card,17,2025-04-13 16:00
4318,5612,354599,Wallet,1000,2025-06-11 15:00
4319,5613,103186,Card,28,2025-12-27 19:00
4320,5614,275284,Card,9,2025-01-22 08:00
4321,5615,356226,Wallet,2,2025-06-11 21:00
4322,5616,684672,Card,21,2025-07-01 17:00
4323,5618,736416,Wallet,40,2025-02-28 09:00
4324,5620,227474,Card,10,2025-06-29 17:00
4325,5621,653404,Cash on Delivery,20,2025-03-17 02:00
4326,5622,308338,Wallet,29,2025-06-21 07:00
4327,5623,731423,Bank Transfer,34,2025-10-25 00:00
4328,5624,417477,Wallet,3,2025-04-09 19:00
4329,5626,365543,Bank Transfer,37,2025-01-20 19:00
4330,5628,626491,Bank Transfer,30,2025-10-06 19:00
4331,5629,400299,Bank Transfer,19,2025-12-17 12:00
4332,5630,309811,Wallet,34,2025-08-12 15:00
4333,5632,86191,Bank Transfer,9,2025-04-02 03:00
4334,5633,636443,Bank Transfer,30,2025-02-02 18:00
4335,5635,630260,Wallet,16,2025-03-15 05:00
4336,5636,345627,Card,26,2025-02-14 08:00
4337,5637,187840,Card,43,2025-07-06 23:00
4338,5638,454742,Cash on Delivery,6,2025-07-30 01:00
4339,5640,608122,Card,32,2025-01-27 06:00
4340,5641,236301,Wallet,29,2025-09-30 00:00
4341,5642,232924,Wallet,1000,2025-04-29 19:00
4342,5643,685558,Bank Transfer,15,2025-11-16 10:00
4343,5644,199080,Wallet,24,2025-03-19 05:00
4344,5645,4756,Wallet,37,2025-11-22 14:00
4345,5646,572067,Wallet,42,2025-06-01 06:00
4346,5647,250686,Bank Transfer,3,2025-05-10 10:00
4347,5649,154452,Wallet,31,2025-07-17 11:00
4348,5651,439895,Wallet,33,2025-05-30 01:00
4349,5652,118856,Wallet,19,2025-02-17 15:00
4350,5653,483725,Card,35,2025-01-04 23:00
4351,5654,781626,Wallet,7,2025-11-30 05:00
4352,5656,291482,Card,29,2025-04-18 15:00
4353,5658,791179,Card,14,2025-11-27 04:00
4354,5659,752502,Card,30,2025-05-10 04:00
4355,5661,749027,Card,33,2025-06-13 10:00
4356,5662,545189,Bank Transfer,42,2025-02-20 12:00
4357,5663,251513,Wallet,999,2025-07-31 18:00
4358,5664,142460,Bank Transfer,10,2025-02-06 04:00
4359,5667,784958,Wallet,40,2025-09-30 23:00
4360,5668,843271,Wallet,13,2025-01-27 23:00
4361,5669,233809,Wallet,30,2025-09-25 14:00
4362,5670,545951,Cash on Delivery,1001,2025-11-18 02:00
4363,5671,459206,Card,17,2025-10-29 07:00
4364,5672,801291,Wallet,7,2025-11-10 01:00
4365,5673,315822,Cash on Delivery,22,2025-06-29 16:00
4366,5674,327094,Card,16,2025-12-22 14:00
4367,5675,715258,Bank Transfer,44,2025-10-13 07:00
4368,5676,463608,Wallet,32,2025-04-27 06:00
4369,5680,214172,Cash on Delivery,18,2025-04-20 14:00
4370,5681,590832,Card,32,2025-08-25 07:00
4371,5682,289974,Wallet,18,2025-07-24 14:00
4372,5684,256019,Bank Transfer,34,2025-07-20 04:00
4373,5685,289578,Bank Transfer,31,2025-06-08 02:00
4374,5686,25278,Cash on Delivery,32,2025-08-06 17:00
4375,5687,638724,Bank Transfer,4,2025-02-03 15:00
4376,5688,789967,Wallet,6,2025-04-16 20:00
4377,5689,171853,Bank Transfer,18,2025-11-05 21:00
4378,5691,83033,Wallet,36,2025-05-05 17:00
4379,5692,5603,Wallet,44,2025-04-08 06:00
4380,5696,637365,Cash on Delivery,6,2025-02-22 20:00
4381,5697,799144,Wallet,5,2025-07-23 15:00
4382,5698,787840,Wallet,27,2025-09-28 16:00
4383,5700,81371,Cash on Delivery,1,2025-06-20 07:00
4384,5702,213009,Card,21,2025-08-19 11:00
4385,5703,423918,Wallet,28,2025-09-06 03:00
4386,5704,278970,Cash on Delivery,18,2025-05-27 19:00
4387,5706,661699,Card,37,2025-11-08 01:00
4388,5707,298534,Card,22,2025-10-28 06:00
4389,5708,671161,Card,10,2025-07-05 00:00
4390,5709,745805,Bank Transfer,1001,2025-07-15 05:00
4391,5710,625431,Bank Transfer,9,2025-09-14 23:00
4392,5711,298057,Card,2,2025-05-18 07:00
4393,5712,467746,Bank Transfer,16,2025-02-15 12:00
4394,5713,631155,Bank Transfer,39,2025-01-19 18:00
4395,5714,332956,Card,41,2025-01-05 22:00
4396,5715,125727,Wallet,14,2025-08-08 08:00
4397,5716,295833,Wallet,13,2025-05-31 16:00
4398,5717,201887,Card,29,2025-04-08 15:00
4399,5718,179623,Cash on Delivery,23,2025-03-16 18:00
4400,5719,379913,Bank Transfer,43,2025-05-06 18:00
4401,5720,741271,Card,17,2025-09-30 08:00
4402,5722,430626,Bank Transfer,43,2025-01-15 15:00
4403,5726,89620,Card,42,2025-05-28 21:00
4404,5727,136526,Card,8,2025-06-08 01:00
4405,5728,353430,Bank Transfer,29,2025-04-04 04:00
4406,5729,679670,Bank Transfer,1,2025-06-10 02:00
4407,5730,463371,Wallet,42,2025-01-07 05:00
4408,5731,732362,Card,31,2025-01-11 07:00
4409,5732,498328,Wallet,5,2025-10-16 14:00
4410,5734,821192,Wallet,24,2025-01-24 20:00
4411,5735,220690,Bank Transfer,44,2025-01-21 16:00
4412,5736,94329,Cash on Delivery,36,2025-03-02 06:00
4413,5737,624332,Bank Transfer,44,2025-12-08 23:00
4414,5738,195136,Bank Transfer,34,2025-02-11 08:00
4415,5739,645751,Bank Transfer,12,2025-03-22 10:00
4416,5740,566320,Bank Transfer,5,2025-07-17 07:00
4417,5742,747593,Bank Transfer,37,2025-12-19 23:00
4418,5743,146019,Bank Transfer,13,2025-03-27 03:00
4419,5746,12284,Bank Transfer,15,2025-10-19 06:00
4420,5747,407856,Bank Transfer,4,2025-06-02 08:00
4421,5748,417951,Card,43,2025-09-22 22:00
4422,5749,380164,Wallet,41,2025-06-16 19:00
4423,5750,436499,Cash on Delivery,39,2025-06-02 08:00
4424,5751,262957,Bank Transfer,42,2025-08-29 16:00
4425,5754,412749,Card,13,2025-07-16 19:00
4426,5755,677254,Bank Transfer,36,2025-12-11 06:00
4427,5756,225272,Cash on Delivery,40,2025-04-02 12:00
4428,5757,235675,Wallet,28,2025-07-06 20:00
4429,5758,498411,Card,33,2025-09-15 18:00
4430,5759,664440,Card,36,2025-08-14 17:00
4431,5760,518496,Bank Transfer,38,2025-02-01 04:00
4432,5761,699099,Bank Transfer,36,2025-03-26 17:00
4433,5762,571903,Wallet,999,2025-06-25 22:00
4434,5763,345810,Card,24,2025-01-10 17:00
4435,5764,290455,Wallet,26,2025-12-04 19:00
4436,5765,495842,Wallet,24,2025-11-28 01:00
4437,5766,255509,Bank Transfer,42,2025-04-29 11:00
4438,5767,418204,Cash on Delivery,44,2025-08-05 15:00
4439,5768,218093,Bank Transfer,21,2025-06-10 08:00
4440,5769,353368,Wallet,11,2025-10-13 06:00
4441,5771,551811,Wallet,8,2025-04-26 15:00
4442,5772,474577,Cash on Delivery,21,2025-01-15 02:00
4443,5773,106554,Wallet,17,2025-07-06 04:00
4444,5774,364915,Card,2,2025-04-03 10:00
4445,5775,229641,Cash on Delivery,1,2025-12-24 14:00
4446,5776,721457,Bank Transfer,22,2025-04-26 21:00
4447,5777,283905,Bank Transfer,44,2025-09-22 13:00
4448,5780,836988,Wallet,25,2025-03-04 07:00
4449,5782,22201,Wallet,8,2025-08-21 15:00
4450,5783,748721,Cash on Delivery,7,2025-12-30 08:00
4451,5784,565055,Bank Transfer,12,2025-02-16 02:00
4452,5790,720559,Cash on Delivery,25,2025-02-05 22:00
4453,5791,10056,Bank Transfer,3,2025-08-24 07:00
4454,5792,651544,Bank Transfer,11,2025-03-20 00:00
4455,5793,412817,Cash on Delivery,22,2025-09-16 07:00
4456,5794,252694,Bank Transfer,34,2025-08-20 05:00
4457,5797,349911,Wallet,15,2025-09-05 17:00
4458,5798,608489,Card,39,2025-08-28 13:00
4459,5799,177320,Bank Transfer,11,2025-06-28 04:00
4460,5800,497184,Card,10,2025-07-23 02:00
4461,5801,47918,Cash on Delivery,14,2025-01-26 07:00
4462,5802,152257,Cash on Delivery,8,2025-10-27 02:00
4463,5803,257833,Bank Transfer,19,2025-08-14 16:00
4464,5804,171084,Card,5,2025-04-04 03:00
4465,5805,141321,Wallet,34,2025-03-02 04:00
4466,5806,400760,Card,3,2025-04-28 21:00
4467,5808,556689,Card,9,2025-11-04 03:00
4468,5809,353899,Bank Transfer,18,2025-07-02 14:00
4469,5810,369259,Bank Transfer,9,2025-09-25 10:00
4470,5812,184323,Card,37,2025-01-21 10:00
4471,5815,429424,Card,10,2025-06-05 23:00
4472,5816,378565,Card,34,2025-01-14 07:00
4473,5817,613389,Wallet,31,2025-06-24 22:00
4474,5818,201991,Card,26,2025-12-22 23:00
4475,5819,123166,Wallet,10,2025-06-03 18:00
4476,5820,444959,Cash on Delivery,26,2025-09-17 02:00
4477,5821,799858,Cash on Delivery,11,2025-07-23 11:00
4478,5822,281005,Bank Transfer,13,2025-11-24 11:00
4479,5823,103679,Card,32,2025-10-15 23:00
4480,5824,456794,Wallet,1,2025-09-11 12:00
4481,5825,647666,Card,15,2025-03-04 05:00
4482,5826,371367,Bank Transfer,8,2025-04-04 17:00
4483,5827,758299,Bank Transfer,21,2025-08-27 15:00
4484,5828,520591,Wallet,20,2025-11-08 05:00
4485,5831,29237,Cash on Delivery,44,2025-06-23 15:00
4486,5832,679663,Wallet,13,2025-05-27 16:00
4487,5833,8689,Bank Transfer,23,2025-10-18 04:00
4488,5834,453412,Card,23,2025-05-15 23:00
4489,5835,687595,Bank Transfer,29,2025-05-07 17:00
4490,5836,22786,Cash on Delivery,29,2025-04-03 09:00
4491,5837,649858,Card,14,2025-07-06 20:00
4492,5840,30363,Wallet,14,2025-07-07 04:00
4493,5842,10795,Wallet,12,2025-09-22 12:00
4494,5843,93751,Wallet,38,2025-11-19 23:00
4495,5844,552580,Cash on Delivery,16,2025-12-17 00:00
4496,5845,670746,Wallet,21,2025-05-04 18:00
4497,5848,748837,Cash on Delivery,38,2025-12-09 11:00
4498,5850,49030,Card,20,2025-07-25 17:00
4499,5851,397194,Wallet,32,2025-04-13 14:00
4500,5853,228118,Wallet,15,2025-09-29 08:00
4501,5855,339111,Wallet,2,2025-11-27 16:00
4502,5857,688846,Cash on Delivery,25,2025-06-15 08:00
4503,5860,364577,Wallet,21,2025-02-28 09:00
4504,5861,505446,Bank Transfer,15,2025-02-26 12:00
4505,5866,371196,Wallet,3,2025-07-31 12:00
4506,5867,71440,Cash on Delivery,1,2025-12-14 14:00
4507,5868,554405,Card,33,2025-03-28 12:00
4508,5869,22203,Bank Transfer,18,2025-06-26 15:00
4509,5870,608553,Cash on Delivery,5,2025-06-17 00:00
4510,5872,182176,Wallet,36,2025-04-15 08:00
4511,5873,283429,Cash on Delivery,39,2025-03-29 14:00
4512,5876,373752,Card,5,2025-03-17 01:00
4513,5877,226891,Bank Transfer,17,2025-02-10 20:00
4514,5880,339931,Cash on Delivery,19,2025-04-05 06:00
4515,5882,248101,Card,7,2025-05-08 20:00
4516,5883,490161,Card,25,2025-09-24 20:00
4517,5886,576119,Cash on Delivery,21,2025-05-07 09:00
4518,5887,749245,Bank Transfer,37,2025-03-17 17:00
4519,5888,444015,Card,33,2025-02-16 09:00
4520,5890,533548,Bank Transfer,25,2025-02-26 15:00
4521,5891,448419,Wallet,42,2025-01-21 12:00
4522,5892,601609,Bank Transfer,19,2025-06-24 04:00
4523,5893,121741,Cash on Delivery,34,2025-04-07 21:00
4524,5895,325008,Cash on Delivery,41,2025-05-06 19:00
4525,5896,555503,Bank Transfer,5,2025-08-01 01:00
4526,5897,87369,Cash on Delivery,24,2025-07-26 16:00
4527,5898,511573,Cash on Delivery,42,2025-04-25 21:00
4528,5899,222240,Wallet,9,2025-02-03 01:00
4529,5900,684543,Card,10,2025-04-02 07:00
4530,5901,459779,Bank Transfer,15,2025-12-11 16:00
4531,5902,619807,Card,39,2025-04-22 21:00
4532,5903,295975,Bank Transfer,10,2025-07-20 11:00
4533,5904,89328,Bank Transfer,37,2025-06-16 14:00
4534,5906,122536,Card,33,2025-06-29 15:00
4535,5907,738734,Cash on Delivery,20,2025-10-26 11:00
4536,5908,539290,Card,16,2025-11-20 21:00
4537,5910,635549,Bank Transfer,3,2025-08-12 09:00
4538,5912,639833,Wallet,9,2025-08-04 16:00
4539,5913,72419,Card,19,2025-04-20 23:00
4540,5915,450903,Cash on Delivery,3,2025-11-21 03:00
4541,5917,54294,Wallet,43,2025-07-23 18:00
4542,5918,277563,Bank Transfer,28,2025-06-04 06:00
4543,5919,848946,Bank Transfer,10,2025-07-15 19:00
4544,5920,8330,Wallet,14,2025-09-09 14:00
4545,5921,19917,Bank Transfer,11,2025-11-15 04:00
4546,5922,287252,Bank Transfer,8,2025-06-13 07:00
4547,5923,579971,Card,17,2025-03-06 14:00
4548,5924,422969,Bank Transfer,13,2025-03-11 16:00
4549,5925,434807,Card,13,2025-10-13 14:00
4550,5926,469970,Card,38,2025-07-09 16:00
4551,5927,385883,Card,30,2025-07-30 06:00
4552,5928,374333,Bank Transfer,24,2025-07-05 13:00
4553,5929,466452,Bank Transfer,28,2025-01-06 23:00
4554,5930,491097,Wallet,41,2025-05-12 19:00
4555,5932,321350,Cash on Delivery,25,2025-11-09 02:00
4556,5933,640836,Wallet,21,2025-04-13 08:00
4557,5934,743950,Wallet,3,2025-02-27 10:00
4558,5935,5880,Bank Transfer,22,2025-09-29 12:00
4559,5936,609091,Wallet,23,2025-03-04 04:00
4560,5937,379108,Cash on Delivery,10,2025-01-29 00:00
4561,5938,724437,Wallet,17,2026-01-03 19:00
4562,5939,575633,Card,40,2025-01-18 11:00
4563,5941,443496,Bank Transfer,38,2025-01-11 17:00
4564,5942,335143,Wallet,29,2025-09-22 05:00
4565,5943,417987,Wallet,20,2025-09-09 12:00
4566,5944,49560,Cash on Delivery,44,2025-01-30 14:00
4567,5945,661896,Wallet,29,2025-12-07 18:00
4568,5946,557445,Bank Transfer,13,2025-05-03 05:00
4569,5947,687893,Card,7,2025-08-21 01:00
4570,5948,487288,Wallet,4,2025-05-12 07:00
4571,5950,339496,Cash on Delivery,1,2025-07-09 00:00
4572,5951,449926,Cash on Delivery,15,2025-07-18 07:00
4573,5952,87081,Card,22,2025-03-06 12:00
4574,5953,253302,Wallet,37,2025-12-10 10:00
4575,5955,590766,Card,6,2025-09-07 23:00
4576,5957,413032,Cash on Delivery,1000,2025-12-08 16:00
4577,5958,675666,Cash on Delivery,31,2025-06-25 07:00
4578,5959,354612,Cash on Delivery,32,2025-04-27 08:00
4579,5961,588198,Cash on Delivery,16,2025-05-08 03:00
4580,5962,192938,Bank Transfer,16,2025-09-23 22:00
4581,5963,61901,Card,13,2025-10-24 06:00
4582,5964,774236,Bank Transfer,37,2025-06-23 15:00
4583,5965,465896,Cash on Delivery,7,2025-05-28 14:00
4584,5966,276502,Card,27,2025-03-30 18:00
4585,5967,106774,Bank Transfer,42,2025-06-25 06:00
4586,5970,178514,Card,14,2025-05-25 08:00
4587,5971,72315,Wallet,41,2025-02-13 13:00
4588,5972,59875,Card,23,2025-03-29 00:00
4589,5975,98622,Card,44,2025-11-12 02:00
4590,5977,419685,Wallet,4,2025-05-10 21:00
4591,5979,605233,Wallet,5,2025-07-07 20:00
4592,5981,411094,Wallet,3,2025-06-03 05:00
4593,5982,377657,Card,26,2025-07-11 09:00
4594,5983,380711,Bank Transfer,7,2025-04-07 17:00
4595,5985,25525,Wallet,34,2025-06-15 09:00
4596,5986,347147,Wallet,23,2025-09-04 01:00
4597,5988,347565,Wallet,13,2025-10-04 21:00
4598,5989,539092,Card,38,2025-08-16 12:00
4599,5990,81665,Card,3,2025-04-24 16:00
4600,5991,157595,Bank Transfer,40,2025-06-05 21:00
4601,5992,441231,Card,24,2025-01-06 04:00
4602,5993,8563,Card,42,2025-07-10 20:00
4603,5996,221829,Card,39,2025-05-01 11:00
4604,5997,528221,Bank Transfer,32,2025-02-06 12:00
4605,5998,616575,Bank Transfer,3,2025-09-28 16:00
4606,5999,752347,Card,11,2025-11-19 08:00
