record_id,student_id,module_code,exam_sitting_date,official_exam_score,verified_by
EXB00986,NLI-62982,DS501,20/09/2022,89,Dr. Adekunle Bello
EXB00768,NLI92346,ME301,2023-03-08,71,prof. chika nwosu
EXB01879,nli-148080,MT401,25-08-2024,35,dr. samuel okoro
EXB00960,165145,IT301,2021-02-07,34,prof. chika nwosu
EXB02421,22065,ST101,02/08/2021,72,dr. samuel okoro
EXB01499,nli-52238,IT201,17-08-2020,79,prof. chika nwosu
EXB01243,NLI-09269,CS401,18-02-2022,69,Dr. Adekunle Bello
EXB01514,NLI185250,EN101,2022-06-06,54,PROF. NGOZI EZE
EXB02456,72674,IT401,07-12-2019,74,prof. chika nwosu
EXB01089,NLI98853,MT101,2021-06-04,96,PROF. NGOZI EZE
EXB01818,NLI23201,MT501,07-03-2019,78,PROF. NGOZI EZE
EXB00803,NLI-104983,DS201,14-06-2019,86,prof. chika nwosu
EXB00161,NLI65874,EE501,20/05/2022,85,Dr. Adekunle Bello
EXB02396,NLI126058,EE201,2021-12-19,54,dr. samuel okoro
EXB00528,NLI06014,IT401,18/12/2022,36,Dr. Adekunle Bello
EXB02176,NLI164551,IT201,04/09/2020,23,prof. chika nwosu
EXB00850,54270,ME301,2023-06-09,33,Dr. Adekunle Bello
EXB02086,98715,EN101,2022-07-04,93,Dr Fatima Yusuf
EXB01465,96217,CS101,2020-11-08,98,PROF. NGOZI EZE
EXB01594,NLI-122273,DS201,2021-07-09,53,Dr Fatima Yusuf
EXB01741,NLI-155104,PH201,2023-05-27,35,PROF. NGOZI EZE
EXB00780,NLI-31336,EC101,22/05/2021,,PROF. NGOZI EZE
EXB02327,nli-97393,PH301,2022-07-02,41,prof. chika nwosu
EXB01766,NLI150618,MT401,13/05/2023,66,dr. samuel okoro
EXB02051,NLI-14484,EC501,25/06/2019,74,Dr Fatima Yusuf
EXB01341,NLI-36298,ST201,2020-06-10,49,Dr. Adekunle Bello
EXB01190,NLI-196412,PH501,11-06-2024,25,prof. chika nwosu
EXB01017,NLI-186268,DS101,27/05/2019,96,prof. chika nwosu
EXB01510,nli-92023,ME401,2022-08-02,78,dr. samuel okoro
EXB01238,NLI-172092,PH301,2023-12-28,,prof. chika nwosu
EXB00709,nli-128869,PH101,04-02-2023,34,Dr Fatima Yusuf
EXB01478,NLI-183447,MT101,17-10-2023,,Dr Fatima Yusuf
EXB00331,NLI-54622,EE401,11/05/2019,70,Dr. Adekunle Bello
EXB01442,19191,EN401,12-02-2020,41,prof. chika nwosu
EXB02152,NLI-177610,EE201,19/10/2019,,dr. samuel okoro
EXB01967,NLI-178669,EN101,15/05/2021,29,dr. samuel okoro
EXB00889,nli-172739,EC501,09/04/2022,63,PROF. NGOZI EZE
EXB01699,nli-139681,PH401,02-04-2024,,dr. samuel okoro
EXB01011,178229,ME101,08-04-2019,50,dr. samuel okoro
EXB00364,63418,PH101,13/02/2023,32,Dr Fatima Yusuf
EXB01170,nli-64166,EN301,22/11/2024,26,Dr. Adekunle Bello
EXB02598,nli-168646,MT201,26-03-2021,67,Dr. Adekunle Bello
EXB00344,nli-38857,EC301,07/05/2024,24,dr. samuel okoro
EXB00645,NLI10532,ME301,2024-10-15,34,Dr Fatima Yusuf
EXB01382,NLI154890,PH401,2019-04-06,34,dr. samuel okoro
EXB02318,101295,EE501,27-05-2021,74,prof. chika nwosu
EXB01233,NLI-169245,CS301,2022-10-26,57,dr. samuel okoro
EXB01572,nli-85476,ST201,2020-01-27,79,Dr. Adekunle Bello
EXB00464,NLI-66846,MT201,2024-03-05,29,PROF. NGOZI EZE
EXB00147,NLI79156,IT501,25/10/2019,41,Dr Fatima Yusuf
EXB00248,94537,EN301,05/12/2022,24,PROF. NGOZI EZE
EXB00373,NLI-77347,EC501,10-07-2020,97,prof. chika nwosu
EXB00893,NLI-161966,PH101,12-12-2021,25,Dr Fatima Yusuf
EXB01231,NLI-131696,CS101,05-11-2023,29,Dr. Adekunle Bello
EXB01759,NLI173481,MT401,04/08/2019,37,Dr Fatima Yusuf
EXB00878,127910,EN501,02-01-2022,66,Dr. Adekunle Bello
EXB00179,11348,PH501,07/02/2019,54,Dr. Adekunle Bello
EXB00110,NLI183330,EC101,2022-12-03,32,dr. samuel okoro
EXB01615,14333,EC501,15/10/2021,41,PROF. NGOZI EZE
EXB01774,NLI52432,EC401,23-12-2022,97,Dr. Adekunle Bello
EXB00582,NLI170516,IT401,27-04-2022,,dr. samuel okoro
EXB01744,NLI86266,ME301,23-03-2023,55,Dr Fatima Yusuf
EXB00442,NLI-07096,DS101,2022-11-13,113,PROF. NGOZI EZE
EXB02036,NLI-120441,ST201,07/06/2021,38,prof. chika nwosu
EXB02124,14962,ME101,2021-03-20,87,Dr. Adekunle Bello
EXB01428,126977,ME201,10/08/2019,,Dr. Adekunle Bello
EXB01684,NLI-39216,MT401,10-03-2021,73,PROF. NGOZI EZE
EXB00057,NLI-24646,CS101,2023-12-09,,Dr. Adekunle Bello
EXB00309,NLI93589,DS301,2023-08-28,70,dr. samuel okoro
EXB00918,nli-110633,IT501,2023-05-14,94,Dr. Adekunle Bello
EXB01791,NLI-27347,ST401,07-05-2023,,Dr. Adekunle Bello
EXB01390,NLI-121480,IT501,2019-08-18,21,PROF. NGOZI EZE
EXB00785,nli-159138,DS401,08-01-2019,26,dr. samuel okoro
EXB01864,NLI-66084,MT401,09/07/2019,,Dr Fatima Yusuf
EXB01007,51050,ST501,2020-10-10,34,PROF. NGOZI EZE
EXB01431,nli-164986,ST401,2024-02-23,54,dr. samuel okoro
EXB01601,nli-26313,CS301,2024-03-14,25,prof. chika nwosu
EXB01656,NLI-189940,EN101,2020-03-13,87,Dr. Adekunle Bello
EXB01771,nli-27538,PH101,2024-10-25,,Dr Fatima Yusuf
EXB00304,191079,ST401,07-07-2021,53,PROF. NGOZI EZE
EXB00992,NLI-154344,EE201,2021-03-14,86,PROF. NGOZI EZE
EXB00239,107766,CS201,09-10-2023,7,dr. samuel okoro
EXB01727,NLI-132487,CS101,2024-05-13,93,Dr. Adekunle Bello
EXB02369,199484,ST101,16/04/2021,23,prof. chika nwosu
EXB01391,nli-189722,MT201,2021-07-28,81,Dr Fatima Yusuf
EXB00129,NLI-132739,EC201,14-04-2022,77,Dr. Adekunle Bello
EXB01463,68183,DS401,2022-03-03,47,Dr Fatima Yusuf
EXB02438,63669,PH501,16/11/2019,34,prof. chika nwosu
EXB00054,100197,EN401,03/01/2023,88,Dr Fatima Yusuf
EXB02418,53976,IT501,27-04-2021,95,prof. chika nwosu
EXB00404,92784,EE301,19/01/2023,54,prof. chika nwosu
EXB00452,NLI-26754,MT501,2021-11-15,30,Dr. Adekunle Bello
EXB02407,161790,ST301,28-03-2020,73,dr. samuel okoro
EXB02362,NLI-84571,EN101,2023-10-01,48,Dr Fatima Yusuf
EXB02274,NLI-29574,MT101,06-04-2019,22,PROF. NGOZI EZE
EXB00904,NLI-184624,EE201,15/02/2023,48,PROF. NGOZI EZE
EXB00651,nli-98775,PH401,10/07/2024,83,Dr. Adekunle Bello
EXB01047,NLI-78773,MT401,2024-05-07,65,PROF. NGOZI EZE
EXB01258,65571,IT101,09/08/2020,62,Dr. Adekunle Bello
EXB02137,81604,EC501,11-03-2019,33,prof. chika nwosu
EXB01497,nli-125610,EE301,2024-05-15,71,Dr. Adekunle Bello
EXB00377,NLI-91645,IT401,22-03-2019,21,prof. chika nwosu
EXB00521,NLI-49873,IT101,11-02-2022,74,Dr. Adekunle Bello
EXB01862,11516,EE401,2022-07-02,38,Dr Fatima Yusuf
EXB00142,14576,ME301,09/11/2021,46,Dr. Adekunle Bello
EXB01282,nli-173912,ST101,18-02-2019,47,dr. samuel okoro
EXB01737,74982,PH201,12/01/2021,,PROF. NGOZI EZE
EXB01232,NLI77180,IT401,2021-12-09,,Dr Fatima Yusuf
EXB00021,nli-156312,CS401,2019-11-10,66,Dr Fatima Yusuf
EXB02220,NLI90072,PH301,05/10/2021,89,PROF. NGOZI EZE
EXB00016,NLI89561,ST501,2021-10-23,98,prof. chika nwosu
EXB01825,NLI-107818,ME301,05/10/2019,57,Dr Fatima Yusuf
EXB01247,NLI-51449,DS201,2022-06-03,65,prof. chika nwosu
EXB00290,nli-135408,MT401,17-01-2023,87,Dr Fatima Yusuf
EXB00070,NLI-52918,EN201,10/07/2020,27,prof. chika nwosu
EXB01494,NLI-14638,MT101,07/01/2021,43,dr. samuel okoro
EXB02321,NLI83805,IT101,16/12/2023,23,prof. chika nwosu
EXB01894,NLI75482,DS401,20-09-2021,52,prof. chika nwosu
EXB01948,nli-155523,EE101,08/02/2019,46,PROF. NGOZI EZE
EXB00839,NLI-16757,EN501,24/06/2022,89,prof. chika nwosu
EXB02478,65507,DS301,16-11-2021,39,dr. samuel okoro
EXB00924,nli-16775,EN201,04/02/2024,,Dr Fatima Yusuf
EXB01327,170817,EE401,06/09/2022,67,PROF. NGOZI EZE
EXB01292,NLI15503,EE201,2019-02-22,40,prof. chika nwosu
EXB00897,NLI-149543,CS301,27/11/2019,41,PROF. NGOZI EZE
EXB02008,167460,IT201,12/06/2020,56,prof. chika nwosu
EXB01370,nli-82460,EC401,05/02/2019,57,Dr Fatima Yusuf
EXB00568,41448,CS501,24/10/2022,,dr. samuel okoro
EXB02149,NLI198215,DS501,2024-06-01,76,Dr Fatima Yusuf
EXB01218,NLI-34832,CS101,2019-01-09,35,PROF. NGOZI EZE
EXB01545,163629,MT401,07/10/2021,35,dr. samuel okoro
EXB02461,84289,ST501,01-07-2022,85,prof. chika nwosu
EXB02364,NLI-72859,EC201,16-08-2024,89,prof. chika nwosu
EXB00800,195495,EC101,2023-06-03,31,Dr Fatima Yusuf
EXB01027,NLI-80253,CS101,23/07/2019,47,dr. samuel okoro
EXB00694,nli-138018,DS201,2021-11-11,62,Dr Fatima Yusuf
EXB00853,186419,PH401,09-01-2020,97,PROF. NGOZI EZE
EXB00624,NLI-173785,EC201,2021-11-01,95,Dr. Adekunle Bello
EXB01077,88612,MT101,01/03/2024,17,prof. chika nwosu
EXB00118,NLI-95122,ME401,04/12/2023,69,Dr. Adekunle Bello
EXB00426,NLI105816,IT201,04-12-2022,77,Dr Fatima Yusuf
EXB00817,21875,DS101,08-03-2020,45,prof. chika nwosu
EXB00232,NLI-147841,DS101,2024-07-14,57,prof. chika nwosu
EXB00175,NLI194610,PH101,24/03/2020,30,dr. samuel okoro
EXB01555,76592,IT501,17/07/2023,45,dr. samuel okoro
EXB01193,NLI-80128,EC401,13/01/2020,26,PROF. NGOZI EZE
EXB01930,NLI-187685,PH201,2021-04-16,87,PROF. NGOZI EZE
EXB02279,NLI-162472,CS501,2019-05-22,27,PROF. NGOZI EZE
EXB01824,NLI-01410,EC501,04/12/2024,58,dr. samuel okoro
EXB02011,12647,EN101,19/10/2022,54,prof. chika nwosu
EXB01562,19106,ST401,05/03/2020,99,prof. chika nwosu
EXB02119,NLI20181,CS301,2023-12-19,78,prof. chika nwosu
EXB01179,72941,ST501,27/06/2023,50,dr. samuel okoro
EXB02405,NLI-10449,MT201,13/11/2021,24,dr. samuel okoro
EXB02435,NLI-57076,MT301,08/06/2019,29,Dr. Adekunle Bello
EXB00140,NLI-160600,ME401,24/05/2022,58,dr. samuel okoro
EXB00552,NLI-113527,ST201,2021-06-06,73,dr. samuel okoro
EXB00225,nli-74892,ST201,27-09-2019,97,Dr Fatima Yusuf
EXB01171,NLI-140748,MT501,2021-05-17,34,prof. chika nwosu
EXB00578,NLI-101918,ME501,2024-11-16,92,dr. samuel okoro
EXB01044,20707,EN301,2024-09-21,70,prof. chika nwosu
EXB02427,164742,DS201,11/06/2023,,Dr Fatima Yusuf
EXB01567,NLI104775,MT201,28/10/2024,73,prof. chika nwosu
EXB01979,nli-176652,MT401,14-02-2023,71,Dr. Adekunle Bello
EXB01694,23890,ST301,2022-03-18,28,Dr Fatima Yusuf
EXB01152,nli-00996,CS301,20/03/2022,61,dr. samuel okoro
EXB00936,NLI80695,ST101,22-09-2020,35,prof. chika nwosu
EXB00325,NLI-157253,DS101,2019-01-13,73,prof. chika nwosu
EXB02307,nli-142423,MT401,09/12/2021,43,dr. samuel okoro
EXB01723,NLI-45988,EN301,2020-05-02,76,dr. samuel okoro
EXB01612,NLI-02993,ME301,25-02-2020,,Dr. Adekunle Bello
EXB00710,NLI132648,EC501,13/02/2023,57,PROF. NGOZI EZE
EXB01515,150405,EE101,02-03-2021,40,PROF. NGOZI EZE
EXB02458,NLI-19930,EC201,16-09-2024,35,prof. chika nwosu
EXB00594,170791,CS201,10-08-2021,62,Dr Fatima Yusuf
EXB02494,NLI-154041,ST501,03-01-2023,99,Dr. Adekunle Bello
EXB01517,NLI-165250,ME501,2023-09-01,74,Dr. Adekunle Bello
EXB01042,114494,IT401,2021-12-10,86,Dr. Adekunle Bello
EXB00403,76722,EN401,28/11/2022,96,Dr. Adekunle Bello
EXB01451,NLI-59124,EE201,15/10/2022,42,PROF. NGOZI EZE
EXB01666,NLI-62602,EN201,2020-02-19,51,prof. chika nwosu
EXB01543,NLI142444,DS501,28/10/2022,68,Dr Fatima Yusuf
EXB00884,nli-71508,ST201,11/08/2019,95,Dr Fatima Yusuf
EXB02557,NLI-98116,ME101,28-06-2022,95,prof. chika nwosu
EXB01036,NLI-107434,PH401,2020-08-04,32,Dr Fatima Yusuf
EXB02143,48857,IT501,18-09-2020,24,dr. samuel okoro
EXB02434,NLI-158578,MT101,12-11-2024,94,prof. chika nwosu
EXB01302,NLI-179332,ST301,14-11-2023,38,PROF. NGOZI EZE
EXB01977,NLI187523,PH201,06-12-2024,58,Dr. Adekunle Bello
EXB01677,nli-152346,ME301,10/01/2023,65,PROF. NGOZI EZE
EXB00210,131765,EN201,2020-10-09,64,Dr. Adekunle Bello
EXB02489,nli-145385,DS501,14/07/2021,79,dr. samuel okoro
EXB00863,NLI-09150,EC301,2020-06-09,62,PROF. NGOZI EZE
EXB00431,NLI-54462,CS401,18/06/2020,91,Dr. Adekunle Bello
EXB00501,22264,EE401,2020-11-01,45,PROF. NGOZI EZE
EXB00731,NLI110421,EC301,05/07/2023,44,PROF. NGOZI EZE
EXB00128,NLI99537,CS301,08/04/2021,71,dr. samuel okoro
EXB00094,128927,ST201,21/01/2019,91,prof. chika nwosu
EXB00911,NLI-56424,CS101,2024-12-27,25,Dr. Adekunle Bello
EXB00919,195334,CS401,01-01-2024,,prof. chika nwosu
EXB00221,80280,CS401,2021-07-23,21,prof. chika nwosu
EXB00961,NLI-176578,PH401,08-07-2022,91,dr. samuel okoro
EXB00920,NLI-22008,EN301,03-08-2024,96,PROF. NGOZI EZE
EXB00433,NLI-95016,EN501,2021-08-19,33,Dr. Adekunle Bello
EXB02587,NLI162500,CS201,05-07-2022,78,prof. chika nwosu
EXB01040,NLI-61457,IT101,2021-06-26,,Dr Fatima Yusuf
EXB01827,NLI-160983,PH301,2019-07-03,20,prof. chika nwosu
EXB01358,nli-65468,PH101,2020-11-13,46,Dr Fatima Yusuf
EXB01328,NLI-55945,PH501,2022-08-14,56,PROF. NGOZI EZE
EXB02436,NLI-170990,EE201,2019-07-03,89,dr. samuel okoro
EXB01073,NLI-168977,MT401,2022-02-04,85,Dr. Adekunle Bello
EXB01033,NLI-190696,DS201,2019-01-23,39,Dr. Adekunle Bello
EXB00658,NLI-19339,EC501,20/01/2019,74,PROF. NGOZI EZE
EXB02270,NLI137052,IT301,24-07-2022,74,Dr Fatima Yusuf
EXB02038,nli-13867,MT401,05/05/2022,75,Dr. Adekunle Bello
EXB00488,nli-102954,IT101,04/04/2023,88,prof. chika nwosu
EXB02200,NLI82712,CS401,15-10-2019,78,dr. samuel okoro
EXB00626,166278,CS201,11/06/2019,70,prof. chika nwosu
EXB02480,99522,DS401,11/01/2020,62,Dr Fatima Yusuf
EXB02428,NLI86057,EE201,03/06/2021,35,PROF. NGOZI EZE
EXB02375,NLI-195135,CS101,07-03-2019,82,Dr Fatima Yusuf
EXB01657,NLI58851,ME101,10/08/2021,63,Dr. Adekunle Bello
EXB02284,19701,IT401,17-02-2022,,dr. samuel okoro
EXB00019,nli-166989,CS301,01-12-2023,38,Dr Fatima Yusuf
EXB02259,NLI-189816,EE301,06/01/2020,76,Dr Fatima Yusuf
EXB02032,NLI-188013,EE101,2022-03-23,34,Dr. Adekunle Bello
EXB01929,75724,MT101,2020-06-16,69,prof. chika nwosu
EXB00890,nli-104386,PH301,17/08/2022,83,Dr Fatima Yusuf
EXB00789,nli-105980,EC301,17/07/2022,94,Dr Fatima Yusuf
EXB00217,nli-44033,ME201,17/05/2023,54,Dr Fatima Yusuf
EXB01765,NLI31953,EN201,2023-01-07,21,prof. chika nwosu
EXB00627,NLI-146197,EN201,2022-09-17,100,prof. chika nwosu
EXB00864,163290,EC201,21/05/2020,35,Dr Fatima Yusuf
EXB02127,nli-192045,EE501,2024-03-07,77,Dr Fatima Yusuf
EXB00841,NLI-62211,EE501,05/03/2019,81,prof. chika nwosu
EXB00026,36090,EN301,27/03/2024,71,Dr Fatima Yusuf
EXB02345,NLI104285,EE201,28/01/2022,30,dr. samuel okoro
EXB00134,NLI-97729,IT401,2021-08-11,75,PROF. NGOZI EZE
EXB01725,NLI114214,PH501,23-06-2020,65,PROF. NGOZI EZE
EXB02585,NLI-104921,MT401,11/09/2020,85,PROF. NGOZI EZE
EXB01397,NLI-184309,ME201,27-06-2024,31,PROF. NGOZI EZE
EXB01814,NLI-48031,CS101,19/06/2023,66,dr. samuel okoro
EXB01647,193533,IT301,08/08/2019,70,dr. samuel okoro
EXB00358,NLI-35646,ST201,19/02/2022,98,dr. samuel okoro
EXB00313,NLI-118009,PH501,13-03-2021,77,dr. samuel okoro
EXB00417,161805,IT501,06/06/2023,0,Dr. Adekunle Bello
EXB01926,nli-175507,EC401,26-03-2021,73,Dr. Adekunle Bello
EXB01384,nli-180698,EC501,26/04/2019,71,PROF. NGOZI EZE
EXB00066,nli-132758,EN301,24-03-2020,,Dr Fatima Yusuf
EXB00873,NLI58775,CS301,20-11-2022,,Dr Fatima Yusuf
EXB00050,NLI-160205,EC101,26/03/2023,87,Dr. Adekunle Bello
EXB01844,NLI145639,ST401,22-12-2023,72,prof. chika nwosu
EXB01445,nli-155011,CS501,2019-10-08,34,Dr Fatima Yusuf
EXB00428,NLI-179911,CS401,2019-09-02,35,PROF. NGOZI EZE
EXB00522,NLI82291,ST101,26-08-2021,60,dr. samuel okoro
EXB01261,nli-183719,CS301,15/04/2022,97,Dr Fatima Yusuf
EXB01024,NLI-76434,ST101,02/07/2023,75,prof. chika nwosu
EXB00946,nli-78675,IT501,27-09-2023,35,PROF. NGOZI EZE
EXB01838,nli-43052,ME101,04/04/2024,67,PROF. NGOZI EZE
EXB00268,nli-65379,CS401,11/09/2021,41,Dr Fatima Yusuf
EXB02170,NLI-153362,IT301,2019-02-07,67,dr. samuel okoro
EXB00391,NLI-169955,IT401,2024-07-09,60,Dr Fatima Yusuf
EXB01634,nli-44700,DS501,03/08/2022,,prof. chika nwosu
EXB01118,NLI-38121,EE401,2024-02-16,27,PROF. NGOZI EZE
EXB02463,NLI35424,EN201,2023-05-09,88,dr. samuel okoro
EXB01869,nli-11860,ME301,03-09-2021,95,PROF. NGOZI EZE
EXB01416,NLI-18588,EE201,13/07/2019,62,PROF. NGOZI EZE
EXB00743,nli-84934,IT301,2019-12-22,,PROF. NGOZI EZE
EXB02258,NLI172939,IT201,10/01/2020,86,prof. chika nwosu
EXB01322,NLI176786,IT101,2024-04-18,74,Dr. Adekunle Bello
EXB01697,127072,EC301,16/01/2019,100,Dr Fatima Yusuf
EXB00508,nli-81029,ST301,21/05/2020,75,PROF. NGOZI EZE
EXB00218,nli-195368,ST301,18/02/2022,28,Dr Fatima Yusuf
EXB01508,175946,IT401,23/08/2024,94,Dr. Adekunle Bello
EXB01294,NLI-82271,EE101,2022-04-02,58,PROF. NGOZI EZE
EXB00659,61401,MT401,10/12/2024,44,Dr Fatima Yusuf
EXB02294,NLI101160,MT501,13/09/2024,38,PROF. NGOZI EZE
EXB01220,NLI-58900,ST501,05/02/2021,32,Dr. Adekunle Bello
EXB01396,nli-165756,EN301,16-02-2020,75,Dr Fatima Yusuf
EXB01579,156889,ME201,12-08-2022,49,Dr. Adekunle Bello
EXB00842,NLI49194,EC401,22/03/2023,88,Dr. Adekunle Bello
EXB02575,NLI-19024,IT301,2022-04-26,69,Dr. Adekunle Bello
EXB00843,nli-32130,ME201,04-01-2021,35,PROF. NGOZI EZE
EXB00458,NLI-19542,DS501,19-11-2021,42,prof. chika nwosu
EXB00755,NLI-176516,DS501,2023-02-24,26,prof. chika nwosu
EXB00007,142560,DS201,16/05/2021,-8,Dr Fatima Yusuf
EXB00041,NLI42081,IT501,21-09-2019,90,PROF. NGOZI EZE
EXB02123,90520,ST201,2021-09-23,45,Dr Fatima Yusuf
EXB01863,NLI-141251,EN101,2024-01-15,28,Dr. Adekunle Bello
EXB01998,41824,EE401,2024-07-20,23,Dr Fatima Yusuf
EXB02554,nli-84973,CS101,10-07-2022,78,dr. samuel okoro
EXB02237,NLI136883,MT501,15/07/2023,90,prof. chika nwosu
EXB01455,NLI70475,DS301,2022-02-07,57,Dr. Adekunle Bello
EXB00754,NLI-90471,EC401,01-11-2022,31,Dr Fatima Yusuf
EXB02093,NLI-08113,EN301,15/03/2020,49,Dr Fatima Yusuf
EXB01161,NLI68817,MT401,2019-07-02,26,prof. chika nwosu
EXB01670,nli-10579,MT401,2020-10-21,66,dr. samuel okoro
EXB02473,NLI129875,ME401,06-10-2022,40,dr. samuel okoro
EXB01640,197037,EN501,09/12/2022,88,PROF. NGOZI EZE
EXB01100,NLI-143863,DS401,2023-05-24,57,Dr. Adekunle Bello
EXB01098,nli-24491,MT301,17/08/2019,64,PROF. NGOZI EZE
EXB02440,NLI18622,MT301,05-03-2023,40,Dr Fatima Yusuf
EXB00753,NLI-184367,CS101,2019-07-03,41,Dr Fatima Yusuf
EXB02282,49210,EC401,03/05/2023,-20,Dr Fatima Yusuf
EXB02311,NLI-09262,EC401,26-11-2022,58,prof. chika nwosu
EXB00930,44642,ST501,25-08-2019,41,Dr. Adekunle Bello
EXB01675,NLI-197739,MT301,18/06/2020,98,Dr. Adekunle Bello
EXB00971,NLI46364,ST401,14/06/2022,37,dr. samuel okoro
EXB00390,NLI160399,CS101,2019-03-06,38,Dr Fatima Yusuf
EXB01574,NLI-141496,EN501,14/01/2020,40,dr. samuel okoro
EXB01280,NLI198734,EC401,2019-04-27,83,PROF. NGOZI EZE
EXB02269,NLI159729,MT201,2021-08-13,51,Dr Fatima Yusuf
EXB02596,nli-19935,ST301,15/06/2019,83,prof. chika nwosu
EXB00537,NLI-11930,IT101,12/03/2024,51,PROF. NGOZI EZE
EXB00564,NLI-08293,EC301,25-07-2022,56,dr. samuel okoro
EXB01069,NLI-144422,PH501,18/10/2021,63,dr. samuel okoro
EXB01133,NLI114764,MT201,25-03-2019,62,Dr Fatima Yusuf
EXB00372,02527,EN201,11/10/2024,93,prof. chika nwosu
EXB00506,44617,IT501,17/06/2022,40,PROF. NGOZI EZE
EXB00410,NLI00774,CS301,14-11-2019,50,Dr Fatima Yusuf
EXB01533,193334,CS401,26-01-2024,,Dr. Adekunle Bello
EXB02153,NLI95427,ST201,18/02/2020,68,dr. samuel okoro
EXB01343,NLI136257,MT101,18-09-2023,58,prof. chika nwosu
EXB00028,nli-177276,EC401,2019-11-26,70,dr. samuel okoro
EXB00348,NLI-53267,MT101,01/08/2024,32,dr. samuel okoro
EXB02591,nli-30336,CS301,08-05-2022,97,Dr. Adekunle Bello
EXB02406,NLI-196379,MT501,13-01-2021,51,Dr. Adekunle Bello
EXB01424,NLI-43727,CS401,01/10/2023,56,Dr. Adekunle Bello
EXB02196,nli-90895,EE401,2020-12-25,55,prof. chika nwosu
EXB01810,NLI-131136,MT101,09/08/2021,25,prof. chika nwosu
EXB01255,NLI103706,CS301,16/06/2023,48,dr. samuel okoro
EXB02174,nli-32534,EE301,2021-08-16,23,Dr Fatima Yusuf
EXB00151,NLI-187322,IT401,22/10/2020,114,Dr Fatima Yusuf
EXB01949,NLI-163409,ME301,02-11-2023,54,PROF. NGOZI EZE
EXB01462,180704,EC101,11-03-2020,32,PROF. NGOZI EZE
EXB01038,NLI-146543,CS501,2024-07-20,70,Dr Fatima Yusuf
EXB02599,11090,EN101,2022-12-25,29,Dr. Adekunle Bello
EXB01840,NLI-123192,MT301,21/09/2022,73,prof. chika nwosu
EXB00723,NLI-113185,DS301,11/02/2024,29,prof. chika nwosu
EXB00424,NLI-141632,IT101,25/05/2019,99,dr. samuel okoro
EXB00862,nli-199991,PH401,21-06-2023,94,Dr. Adekunle Bello
EXB00628,NLI-127143,PH401,09/02/2020,45,PROF. NGOZI EZE
EXB00804,NLI19450,ME301,2024-11-19,47,prof. chika nwosu
EXB01513,NLI-34304,CS501,2022-07-14,65,prof. chika nwosu
EXB02519,NLI121651,EC501,2020-06-04,38,Dr Fatima Yusuf
EXB00857,NLI-160473,IT201,04-07-2020,100,dr. samuel okoro
EXB01485,NLI-88680,EE401,04/06/2020,83,prof. chika nwosu
EXB00529,NLI-176518,DS201,11/05/2022,36,PROF. NGOZI EZE
EXB01980,NLI-173394,CS201,2023-07-11,87,prof. chika nwosu
EXB00770,33178,ME201,10-01-2019,33,Dr Fatima Yusuf
EXB02110,nli-124462,IT301,16/10/2024,,dr. samuel okoro
EXB02338,172612,ME201,13/08/2021,41,Dr Fatima Yusuf
EXB01482,NLI105115,CS201,2024-05-03,78,prof. chika nwosu
EXB02500,NLI190811,IT401,17/03/2021,44,Dr. Adekunle Bello
EXB00868,NLI-87555,ST201,19/05/2019,32,prof. chika nwosu
EXB00122,NLI-199886,EE501,23-09-2024,80,Dr Fatima Yusuf
EXB02058,nli-24465,DS301,24/10/2020,55,PROF. NGOZI EZE
EXB01966,nli-38333,IT301,2024-06-15,76,PROF. NGOZI EZE
EXB02028,NLI93006,CS301,01-02-2019,99,dr. samuel okoro
EXB00494,NLI00095,DS201,28-12-2019,21,dr. samuel okoro
EXB01756,NLI09435,EC201,2022-12-08,116,prof. chika nwosu
EXB00113,122189,ST501,26/07/2024,26,Dr Fatima Yusuf
EXB00469,NLI-22027,DS401,2022-06-03,73,prof. chika nwosu
EXB01072,nli-119566,ST301,07/07/2019,90,Dr Fatima Yusuf
EXB02211,04706,ST501,2023-01-17,65,PROF. NGOZI EZE
EXB01632,160036,IT101,06/12/2023,76,prof. chika nwosu
EXB01720,NLI-05026,ME101,2021-06-16,61,dr. samuel okoro
EXB01680,NLI89387,DS201,22-09-2022,30,Dr. Adekunle Bello
EXB00035,nli-188569,EE201,2021-08-09,90,Dr. Adekunle Bello
EXB00749,NLI149088,DS101,27/06/2022,98,dr. samuel okoro
EXB02572,nli-31085,ST501,07/05/2023,28,prof. chika nwosu
EXB00097,59439,EE401,22/05/2022,30,PROF. NGOZI EZE
EXB00024,nli-16479,IT201,02/02/2023,76,dr. samuel okoro
EXB01250,NLI74151,ME301,19-01-2019,85,dr. samuel okoro
EXB00958,02835,CS401,2023-07-22,96,Dr Fatima Yusuf
EXB00165,NLI152502,ME201,18/10/2023,45,dr. samuel okoro
EXB01157,NLI177166,IT501,04-07-2024,91,Dr Fatima Yusuf
EXB00887,NLI-77812,ST401,2023-06-07,75,PROF. NGOZI EZE
EXB01426,132024,EC401,13/04/2024,83,Dr. Adekunle Bello
EXB00382,nli-98585,ME201,09-05-2022,100,dr. samuel okoro
EXB00869,63840,CS401,2023-02-08,48,PROF. NGOZI EZE
EXB00990,NLI-119479,DS201,20/05/2019,38,Dr Fatima Yusuf
EXB01718,nli-133667,ST501,05-01-2021,92,prof. chika nwosu
EXB01088,NLI-93033,EE101,12-02-2021,70,Dr Fatima Yusuf
EXB02309,NLI-127835,PH401,15-06-2019,88,dr. samuel okoro
EXB02303,nli-169661,DS101,15/03/2024,47,prof. chika nwosu
EXB01522,68877,ME301,12/10/2024,38,PROF. NGOZI EZE
EXB01423,NLI183614,EE301,2022-06-15,54,dr. samuel okoro
EXB00125,101399,DS301,2021-08-26,92,Dr. Adekunle Bello
EXB01801,NLI-176847,CS301,16-02-2022,71,Dr Fatima Yusuf
EXB01751,NLI53894,IT501,2024-01-22,58,PROF. NGOZI EZE
EXB01831,NLI-82215,DS401,17-04-2024,73,Dr Fatima Yusuf
EXB00823,NLI193712,DS401,2020-12-25,96,PROF. NGOZI EZE
EXB00062,85399,MT401,2020-04-05,28,Dr. Adekunle Bello
EXB02025,NLI-193918,EC401,09/10/2020,55,Dr Fatima Yusuf
EXB02583,NLI-50778,EE101,22-06-2021,70,dr. samuel okoro
EXB00053,nli-97858,PH101,27/11/2023,37,Dr. Adekunle Bello
EXB00914,46421,CS501,27-12-2019,47,PROF. NGOZI EZE
EXB00726,NLI-105086,EC301,27-08-2021,61,dr. samuel okoro
EXB00719,169333,MT101,2019-12-21,84,Dr Fatima Yusuf
EXB02293,NLI-149470,EE101,01-08-2023,47,prof. chika nwosu
EXB02068,NLI-157954,ST401,13/02/2024,87,prof. chika nwosu
EXB00747,nli-184301,EN301,24/09/2022,88,PROF. NGOZI EZE
EXB02062,nli-197335,ST301,2023-02-15,91,PROF. NGOZI EZE
EXB02097,195854,IT101,2024-01-23,57,dr. samuel okoro
EXB01053,nli-50438,DS201,08-05-2019,22,Dr Fatima Yusuf
EXB00515,NLI150768,DS201,05/08/2024,86,PROF. NGOZI EZE
EXB01270,NLI199266,EC401,2019-05-05,71,prof. chika nwosu
EXB01758,144006,ST301,27/10/2020,29,Dr Fatima Yusuf
EXB00396,NLI-97526,EE101,2023-09-07,89,dr. samuel okoro
EXB00530,38550,ST201,04/09/2024,23,Dr. Adekunle Bello
EXB02374,NLI-07832,CS501,20-07-2020,68,dr. samuel okoro
EXB01650,NLI42146,MT101,2023-04-27,73,dr. samuel okoro
EXB01892,13897,PH301,23-01-2023,40,Dr Fatima Yusuf
EXB02323,NLI-63790,EC101,15-11-2019,93,PROF. NGOZI EZE
EXB01750,06101,MT201,2020-03-23,63,PROF. NGOZI EZE
EXB01177,nli-145098,PH401,2024-09-14,32,dr. samuel okoro
EXB01060,nli-80211,MT401,02/03/2022,79,Dr Fatima Yusuf
EXB02004,NLI193240,MT101,2022-07-21,37,Dr Fatima Yusuf
EXB00228,nli-27396,CS201,18-05-2019,86,Dr. Adekunle Bello
EXB01914,NLI-178484,EC401,2022-12-14,51,dr. samuel okoro
EXB01339,65640,PH101,2024-08-28,51,Dr Fatima Yusuf
EXB00956,NLI06834,ST501,2023-11-26,70,Dr Fatima Yusuf
EXB02235,NLI144071,DS401,2024-12-23,70,Dr. Adekunle Bello
EXB00539,NLI-17432,EN401,2023-09-16,90,Dr. Adekunle Bello
EXB01461,NLI-01103,EN501,2020-07-20,97,Dr. Adekunle Bello
EXB02416,NLI35678,ME501,04/12/2024,81,PROF. NGOZI EZE
EXB01639,NLI83146,IT401,2022-12-06,56,PROF. NGOZI EZE
EXB00696,NLI-39059,CS201,11/04/2020,45,Dr. Adekunle Bello
EXB01318,NLI169676,PH401,2019-03-17,35,Dr. Adekunle Bello
EXB00738,29631,EC101,06-12-2019,46,Dr. Adekunle Bello
EXB01849,103210,MT101,12-10-2023,86,Dr Fatima Yusuf
EXB01548,NLI-196385,IT401,2021-08-12,92,Dr Fatima Yusuf
EXB01984,NLI-116649,MT301,21-10-2021,95,prof. chika nwosu
EXB00648,nli-155414,EC201,16-02-2020,34,prof. chika nwosu
EXB00796,nli-60699,EN301,23/06/2019,54,Dr. Adekunle Bello
EXB01830,NLI-58801,EE301,18-05-2023,52,PROF. NGOZI EZE
EXB00548,NLI-153389,CS501,28/11/2020,23,Dr Fatima Yusuf
EXB00835,29383,EE201,27-03-2019,52,Dr Fatima Yusuf
EXB01687,47240,MT501,2021-04-25,66,PROF. NGOZI EZE
EXB02240,NLI-97286,PH301,27/06/2021,48,Dr. Adekunle Bello
EXB00922,NLI-102245,EC101,26/03/2024,84,prof. chika nwosu
EXB02206,NLI-165601,ME401,2022-04-08,66,prof. chika nwosu
EXB01660,NLI-45384,PH201,21-10-2023,,prof. chika nwosu
EXB01617,nli-104299,IT401,07/12/2021,36,PROF. NGOZI EZE
EXB02549,194563,ST101,2024-08-07,39,Dr. Adekunle Bello
EXB00485,164263,MT201,11-06-2020,28,Dr. Adekunle Bello
EXB01353,187220,IT401,2020-01-25,82,Dr Fatima Yusuf
EXB01953,NLI-147069,EC301,26/07/2020,63,prof. chika nwosu
EXB01558,nli-59460,DS101,2020-03-28,22,Dr. Adekunle Bello
EXB01386,NLI-49109,EN101,24/11/2019,90,Dr Fatima Yusuf
EXB00718,NLI-133918,EE201,2023-10-03,,PROF. NGOZI EZE
EXB01299,nli-127662,EN301,21-06-2022,58,PROF. NGOZI EZE
EXB01000,114866,ME401,2020-11-09,33,dr. samuel okoro
EXB00621,nli-159317,EC301,01-02-2020,86,dr. samuel okoro
EXB00307,nli-32372,EE201,08/02/2019,91,Dr Fatima Yusuf
EXB00955,NLI-118627,ST201,2021-02-16,72,Dr. Adekunle Bello
EXB00490,NLI-178776,EC101,05-03-2024,62,PROF. NGOZI EZE
EXB00177,126592,EE301,01/01/2022,90,prof. chika nwosu
EXB00052,192633,EN501,2020-05-11,30,Dr. Adekunle Bello
EXB00213,NLI52587,PH501,2021-02-02,,Dr Fatima Yusuf
EXB01347,nli-50501,MT401,17-03-2021,-7,PROF. NGOZI EZE
EXB01064,NLI123294,DS301,23/10/2019,87,Dr Fatima Yusuf
EXB01209,NLI113486,IT201,19/10/2020,85,Dr Fatima Yusuf
EXB02343,111556,EN301,2019-02-02,51,prof. chika nwosu
EXB00525,NLI-145187,PH201,05-02-2019,63,PROF. NGOZI EZE
EXB02085,142625,EN401,23-03-2023,82,prof. chika nwosu
EXB01119,NLI-179084,EC101,11/08/2020,96,Dr Fatima Yusuf
EXB01551,NLI-132086,CS101,05-11-2021,95,Dr. Adekunle Bello
EXB01102,NLI-189273,EC401,2020-02-22,69,PROF. NGOZI EZE
EXB01785,NLI75880,EE401,06-07-2020,99,prof. chika nwosu
EXB02271,NLI-34474,ST301,2023-05-21,38,PROF. NGOZI EZE
EXB00023,114593,ST501,2020-05-21,90,PROF. NGOZI EZE
EXB01643,NLI-107049,EE201,2019-07-19,85,Dr Fatima Yusuf
EXB00482,nli-01423,EE401,24-07-2022,22,dr. samuel okoro
EXB02578,NLI-24727,EC201,20-03-2021,62,PROF. NGOZI EZE
EXB00214,NLI-12372,EN301,15-12-2022,52,PROF. NGOZI EZE
EXB00540,nli-40861,EE501,09-03-2021,66,Dr Fatima Yusuf
EXB00305,NLI-28353,CS101,14-02-2021,105,Dr Fatima Yusuf
EXB01846,nli-79879,ST401,2020-12-12,44,prof. chika nwosu
EXB01217,NLI-99043,IT501,2024-10-01,26,PROF. NGOZI EZE
EXB02433,NLI118384,MT301,18-07-2024,51,Dr. Adekunle Bello
EXB00075,nli-61241,EE101,2020-09-03,29,prof. chika nwosu
EXB01569,NLI185471,EN301,18-02-2020,81,dr. samuel okoro
EXB02522,NLI-16420,ME401,2023-12-12,45,dr. samuel okoro
EXB01329,nli-55480,CS101,28-06-2023,97,prof. chika nwosu
EXB01958,18227,PH201,09-01-2020,47,PROF. NGOZI EZE
EXB01034,NLI-166311,ST301,13-04-2023,102,Dr Fatima Yusuf
EXB00662,NLI-36033,ME301,11-03-2023,22,prof. chika nwosu
EXB01336,nli-134793,MT201,16-09-2022,44,Dr Fatima Yusuf
EXB00847,NLI-132636,PH301,2019-04-10,82,PROF. NGOZI EZE
EXB01627,NLI-143598,IT401,2020-06-14,57,prof. chika nwosu
EXB01554,NLI-152573,IT201,25/01/2020,64,Dr Fatima Yusuf
EXB00663,134327,EE101,10-01-2021,40,Dr Fatima Yusuf
EXB02212,NLI-112269,CS401,2022-11-18,100,prof. chika nwosu
EXB00649,NLI25698,IT301,2023-08-03,68,prof. chika nwosu
EXB01716,NLI95906,EN301,23/09/2023,23,dr. samuel okoro
EXB02509,NLI33316,MT101,26-05-2020,37,dr. samuel okoro
EXB02560,20061,PH201,03/12/2019,27,PROF. NGOZI EZE
EXB00493,NLI-102731,ME101,2021-08-05,75,Dr. Adekunle Bello
EXB02116,NLI-83508,PH501,10-08-2020,26,dr. samuel okoro
EXB01667,nli-117235,IT501,06-10-2023,34,PROF. NGOZI EZE
EXB01151,NLI188634,ST101,27-01-2021,57,dr. samuel okoro
EXB01769,NLI-99866,IT401,14-04-2019,89,Dr. Adekunle Bello
EXB00927,NLI161738,EE501,19-09-2020,116,Dr. Adekunle Bello
EXB00401,nli-08823,EC301,16/02/2023,96,Dr. Adekunle Bello
EXB02291,NLI-24829,ME501,15-12-2020,66,PROF. NGOZI EZE
EXB00619,NLI-158308,ST501,16/11/2019,76,Dr. Adekunle Bello
EXB01212,NLI137274,ST201,22-02-2021,59,prof. chika nwosu
EXB00109,nli-32455,EC101,09/06/2023,42,Dr. Adekunle Bello
EXB00763,NLI-179591,MT201,12/12/2019,72,dr. samuel okoro
EXB00861,nli-141722,EN401,23-10-2019,32,dr. samuel okoro
EXB01019,NLI-42158,MT401,22/01/2022,83,prof. chika nwosu
EXB01621,NLI-09264,ME201,20/04/2021,99,Dr Fatima Yusuf
EXB01540,nli-177420,EN301,08/01/2021,33,Dr Fatima Yusuf
EXB00905,nli-110369,EE101,2024-07-10,21,Dr. Adekunle Bello
EXB00065,NLI-11418,ST301,03/01/2019,58,Dr. Adekunle Bello
EXB01029,47015,PH201,17-05-2022,69,Dr Fatima Yusuf
EXB01262,NLI-168117,MT201,2020-12-06,88,Dr Fatima Yusuf
EXB01147,NLI-117950,EC201,2024-02-06,81,prof. chika nwosu
EXB01122,nli-195418,MT401,15/12/2020,94,prof. chika nwosu
EXB02255,NLI-17896,ME501,2020-01-14,29,dr. samuel okoro
EXB01378,nli-86792,MT101,07-04-2023,36,dr. samuel okoro
EXB02367,NLI-198948,IT201,2020-04-16,78,prof. chika nwosu
EXB00027,120593,ST301,02/06/2023,63,PROF. NGOZI EZE
EXB00915,NLI-137981,ME201,20/11/2024,58,dr. samuel okoro
EXB00388,147824,EC401,15/05/2023,55,prof. chika nwosu
EXB02261,nli-42549,PH501,01/02/2021,69,Dr Fatima Yusuf
EXB01858,NLI68872,PH501,25-06-2021,70,prof. chika nwosu
EXB01272,nli-98111,PH401,16/06/2021,93,prof. chika nwosu
EXB01987,NLI-63352,ST301,2019-03-04,55,PROF. NGOZI EZE
EXB02352,141530,DS401,2024-10-15,32,PROF. NGOZI EZE
EXB00742,96837,ME101,2019-01-08,26,Dr. Adekunle Bello
EXB00906,135058,EN201,18-10-2021,65,prof. chika nwosu
EXB01421,NLI-146583,EC301,07/09/2023,34,PROF. NGOZI EZE
EXB01245,NLI-179713,ME401,2019-02-19,88,Dr Fatima Yusuf
EXB01537,32592,EE201,21-04-2019,74,Dr. Adekunle Bello
EXB02326,146245,ST101,2024-12-02,47,Dr. Adekunle Bello
EXB02547,NLI199619,CS101,2023-11-25,59,Dr Fatima Yusuf
EXB00245,NLI71438,DS501,24/03/2023,36,Dr. Adekunle Bello
EXB01464,nli-98830,EE201,2022-02-18,32,Dr. Adekunle Bello
EXB00929,NLI-35789,EN401,24/04/2020,0,dr. samuel okoro
EXB00395,147250,PH401,19/04/2024,75,Dr Fatima Yusuf
EXB00707,nli-173461,ST201,2019-07-07,73,Dr Fatima Yusuf
EXB01760,NLI-126744,IT401,03/01/2023,,dr. samuel okoro
EXB01753,NLI-132596,PH501,28-10-2024,60,Dr Fatima Yusuf
EXB01046,148978,EN501,26-11-2024,51,dr. samuel okoro
EXB01298,NLI-74694,ST301,2019-04-07,62,dr. samuel okoro
EXB01550,NLI86242,ST301,2022-04-13,92,Dr. Adekunle Bello
EXB01636,NLI-181535,IT401,2022-08-13,74,prof. chika nwosu
EXB01933,148878,EN201,11/10/2022,97,Dr. Adekunle Bello
EXB01025,NLI-31496,IT101,2021-12-24,61,Dr. Adekunle Bello
EXB00215,71449,ME301,2019-12-13,49,Dr. Adekunle Bello
EXB02053,NLI-124219,CS401,2023-08-02,18,dr. samuel okoro
EXB00392,144048,CS401,16/09/2022,50,dr. samuel okoro
EXB02540,NLI-141187,DS101,2021-07-06,100,Dr. Adekunle Bello
EXB00432,191566,ST101,2020-04-14,58,Dr. Adekunle Bello
EXB02380,NLI163187,PH401,23-09-2024,85,dr. samuel okoro
EXB02566,nli-89637,EE401,13-05-2022,30,PROF. NGOZI EZE
EXB01371,nli-172007,ST301,16/10/2020,71,Dr Fatima Yusuf
EXB02256,NLI-33223,ST101,03/10/2022,66,PROF. NGOZI EZE
EXB01573,NLI142264,ME201,14/05/2021,,Dr Fatima Yusuf
EXB00809,NLI51979,EC101,2020-08-22,23,Dr. Adekunle Bello
EXB01168,NLI-173278,MT401,21-02-2020,67,Dr Fatima Yusuf
EXB00588,27583,PH201,2022-09-16,45,Dr. Adekunle Bello
EXB00745,185740,ME201,08/04/2024,96,PROF. NGOZI EZE
EXB01301,NLI-186010,CS501,28/06/2021,31,Dr Fatima Yusuf
EXB00086,nli-116497,ST101,25/01/2020,63,dr. samuel okoro
EXB01409,NLI-64189,ME401,2022-10-07,54,PROF. NGOZI EZE
EXB00654,47011,CS501,10/04/2021,81,dr. samuel okoro
EXB00720,NLI-116341,PH401,18-07-2021,60,prof. chika nwosu
EXB00393,69812,CS501,17/05/2024,,dr. samuel okoro
EXB00954,NLI-162097,MT101,19-05-2019,72,Dr Fatima Yusuf
EXB01743,nli-186142,MT301,13/09/2020,78,Dr. Adekunle Bello
EXB01511,NLI-192993,DS101,2020-07-18,44,prof. chika nwosu
EXB02409,NLI175423,EE401,2020-10-20,97,dr. samuel okoro
EXB01764,NLI-101173,ME201,2022-06-09,66,dr. samuel okoro
EXB00197,NLI-102488,DS301,01/11/2021,52,dr. samuel okoro
EXB01994,nli-171123,EE201,02-04-2021,28,PROF. NGOZI EZE
EXB01113,NLI-179070,EC201,01/01/2022,20,prof. chika nwosu
EXB02126,NLI-113238,CS501,2019-11-05,33,Dr. Adekunle Bello
EXB01004,nli-42390,EC101,15-11-2023,33,Dr. Adekunle Bello
EXB00201,NLI67187,EN301,2020-08-04,43,dr. samuel okoro
EXB01457,NLI-81259,ST301,2021-06-03,40,Dr. Adekunle Bello
EXB02037,NLI-14421,ME201,11-04-2024,73,Dr. Adekunle Bello
EXB01783,nli-68383,MT401,09-05-2020,21,dr. samuel okoro
EXB01734,NLI142458,EC401,26-03-2023,71,prof. chika nwosu
EXB00746,145410,IT501,25/08/2023,38,prof. chika nwosu
EXB01739,NLI-29750,MT401,03/05/2021,30,Dr. Adekunle Bello
EXB01287,NLI-80385,ST201,13/05/2024,28,dr. samuel okoro
EXB01909,nli-158723,PH301,08/11/2021,49,dr. samuel okoro
EXB02082,NLI-123697,CS301,2022-03-04,75,Dr Fatima Yusuf
EXB02377,NLI-180539,IT201,2022-07-01,37,prof. chika nwosu
EXB00163,NLI120789,IT301,2024-09-23,36,prof. chika nwosu
EXB01104,99234,MT201,2019-05-12,31,prof. chika nwosu
EXB01090,NLI-33014,MT501,2022-10-06,43,Dr Fatima Yusuf
EXB02118,NLI-53715,PH101,20-02-2021,48,PROF. NGOZI EZE
EXB02157,NLI-161690,EE101,2020-08-03,44,dr. samuel okoro
EXB02168,99547,EN501,25-06-2022,37,prof. chika nwosu
EXB02015,NLI-137538,ME301,2020-05-05,71,prof. chika nwosu
EXB01420,nli-87398,IT101,2024-07-24,82,Dr Fatima Yusuf
EXB00172,113512,PH401,22-08-2023,62,Dr Fatima Yusuf
EXB00634,99046,ME201,2019-11-22,66,Dr Fatima Yusuf
EXB00420,NLI27765,EE101,2019-10-13,21,PROF. NGOZI EZE
EXB00939,NLI-42545,DS401,12/04/2019,88,Dr. Adekunle Bello
EXB02330,nli-108613,ST501,17/03/2022,76,dr. samuel okoro
EXB02544,NLI133677,EN101,16/10/2023,92,prof. chika nwosu
EXB00292,115239,EE501,08/07/2023,,PROF. NGOZI EZE
EXB02363,NLI138506,MT401,16-06-2019,46,Dr Fatima Yusuf
EXB00987,NLI178195,MT501,23/04/2021,58,prof. chika nwosu
EXB02224,NLI37055,IT501,15/03/2022,31,prof. chika nwosu
EXB00912,NLI62335,EC301,18-10-2019,32,prof. chika nwosu
EXB01896,189919,CS201,2022-01-14,68,Dr Fatima Yusuf
EXB00287,NLI-59646,DS201,2024-05-15,82,prof. chika nwosu
EXB00504,NLI70719,ME101,19-08-2024,69,Dr. Adekunle Bello
EXB02055,nli-121841,PH301,2024-08-16,31,dr. samuel okoro
EXB01898,NLI52349,EN301,2021-10-24,74,dr. samuel okoro
EXB01673,NLI-37794,ST301,2021-08-04,77,prof. chika nwosu
EXB02584,NLI-198718,IT401,2024-08-14,28,dr. samuel okoro
EXB00295,NLI-50129,CS301,28/06/2023,55,PROF. NGOZI EZE
EXB01303,67472,PH201,27-03-2019,95,PROF. NGOZI EZE
EXB00947,50739,EC501,21/06/2023,60,dr. samuel okoro
EXB02353,NLI96146,MT401,2019-04-16,72,dr. samuel okoro
EXB01331,NLI06675,EN501,14-08-2024,50,prof. chika nwosu
EXB01030,NLI-185853,IT201,2023-02-22,95,Dr Fatima Yusuf
EXB01605,NLI-89599,EC301,28/05/2023,96,dr. samuel okoro
EXB01776,58198,ST101,07-04-2022,78,dr. samuel okoro
EXB00719,169333,MT101,2019-12-21,84,Dr Fatima Yusuf
EXB00966,NLI-64544,DS301,15/08/2021,89,Dr Fatima Yusuf
EXB00081,nli-147080,EC201,25/10/2019,96,Dr Fatima Yusuf
EXB01921,135875,EN201,2021-03-01,92,Dr Fatima Yusuf
EXB01222,NLI182624,ST301,27/11/2024,67,prof. chika nwosu
EXB00875,NLI-43167,IT101,2023-04-10,99,prof. chika nwosu
EXB00767,03773,EC101,26-12-2019,-13,Dr Fatima Yusuf
EXB00949,NLI157588,EC101,2019-06-23,31,PROF. NGOZI EZE
EXB02218,111643,ST301,27-03-2024,99,dr. samuel okoro
EXB02451,NLI-46833,EN501,19-06-2020,65,PROF. NGOZI EZE
EXB00826,NLI189529,IT101,21-12-2022,22,PROF. NGOZI EZE
EXB01351,NLI167958,ST301,13-04-2022,64,PROF. NGOZI EZE
EXB01359,nli-14262,EN401,25-07-2019,26,Dr Fatima Yusuf
EXB01940,NLI92243,ST101,01-06-2021,37,Dr Fatima Yusuf
EXB01185,NLI175196,EE401,2022-03-06,44,dr. samuel okoro
EXB00244,114722,EE201,2020-12-12,35,Dr. Adekunle Bello
EXB02423,NLI94832,EC101,26/11/2019,26,prof. chika nwosu
EXB02108,nli-59840,DS101,06/11/2020,117,prof. chika nwosu
EXB02236,nli-166835,DS301,05/08/2020,76,PROF. NGOZI EZE
EXB00520,NLI189442,ST201,06-05-2019,67,Dr Fatima Yusuf
EXB00095,90303,MT301,22/09/2019,39,Dr Fatima Yusuf
EXB01400,NLI16644,IT201,14/10/2019,63,Dr. Adekunle Bello
EXB02029,NLI40957,MT101,02-06-2023,42,Dr. Adekunle Bello
EXB00369,NLI37952,PH301,28/12/2020,74,dr. samuel okoro
EXB01715,NLI-167461,EE501,12/01/2022,84,prof. chika nwosu
EXB01172,nli-33247,EC201,23/09/2019,88,dr. samuel okoro
EXB00815,nli-46407,ME201,01/04/2019,93,prof. chika nwosu
EXB01068,NLI-115627,IT201,23/12/2020,32,Dr Fatima Yusuf
EXB00644,nli-44893,EN401,13/05/2021,27,PROF. NGOZI EZE
EXB02521,NLI-161115,EN201,2021-10-14,85,Dr Fatima Yusuf
EXB01586,nli-116471,PH201,06/08/2021,,dr. samuel okoro
EXB00964,NLI-10489,EE201,18-04-2021,90,prof. chika nwosu
EXB01326,130762,MT401,03/01/2019,105,Dr Fatima Yusuf
EXB02474,NLI25896,PH101,2021-01-28,87,Dr. Adekunle Bello
EXB01230,NLI-152622,DS101,22/02/2019,61,dr. samuel okoro
EXB02009,nli-48843,MT401,12/12/2019,71,Dr. Adekunle Bello
EXB02335,NLI02450,PH101,21-02-2023,20,PROF. NGOZI EZE
EXB01267,NLI-116147,MT501,04-07-2021,,PROF. NGOZI EZE
EXB02420,nli-125971,EN101,27/06/2021,35,PROF. NGOZI EZE
EXB01108,NLI-39964,CS201,2024-11-19,79,Dr. Adekunle Bello
EXB02553,NLI122181,MT201,2024-04-02,30,Dr Fatima Yusuf
EXB01976,NLI-20515,EE101,19-12-2020,49,PROF. NGOZI EZE
EXB00735,NLI117579,EC401,27-10-2024,88,Dr. Adekunle Bello
EXB01145,158905,MT201,15-02-2022,85,dr. samuel okoro
EXB00586,NLI-174535,EN201,02/10/2022,93,Dr. Adekunle Bello
EXB00314,nli-138140,EC401,02-06-2020,44,PROF. NGOZI EZE
EXB02528,100059,DS301,05/01/2024,91,prof. chika nwosu
EXB01638,NLI-34878,PH301,14/01/2021,82,dr. samuel okoro
EXB01395,nli-04890,MT401,28/03/2020,42,Dr. Adekunle Bello
EXB01296,NLI156192,EC301,26-03-2022,48,PROF. NGOZI EZE
EXB00704,NLI-148041,EN401,06/11/2024,100,Dr. Adekunle Bello
EXB00779,NLI-12448,EC401,2021-01-18,46,prof. chika nwosu
EXB02517,79321,ME101,11/01/2020,55,dr. samuel okoro
EXB02148,27630,ME301,15/02/2020,96,Dr. Adekunle Bello
EXB02497,NLI-131047,MT101,07-01-2020,82,Dr Fatima Yusuf
EXB01974,56957,PH501,11/01/2023,73,prof. chika nwosu
EXB02310,NLI-70798,ME401,23-06-2019,77,prof. chika nwosu
EXB01578,nli-145947,DS301,2020-05-24,72,Dr. Adekunle Bello
EXB02533,nli-13515,EE401,2019-04-09,39,prof. chika nwosu
EXB01635,135854,ME301,2020-08-26,59,dr. samuel okoro
EXB01883,NLI-121621,CS201,2020-07-02,63,dr. samuel okoro
EXB01129,NLI-97130,ME201,2022-10-25,83,prof. chika nwosu
EXB01379,nli-38369,MT401,27/04/2024,30,Dr. Adekunle Bello
EXB01087,127258,EE501,2024-04-18,90,Dr. Adekunle Bello
EXB02516,NLI131528,EC201,09-01-2024,76,Dr. Adekunle Bello
EXB00414,NLI-100383,IT501,09/03/2020,50,PROF. NGOZI EZE
EXB00602,NLI111575,ME101,06-10-2023,63,prof. chika nwosu
EXB01002,NLI192420,ME101,15/06/2021,54,dr. samuel okoro
EXB00516,NLI-14217,ME101,05-02-2021,75,Dr. Adekunle Bello
EXB00252,NLI51582,ME301,2022-07-23,42,Dr Fatima Yusuf
EXB00560,NLI-186860,ME401,06-02-2022,74,Dr. Adekunle Bello
EXB00263,174039,DS501,03/02/2019,57,PROF. NGOZI EZE
EXB02214,NLI13213,DS401,2022-11-23,50,Dr Fatima Yusuf
EXB02250,NLI-120957,EE401,2020-06-09,58,Dr. Adekunle Bello
EXB01251,nli-124767,DS101,16/12/2020,37,Dr Fatima Yusuf
EXB00962,nli-42798,IT501,10-08-2021,57,Dr Fatima Yusuf
EXB01952,NLI-100519,CS401,03-01-2024,58,PROF. NGOZI EZE
EXB01901,NLI167026,EE201,2022-06-16,48,prof. chika nwosu
EXB02459,75274,CS101,27-11-2022,72,prof. chika nwosu
EXB02069,NLI-53796,PH501,2022-09-15,38,prof. chika nwosu
EXB00067,NLI-21334,PH301,2019-09-11,86,Dr Fatima Yusuf
EXB01468,NLI-136344,IT101,2019-11-03,59,Dr Fatima Yusuf
EXB00928,nli-167799,EE301,22-10-2023,90,Dr Fatima Yusuf
EXB00098,NLI-132947,EC401,19-08-2021,68,Dr Fatima Yusuf
EXB01781,NLI-53384,EE201,01/02/2021,71,dr. samuel okoro
EXB01350,195932,DS301,2021-01-14,,prof. chika nwosu
EXB01570,NLI-164135,ME201,03-05-2020,69,Dr. Adekunle Bello
EXB01309,nli-97364,IT501,2022-06-13,53,PROF. NGOZI EZE
EXB02131,NLI-118857,PH201,2024-05-21,56,dr. samuel okoro
EXB02518,01574,EC401,10/03/2020,33,Dr Fatima Yusuf
EXB01199,NLI-121262,EE301,18-03-2023,32,dr. samuel okoro
EXB01963,NLI-47090,EE201,2024-11-02,66,Dr. Adekunle Bello
EXB01493,NLI-19608,IT501,21-10-2022,43,Dr Fatima Yusuf
EXB00398,NLI-149627,EE401,26-10-2024,76,PROF. NGOZI EZE
EXB01357,NLI-42470,EC101,06/02/2019,33,prof. chika nwosu
EXB01182,nli-111199,IT401,16/10/2023,41,prof. chika nwosu
EXB00722,nli-17755,MT401,2024-07-21,30,PROF. NGOZI EZE
EXB01900,NLI-35672,MT301,2020-07-21,33,Dr. Adekunle Bello
EXB02104,81808,IT101,2023-08-16,66,Dr. Adekunle Bello
EXB02054,NLI-143023,MT401,2024-10-06,36,Dr Fatima Yusuf
EXB02067,NLI-93003,ME101,07-02-2019,34,prof. chika nwosu
EXB02403,NLI-195085,IT101,02-07-2019,71,prof. chika nwosu
EXB01106,NLI-118650,EE301,02/06/2020,45,Dr Fatima Yusuf
EXB00187,nli-08537,ME501,15/01/2023,92,PROF. NGOZI EZE
EXB01224,NLI19225,EC301,2021-05-26,28,prof. chika nwosu
EXB00736,nli-123009,EE401,14/05/2023,48,dr. samuel okoro
EXB01361,NLI90513,DS201,27-11-2022,96,dr. samuel okoro
EXB00293,103595,ST101,08/03/2019,29,PROF. NGOZI EZE
EXB01542,NLI-164827,DS101,2020-07-04,65,Dr. Adekunle Bello
EXB02161,NLI81953,EE201,2020-06-21,31,PROF. NGOZI EZE
EXB00759,NLI33614,EN501,2022-02-09,60,dr. samuel okoro
EXB01807,NLI-150770,PH401,08-10-2024,84,Dr Fatima Yusuf
EXB00794,NLI48669,PH101,17-02-2023,99,dr. samuel okoro
EXB00643,52704,EE301,27-03-2021,39,Dr Fatima Yusuf
EXB01048,NLI-70541,EE401,2020-09-04,93,PROF. NGOZI EZE
EXB02334,NLI-117731,EN101,26/02/2023,20,dr. samuel okoro
EXB00473,141866,EC501,18-09-2022,101,PROF. NGOZI EZE
EXB02092,NLI-91148,CS501,05-03-2023,81,Dr Fatima Yusuf
EXB00155,NLI-118112,ME101,08-11-2024,115,Dr Fatima Yusuf
EXB01853,nli-143330,EN301,2022-05-18,75,Dr Fatima Yusuf
EXB01317,NLI-38287,EN501,12/06/2023,70,prof. chika nwosu
EXB01099,NLI-27467,EC501,13-03-2019,79,PROF. NGOZI EZE
EXB01367,149163,EE501,2022-02-23,63,Dr. Adekunle Bello
EXB01847,NLI-76181,CS201,12-06-2022,92,prof. chika nwosu
EXB00012,103221,CS201,24-08-2023,41,prof. chika nwosu
EXB01393,NLI04893,EN101,2021-04-07,89,PROF. NGOZI EZE
EXB00376,NLI-106251,MT501,02/12/2024,70,prof. chika nwosu
EXB00381,NLI-145917,IT501,16-04-2022,53,Dr Fatima Yusuf
EXB02112,174947,EE301,14-07-2023,61,prof. chika nwosu
EXB01800,NLI-86518,ST301,24/11/2021,55,PROF. NGOZI EZE
EXB01828,172905,EC101,20/04/2022,34,Dr Fatima Yusuf
EXB01692,NLI-01708,CS301,2024-08-28,120,dr. samuel okoro
EXB01604,nli-74655,CS401,2022-04-26,17,PROF. NGOZI EZE
EXB02016,NLI-32816,ST201,2023-12-15,91,Dr Fatima Yusuf
EXB02495,nli-198260,MT501,10/11/2020,63,Dr Fatima Yusuf
EXB02115,NLI73207,PH301,20-06-2019,10,dr. samuel okoro
EXB00668,NLI139421,EC201,26-04-2021,45,dr. samuel okoro
EXB02128,NLI-09993,ME101,2020-12-28,31,Dr. Adekunle Bello
EXB01376,NLI-112266,ME501,19-12-2024,49,Dr. Adekunle Bello
EXB01820,139172,EE401,2023-03-25,46,PROF. NGOZI EZE
EXB02496,NLI195845,ST401,2024-03-14,58,Dr. Adekunle Bello
EXB00532,NLI-75538,MT301,03/07/2020,38,Dr. Adekunle Bello
EXB00146,102997,DS201,26/11/2019,,Dr Fatima Yusuf
EXB01568,NLI-62223,IT401,2023-12-23,35,dr. samuel okoro
EXB02527,NLI-88449,DS401,16-01-2020,45,Dr. Adekunle Bello
EXB01246,NLI-137043,EN101,13-06-2019,49,Dr Fatima Yusuf
EXB01095,NLI-70906,ME201,08-12-2023,64,Dr Fatima Yusuf
EXB02565,NLI-195467,IT501,27-02-2019,80,prof. chika nwosu
EXB00635,NLI171834,ST101,10/10/2020,93,Dr Fatima Yusuf
EXB01427,NLI196758,CS401,2022-08-14,79,PROF. NGOZI EZE
EXB01705,nli-129098,MT401,2022-03-14,47,prof. chika nwosu
EXB01240,NLI-194768,EC301,2022-04-08,61,Dr Fatima Yusuf
EXB01062,nli-18854,EC301,04-06-2021,99,dr. samuel okoro
EXB00953,NLI-50881,ST301,11/08/2021,46,dr. samuel okoro
EXB01398,NLI-15139,MT301,09/09/2024,100,PROF. NGOZI EZE
EXB01032,NLI132304,ME301,2022-10-02,,prof. chika nwosu
EXB01290,65227,ST401,01-01-2022,,Dr. Adekunle Bello
EXB00682,NLI127537,EC501,20-12-2021,,prof. chika nwosu
EXB02299,nli-09950,ST401,2020-01-26,20,Dr. Adekunle Bello
EXB01834,nli-156275,EE301,02/02/2020,22,prof. chika nwosu
EXB01022,NLI61628,ME401,13/12/2021,43,PROF. NGOZI EZE
EXB01981,114452,EC101,09-12-2019,44,prof. chika nwosu
EXB02472,NLI-20956,EN501,2023-10-17,56,Dr. Adekunle Bello
EXB01969,95801,PH501,24/04/2021,88,PROF. NGOZI EZE
EXB01982,NLI-14517,IT201,2023-03-28,82,prof. chika nwosu
EXB01736,NLI-190802,DS401,15-11-2021,82,Dr Fatima Yusuf
EXB02571,nli-71414,DS101,27/09/2022,107,Dr. Adekunle Bello
EXB01483,NLI65032,ST201,2024-09-12,,PROF. NGOZI EZE
EXB02430,NLI-166799,ME401,17-01-2020,82,dr. samuel okoro
EXB00247,NLI-137191,EE201,2023-07-05,57,dr. samuel okoro
EXB00536,NLI-131945,ST201,2019-06-26,64,prof. chika nwosu
EXB00226,NLI139989,MT301,20/03/2020,78,Dr. Adekunle Bello
EXB02392,142361,DS501,12-11-2019,94,prof. chika nwosu
EXB01407,nli-50504,EN201,2022-02-24,,prof. chika nwosu
EXB01648,NLI119034,IT101,01/09/2020,80,PROF. NGOZI EZE
EXB01121,NLI-64669,EE101,25-10-2024,48,PROF. NGOZI EZE
EXB02446,NLI108633,IT101,25-09-2021,32,Dr. Adekunle Bello
EXB00466,NLI-24623,DS201,2020-11-24,60,Dr Fatima Yusuf
EXB01215,NLI-164756,EE201,27-07-2023,,Dr. Adekunle Bello
EXB01874,144962,EN101,12-10-2022,98,prof. chika nwosu
EXB01131,nli-141771,CS501,23-06-2021,45,Dr. Adekunle Bello
EXB00605,nli-75219,IT101,2024-10-19,86,dr. samuel okoro
EXB00447,nli-178344,MT201,2022-01-14,97,Dr Fatima Yusuf
EXB00310,NLI-146353,EC201,05/08/2020,97,dr. samuel okoro
EXB02248,NLI-179273,EE101,24/01/2024,89,PROF. NGOZI EZE
EXB02548,nli-53923,CS401,15-03-2023,40,PROF. NGOZI EZE
EXB02225,NLI-71561,EC101,07/09/2021,26,Dr Fatima Yusuf
EXB00241,NLI-29444,IT501,2024-02-02,86,Dr Fatima Yusuf
EXB02454,NLI133246,ST101,14-11-2021,59,Dr. Adekunle Bello
EXB02524,NLI-129432,PH501,05/07/2022,85,prof. chika nwosu
EXB02499,NLI-113133,CS301,2019-12-08,94,Dr. Adekunle Bello
EXB00867,55162,EC301,12-05-2024,21,prof. chika nwosu
EXB00758,NLI-48986,ME301,13-02-2023,94,prof. chika nwosu
EXB01754,NLI175150,EN301,2024-06-08,45,Dr Fatima Yusuf
EXB00073,NLI-71131,DS501,02-01-2024,30,Dr. Adekunle Bello
EXB01141,NLI-178723,PH101,2020-08-17,51,Dr Fatima Yusuf
EXB00931,NLI91303,IT501,09-10-2019,63,Dr. Adekunle Bello
EXB00223,123952,EC401,20/02/2022,96,Dr Fatima Yusuf
EXB02426,NLI-125448,MT501,20/08/2022,37,Dr. Adekunle Bello
EXB01149,NLI162213,MT401,04/09/2021,78,PROF. NGOZI EZE
EXB02169,NLI72111,ST401,02-09-2020,,dr. samuel okoro
EXB00533,53042,MT101,09-11-2020,34,Dr Fatima Yusuf
EXB00657,NLI-163927,PH401,13-07-2024,92,Dr Fatima Yusuf
EXB00251,NLI-35708,MT101,28-07-2022,20,PROF. NGOZI EZE
EXB00136,NLI78460,DS101,08-01-2019,43,Dr Fatima Yusuf
EXB00276,NLI-74919,EN501,2019-12-19,29,PROF. NGOZI EZE
EXB00044,nli-137073,ST101,24-12-2022,92,PROF. NGOZI EZE
EXB01447,61254,ST201,07-02-2021,83,Dr Fatima Yusuf
EXB00061,NLI-53914,CS501,2023-10-24,29,dr. samuel okoro
EXB00367,90551,EN101,2019-12-20,30,Dr Fatima Yusuf
EXB01248,nli-166118,ME201,19-08-2019,36,PROF. NGOZI EZE
EXB02504,NLI19721,ST501,26-01-2022,60,Dr. Adekunle Bello
EXB00838,NLI-92606,ME101,26/12/2023,60,dr. samuel okoro
EXB01913,NLI169751,EN501,2021-12-21,80,Dr Fatima Yusuf
EXB00507,nli-103452,DS501,21-03-2023,94,dr. samuel okoro
EXB01696,NLI123285,ST201,24/07/2022,95,PROF. NGOZI EZE
EXB02201,NLI-98950,DS401,27/10/2024,25,PROF. NGOZI EZE
EXB01512,NLI40518,EE301,2022-07-08,98,Dr Fatima Yusuf
EXB00439,NLI144458,EE201,20/02/2019,101,Dr Fatima Yusuf
EXB00612,NLI-24319,EN301,2022-07-28,62,Dr Fatima Yusuf
EXB02395,NLI-09552,MT501,2023-03-09,58,prof. chika nwosu
EXB01685,NLI32619,EN301,24/10/2024,86,Dr. Adekunle Bello
EXB01254,nli-142916,IT401,2021-03-28,49,prof. chika nwosu
EXB02094,NLI48879,PH201,21-12-2023,72,PROF. NGOZI EZE
EXB01590,127423,MT401,2019-10-24,68,Dr Fatima Yusuf
EXB00672,NLI-131954,DS301,2023-11-27,114,Dr Fatima Yusuf
EXB02081,NLI21967,ST101,2022-05-10,92,prof. chika nwosu
EXB00786,nli-128913,ME101,24-12-2021,91,Dr Fatima Yusuf
EXB02378,NLI84476,DS101,06-08-2023,35,dr. samuel okoro
EXB01664,nli-14834,EN301,07/06/2022,30,Dr Fatima Yusuf
EXB01536,NLI-89795,EC401,2021-10-03,,prof. chika nwosu
EXB00272,NLI77266,DS401,10/07/2021,56,prof. chika nwosu
EXB00284,NLI95878,ST401,2021-08-02,75,prof. chika nwosu
EXB01829,nli-26777,DS501,04-02-2020,81,dr. samuel okoro
EXB00748,NLI178580,EC501,2020-10-13,46,dr. samuel okoro
EXB01474,NLI-187890,IT401,06-09-2023,74,Dr. Adekunle Bello
EXB00049,NLI-132646,MT101,2022-03-08,87,Dr. Adekunle Bello
EXB02394,NLI-129711,DS401,27/02/2024,33,prof. chika nwosu
EXB01105,nli-119384,DS401,12-11-2023,58,dr. samuel okoro
EXB00183,86405,DS501,2023-01-25,100,prof. chika nwosu
EXB00036,NLI177378,EN501,09-11-2021,21,dr. samuel okoro
EXB02529,NLI-18734,ST501,04/05/2019,96,PROF. NGOZI EZE
EXB01549,NLI-148899,CS501,2022-06-23,43,Dr Fatima Yusuf
EXB01907,NLI-145861,EE401,14-11-2023,85,Dr Fatima Yusuf
EXB00593,NLI-174120,EC201,05/01/2023,,prof. chika nwosu
EXB01300,NLI-154770,EC301,2023-11-11,91,Dr Fatima Yusuf
EXB00345,NLI-58100,EE401,24/03/2020,48,dr. samuel okoro
EXB01761,nli-120404,PH301,23/11/2024,48,dr. samuel okoro
EXB01156,NLI120429,CS501,06/04/2021,33,Dr. Adekunle Bello
EXB02078,NLI-199901,ST101,13-11-2021,45,Dr Fatima Yusuf
EXB00899,NLI140670,DS301,17/11/2020,47,PROF. NGOZI EZE
EXB01962,32957,IT101,2020-02-21,50,dr. samuel okoro
EXB00554,NLI188600,IT401,25/02/2019,22,Dr. Adekunle Bello
EXB01872,nli-70328,ME201,2019-05-06,69,Dr Fatima Yusuf
EXB00676,167522,ME501,2023-05-18,60,Dr. Adekunle Bello
EXB00322,134870,PH501,2019-04-19,92,prof. chika nwosu
EXB02045,50234,MT201,2022-11-16,39,prof. chika nwosu
EXB02229,NLI-50402,MT201,2021-02-08,88,prof. chika nwosu
EXB00261,02902,DS401,24/07/2022,57,prof. chika nwosu
EXB01020,NLI-140416,PH101,07-03-2022,68,Dr. Adekunle Bello
EXB02159,NLI-100488,MT401,11/07/2024,92,dr. samuel okoro
EXB00517,NLI169241,EE201,2024-07-09,84,PROF. NGOZI EZE
EXB01841,44760,EE201,05-06-2022,92,PROF. NGOZI EZE
EXB00341,87783,IT401,06/01/2023,86,dr. samuel okoro
EXB01936,NLI-85784,EE401,14-02-2022,,dr. samuel okoro
EXB01086,nli-131303,ST501,27/07/2020,60,dr. samuel okoro
EXB00406,NLI-183055,MT401,06-02-2023,70,PROF. NGOZI EZE
EXB02052,106274,EC301,02/04/2019,72,PROF. NGOZI EZE
EXB00236,nli-17992,PH501,2021-02-24,55,PROF. NGOZI EZE
EXB01325,NLI-180422,EN401,05-06-2023,53,Dr Fatima Yusuf
EXB00845,NLI-117838,IT201,16/07/2020,34,Dr. Adekunle Bello
EXB02079,NLI-101236,EC101,10/06/2024,92,dr. samuel okoro
EXB01606,NLI36323,DS301,2021-11-21,31,Dr Fatima Yusuf
EXB01835,NLI-199179,EE401,27-05-2022,63,prof. chika nwosu
EXB01652,NLI-76889,EN201,22/12/2022,32,Dr. Adekunle Bello
EXB01134,NLI182270,ST201,03-05-2023,0,Dr Fatima Yusuf
EXB02135,NLI-120124,CS201,2023-08-26,46,Dr Fatima Yusuf
EXB00399,NLI34564,ME101,27/01/2023,68,Dr. Adekunle Bello
EXB00684,62391,DS501,2019-05-23,96,PROF. NGOZI EZE
EXB02378,NLI84476,DS101,06-08-2023,35,dr. samuel okoro
EXB02205,111637,PH301,2024-08-28,40,dr. samuel okoro
EXB00549,NLI-50355,MT501,2019-11-21,74,Dr. Adekunle Bello
EXB00010,NLI-173965,EC101,2023-03-08,18,Dr. Adekunle Bello
EXB01167,NLI177616,EE101,06/05/2024,78,prof. chika nwosu
EXB00647,NLI13903,ST101,23-05-2024,23,prof. chika nwosu
EXB01166,NLI48363,CS101,22-03-2024,44,dr. samuel okoro
EXB00940,NLI120443,EE101,2020-10-19,48,dr. samuel okoro
EXB01934,151624,DS201,2020-09-01,51,prof. chika nwosu
EXB02313,183003,IT101,01-06-2023,41,Dr. Adekunle Bello
EXB00543,nli-12562,DS401,2020-01-20,34,PROF. NGOZI EZE
EXB02109,NLI-153342,ST401,20/10/2023,93,Dr. Adekunle Bello
EXB00029,NLI05468,ME301,28/04/2022,21,Dr. Adekunle Bello
EXB02437,nli-86028,IT501,16/12/2022,25,dr. samuel okoro
EXB01906,NLI-85730,IT401,14/01/2021,30,prof. chika nwosu
EXB00242,NLI15976,DS501,16-10-2023,35,prof. chika nwosu
EXB00855,40263,ST101,2020-05-06,48,Dr Fatima Yusuf
EXB01885,nli-65211,EC401,26/02/2021,89,PROF. NGOZI EZE
EXB00509,NLI-17235,ME101,17-11-2019,46,Dr Fatima Yusuf
EXB01139,NLI-125918,ME501,2024-10-27,82,Dr Fatima Yusuf
EXB00967,10959,PH401,21/04/2021,89,Dr Fatima Yusuf
EXB02493,nli-128911,CS101,14-06-2019,59,PROF. NGOZI EZE
EXB00130,NLI-70399,ME401,2020-04-06,63,Dr Fatima Yusuf
EXB02043,04749,DS301,2022-02-22,,dr. samuel okoro
EXB02379,NLI-25898,IT501,2024-06-07,72,prof. chika nwosu
EXB00349,NLI175386,EE501,13/02/2020,78,PROF. NGOZI EZE
EXB01951,NLI-26878,MT101,2021-07-08,58,dr. samuel okoro
EXB01408,67757,EC201,2020-05-27,50,Dr. Adekunle Bello
EXB02103,74890,ME101,2024-01-22,38,dr. samuel okoro
EXB00765,NLI-113634,MT101,17-09-2019,75,Dr Fatima Yusuf
EXB00227,nli-24462,EC501,14/08/2024,85,Dr Fatima Yusuf
EXB02021,NLI-142133,DS101,02/11/2024,,Dr Fatima Yusuf
EXB02370,nli-149460,EN301,19/09/2021,65,PROF. NGOZI EZE
EXB02017,NLI-167493,EC301,21-10-2021,31,Dr. Adekunle Bello
EXB01114,88129,IT101,07/01/2020,118,Dr Fatima Yusuf
EXB00836,NLI-88127,DS101,13-11-2023,84,PROF. NGOZI EZE
EXB00615,NLI-160192,MT301,2023-03-10,63,prof. chika nwosu
EXB01731,83151,ST501,25-10-2023,61,dr. samuel okoro
EXB01163,NLI71822,IT501,2022-08-19,91,Dr Fatima Yusuf
EXB01355,nli-60196,DS301,2024-04-11,93,dr. samuel okoro
EXB01707,nli-06575,ME501,13-07-2022,74,PROF. NGOZI EZE
EXB01330,NLI-87122,PH401,2021-01-23,39,PROF. NGOZI EZE
EXB00316,NLI76569,CS501,2020-11-02,78,dr. samuel okoro
EXB01256,85050,EN301,02/06/2023,60,Dr Fatima Yusuf
EXB01278,NLI103612,EC201,19/05/2021,44,PROF. NGOZI EZE
EXB00801,nli-129506,EN301,23-09-2024,71,prof. chika nwosu
EXB02401,38423,CS101,2022-01-16,28,prof. chika nwosu
EXB00280,NLI56227,CS501,04/10/2021,43,dr. samuel okoro
EXB02467,79726,ME401,2022-05-26,,Dr Fatima Yusuf
EXB02106,135077,PH501,04/08/2024,60,Dr Fatima Yusuf
EXB01763,NLI54793,CS501,17-06-2023,92,prof. chika nwosu
EXB00262,NLI-109302,ME301,04-04-2024,68,Dr. Adekunle Bello
EXB01747,98415,EN201,21/10/2023,92,Dr. Adekunle Bello
EXB02487,NLI-106867,CS501,27-12-2022,85,PROF. NGOZI EZE
EXB02402,nli-108456,MT501,03-02-2019,43,Dr Fatima Yusuf
EXB01698,nli-177345,DS101,19/12/2022,56,PROF. NGOZI EZE
EXB00132,NLI-148274,CS101,19/10/2020,88,Dr. Adekunle Bello
EXB00133,NLI-99820,ME301,18/06/2019,73,Dr Fatima Yusuf
EXB02464,NLI-128092,ST101,16/01/2023,50,Dr. Adekunle Bello
EXB01323,NLI95636,MT501,11/10/2024,70,dr. samuel okoro
EXB00311,163022,ST301,20-11-2020,30,dr. samuel okoro
EXB01918,NLI86498,EN501,12-12-2024,60,PROF. NGOZI EZE
EXB02444,NLI-196530,EE401,07-02-2023,45,Dr Fatima Yusuf
EXB00123,nli-51057,DS501,15-07-2022,58,Dr Fatima Yusuf
EXB02222,NLI-99968,EC101,06/01/2020,52,dr. samuel okoro
EXB01531,NLI-108977,PH301,2021-02-14,63,PROF. NGOZI EZE
EXB01311,NLI139789,MT301,2022-01-16,77,PROF. NGOZI EZE
EXB00692,38140,ME401,28/08/2024,54,dr. samuel okoro
EXB02019,17217,DS301,2022-10-25,73,prof. chika nwosu
EXB02429,NLI-129897,ST501,2021-02-27,78,PROF. NGOZI EZE
EXB00680,89592,ME201,2021-01-21,25,PROF. NGOZI EZE
EXB01489,nli-147389,PH301,08/12/2020,79,prof. chika nwosu
EXB01790,155047,MT101,2021-08-17,96,Dr. Adekunle Bello
EXB00427,NLI-168392,ME401,25-09-2021,48,Dr. Adekunle Bello
EXB02146,nli-35754,ME101,2020-06-28,65,Dr Fatima Yusuf
EXB01970,nli-186821,DS101,2023-09-04,90,dr. samuel okoro
EXB00383,NLI29281,CS201,2023-04-24,33,Dr Fatima Yusuf
EXB02267,NLI-10830,DS101,22-02-2023,37,dr. samuel okoro
EXB01547,NLI-141416,PH201,09/06/2019,100,Dr Fatima Yusuf
EXB00474,32094,CS101,2019-12-09,-20,Dr Fatima Yusuf
EXB02197,NLI-176352,ME301,17/05/2020,59,prof. chika nwosu
EXB00783,NLI137140,EN201,16-10-2021,,Dr. Adekunle Bello
EXB01748,NLI-178051,MT401,2021-01-08,76,Dr Fatima Yusuf
EXB02188,nli-31223,DS101,2024-12-12,69,Dr Fatima Yusuf
EXB01430,177764,ME301,2020-01-20,33,PROF. NGOZI EZE
EXB02354,NLI-88804,ST101,2022-11-26,20,Dr Fatima Yusuf
EXB00832,NLI-134600,EC301,10/03/2023,87,prof. chika nwosu
EXB02273,NLI178177,ME201,14/04/2019,90,Dr Fatima Yusuf
EXB02039,NLI-60568,IT301,15/08/2021,93,Dr. Adekunle Bello
EXB02111,NLI89123,ST401,2023-09-18,45,PROF. NGOZI EZE
EXB02332,NLI-05518,ME301,05/05/2019,64,prof. chika nwosu
EXB00745,185740,ME201,08/04/2024,96,PROF. NGOZI EZE
EXB01438,NLI175073,PH401,2023-02-17,91,prof. chika nwosu
EXB00917,nli-184985,CS101,2024-02-12,88,Dr. Adekunle Bello
EXB01628,NLI25175,DS201,02/03/2019,82,Dr Fatima Yusuf
EXB01915,NLI-167149,DS401,24/02/2020,81,prof. chika nwosu
EXB00260,nli-06865,PH201,2023-06-11,78,prof. chika nwosu
EXB00370,nli-23734,EC401,2022-03-25,96,Dr Fatima Yusuf
EXB00319,NLI103572,CS101,23-02-2020,81,Dr. Adekunle Bello
EXB00510,06323,PH401,13/07/2023,94,PROF. NGOZI EZE
EXB02023,NLI04698,ST301,07/06/2023,69,dr. samuel okoro
EXB00271,NLI-185329,ST201,2024-02-11,67,Dr Fatima Yusuf
EXB02341,NLI-136020,CS301,17/12/2020,40,Dr Fatima Yusuf
EXB01822,NLI-14276,EN301,2020-06-09,48,prof. chika nwosu
EXB01085,NLI184733,CS501,11-10-2023,42,dr. samuel okoro
EXB01057,24030,EE201,28/07/2021,78,PROF. NGOZI EZE
EXB01927,NLI66284,PH201,05/03/2022,56,Dr. Adekunle Bello
EXB01630,NLI-18929,EE401,01/06/2023,68,PROF. NGOZI EZE
EXB00535,56215,PH101,18/03/2020,105,PROF. NGOZI EZE
EXB00055,NLI151237,IT101,2023-07-16,82,PROF. NGOZI EZE
EXB00188,nli-122894,EN401,26-01-2022,95,Dr. Adekunle Bello
EXB01144,NLI41073,PH101,2022-06-07,,prof. chika nwosu
EXB00078,84066,IT201,2022-04-03,58,Dr Fatima Yusuf
EXB01009,79382,EE301,21-06-2023,38,Dr Fatima Yusuf
EXB02372,NLI157739,EE301,2022-07-11,71,prof. chika nwosu
EXB00959,nli-88317,EE401,2021-05-14,61,dr. samuel okoro
EXB00144,NLI-13696,ME401,27/04/2023,30,PROF. NGOZI EZE
EXB00033,196302,MT301,22/02/2022,,Dr. Adekunle Bello
EXB00699,NLI-181791,ME401,2019-11-01,,Dr. Adekunle Bello
EXB02046,NLI55500,CS501,2024-07-03,93,Dr. Adekunle Bello
EXB00450,96940,ME301,2019-04-17,56,prof. chika nwosu
EXB01432,nli-63077,PH401,2021-05-27,77,dr. samuel okoro
EXB01021,nli-44756,PH201,11/12/2023,100,PROF. NGOZI EZE
EXB00384,nli-66207,MT501,2020-01-05,44,Dr. Adekunle Bello
EXB01972,nli-167286,PH501,2023-01-06,51,PROF. NGOZI EZE
EXB00713,NLI-124806,IT301,08/04/2019,61,Dr Fatima Yusuf
EXB01263,NLI-61689,EN201,2022-01-01,,PROF. NGOZI EZE
EXB00724,NLI28125,ST201,26-12-2021,32,prof. chika nwosu
EXB00202,NLI-75594,MT201,2020-10-15,71,PROF. NGOZI EZE
EXB00209,NLI-03438,IT201,2022-03-22,63,PROF. NGOZI EZE
EXB01273,NLI162889,PH301,23-12-2020,87,PROF. NGOZI EZE
EXB00405,NLI-83121,CS501,25-06-2022,64,prof. chika nwosu
EXB00107,184524,PH101,09/04/2023,79,PROF. NGOZI EZE
EXB01277,NLI-165267,IT301,2022-09-04,70,dr. samuel okoro
EXB00589,nli-23180,IT501,08-08-2019,89,dr. samuel okoro
EXB02194,nli-51486,MT201,2021-10-14,74,Dr Fatima Yusuf
EXB00550,NLI-106253,EN401,2022-03-20,66,PROF. NGOZI EZE
EXB00599,nli-80070,ME101,2024-02-18,63,prof. chika nwosu
EXB00407,00877,MT501,01/08/2019,47,prof. chika nwosu
EXB02432,NLI-154883,CS101,24/02/2019,55,Dr. Adekunle Bello
EXB01523,16720,EN101,2023-09-25,25,PROF. NGOZI EZE
EXB00347,NLI-114069,EE501,03/06/2020,58,Dr Fatima Yusuf
EXB00178,171675,EE101,2019-05-04,76,PROF. NGOZI EZE
EXB01988,NLI-15939,PH301,23-07-2023,92,dr. samuel okoro
EXB00656,nli-174332,ME501,12-08-2019,29,prof. chika nwosu
EXB00972,nli-122477,EC501,19-02-2024,20,Dr. Adekunle Bello
EXB02505,195580,EC101,14/07/2022,,Dr. Adekunle Bello
EXB02031,199980,PH201,20/03/2020,30,prof. chika nwosu
EXB02042,NLI-44103,ST301,01-12-2022,21,prof. chika nwosu
EXB01380,NLI-141932,EC201,22/07/2023,70,Dr. Adekunle Bello
EXB01990,138710,IT401,26-01-2019,39,prof. chika nwosu
EXB00199,NLI-182461,EE401,2023-09-01,69,Dr Fatima Yusuf
EXB01946,NLI129595,IT501,2024-09-26,71,Dr Fatima Yusuf
EXB00856,nli-84795,MT401,2020-08-26,92,PROF. NGOZI EZE
EXB00457,NLI-32173,EN401,21/12/2021,33,prof. chika nwosu
EXB00435,127531,IT501,16/05/2023,57,Dr Fatima Yusuf
EXB00993,NLI-97803,ME201,14/03/2019,58,dr. samuel okoro
EXB02215,53287,ME201,18/07/2020,57,Dr Fatima Yusuf
EXB00164,132879,CS101,2023-09-21,57,Dr. Adekunle Bello
EXB01354,NLI-160756,DS301,23-11-2021,74,dr. samuel okoro
EXB00015,nli-141863,MT201,2024-05-12,67,dr. samuel okoro
EXB02133,nli-16467,IT501,01/06/2019,46,PROF. NGOZI EZE
EXB02233,nli-67569,EC301,01-02-2024,105,prof. chika nwosu
EXB01852,NLI-17012,DS201,13-01-2024,71,prof. chika nwosu
EXB00083,NLI35415,ST201,14/05/2019,99,Dr. Adekunle Bello
EXB00219,NLI-140891,EN501,06-08-2023,62,prof. chika nwosu
EXB00518,NLI-178952,EN101,06/02/2020,,Dr. Adekunle Bello
EXB00587,NLI-180427,PH201,08/02/2024,96,PROF. NGOZI EZE
EXB00698,NLI-44378,EC301,2023-02-19,22,Dr. Adekunle Bello
EXB02503,nli-126815,DS101,12-09-2020,46,dr. samuel okoro
EXB00267,11105,CS401,21/06/2022,94,Dr Fatima Yusuf
EXB00031,nli-119256,MT401,26/10/2023,25,prof. chika nwosu
EXB02481,NLI19554,EN501,2019-03-21,33,PROF. NGOZI EZE
EXB00119,57442,ST301,02/07/2023,93,PROF. NGOZI EZE
EXB00321,nli-28058,ME401,08/07/2019,41,Dr. Adekunle Bello
EXB01588,NLI-33807,PH101,16-10-2021,32,dr. samuel okoro
EXB02593,NLI-137714,IT201,28-06-2022,36,Dr. Adekunle Bello
EXB01539,NLI-123207,PH401,2021-04-03,64,PROF. NGOZI EZE
EXB01532,nli-176556,CS301,20/09/2019,26,dr. samuel okoro
EXB02355,NLI-98852,PH301,2021-11-09,95,PROF. NGOZI EZE
EXB01239,NLI-52737,CS501,24/06/2021,68,PROF. NGOZI EZE
EXB00249,NLI-76048,ME201,2019-08-15,34,prof. chika nwosu
EXB00569,NLI-170754,EE401,27/06/2019,,dr. samuel okoro
EXB00486,NLI120526,PH201,2023-10-21,76,prof. chika nwosu
EXB01616,nli-139090,EN501,23-05-2020,72,PROF. NGOZI EZE
EXB02276,181164,EC101,26-09-2022,83,Dr Fatima Yusuf
EXB01553,170482,EE201,15/03/2024,62,PROF. NGOZI EZE
EXB02155,NLI39328,IT101,2019-05-28,28,dr. samuel okoro
EXB00402,NLI159860,PH101,23-10-2023,55,dr. samuel okoro
EXB01374,48052,MT401,14/08/2020,75,PROF. NGOZI EZE
EXB00831,nli-79319,MT201,08-05-2019,63,dr. samuel okoro
EXB01150,NLI-84936,ST401,24/07/2019,23,PROF. NGOZI EZE
EXB00664,180244,EN201,16-02-2023,87,dr. samuel okoro
EXB01792,NLI-37202,ST201,05-09-2019,29,dr. samuel okoro
EXB01806,NLI-92223,IT301,2020-07-15,61,PROF. NGOZI EZE
EXB01688,NLI152380,IT101,12-01-2021,50,Dr. Adekunle Bello
EXB02101,nli-119497,EE501,09-04-2023,42,Dr Fatima Yusuf
EXB00004,15175,MT101,09/10/2024,79,dr. samuel okoro
EXB01061,NLI-129499,DS201,2024-12-20,89,PROF. NGOZI EZE
EXB00056,90188,IT101,2022-01-08,,Dr. Adekunle Bello
EXB00874,NLI-82771,EC401,2021-04-27,85,Dr Fatima Yusuf
EXB00448,NLI-42820,IT301,2019-03-13,37,prof. chika nwosu
EXB02207,NLI-115891,DS201,2021-08-23,110,Dr. Adekunle Bello
EXB00333,NLI-04067,EC401,13/06/2023,68,Dr. Adekunle Bello
EXB02185,17239,PH301,26-06-2020,23,dr. samuel okoro
EXB00563,NLI-185989,ME201,04/12/2020,71,prof. chika nwosu
EXB02340,nli-168174,MT401,2021-12-13,86,dr. samuel okoro
EXB00679,70912,CS501,18/06/2023,100,Dr. Adekunle Bello
EXB01470,NLI-03737,DS201,09/11/2021,52,PROF. NGOZI EZE
EXB02386,NLI85450,ME201,28-01-2023,66,Dr Fatima Yusuf
EXB01552,NLI148155,EC101,27-08-2023,42,Dr Fatima Yusuf
EXB00980,174269,ME301,2019-10-25,61,PROF. NGOZI EZE
EXB01645,NLI62422,MT501,2020-09-15,35,Dr Fatima Yusuf
EXB00903,nli-46992,PH501,2019-10-19,39,prof. chika nwosu
EXB00040,NLI07505,EC201,2024-03-26,87,Dr. Adekunle Bello
EXB01225,NLI135394,PH101,2023-12-20,104,Dr Fatima Yusuf
EXB00829,NLI13682,IT301,21/09/2024,57,dr. samuel okoro
EXB00074,NLI-05569,ST301,17/07/2024,36,Dr. Adekunle Bello
EXB01875,NLI-110152,CS501,2020-03-25,38,Dr Fatima Yusuf
EXB01796,115364,ME301,2019-03-19,48,dr. samuel okoro
EXB01991,NLI-42443,CS201,2023-06-22,35,PROF. NGOZI EZE
EXB01338,NLI-69502,PH301,18/03/2019,89,PROF. NGOZI EZE
EXB00921,NLI154699,EC101,02-01-2020,33,Dr. Adekunle Bello
EXB00423,nli-197736,CS101,27-06-2024,83,dr. samuel okoro
EXB00076,nli-22596,EE301,07/05/2019,77,dr. samuel okoro
EXB00425,52715,IT401,16-11-2020,34,PROF. NGOZI EZE
EXB00547,NLI-119058,MT501,2020-01-05,45,prof. chika nwosu
EXB00176,85154,EC401,27/12/2019,15,Dr Fatima Yusuf
EXB01973,176154,IT401,18-03-2021,79,Dr Fatima Yusuf
EXB01518,NLI153609,ST101,03-12-2021,78,Dr. Adekunle Bello
EXB00008,NLI-81187,EN501,25-10-2022,4,dr. samuel okoro
EXB01600,22606,MT201,24-07-2023,93,prof. chika nwosu
EXB00220,NLI-51475,IT201,10/09/2023,54,Dr. Adekunle Bello
EXB01524,nli-118501,PH401,10-03-2023,52,prof. chika nwosu
EXB00531,nli-81705,EN301,21/08/2024,40,Dr Fatima Yusuf
EXB00079,NLI22233,IT301,25-03-2023,24,prof. chika nwosu
EXB00806,135173,EC301,23/08/2021,77,Dr. Adekunle Bello
EXB00591,nli-57284,EC501,2021-11-11,75,PROF. NGOZI EZE
EXB00603,NLI-187177,IT301,2021-08-21,22,dr. samuel okoro
EXB02297,NLI-89119,MT501,25-08-2019,37,Dr. Adekunle Bello
EXB00200,16631,DS401,2022-07-16,59,dr. samuel okoro
EXB00002,20806,ST301,25/04/2023,45,dr. samuel okoro
EXB02077,NLI-16353,IT201,2020-11-24,97,dr. samuel okoro
EXB00254,nli-63996,ST501,2022-06-06,50,Dr. Adekunle Bello
EXB01066,NLI133872,MT501,2023-03-27,86,prof. chika nwosu
EXB00480,NLI116539,ME501,2020-04-28,21,prof. chika nwosu
EXB01365,nli-103852,MT301,04/07/2021,26,dr. samuel okoro
EXB00171,NLI-05284,EN201,2023-12-09,38,Dr Fatima Yusuf
EXB02122,nli-146420,CS101,2019-03-22,49,dr. samuel okoro
EXB01112,NLI-172032,EC301,09/04/2021,51,Dr Fatima Yusuf
EXB02538,64771,EC101,2022-10-08,60,PROF. NGOZI EZE
EXB01198,73653,MT501,16-12-2019,60,dr. samuel okoro
EXB02230,nli-109618,EC501,02/07/2021,31,PROF. NGOZI EZE
EXB01983,nli-187309,EN301,14-05-2021,82,Dr Fatima Yusuf
EXB01013,nli-134140,ME201,05/01/2021,58,PROF. NGOZI EZE
EXB02539,nli-53690,DS201,27-07-2022,81,Dr. Adekunle Bello
EXB02129,NLI-126654,IT501,04-02-2020,-19,Dr. Adekunle Bello
EXB01968,NLI-166544,PH201,14/03/2023,57,PROF. NGOZI EZE
EXB01084,nli-30874,ME101,2019-11-17,52,Dr. Adekunle Bello
EXB00585,NLI-113652,ST201,21/12/2022,28,Dr Fatima Yusuf
EXB01148,189162,DS501,2021-08-17,80,Dr Fatima Yusuf
EXB00167,33412,MT401,17/01/2022,83,Dr Fatima Yusuf
EXB00157,NLI116462,ME201,2020-12-03,98,PROF. NGOZI EZE
EXB00687,189031,EC301,25/06/2024,97,Dr Fatima Yusuf
EXB01446,nli-141460,MT101,09/06/2019,43,PROF. NGOZI EZE
EXB02001,NLI89692,ST401,01/04/2020,34,Dr. Adekunle Bello
EXB00690,136788,EN201,13/06/2023,52,dr. samuel okoro
EXB00683,nli-46815,ME101,26/10/2019,75,Dr Fatima Yusuf
EXB00652,NLI-111725,CS201,17-01-2024,51,Dr. Adekunle Bello
EXB01817,NLI-178209,DS501,24/01/2024,52,Dr Fatima Yusuf
EXB02154,NLI87716,DS301,2019-10-14,77,Dr Fatima Yusuf
EXB00544,145841,EE301,25-01-2020,,PROF. NGOZI EZE
EXB02010,85336,ST201,09-08-2019,35,dr. samuel okoro
EXB01320,196358,CS401,22/01/2019,46,prof. chika nwosu
EXB02210,18293,MT401,2020-03-20,46,Dr. Adekunle Bello
EXB01418,nli-57647,DS501,03-08-2021,50,Dr Fatima Yusuf
EXB02486,92099,DS501,24-06-2024,76,PROF. NGOZI EZE
EXB01679,NLI51303,MT301,26-03-2022,51,Dr Fatima Yusuf
EXB02022,nli-17801,ME501,2022-09-19,,dr. samuel okoro
EXB02145,NLI-168429,IT201,05/05/2022,72,Dr. Adekunle Bello
EXB02027,NLI-23526,ST101,2019-01-15,75,prof. chika nwosu
EXB02390,NLI-163641,CS101,06-07-2021,46,prof. chika nwosu
EXB02368,NLI-52199,ME101,2020-09-08,24,prof. chika nwosu
EXB02570,NLI01409,EN401,26-10-2022,108,prof. chika nwosu
EXB00512,nli-150908,IT501,21/08/2019,79,dr. samuel okoro
EXB01503,NLI-190250,DS201,26/09/2024,72,Dr. Adekunle Bello
EXB00342,nli-08576,IT401,2019-04-17,67,Dr Fatima Yusuf
EXB01344,NLI-101429,IT201,2022-05-15,75,Dr. Adekunle Bello
EXB01313,NLI-139034,IT301,22/12/2021,,dr. samuel okoro
EXB02249,46376,MT301,09/05/2020,93,Dr Fatima Yusuf
EXB01405,NLI89055,ST101,03/12/2022,78,Dr Fatima Yusuf
EXB00462,NLI95776,EC201,10/01/2020,79,PROF. NGOZI EZE
EXB01884,NLI-108770,EE401,05/05/2024,51,Dr Fatima Yusuf
EXB02414,NLI43149,CS301,10/03/2023,90,Dr Fatima Yusuf
EXB00190,NLI-159526,CS501,24-05-2023,75,dr. samuel okoro
EXB01595,NLI-191674,CS301,27/11/2021,76,dr. samuel okoro
EXB00207,NLI-11518,DS501,12-09-2024,54,dr. samuel okoro
EXB02559,NLI-46050,ME301,24/01/2022,,Dr Fatima Yusuf
EXB01279,NLI-192468,EC101,03-06-2020,,prof. chika nwosu
EXB00908,nli-179567,DS201,27-10-2024,89,dr. samuel okoro
EXB00400,nli-187868,DS501,2023-09-01,37,PROF. NGOZI EZE
EXB02173,NLI25625,PH401,19-06-2020,74,PROF. NGOZI EZE
EXB00844,NLI-07163,DS501,27-09-2023,34,prof. chika nwosu
EXB01507,192295,DS201,19/11/2019,100,Dr Fatima Yusuf
EXB00116,111565,DS201,13-03-2021,20,dr. samuel okoro
EXB02441,169540,DS401,21-01-2021,62,Dr Fatima Yusuf
EXB00343,nli-26067,EN101,27-02-2023,,Dr. Adekunle Bello
EXB01804,NLI-172371,IT301,25-06-2021,72,PROF. NGOZI EZE
EXB02470,NLI154798,ST501,02/11/2021,37,Dr Fatima Yusuf
EXB01164,48373,EE301,13-06-2022,,Dr. Adekunle Bello
EXB01269,nli-188938,DS201,01/01/2019,20,PROF. NGOZI EZE
EXB00575,nli-193939,EN201,04/01/2019,82,PROF. NGOZI EZE
EXB00807,nli-99598,DS101,21-05-2022,111,Dr. Adekunle Bello
EXB01015,NLI-180205,ST301,06/06/2023,92,PROF. NGOZI EZE
EXB00051,NLI144668,DS101,04-02-2021,95,dr. samuel okoro
EXB02202,NLI-94437,EE401,2021-09-13,35,Dr Fatima Yusuf
EXB00513,NLI-50056,ME401,10/08/2021,,prof. chika nwosu
EXB00609,140338,EE501,16-11-2019,78,Dr. Adekunle Bello
EXB00301,36943,EN101,2019-03-28,,dr. samuel okoro
EXB00096,NLI-104956,EN401,03/03/2022,84,Dr. Adekunle Bello
EXB00275,nli-29912,ME201,2021-03-19,33,dr. samuel okoro
EXB02531,nli-69216,DS301,11/07/2021,32,Dr Fatima Yusuf
EXB00127,NLI-109968,EC401,08-11-2019,,PROF. NGOZI EZE
EXB00935,37080,CS101,2021-09-09,100,Dr Fatima Yusuf
EXB00737,NLI-03831,IT301,28/08/2019,63,Dr Fatima Yusuf
EXB00145,nli-155425,EC401,2019-09-04,98,PROF. NGOZI EZE
EXB01226,NLI-142646,PH301,25/11/2023,27,Dr. Adekunle Bello
EXB01332,55566,ME201,2019-02-12,73,dr. samuel okoro
EXB00139,133365,ME101,2021-12-27,46,prof. chika nwosu
EXB01175,nli-73321,PH301,2024-02-12,,Dr Fatima Yusuf
EXB02289,NLI-186985,IT401,06/01/2024,82,prof. chika nwosu
EXB01259,NLI45114,IT301,2020-06-21,74,Dr Fatima Yusuf
EXB01762,NLI-58818,EN401,24-09-2020,42,PROF. NGOZI EZE
EXB01075,37534,EC101,28-06-2021,56,Dr Fatima Yusuf
EXB01419,NLI-126510,EE401,23-09-2024,43,Dr Fatima Yusuf
EXB01260,NLI-20443,PH301,24/03/2023,51,PROF. NGOZI EZE
EXB02450,nli-176477,IT201,26/02/2021,97,Dr Fatima Yusuf
EXB02231,NLI-119250,EE301,2024-09-01,86,Dr. Adekunle Bello
EXB02422,184179,EC201,17/06/2019,45,dr. samuel okoro
EXB01530,nli-69431,IT301,2022-02-21,52,PROF. NGOZI EZE
EXB01385,NLI09929,PH401,2021-02-18,46,Dr Fatima Yusuf
EXB00541,NLI-45150,IT301,28-03-2023,54,dr. samuel okoro
EXB00306,NLI-33428,ME401,02/03/2024,43,dr. samuel okoro
EXB00577,NLI-163193,IT401,12/01/2022,27,PROF. NGOZI EZE
EXB01704,NLI-111804,MT301,2019-03-13,71,Dr Fatima Yusuf
EXB00206,NLI-112682,MT201,15-03-2020,63,Dr Fatima Yusuf
EXB02048,NLI-21803,EN501,2022-12-24,50,Dr Fatima Yusuf
EXB01891,132454,MT401,26-10-2024,,Dr. Adekunle Bello
EXB01954,NLI-37189,IT501,24-05-2024,72,Dr Fatima Yusuf
EXB02331,NLI-188331,IT401,10-04-2024,96,Dr. Adekunle Bello
EXB00180,NLI124729,PH501,16-01-2023,74,Dr. Adekunle Bello
EXB00327,NLI86147,ST201,21/11/2024,73,PROF. NGOZI EZE
EXB00952,81965,MT101,2021-11-03,,PROF. NGOZI EZE
EXB01773,NLI-50459,MT101,11/11/2021,100,Dr Fatima Yusuf
EXB01649,NLI-199498,DS101,2022-02-05,36,prof. chika nwosu
EXB01049,62600,MT501,20-03-2020,33,Dr Fatima Yusuf
EXB00813,nli-32119,EE501,17-10-2023,34,prof. chika nwosu
EXB00833,nli-104100,IT301,07-01-2022,,prof. chika nwosu
EXB00159,NLI-151591,MT301,06-07-2019,71,Dr. Adekunle Bello
EXB01625,NLI-122446,IT301,16-11-2020,94,Dr. Adekunle Bello
EXB00872,NLI-148029,DS201,18-09-2020,44,PROF. NGOZI EZE
EXB01475,nli-74150,ST201,2021-08-26,23,Dr. Adekunle Bello
EXB02582,nli-159917,ST101,2021-03-15,105,prof. chika nwosu
EXB01312,nli-53778,PH401,03-05-2020,100,Dr Fatima Yusuf
EXB00014,nli-33562,PH201,11-04-2021,,dr. samuel okoro
EXB01249,nli-79369,DS101,09-12-2023,39,Dr. Adekunle Bello
EXB01402,NLI-189840,DS501,02/07/2024,20,prof. chika nwosu
EXB01055,NLI175088,EE401,19-02-2023,50,Dr. Adekunle Bello
EXB00553,nli-115085,EC401,2024-10-25,78,Dr. Adekunle Bello
EXB02579,NLI-28556,DS201,2023-01-10,27,Dr. Adekunle Bello
EXB01285,168504,MT301,2022-03-25,23,Dr Fatima Yusuf
EXB01297,NLI87661,ST201,2021-03-24,24,Dr. Adekunle Bello
EXB00766,NLI-169571,EN201,21-11-2024,65,Dr. Adekunle Bello
EXB01566,NLI-118134,EN201,23-03-2022,73,dr. samuel okoro
EXB01911,NLI-12430,DS201,06-04-2021,25,dr. samuel okoro
EXB00974,NLI45650,ME301,18/04/2024,85,Dr. Adekunle Bello
EXB02183,nli-172212,CS201,23/06/2024,61,PROF. NGOZI EZE
EXB00669,NLI-61454,EN201,04/10/2022,31,dr. samuel okoro
EXB00969,NLI-57158,MT101,08-10-2023,100,Dr. Adekunle Bello
EXB02072,NLI-93417,ME201,27/01/2024,43,prof. chika nwosu
EXB01854,NLI-15901,EE501,17-03-2022,82,Dr Fatima Yusuf
EXB00711,NLI-177319,DS501,2023-06-18,69,Dr Fatima Yusuf
EXB00642,NLI-89799,MT401,12-03-2020,80,prof. chika nwosu
EXB02532,09830,IT101,23-09-2024,35,Dr. Adekunle Bello
EXB02376,NLI-49129,ME101,14-08-2022,75,Dr. Adekunle Bello
EXB00326,176215,PH101,25-04-2020,69,dr. samuel okoro
EXB00034,NLI-190993,EN501,24-07-2024,95,PROF. NGOZI EZE
EXB01519,NLI170014,CS101,17-04-2023,100,PROF. NGOZI EZE
EXB00944,nli-162664,CS401,08-07-2019,99,PROF. NGOZI EZE
EXB02164,NLI22767,EN101,2024-04-14,40,PROF. NGOZI EZE
EXB01096,NLI-152292,MT501,10-11-2022,78,prof. chika nwosu
EXB00938,NLI-40999,PH101,20-07-2019,98,prof. chika nwosu
EXB01721,NLI-142112,PH201,2020-01-16,32,prof. chika nwosu
EXB02556,31353,CS501,2021-04-25,98,Dr. Adekunle Bello
EXB01745,NLI20093,MT401,08/12/2021,43,dr. samuel okoro
EXB00037,NLI-119635,PH301,2021-04-25,41,prof. chika nwosu
EXB01803,NLI107889,EC501,09-02-2024,22,PROF. NGOZI EZE
EXB02228,nli-82011,ME501,2019-03-19,47,Dr Fatima Yusuf
EXB00607,nli-48821,DS501,2020-06-02,,PROF. NGOZI EZE
EXB00792,17021,EN501,2023-09-25,93,Dr Fatima Yusuf
EXB00298,nli-131798,ME101,27-03-2019,51,dr. samuel okoro
EXB01732,NLI-22377,ME301,2024-02-17,56,Dr. Adekunle Bello
EXB00339,NLI-43141,EE101,2023-12-01,57,PROF. NGOZI EZE
EXB00094,128927,ST201,21/01/2019,91,prof. chika nwosu
EXB02312,NLI-126554,ST201,13/02/2021,-17,PROF. NGOZI EZE
EXB01214,NLI-10810,ST401,14-01-2024,97,PROF. NGOZI EZE
EXB00211,NLI-178691,EE501,22/02/2024,28,PROF. NGOZI EZE
EXB01137,NLI-01283,EC201,08/11/2019,41,Dr. Adekunle Bello
EXB00678,NLI-172019,ST301,27/12/2024,98,dr. samuel okoro
EXB01924,NLI176828,IT501,17-07-2024,73,Dr Fatima Yusuf
EXB00198,nli-60349,ME101,16/02/2023,73,prof. chika nwosu
EXB01363,NLI-54047,PH101,27-09-2022,47,Dr Fatima Yusuf
EXB00408,NLI-92968,IT401,04/07/2020,100,Dr. Adekunle Bello
EXB00810,NLI68194,DS201,18-10-2021,31,dr. samuel okoro
EXB00230,162559,EE101,2024-08-26,94,dr. samuel okoro
EXB00451,nli-48815,EN301,2024-02-07,61,PROF. NGOZI EZE
EXB00444,NLI-193269,EN101,12-01-2023,44,prof. chika nwosu
EXB00957,nli-47993,EE101,2022-02-18,78,Dr Fatima Yusuf
EXB00090,NLI07496,EE301,27/03/2019,57,Dr. Adekunle Bello
EXB00106,NLI91067,EN501,2021-01-22,29,prof. chika nwosu
EXB00733,NLI-23430,EE301,02/04/2023,91,dr. samuel okoro
EXB00091,NLI-68114,EC401,2019-01-23,95,dr. samuel okoro
EXB00559,23810,ME401,13-06-2023,89,prof. chika nwosu
EXB00117,NLI83662,PH501,2019-07-24,64,Dr. Adekunle Bello
EXB01910,nli-194525,IT501,22/05/2020,92,dr. samuel okoro
EXB01689,NLI145309,EC401,12/01/2022,21,prof. chika nwosu
EXB00336,NLI-126020,CS201,2020-07-03,41,Dr Fatima Yusuf
EXB00415,NLI-07868,CS101,24-06-2022,45,prof. chika nwosu
EXB02288,63915,PH501,04-04-2019,,prof. chika nwosu
EXB02595,75385,EN101,02/03/2024,25,Dr. Adekunle Bello
EXB01608,NLI-182089,ME201,2021-02-14,18,dr. samuel okoro
EXB00173,nli-175097,ME501,26/09/2020,37,PROF. NGOZI EZE
EXB00951,nli-63150,ST101,2024-01-26,69,PROF. NGOZI EZE
EXB01143,NLI60880,EN301,11/01/2024,56,dr. samuel okoro
EXB01456,nli-165517,ME101,26-05-2019,90,dr. samuel okoro
EXB00977,NLI139022,ST501,2022-10-21,37,prof. chika nwosu
EXB00436,NLI-75121,ME101,20-03-2024,28,dr. samuel okoro
EXB01310,NLI-41981,EN201,2020-02-08,-5,dr. samuel okoro
EXB02465,nli-41389,CS201,27-03-2024,79,prof. chika nwosu
EXB01619,NLI-112774,EC301,10-09-2019,42,dr. samuel okoro
EXB00775,178790,CS101,10/05/2020,68,dr. samuel okoro
EXB01335,NLI45415,MT201,02-11-2024,56,Dr. Adekunle Bello
EXB00998,NLI129292,ME401,2020-12-05,25,dr. samuel okoro
EXB01893,NLI89664,CS201,17/11/2023,95,Dr. Adekunle Bello
EXB00330,NLI177355,MT201,19/02/2020,37,PROF. NGOZI EZE
EXB01183,NLI68850,EE301,04/09/2022,114,Dr Fatima Yusuf
EXB01695,NLI-64232,MT101,20-12-2019,74,dr. samuel okoro
EXB01449,37124,CS501,12-05-2021,41,dr. samuel okoro
EXB00697,nli-172140,CS101,11-12-2020,95,Dr. Adekunle Bello
EXB02125,NLI-186100,ST301,02/09/2019,66,dr. samuel okoro
EXB02076,NLI-169890,DS501,07/04/2020,96,dr. samuel okoro
EXB00716,92873,MT401,25-07-2023,27,prof. chika nwosu
EXB00168,12943,IT101,2020-10-15,29,dr. samuel okoro
EXB00880,126248,ST501,16/06/2020,60,Dr Fatima Yusuf
EXB00441,nli-102697,PH501,07-03-2023,56,Dr Fatima Yusuf
EXB00269,NLI193813,IT101,2022-03-01,52,PROF. NGOZI EZE
EXB00153,nli-64358,EC101,03/07/2021,37,prof. chika nwosu
EXB00926,NLI-123528,ST101,11-07-2023,35,Dr Fatima Yusuf
EXB02490,53668,ME201,2023-07-20,55,Dr Fatima Yusuf
EXB00773,144382,DS201,16-12-2023,77,Dr. Adekunle Bello
EXB01836,NLI70501,PH501,2024-03-18,81,Dr Fatima Yusuf
EXB02156,NLI-50911,IT401,19/07/2020,37,dr. samuel okoro
EXB00195,NLI85017,MT501,08/07/2024,33,Dr. Adekunle Bello
EXB02358,NLI-77981,EC301,25/05/2021,-9,Dr Fatima Yusuf
EXB00784,NLI-77554,EC101,11/05/2021,82,prof. chika nwosu
EXB02546,NLI-87345,IT201,22/12/2021,80,Dr. Adekunle Bello
EXB01583,NLI-192401,EE101,2020-09-04,79,PROF. NGOZI EZE
EXB02105,NLI-98543,ME401,20-05-2024,,dr. samuel okoro
EXB00837,nli-97536,PH101,2024-07-03,67,prof. chika nwosu
EXB02568,NLI-45274,MT401,19-12-2021,32,Dr Fatima Yusuf
EXB02447,195835,DS301,23-04-2023,48,dr. samuel okoro
EXB01996,NLI-01121,EE201,26/07/2019,62,prof. chika nwosu
EXB00633,123425,IT401,10/08/2020,,dr. samuel okoro
EXB00881,NLI-166152,MT401,28-02-2023,27,prof. chika nwosu
EXB01356,NLI177192,EE501,12/06/2022,66,Dr. Adekunle Bello
EXB02107,nli-128329,IT501,25-02-2024,30,prof. chika nwosu
EXB01757,nli-121799,IT201,2019-05-24,35,prof. chika nwosu
EXB01793,NLI-82732,PH501,28-02-2021,83,PROF. NGOZI EZE
EXB00797,NLI87268,CS401,2022-03-21,56,PROF. NGOZI EZE
EXB02006,NLI-126820,ST501,03-07-2022,100,Dr. Adekunle Bello
EXB01176,NLI-106409,CS101,10/03/2024,96,Dr. Adekunle Bello
EXB02266,NLI-133889,ME201,19-01-2021,47,prof. chika nwosu
EXB00351,NLI15836,EC101,25-05-2021,46,PROF. NGOZI EZE
EXB01738,37651,PH201,2024-06-23,30,dr. samuel okoro
EXB01784,NLI-109346,ME201,2020-09-23,42,prof. chika nwosu
EXB02389,69450,PH201,2021-10-28,41,Dr. Adekunle Bello
EXB02216,NLI-177348,EE201,2024-12-20,91,dr. samuel okoro
EXB00121,90971,IT401,13-05-2020,60,PROF. NGOZI EZE
EXB01780,NLI-197154,IT301,2019-01-28,46,Dr. Adekunle Bello
EXB02192,NLI-181451,PH201,25-09-2021,60,dr. samuel okoro
EXB01826,NLI-46084,EN101,25/06/2019,31,prof. chika nwosu
EXB01837,151467,EN401,2022-05-07,20,Dr Fatima Yusuf
EXB01362,89496,IT501,22/07/2023,40,Dr Fatima Yusuf
EXB01932,198909,ME101,17-02-2020,50,Dr. Adekunle Bello
EXB01305,NLI-128779,MT301,06/01/2019,89,PROF. NGOZI EZE
EXB00475,nli-87454,EE401,02-02-2023,33,dr. samuel okoro
EXB00677,NLI-110373,IT201,18/01/2022,71,Dr Fatima Yusuf
EXB00879,NLI-87727,PH201,08/06/2019,30,dr. samuel okoro
EXB01415,nli-09625,PH301,23-05-2022,90,PROF. NGOZI EZE
EXB01194,NLI-24494,DS201,03-12-2021,26,dr. samuel okoro
EXB00996,NLI-05984,EN101,2021-04-15,50,Dr Fatima Yusuf
EXB00750,NLI-126268,ME301,2021-01-28,79,Dr. Adekunle Bello
EXB01939,NLI-162783,CS101,20-03-2023,78,Dr. Adekunle Bello
EXB01678,17055,ST201,28-09-2023,71,dr. samuel okoro
EXB01923,nli-88796,CS301,20-08-2019,95,dr. samuel okoro
EXB02296,NLI-97235,MT401,2021-07-01,48,Dr Fatima Yusuf
EXB01010,197323,DS301,10-03-2020,54,Dr Fatima Yusuf
EXB00362,nli-116530,ST301,2024-06-15,51,dr. samuel okoro
EXB01306,NLI-97887,IT401,09-01-2019,,PROF. NGOZI EZE
EXB00411,171492,IT101,15/12/2023,90,Dr Fatima Yusuf
EXB00574,nli-109185,CS401,09/08/2019,80,prof. chika nwosu
EXB01008,NLI60683,PH501,14/05/2019,67,Dr Fatima Yusuf
EXB01334,NLI-60538,IT301,28-01-2022,41,prof. chika nwosu
EXB02588,115562,CS101,07/11/2022,45,Dr. Adekunle Bello
EXB01056,84759,IT401,09/08/2023,63,prof. chika nwosu
EXB02324,NLI-119785,EC401,2022-10-19,52,Dr. Adekunle Bello
EXB00273,NLI49325,EE501,2023-08-07,87,dr. samuel okoro
EXB02075,nli-27191,DS101,08-01-2023,85,PROF. NGOZI EZE
EXB00751,NLI-193473,EN501,20-12-2022,90,Dr Fatima Yusuf
EXB01237,NLI166504,ST501,04/05/2019,41,Dr Fatima Yusuf
EXB02130,48942,EN401,2022-04-04,78,PROF. NGOZI EZE
EXB00105,NLI131150,DS101,08/04/2024,52,dr. samuel okoro
EXB00103,159474,IT501,2019-09-23,72,Dr Fatima Yusuf
EXB00982,NLI-173576,EN501,04/01/2019,94,Dr. Adekunle Bello
EXB01111,nli-47602,MT301,21/04/2023,54,Dr. Adekunle Bello
EXB00394,111594,ME101,2023-01-08,70,PROF. NGOZI EZE
EXB00570,NLI139327,CS201,2019-03-23,,Dr Fatima Yusuf
EXB00667,NLI129456,ME501,08-10-2023,35,Dr Fatima Yusuf
EXB00610,NLI-175258,ME101,11/03/2024,59,Dr. Adekunle Bello
EXB00048,NLI-91114,DS401,17-12-2021,79,Dr. Adekunle Bello
EXB00527,nli-89690,EE301,2021-05-07,68,Dr Fatima Yusuf
EXB01257,nli-33539,MT401,01-10-2023,70,Dr. Adekunle Bello
EXB00463,NLI-34522,EE401,20-11-2020,49,prof. chika nwosu
EXB00892,NLI-26154,EE101,2021-02-25,31,Dr Fatima Yusuf
EXB01067,19130,DS101,2019-03-15,41,Dr. Adekunle Bello
EXB00229,117391,CS501,21/08/2021,50,PROF. NGOZI EZE
EXB01496,nli-26758,ST501,25/03/2022,61,Dr Fatima Yusuf
EXB00859,NLI95657,DS501,22/08/2022,20,PROF. NGOZI EZE
EXB02059,35204,ST101,2022-02-21,,prof. chika nwosu
EXB02287,NLI98090,EE301,08-01-2019,47,dr. samuel okoro
EXB01241,nli-165028,EC301,25/06/2019,81,PROF. NGOZI EZE
EXB01337,NLI33694,CS501,08-07-2021,92,Dr Fatima Yusuf
EXB01051,NLI-163737,EN401,2022-01-13,32,prof. chika nwosu
EXB01125,NLI100140,EE101,19/06/2022,,Dr Fatima Yusuf
EXB01787,NLI-198159,DS301,22/06/2023,80,PROF. NGOZI EZE
EXB01435,NLI-28904,MT301,23-05-2022,75,PROF. NGOZI EZE
EXB01742,NLI-125121,PH101,2023-10-09,53,Dr Fatima Yusuf
EXB00979,NLI-160758,EE401,2023-04-23,44,Dr Fatima Yusuf
EXB00976,NLI147537,EN401,20-10-2022,44,Dr Fatima Yusuf
EXB00579,NLI-88510,EE501,20/04/2022,95,dr. samuel okoro
EXB00670,09817,ME501,2020-05-27,89,Dr Fatima Yusuf
EXB00848,NLI-85210,EE501,08-04-2022,59,Dr Fatima Yusuf
EXB01938,nli-130787,IT401,03/05/2024,78,prof. chika nwosu
EXB01528,NLI-132980,ME501,2023-05-24,97,PROF. NGOZI EZE
EXB02089,150018,MT301,2019-05-21,,PROF. NGOZI EZE
EXB00519,NLI-144171,EE201,24-08-2019,44,prof. chika nwosu
EXB00714,NLI-41338,ME301,04-06-2022,24,dr. samuel okoro
EXB01491,128762,IT401,15/12/2021,34,dr. samuel okoro
EXB00009,NLI-38785,ME501,22-02-2023,35,dr. samuel okoro
EXB00166,nli-72928,EN501,21-10-2019,70,Dr Fatima Yusuf
EXB01093,186220,ME201,16-01-2020,49,prof. chika nwosu
EXB01912,30741,MT501,2019-02-02,94,Dr Fatima Yusuf
EXB00120,NLI-119076,EE101,2024-12-01,50,PROF. NGOZI EZE
EXB01668,NLI-13384,CS501,2024-02-23,77,dr. samuel okoro
EXB00152,NLI-86101,PH301,24-05-2022,60,dr. samuel okoro
EXB02371,NLI-42172,ST401,07-06-2023,76,Dr Fatima Yusuf
EXB00988,NLI-81372,ME201,2019-05-17,42,Dr. Adekunle Bello
EXB01593,NLI-177990,DS201,03/11/2020,74,PROF. NGOZI EZE
EXB01956,nli-77244,EE501,2021-09-11,39,Dr. Adekunle Bello
EXB00666,NLI-26389,CS501,24/04/2020,56,prof. chika nwosu
EXB02280,NLI-52443,EC201,23-03-2020,33,Dr. Adekunle Bello
EXB01314,NLI-17236,EN401,24/03/2019,76,Dr. Adekunle Bello
EXB02064,29429,EN501,14-05-2022,70,dr. samuel okoro
EXB01441,nli-175320,PH501,24/01/2021,67,prof. chika nwosu
EXB00824,NLI-115814,ME101,2024-04-01,86,prof. chika nwosu
EXB00068,52279,ST501,12/07/2022,,PROF. NGOZI EZE
EXB02468,38355,ME401,27/04/2020,66,dr. samuel okoro
EXB00353,NLI-40260,EC401,2021-08-10,91,Dr Fatima Yusuf
EXB01889,NLI-110161,DS101,19/01/2024,20,dr. samuel okoro
EXB00689,183219,EC301,27-05-2021,30,Dr. Adekunle Bello
EXB01706,nli-24946,IT101,2020-12-05,60,Dr. Adekunle Bello
EXB01671,NLI-96607,ME401,25/08/2020,52,Dr Fatima Yusuf
EXB00907,nli-117774,MT201,26-04-2023,36,Dr. Adekunle Bello
EXB01466,NLI-30649,EN301,2020-05-16,56,Dr. Adekunle Bello
EXB00013,NLI97721,PH201,09-12-2024,56,PROF. NGOZI EZE
EXB01755,nli-108348,DS101,25-09-2023,83,PROF. NGOZI EZE
EXB01916,nli-155323,IT501,14/05/2020,28,Dr. Adekunle Bello
EXB02408,110309,DS301,18-11-2019,32,prof. chika nwosu
EXB01999,31542,EC101,14/01/2019,83,PROF. NGOZI EZE
EXB00701,105906,ME101,19/01/2019,97,prof. chika nwosu
EXB00934,NLI-34062,CS401,13-12-2021,53,Dr Fatima Yusuf
EXB01955,NLI141172,EC301,13-12-2024,76,Dr Fatima Yusuf
EXB00124,NLI-47933,EN101,2023-08-01,78,prof. chika nwosu
EXB01196,nli-44563,EC401,14/06/2019,,dr. samuel okoro
EXB00781,NLI148107,MT301,04-06-2022,51,PROF. NGOZI EZE
EXB01286,NLI51967,CS201,2024-08-09,70,Dr. Adekunle Bello
EXB00498,nli-01138,IT201,08-01-2019,32,PROF. NGOZI EZE
EXB01799,NLI-03767,EE101,03-05-2019,62,Dr. Adekunle Bello
EXB00932,NLI-43150,EC301,2019-07-28,58,Dr. Adekunle Bello
EXB00101,NLI-168360,IT501,15-04-2022,40,Dr. Adekunle Bello
EXB02455,NLI-70467,IT201,2023-07-21,79,dr. samuel okoro
EXB00646,NLI99421,DS301,17-10-2020,30,Dr. Adekunle Bello
EXB00413,21205,EN101,23-04-2022,58,Dr. Adekunle Bello
EXB00235,NLI-138097,DS101,2024-05-06,60,PROF. NGOZI EZE
EXB01877,NLI-165564,DS201,11-01-2021,52,prof. chika nwosu
EXB01703,NLI-184008,ST301,10-06-2020,34,prof. chika nwosu
EXB02319,NLI-194182,EC101,08/03/2020,42,Dr. Adekunle Bello
EXB00102,NLI01583,ST101,05-03-2023,57,PROF. NGOZI EZE
EXB01110,NLI-63719,MT101,2024-01-10,79,dr. samuel okoro
EXB00194,03692,IT101,15-03-2019,26,prof. chika nwosu
EXB02597,nli-37213,EE501,2024-01-11,22,dr. samuel okoro
EXB01766,NLI150618,MT401,13/05/2023,66,dr. samuel okoro
EXB02047,NLI137215,ST401,19-07-2021,118,prof. chika nwosu
EXB02178,NLI72383,ST401,2023-10-11,87,Dr. Adekunle Bello
EXB00430,nli-50847,ST101,01/05/2023,75,prof. chika nwosu
EXB00686,193289,PH101,2024-03-05,77,PROF. NGOZI EZE
EXB00828,109938,DS501,2023-03-19,25,Dr Fatima Yusuf
EXB01275,NLI-11124,EN201,18-03-2023,84,PROF. NGOZI EZE
EXB01349,NLI-16951,EN401,2023-06-16,63,Dr. Adekunle Bello
EXB00011,nli-77216,CS201,2024-12-16,74,Dr. Adekunle Bello
EXB01925,NLI-194622,EE301,27-04-2022,94,PROF. NGOZI EZE
EXB01589,NLI-36829,IT301,2021-10-12,64,Dr. Adekunle Bello
EXB00622,26839,EE401,07-09-2021,40,PROF. NGOZI EZE
EXB02344,NLI167566,ME101,2022-06-07,72,Dr. Adekunle Bello
EXB02381,NLI-126482,EN501,24/09/2024,91,Dr. Adekunle Bello
EXB00484,nli-30051,PH201,06-03-2024,86,Dr Fatima Yusuf
EXB01897,NLI-08371,EE201,25/10/2021,59,Dr Fatima Yusuf
EXB01832,nli-175827,MT201,13-12-2019,32,Dr Fatima Yusuf
EXB02262,NLI-25199,MT401,2020-06-24,91,prof. chika nwosu
EXB01265,NLI28225,DS301,04/04/2023,66,Dr. Adekunle Bello
EXB00320,12534,EN101,11/08/2021,83,Dr. Adekunle Bello
EXB00160,nli-91241,IT201,13/02/2024,98,dr. samuel okoro
EXB02513,NLI-133363,ST401,04-02-2024,32,prof. chika nwosu
EXB00355,NLI122345,DS301,09-09-2020,65,prof. chika nwosu
EXB00259,nli-107033,ME301,08/01/2023,94,Dr. Adekunle Bello
EXB01620,nli-167348,CS201,09/03/2023,,Dr. Adekunle Bello
EXB00820,171148,EC101,2022-07-10,94,Dr. Adekunle Bello
EXB01342,154440,EE301,2023-02-14,29,dr. samuel okoro
EXB02187,NLI-113456,ST401,2019-04-19,,Dr Fatima Yusuf
EXB00243,NLI-151190,EC101,25/03/2020,91,prof. chika nwosu
EXB01472,nli-186259,EE101,08-12-2024,34,dr. samuel okoro
EXB02365,nli-174686,DS301,05/01/2019,84,dr. samuel okoro
EXB00374,NLI-86817,MT101,23/11/2021,63,prof. chika nwosu
EXB00346,NLI-121349,ST301,08-04-2023,84,PROF. NGOZI EZE
EXB01653,NLI-133610,PH201,2021-08-18,74,PROF. NGOZI EZE
EXB02466,NLI26109,DS501,2024-04-10,30,Dr Fatima Yusuf
EXB02425,NLI-00671,PH301,03-12-2023,69,dr. samuel okoro
EXB02580,nli-57059,CS301,2020-03-12,,Dr. Adekunle Bello
EXB01135,173006,MT501,14-06-2024,76,prof. chika nwosu
EXB01200,144134,ST301,2023-01-22,58,Dr. Adekunle Bello
EXB01802,NLI103941,PH101,26/02/2021,57,prof. chika nwosu
EXB02317,nli-182102,PH501,24/11/2020,91,Dr. Adekunle Bello
EXB00302,126146,EC401,14/01/2023,90,PROF. NGOZI EZE
EXB02226,nli-95470,MT401,28/02/2023,54,Dr. Adekunle Bello
EXB02555,29185,CS401,2021-11-16,21,PROF. NGOZI EZE
EXB00418,NLI86352,EN101,21/06/2020,38,Dr Fatima Yusuf
EXB02195,45915,DS201,25/02/2024,67,PROF. NGOZI EZE
EXB00923,145269,IT201,11/02/2022,48,dr. samuel okoro
EXB00546,nli-16656,MT201,24/04/2019,84,Dr. Adekunle Bello
EXB00308,nli-122015,ST101,2019-05-23,,Dr Fatima Yusuf
EXB00558,NLI57335,EE501,2023-05-09,66,Dr. Adekunle Bello
EXB01786,nli-174756,EN201,2022-07-22,78,Dr. Adekunle Bello
EXB00997,nli-163251,CS201,2021-05-14,74,prof. chika nwosu
EXB02409,NLI175423,EE401,2020-10-20,97,dr. samuel okoro
EXB00760,nli-21633,ST301,18/05/2024,,Dr. Adekunle Bello
EXB00877,NLI122931,ST401,13-05-2022,33,dr. samuel okoro
EXB00542,NLI176647,DS501,2020-12-27,88,Dr Fatima Yusuf
EXB01809,NLI123999,ME101,2022-03-24,97,Dr Fatima Yusuf
EXB02512,nli-170163,IT501,20/12/2021,25,dr. samuel okoro
EXB01995,NLI182799,MT101,2019-12-04,96,Dr Fatima Yusuf
EXB00465,NLI108912,DS301,21-03-2021,,Dr. Adekunle Bello
EXB00386,NLI62179,EC201,04-01-2019,78,Dr Fatima Yusuf
EXB01467,NLI-63397,EN201,15-03-2021,31,dr. samuel okoro
EXB01823,NLI186373,ST401,2022-02-26,65,prof. chika nwosu
EXB02084,40218,CS101,09-08-2024,66,Dr. Adekunle Bello
EXB00854,nli-76118,DS201,2024-01-22,59,prof. chika nwosu
EXB01848,NLI-75347,EN501,07-04-2022,51,prof. chika nwosu
EXB02095,NLI110158,IT101,20-10-2019,87,prof. chika nwosu
EXB01130,nli-104873,MT501,24/11/2022,69,Dr Fatima Yusuf
EXB01473,NLI-195840,MT301,2020-10-09,91,dr. samuel okoro
EXB00324,NLI25175,ST101,2020-10-26,92,dr. samuel okoro
EXB00866,nli-41325,DS501,09-12-2019,37,Dr Fatima Yusuf
EXB00277,NLI-177941,EC101,2021-08-02,55,Dr. Adekunle Bello
EXB01304,166064,ME301,2024-05-07,99,prof. chika nwosu
EXB00757,nli-08675,ST401,17-06-2022,23,dr. samuel okoro
EXB01433,nli-30506,EE101,18/05/2021,75,Dr Fatima Yusuf
EXB01681,44669,CS101,25/04/2023,76,dr. samuel okoro
EXB00472,176689,EC301,24-06-2019,68,Dr. Adekunle Bello
EXB00555,NLI141830,DS401,13-07-2021,62,Dr. Adekunle Bello
EXB00769,172135,EC301,02-06-2021,,dr. samuel okoro
EXB00852,NLI-83813,IT201,09-11-2022,74,dr. samuel okoro
EXB01904,NLI-59387,PH301,04/05/2020,24,dr. samuel okoro
EXB01023,132242,MT301,27/03/2023,33,prof. chika nwosu
EXB00798,185106,DS401,2020-02-07,47,Dr. Adekunle Bello
EXB02391,NLI-143619,PH501,20-04-2023,69,PROF. NGOZI EZE
EXB01210,NLI-60748,CS301,2020-03-04,98,PROF. NGOZI EZE
EXB01722,NLI48216,EC401,2023-04-19,31,dr. samuel okoro
EXB02590,78459,IT201,25/08/2020,100,Dr. Adekunle Bello
EXB01417,nli-134432,CS101,13-12-2020,31,dr. samuel okoro
EXB02198,NLI148643,EE501,07/05/2022,67,Dr. Adekunle Bello
EXB01439,NLI-196907,DS401,28/03/2021,34,PROF. NGOZI EZE
EXB01159,NLI62961,ST201,17/01/2024,69,prof. chika nwosu
EXB01412,NLI-65319,MT301,26/09/2021,28,dr. samuel okoro
EXB00356,NLI184501,ME101,07-01-2024,78,Dr Fatima Yusuf
EXB00730,nli-113847,MT501,05-12-2019,35,PROF. NGOZI EZE
EXB01597,nli-72698,MT101,2023-06-10,30,PROF. NGOZI EZE
EXB02012,NLI-37047,IT201,27/03/2019,68,PROF. NGOZI EZE
EXB00631,NLI-78557,EC201,2020-04-06,59,Dr. Adekunle Bello
EXB01556,44907,PH101,08/05/2020,69,Dr. Adekunle Bello
EXB00639,nli-149247,MT101,08/04/2021,38,Dr. Adekunle Bello
EXB00571,26172,EC101,17-10-2020,48,Dr Fatima Yusuf
EXB01878,47854,EC301,14-01-2019,91,PROF. NGOZI EZE
EXB01557,NLI-52643,PH101,03/12/2021,98,prof. chika nwosu
EXB01274,149750,DS401,25/12/2023,32,prof. chika nwosu
EXB01142,NLI158573,ME501,2020-01-24,47,dr. samuel okoro
EXB02453,nli-98786,ST101,2020-05-09,95,Dr Fatima Yusuf
EXB00409,NLI-134296,ME401,22-05-2022,21,dr. samuel okoro
EXB02439,87022,EN201,18/05/2021,56,dr. samuel okoro
EXB00572,NLI-189341,EN101,17/12/2022,89,Dr. Adekunle Bello
EXB02098,NLI-191334,EE201,2023-11-13,28,Dr Fatima Yusuf
EXB00821,NLI-173626,ME301,12/12/2023,88,dr. samuel okoro
EXB01050,NLI-40200,MT101,26/09/2024,35,prof. chika nwosu
EXB02139,nli-105508,ST301,20/05/2024,76,prof. chika nwosu
EXB00809,NLI51979,EC101,2020-08-22,23,Dr. Adekunle Bello
EXB01425,NLI195072,PH301,20-12-2024,30,Dr Fatima Yusuf
EXB00047,07610,DS401,12-12-2022,29,Dr. Adekunle Bello
EXB00638,NLI-142819,DS501,2020-12-06,94,prof. chika nwosu
EXB00281,NLI136715,IT101,28-09-2021,40,dr. samuel okoro
EXB02350,NLI116498,CS201,12-08-2022,62,Dr. Adekunle Bello
EXB00385,76386,MT401,15/01/2019,23,Dr. Adekunle Bello
EXB00895,NLI101504,DS301,28/12/2023,82,Dr. Adekunle Bello
EXB02217,nli-67131,ME201,2021-03-13,37,prof. chika nwosu
EXB00303,NLI-193934,EC301,2020-09-01,93,dr. samuel okoro
EXB01316,NLI35258,EE501,23-02-2024,80,prof. chika nwosu
EXB02254,NLI-08090,EN301,2019-11-24,65,dr. samuel okoro
EXB00728,NLI12546,DS401,26/12/2019,44,Dr Fatima Yusuf
EXB01821,NLI194647,MT201,05/04/2022,85,prof. chika nwosu
EXB01683,146439,PH301,20/11/2022,87,Dr Fatima Yusuf
EXB01184,nli-20504,EC301,2022-04-01,29,Dr Fatima Yusuf
EXB01861,57654,ME501,02-10-2019,92,Dr. Adekunle Bello
EXB00965,NLI26689,ST401,02/11/2020,20,PROF. NGOZI EZE
EXB01366,nli-16506,EE401,2022-01-10,89,PROF. NGOZI EZE
EXB01169,42248,CS401,20-03-2019,45,Dr Fatima Yusuf
EXB00978,NLI-13464,PH301,12/10/2024,55,Dr. Adekunle Bello
EXB02244,NLI-64084,ST101,2021-10-01,81,PROF. NGOZI EZE
EXB00233,NLI-74061,MT101,28-07-2019,47,dr. samuel okoro
EXB02257,nli-54587,ST201,14-06-2019,,dr. samuel okoro
EXB00674,NLI83608,ST501,12/09/2023,44,PROF. NGOZI EZE
EXB01812,40485,EC401,23/10/2023,77,prof. chika nwosu
EXB00514,nli-70568,IT401,04-01-2022,30,PROF. NGOZI EZE
EXB02242,NLI190673,EC501,16/10/2023,62,Dr. Adekunle Bello
EXB02545,NLI14410,IT501,19/06/2021,85,PROF. NGOZI EZE
EXB00487,nli-116923,ST101,2023-05-04,63,prof. chika nwosu
EXB02056,NLI128383,ST401,22/12/2024,40,Dr Fatima Yusuf
EXB00600,NLI-96744,ME401,2022-02-09,35,Dr Fatima Yusuf
EXB02457,159552,ST401,09-11-2024,23,Dr. Adekunle Bello
EXB01187,NLI-35855,CS201,2023-12-22,87,Dr. Adekunle Bello
EXB00329,21974,PH501,04/08/2024,87,prof. chika nwosu
EXB01342,154440,EE301,2023-02-14,29,dr. samuel okoro
EXB02387,NLI-148722,ST501,07-03-2020,21,Dr Fatima Yusuf
EXB01782,NLI46014,IT401,2024-05-21,51,PROF. NGOZI EZE
EXB01527,NLI-72785,EC301,23-10-2024,99,Dr Fatima Yusuf
EXB01321,NLI13135,DS301,01/08/2019,32,prof. chika nwosu
EXB01097,NLI139785,ST401,18/11/2022,,prof. chika nwosu
EXB00238,NLI11226,EC501,14-07-2020,58,Dr. Adekunle Bello
EXB01103,nli-91964,EC101,20/06/2019,77,PROF. NGOZI EZE
EXB00983,NLI27077,ME501,27/05/2023,28,Dr. Adekunle Bello
EXB00288,NLI102297,CS501,02/07/2023,56,prof. chika nwosu
EXB00734,nli-86799,CS201,2021-06-04,50,PROF. NGOZI EZE
EXB01158,NLI-14376,PH301,2021-08-20,22,Dr. Adekunle Bello
EXB00592,NLI-40404,ST401,2021-01-18,49,Dr. Adekunle Bello
EXB00038,NLI-80561,PH101,2024-04-16,85,Dr. Adekunle Bello
EXB01708,NLI-183829,PH501,26-05-2021,62,prof. chika nwosu
EXB02552,nli-22845,DS301,15/10/2024,70,prof. chika nwosu
EXB01373,NLI-183798,IT101,2024-08-07,85,prof. chika nwosu
EXB01690,nli-141672,EN401,21/05/2023,,prof. chika nwosu
EXB02272,nli-45499,PH301,23/03/2023,40,Dr Fatima Yusuf
EXB02550,NLI-122769,ST201,2020-11-15,101,Dr. Adekunle Bello
EXB01364,178237,DS401,10-04-2021,95,PROF. NGOZI EZE
EXB02033,116431,PH301,14/09/2019,43,Dr Fatima Yusuf
EXB02175,nli-59192,EE301,17/01/2019,38,Dr. Adekunle Bello
EXB01778,nli-170141,PH201,08/10/2019,42,prof. chika nwosu
EXB01458,66156,EE101,2020-03-19,85,dr. samuel okoro
EXB00085,NLI-35940,EC501,2024-04-01,93,PROF. NGOZI EZE
EXB00739,nli-10088,ME501,2022-10-03,111,PROF. NGOZI EZE
EXB01651,nli-02064,EC101,21/11/2021,46,PROF. NGOZI EZE
EXB00601,nli-135290,EE401,2024-06-05,24,prof. chika nwosu
EXB00154,nli-171554,ME201,06/02/2021,72,dr. samuel okoro
EXB01859,NLI-19187,CS501,24-05-2021,62,prof. chika nwosu
EXB00673,nli-88906,PH101,07/05/2020,85,PROF. NGOZI EZE
EXB01633,nli-180105,EE401,2019-01-16,32,PROF. NGOZI EZE
EXB01228,NLI127376,IT101,2020-01-21,92,dr. samuel okoro
EXB02445,nli-115130,CS101,20-12-2020,79,PROF. NGOZI EZE
EXB00359,NLI-177250,MT501,03-06-2019,35,Dr Fatima Yusuf
EXB00795,nli-92583,PH201,2024-11-19,112,Dr Fatima Yusuf
EXB01637,NLI-79707,ST501,13/05/2023,38,Dr. Adekunle Bello
EXB00865,NLI124888,CS501,27-08-2023,33,PROF. NGOZI EZE
EXB02239,NLI-67470,EC301,02-06-2019,66,dr. samuel okoro
EXB02393,NLI74162,EN101,16-06-2022,67,dr. samuel okoro
EXB00456,NLI71712,PH301,16-10-2022,91,Dr Fatima Yusuf
EXB01654,NLI-163712,CS101,03/02/2019,115,dr. samuel okoro
EXB00925,nli-97659,CS201,16-11-2024,97,Dr Fatima Yusuf
EXB01613,nli-150366,ST101,13-04-2021,85,Dr Fatima Yusuf
EXB02348,nli-97088,DS401,2019-09-02,47,PROF. NGOZI EZE
EXB00360,NLI-10930,EC501,2024-02-17,49,PROF. NGOZI EZE
EXB00064,NLI105578,ST401,26-04-2022,69,prof. chika nwosu
EXB01132,NLI-186293,ME401,03/04/2024,34,Dr. Adekunle Bello
EXB01266,NLI163634,ST501,06-09-2019,30,Dr Fatima Yusuf
EXB02449,NLI-69960,IT101,2024-04-11,40,PROF. NGOZI EZE
EXB01857,NLI-22637,IT401,09/01/2019,21,PROF. NGOZI EZE
EXB01123,nli-113564,EC301,2022-08-20,29,Dr. Adekunle Bello
EXB01480,172798,DS101,19/01/2020,88,prof. chika nwosu
EXB01244,NLI-176014,IT401,06-04-2024,82,PROF. NGOZI EZE
EXB00860,NLI-60035,EN201,25/10/2024,,prof. chika nwosu
EXB00454,NLI-189479,ME501,19/03/2019,50,Dr Fatima Yusuf
EXB02411,113720,EC401,2020-12-03,47,dr. samuel okoro
EXB00250,130817,EN101,13-01-2020,64,PROF. NGOZI EZE
EXB00350,107302,ME201,22/11/2024,87,prof. chika nwosu
EXB00208,NLI161023,EE401,2024-10-19,-17,Dr Fatima Yusuf
EXB02594,60215,PH301,25/05/2024,78,Dr Fatima Yusuf
EXB01479,nli-137938,DS101,06/01/2022,94,PROF. NGOZI EZE
EXB00184,nli-98068,IT201,06-04-2022,46,PROF. NGOZI EZE
EXB00505,NLI-111706,EE101,15-09-2019,77,dr. samuel okoro
EXB00357,23967,CS401,27/08/2019,76,PROF. NGOZI EZE
EXB00573,nli-134460,EC401,09/01/2020,27,PROF. NGOZI EZE
EXB01136,nli-01504,ST401,08-10-2021,84,Dr. Adekunle Bello
EXB01229,NLI142558,EN101,2019-03-15,100,prof. chika nwosu
EXB00995,NLI106013,EN201,2019-12-23,38,dr. samuel okoro
EXB00186,NLI-166463,EN101,16/12/2019,55,dr. samuel okoro
EXB00534,nli-113211,ST301,2019-06-03,64,Dr. Adekunle Bello
EXB01882,NLI-153244,EE201,2019-05-06,89,Dr Fatima Yusuf
EXB02026,162965,PH501,20/08/2024,75,PROF. NGOZI EZE
EXB01866,NLI-162134,ST501,2022-01-12,51,Dr. Adekunle Bello
EXB01564,NLI-124964,EC301,2022-07-19,65,dr. samuel okoro
EXB01388,NLI169525,DS501,24/05/2023,,prof. chika nwosu
EXB00901,NLI-61828,DS201,25/11/2021,47,prof. chika nwosu
EXB01348,NLI-01457,ST501,20/07/2020,63,Dr. Adekunle Bello
EXB01413,NLI-117299,EE201,24/10/2019,15,Dr Fatima Yusuf
EXB01805,NLI152426,PH401,18/07/2023,39,dr. samuel okoro
EXB01003,NLI159424,MT201,13-02-2024,100,Dr Fatima Yusuf
EXB00819,nli-111957,EC501,2024-06-13,,prof. chika nwosu
EXB00149,123465,MT401,09/05/2020,24,Dr Fatima Yusuf
EXB02119,NLI20181,CS301,2023-12-19,78,prof. chika nwosu
EXB02065,158861,ME101,2021-11-15,38,PROF. NGOZI EZE
EXB00811,NLI-23796,MT101,05/05/2022,67,Dr Fatima Yusuf
EXB02325,nli-69030,EN101,2024-02-02,55,PROF. NGOZI EZE
EXB01437,NLI-16875,EN401,2022-03-10,62,dr. samuel okoro
EXB00060,64508,EN401,2020-06-22,61,PROF. NGOZI EZE
EXB00182,37567,PH501,12-04-2024,82,prof. chika nwosu
EXB00511,32375,ME301,06-11-2023,73,PROF. NGOZI EZE
EXB00460,NLI-15073,IT501,07-12-2024,98,prof. chika nwosu
EXB00216,nli-139177,ST401,2023-10-27,43,Dr Fatima Yusuf
EXB01571,NLI82067,IT101,12-01-2024,96,Dr Fatima Yusuf
EXB02057,NLI-82611,EC501,27-02-2020,21,dr. samuel okoro
EXB02388,NLI-27375,ST101,26-10-2021,16,prof. chika nwosu
EXB00590,NLI11544,ME101,2023-12-22,49,Dr. Adekunle Bello
EXB01965,nli-94758,DS201,19/03/2024,72,dr. samuel okoro
EXB02507,NLI77248,CS501,19-01-2023,73,dr. samuel okoro
EXB01276,NLI-171897,ME101,15/01/2024,68,dr. samuel okoro
EXB00366,114362,CS201,18-08-2020,93,Dr Fatima Yusuf
EXB02013,NLI113777,ST301,17-10-2023,100,dr. samuel okoro
EXB01957,NLI-130930,DS501,2024-07-24,21,Dr. Adekunle Bello
EXB00894,nli-85411,EE501,17/11/2022,76,Dr Fatima Yusuf
EXB01712,NLI168407,EC201,2022-04-28,76,PROF. NGOZI EZE
EXB01971,NLI18153,EE401,09-02-2021,41,Dr Fatima Yusuf
EXB01711,NLI-56362,ME101,2019-02-03,48,Dr. Adekunle Bello
EXB01655,NLI02043,EN401,13-09-2020,66,dr. samuel okoro
EXB00799,NLI-109960,EE201,2023-05-07,47,PROF. NGOZI EZE
EXB02151,150505,MT501,01/09/2019,27,PROF. NGOZI EZE
EXB00989,45328,IT201,24-02-2021,57,Dr Fatima Yusuf
EXB00975,NLI-88471,IT301,13/10/2023,65,dr. samuel okoro
EXB01401,nli-43447,EC401,13/02/2023,80,PROF. NGOZI EZE
EXB01975,94473,EC401,2022-06-14,51,PROF. NGOZI EZE
EXB00467,nli-27127,PH201,12-11-2019,97,prof. chika nwosu
EXB02063,NLI-62187,EE101,15/08/2021,,Dr Fatima Yusuf
EXB01459,NLI-64221,EN401,23/03/2019,75,Dr Fatima Yusuf
EXB01529,20506,DS401,2024-12-01,75,PROF. NGOZI EZE
EXB00072,NLI-51503,EN301,26-06-2021,95,dr. samuel okoro
EXB01506,NLI-145717,PH501,01/01/2022,80,Dr Fatima Yusuf
EXB01561,NLI83421,EN201,01-11-2021,35,Dr Fatima Yusuf
EXB02060,111580,IT501,13/04/2021,46,Dr. Adekunle Bello
EXB01880,nli-50512,ME101,11/06/2019,56,dr. samuel okoro
EXB02492,NLI-122135,MT201,15/08/2021,58,PROF. NGOZI EZE
EXB00777,nli-91760,DS101,2021-03-20,47,dr. samuel okoro
EXB00632,nli-199673,ME101,2024-12-08,50,prof. chika nwosu
EXB01124,98626,EC201,13/11/2022,37,dr. samuel okoro
EXB02384,NLI-21701,ME201,2020-12-23,72,PROF. NGOZI EZE
EXB00913,nli-77052,PH401,16/05/2020,76,dr. samuel okoro
EXB02561,NLI-20071,EE501,25-05-2022,36,Dr. Adekunle Bello
EXB00255,09968,PH401,18-04-2023,57,Dr Fatima Yusuf
EXB01221,NLI05273,IT401,26-12-2020,42,dr. samuel okoro
EXB01728,nli-05016,IT301,28/09/2019,66,PROF. NGOZI EZE
EXB00283,NLI-198551,EN501,22-01-2024,31,Dr. Adekunle Bello
EXB01691,NLI-137432,DS401,09-09-2022,70,PROF. NGOZI EZE
EXB02204,NLI-89874,IT501,26-09-2023,74,prof. chika nwosu
EXB02263,nli-198587,EE401,2023-11-06,91,prof. chika nwosu
EXB02040,NLI-17382,MT301,09-08-2023,99,dr. samuel okoro
EXB00203,NLI44584,ME401,09/04/2021,34,Dr. Adekunle Bello
EXB00762,53667,MT201,24-11-2021,53,prof. chika nwosu
EXB00279,86134,DS401,2019-12-03,80,Dr. Adekunle Bello
EXB00491,NLI-47830,EE501,28-01-2021,,PROF. NGOZI EZE
EXB00189,nli-133704,EN401,2021-11-03,93,prof. chika nwosu
EXB02525,150488,EN401,04-08-2024,78,dr. samuel okoro
EXB01028,166601,PH301,09-09-2022,56,prof. chika nwosu
EXB00492,NLI-35107,CS101,2024-10-14,90,Dr. Adekunle Bello
EXB02462,nli-22738,EE201,14/12/2023,21,Dr. Adekunle Bello
EXB01071,NLI-25437,EC101,15/09/2019,83,dr. samuel okoro
EXB01661,nli-78537,EE201,2021-09-27,72,dr. samuel okoro
EXB01724,NLI-07056,EC301,2022-04-26,86,prof. chika nwosu
EXB01501,nli-185479,EC401,2020-08-12,100,Dr. Adekunle Bello
EXB01603,nli-154925,EC201,2019-05-15,33,dr. samuel okoro
EXB01992,nli-47635,CS401,2021-05-10,61,Dr. Adekunle Bello
EXB00802,NLI31036,MT401,27-08-2024,53,dr. samuel okoro
EXB02417,nli-147065,EC301,27-01-2022,33,dr. samuel okoro
EXB01710,NLI-68353,CS401,04-07-2020,85,Dr. Adekunle Bello
EXB02073,35381,PH201,2024-10-04,64,Dr. Adekunle Bello
EXB01081,NLI194149,MT101,2021-09-20,68,dr. samuel okoro
EXB01153,173080,EN301,22/09/2024,51,PROF. NGOZI EZE
EXB02223,35012,CS101,21-01-2022,46,prof. chika nwosu
EXB01307,NLI-135086,ST301,25/06/2023,20,Dr. Adekunle Bello
EXB02066,nli-112422,MT501,2023-08-06,46,prof. chika nwosu
EXB01126,NLI42723,DS101,2023-02-23,80,PROF. NGOZI EZE
EXB00138,NLI70383,EE301,11-01-2023,76,PROF. NGOZI EZE
EXB00618,nli-137841,EE101,2024-05-23,38,Dr Fatima Yusuf
EXB00071,NLI-04549,ST501,07/12/2019,88,dr. samuel okoro
EXB01173,45922,EE501,03/11/2022,30,PROF. NGOZI EZE
EXB00597,NLI-175391,CS301,2022-01-04,93,PROF. NGOZI EZE
EXB00181,NLI-143724,EN201,15-06-2020,26,dr. samuel okoro
EXB02586,NLI-122852,EN101,13-02-2024,40,dr. samuel okoro
EXB00950,NLI-13056,EC401,2022-04-21,70,Dr Fatima Yusuf
EXB00561,nli-11340,EC201,2021-08-28,47,prof. chika nwosu
EXB02337,NLI-197651,MT301,13/10/2024,53,Dr. Adekunle Bello
EXB00380,nli-15384,PH301,2023-07-07,,prof. chika nwosu
EXB02281,NLI-131666,EC301,20/06/2021,74,prof. chika nwosu
EXB00479,NLI-81785,DS501,17-08-2019,58,prof. chika nwosu
EXB01291,117417,EC301,02/11/2022,79,PROF. NGOZI EZE
EXB00617,NLI-38222,IT101,23/01/2021,59,PROF. NGOZI EZE
EXB01870,nli-33797,EN501,12-12-2022,35,Dr Fatima Yusuf
EXB02193,NLI-145209,PH101,18-09-2019,109,dr. samuel okoro
EXB00104,69698,EC301,2024-05-02,22,Dr. Adekunle Bello
EXB02339,NLI-120927,MT301,21-12-2019,67,dr. samuel okoro
EXB01191,NLI116182,IT101,09/06/2021,48,prof. chika nwosu
EXB01488,NLI-55520,EE201,2020-08-08,88,prof. chika nwosu
EXB02316,NLI86864,EN101,10/11/2022,59,Dr Fatima Yusuf
EXB01216,NLI-164930,ME301,13/12/2022,,dr. samuel okoro
EXB02301,186283,MT301,28/04/2023,29,dr. samuel okoro
EXB01815,NLI-24562,MT501,01-04-2020,56,PROF. NGOZI EZE
EXB00476,NLI76075,EC101,16-05-2021,24,Dr Fatima Yusuf
EXB01726,nli-47219,MT501,26/07/2022,53,Dr Fatima Yusuf
EXB02160,130831,ME501,2019-03-15,,PROF. NGOZI EZE
EXB01623,NLI-59238,DS201,2019-05-17,30,Dr Fatima Yusuf
EXB00156,NLI-70515,IT401,2023-12-26,95,dr. samuel okoro
EXB00478,nli-174501,EC101,19/05/2022,28,Dr Fatima Yusuf
EXB01429,NLI154077,EN201,17/03/2021,43,PROF. NGOZI EZE
EXB00112,NLI-95644,ME101,2021-01-15,86,dr. samuel okoro
EXB01881,nli-57011,EC501,21/07/2022,56,dr. samuel okoro
EXB01641,75115,ST501,03/03/2019,34,PROF. NGOZI EZE
EXB02498,NLI-58459,EC201,2021-09-09,50,Dr Fatima Yusuf
EXB00948,NLI-155990,MT201,25-07-2024,73,PROF. NGOZI EZE
EXB00025,NLI-196619,PH201,2023-02-21,81,Dr. Adekunle Bello
EXB01895,NLI-137790,IT301,2020-09-10,36,Dr. Adekunle Bello
EXB02543,NLI-161345,EC101,06/09/2021,35,Dr Fatima Yusuf
EXB00115,177408,IT201,11-06-2023,97,PROF. NGOZI EZE
EXB00489,NLI-95148,EN101,2021-06-26,64,Dr. Adekunle Bello
EXB02189,NLI-76865,EE501,24-01-2019,44,prof. chika nwosu
EXB00429,NLI-18748,EE301,16-04-2022,71,Dr. Adekunle Bello
EXB01811,NLI102857,DS501,13/02/2022,37,prof. chika nwosu
EXB01917,nli-47284,CS401,2021-09-20,33,dr. samuel okoro
EXB02020,NLI168205,MT101,02/06/2020,36,dr. samuel okoro
EXB02213,78605,EN501,2021-06-13,27,PROF. NGOZI EZE
EXB00814,NLI-97643,DS401,17/06/2019,74,dr. samuel okoro
EXB01997,NLI-145148,ME101,2019-04-18,98,prof. chika nwosu
EXB01082,NLI-124055,PH101,20/07/2024,98,Dr Fatima Yusuf
EXB00900,NLI-34316,CS501,2021-08-15,68,prof. chika nwosu
EXB02535,nli-179078,CS201,01/02/2022,32,PROF. NGOZI EZE
EXB01686,nli-38549,EC401,2019-01-03,35,prof. chika nwosu
EXB02476,NLI-190736,EE101,2022-12-06,,Dr. Adekunle Bello
EXB02366,nli-101111,EE101,18/01/2021,38,prof. chika nwosu
EXB02510,nli-188698,EE101,2021-03-07,23,PROF. NGOZI EZE
EXB01450,nli-66050,IT201,22/10/2019,91,dr. samuel okoro
EXB00352,NLI-14963,PH501,25/04/2023,69,prof. chika nwosu
EXB01772,NLI173395,MT401,2019-03-24,96,dr. samuel okoro
EXB00032,NLI-195848,CS101,19/12/2019,91,prof. chika nwosu
EXB02138,nli-24775,IT301,2019-10-22,52,Dr Fatima Yusuf
EXB01041,NLI-89689,DS401,20/09/2023,48,dr. samuel okoro
EXB01584,139960,MT201,11-08-2019,,Dr Fatima Yusuf
EXB00453,NLI-36187,EE401,26/06/2024,25,Dr Fatima Yusuf
EXB01377,46362,EN101,22/06/2023,,Dr Fatima Yusuf
EXB00224,NLI59436,ST501,15/09/2020,39,Dr. Adekunle Bello
EXB01525,NLI-04838,ME101,08-04-2022,,PROF. NGOZI EZE
EXB01577,177386,DS301,14-10-2022,22,dr. samuel okoro
EXB01016,NLI155848,EN501,15-06-2019,46,Dr Fatima Yusuf
EXB00270,NLI-115519,DS301,12-11-2023,24,PROF. NGOZI EZE
EXB01399,106437,IT201,17/06/2024,27,dr. samuel okoro
EXB00318,NLI-56588,CS201,15-05-2022,51,PROF. NGOZI EZE
EXB00909,NLI64904,CS201,07-01-2019,,Dr Fatima Yusuf
EXB00595,NLI36070,ST101,2023-12-23,85,prof. chika nwosu
EXB02166,nli-68860,ME501,11/11/2024,100,dr. samuel okoro
EXB00005,NLI-137565,DS401,04/04/2020,33,prof. chika nwosu
EXB02351,nli-125881,IT401,2022-03-24,99,prof. chika nwosu
EXB01959,nli-72665,EE401,2020-10-21,26,Dr. Adekunle Bello
EXB01560,NLI-120595,ST401,07-06-2021,63,prof. chika nwosu
EXB02424,04630,PH101,28/04/2022,55,PROF. NGOZI EZE
EXB00695,37232,ME201,2024-05-18,95,dr. samuel okoro
EXB00296,NLI103439,MT401,20/11/2023,74,prof. chika nwosu
EXB00693,NLI-97862,EC101,21/06/2019,65,PROF. NGOZI EZE
EXB00340,NLI22917,EE401,2022-04-13,63,Dr. Adekunle Bello
EXB01928,125308,IT201,12-07-2021,98,prof. chika nwosu
EXB01387,115989,ME501,24-08-2021,50,PROF. NGOZI EZE
EXB02080,NLI-197285,PH301,17/08/2021,62,Dr Fatima Yusuf
EXB00346,NLI-121349,ST301,08-04-2023,84,PROF. NGOZI EZE
EXB00562,NLI82587,EN401,2021-09-02,20,Dr Fatima Yusuf
EXB00871,nli-195082,EN401,19-11-2021,46,Dr Fatima Yusuf
EXB00497,NLI-63641,IT101,26-07-2024,25,PROF. NGOZI EZE
EXB00727,84475,PH501,18/03/2019,105,PROF. NGOZI EZE
EXB02136,NLI12359,MT301,05-09-2021,33,Dr. Adekunle Bello
EXB02442,77310,ME101,18/10/2021,50,PROF. NGOZI EZE
EXB01919,NLI67457,CS101,2023-12-15,88,prof. chika nwosu
EXB02035,NLI-108709,MT101,10/12/2023,82,PROF. NGOZI EZE
EXB02415,nli-173443,EE101,05-01-2019,29,Dr Fatima Yusuf
EXB01580,nli-145609,CS301,17/12/2020,104,prof. chika nwosu
EXB01642,NLI21481,PH401,2024-04-01,40,prof. chika nwosu
EXB02305,nli-73772,CS301,17-07-2022,,Dr Fatima Yusuf
EXB02349,NLI-187590,CS201,13/12/2022,66,PROF. NGOZI EZE
EXB01162,35364,EN201,25/03/2024,81,Dr. Adekunle Bello
EXB02275,104489,EE201,12-06-2022,81,Dr. Adekunle Bello
EXB02241,NLI-199290,PH101,2024-11-18,98,dr. samuel okoro
EXB01693,15723,PH501,13/07/2021,33,Dr Fatima Yusuf
EXB02018,NLI-162090,EC101,21-11-2024,47,prof. chika nwosu
EXB01207,NLI-39340,ST201,14-09-2024,22,Dr Fatima Yusuf
EXB02234,nli-147439,EC401,24/12/2022,77,prof. chika nwosu
EXB01502,NLI-140399,ME201,22/06/2020,76,prof. chika nwosu
EXB01622,nli-69456,MT501,15/07/2022,96,PROF. NGOZI EZE
EXB01253,nli-36342,ST501,17/02/2021,27,prof. chika nwosu
EXB01116,191256,DS201,07/03/2023,97,prof. chika nwosu
EXB02569,nli-198766,ME101,27-05-2021,56,dr. samuel okoro
EXB01340,NLI-115453,PH301,03/08/2019,82,Dr. Adekunle Bello
EXB02564,NLI-09226,DS201,10/07/2021,52,dr. samuel okoro
EXB00335,33474,EC301,10/09/2022,40,PROF. NGOZI EZE
EXB01487,NLI163968,CS401,13/09/2021,87,Dr Fatima Yusuf
EXB02099,NLI107594,EC301,25/11/2023,32,PROF. NGOZI EZE
EXB01779,NLI140809,ME101,2021-11-19,93,PROF. NGOZI EZE
EXB01658,NLI71248,IT101,2019-09-03,44,dr. samuel okoro
EXB00017,137142,EC201,23-08-2022,58,Dr. Adekunle Bello
EXB01609,NLI115881,CS201,18/07/2023,34,Dr. Adekunle Bello
EXB00970,nli-22187,EN401,16/02/2024,91,PROF. NGOZI EZE
EXB02526,29164,DS501,15-12-2024,93,Dr Fatima Yusuf
EXB01842,NLI-138128,DS301,09-07-2020,53,Dr. Adekunle Bello
EXB02577,NLI-131875,ST501,07-01-2024,95,prof. chika nwosu
EXB01899,nli-127536,EC501,18-01-2024,,PROF. NGOZI EZE
EXB01767,146315,MT401,10-04-2021,98,Dr. Adekunle Bello
EXB02061,nli-128846,EC501,20-12-2020,58,dr. samuel okoro
EXB02227,NLI-90129,ST201,19-01-2023,93,Dr. Adekunle Bello
EXB00902,15229,DS101,2019-09-16,58,prof. chika nwosu
EXB00503,NLI142187,ST301,2023-05-01,62,prof. chika nwosu
EXB01526,nli-23880,MT401,2023-09-11,36,Dr Fatima Yusuf
EXB00001,NLI-197352,CS501,10/07/2020,97,Dr Fatima Yusuf
EXB01713,nli-101750,MT501,06/09/2022,20,dr. samuel okoro
EXB00046,NLI-147620,IT101,07-08-2022,52,Dr Fatima Yusuf
EXB01014,38817,ME301,09-05-2022,75,dr. samuel okoro
EXB02144,NLI74218,IT301,2021-11-07,22,Dr Fatima Yusuf
EXB02165,nli-77472,ME101,15/10/2023,57,Dr Fatima Yusuf
EXB01352,41370,EE101,2021-07-24,12,dr. samuel okoro
EXB02117,NLI-63028,EC501,25-08-2023,97,Dr. Adekunle Bello
EXB01123,nli-113564,EC301,2022-08-20,29,Dr. Adekunle Bello
EXB00685,nli-27101,ME301,22-07-2024,88,PROF. NGOZI EZE
EXB02600,112121,ST401,2023-06-06,72,prof. chika nwosu
EXB02359,nli-139917,MT201,17-03-2022,89,prof. chika nwosu
EXB02260,NLI120616,ME301,2023-01-26,44,dr. samuel okoro
EXB00434,NLI-113315,MT301,20-12-2021,37,Dr. Adekunle Bello
EXB00717,179464,EC201,21/07/2023,68,prof. chika nwosu
EXB01392,29150,ME201,22/07/2022,59,Dr. Adekunle Bello
EXB01607,nli-83760,MT201,19-05-2019,48,PROF. NGOZI EZE
EXB01477,nli-177814,EN501,11-04-2019,45,prof. chika nwosu
EXB01788,NLI179279,ME101,2020-11-02,,PROF. NGOZI EZE
EXB02158,NLI162948,DS101,17-05-2023,22,Dr Fatima Yusuf
EXB02413,nli-72275,IT101,07/01/2021,45,prof. chika nwosu
EXB02171,NLI-178389,ME401,19/12/2021,35,PROF. NGOZI EZE
EXB01006,NLI-38139,CS101,20-02-2022,36,PROF. NGOZI EZE
EXB00468,NLI-68940,MT501,28-01-2022,31,prof. chika nwosu
EXB00712,01394,DS301,03/07/2023,54,prof. chika nwosu
EXB00222,NLI132568,CS301,01/06/2023,,Dr Fatima Yusuf
EXB00790,NLI186774,EC201,22/03/2022,70,dr. samuel okoro
EXB00158,NLI-149271,EN401,2024-10-21,97,Dr Fatima Yusuf
EXB01961,nli-31259,EN401,18/10/2021,77,PROF. NGOZI EZE
EXB00291,nli-175681,ME101,21-11-2024,47,Dr. Adekunle Bello
EXB02576,NLI77832,ME101,11-03-2024,110,Dr. Adekunle Bello
EXB00354,nli-30353,IT501,23/02/2019,86,PROF. NGOZI EZE
EXB00300,NLI-76046,ME301,27/05/2021,26,dr. samuel okoro
EXB01070,NLI-82237,IT401,2019-10-24,56,prof. chika nwosu
EXB02264,nli-61606,ME401,11-02-2019,41,Dr. Adekunle Bello
EXB00999,nli-82444,ST301,2022-06-06,48,dr. samuel okoro
EXB02251,NLI-11632,EE301,2021-02-25,45,dr. samuel okoro
EXB00614,NLI153935,EC301,05-04-2023,32,Dr. Adekunle Bello
EXB00851,76103,CS101,21-10-2022,86,dr. samuel okoro
EXB00282,NLI-06893,CS501,16-11-2021,88,PROF. NGOZI EZE
EXB02049,NLI-78486,EN301,08-03-2021,111,Dr. Adekunle Bello
EXB02134,NLI00784,IT401,01-08-2020,72,dr. samuel okoro
EXB00896,nli-150187,EN301,2023-11-22,89,PROF. NGOZI EZE
EXB00193,NLI153870,EN501,02-02-2023,95,Dr Fatima Yusuf
EXB00084,NLI-141667,EE301,11/08/2021,77,prof. chika nwosu
EXB01315,NLI-171275,IT101,24-10-2024,60,PROF. NGOZI EZE
EXB00985,nli-41339,EC401,21-08-2021,79,Dr. Adekunle Bello
EXB01383,NLI154656,EN501,18-08-2021,68,dr. samuel okoro
EXB02419,nli-90014,DS301,27/09/2024,88,Dr Fatima Yusuf
EXB02563,nli-190865,ST301,25/10/2024,47,Dr Fatima Yusuf
EXB00641,nli-172992,CS201,2022-06-18,72,Dr. Adekunle Bello
EXB01752,78818,ME501,08-05-2023,64,dr. samuel okoro
EXB01059,NLI-136039,EC501,2020-08-17,46,dr. samuel okoro
EXB01079,nli-116953,IT101,2021-10-22,37,PROF. NGOZI EZE
EXB01867,nli-121896,IT301,2021-06-07,74,Dr Fatima Yusuf
EXB00545,58969,DS301,16-11-2024,25,Dr. Adekunle Bello
EXB02502,NLI-115604,DS501,24-01-2019,35,PROF. NGOZI EZE
EXB02314,NLI-158915,CS101,17-10-2024,73,PROF. NGOZI EZE
EXB01035,177280,IT401,2024-10-25,46,PROF. NGOZI EZE
EXB01871,nli-75296,MT401,08/10/2020,59,dr. samuel okoro
EXB00212,43725,CS101,26-09-2022,,prof. chika nwosu
EXB01452,nli-65037,IT101,2019-06-11,,prof. chika nwosu
EXB02071,NLI-86660,DS201,12/04/2019,83,Dr. Adekunle Bello
EXB01242,NLI-56631,EN401,06-08-2023,31,dr. samuel okoro
EXB02179,NLI-61173,IT301,2023-09-14,26,dr. samuel okoro
EXB01484,97524,EE501,01-03-2022,44,dr. samuel okoro
EXB01714,NLI-159282,EC501,16/11/2024,111,dr. samuel okoro
EXB02329,nli-08214,ST101,08/05/2019,83,Dr Fatima Yusuf
EXB01165,NLI-130367,IT301,01/02/2021,34,Dr Fatima Yusuf
EXB01236,nli-104022,PH501,03/03/2022,57,prof. chika nwosu
EXB01414,NLI-06108,DS401,2022-04-23,67,Dr Fatima Yusuf
EXB01476,NLI20936,PH401,28-01-2024,93,Dr. Adekunle Bello
EXB01268,NLI-14911,DS501,09/12/2021,48,prof. chika nwosu
EXB00423,nli-197736,CS101,27-06-2024,83,dr. samuel okoro
EXB01886,NLI-05131,ME501,2019-10-21,53,dr. samuel okoro
EXB01591,nli-113657,PH301,26/08/2020,,PROF. NGOZI EZE
EXB00567,nli-175605,CS201,12/12/2019,68,prof. chika nwosu
EXB02300,NLI15785,ME501,02-03-2023,42,Dr. Adekunle Bello
EXB00088,193757,ME501,2019-10-08,40,dr. samuel okoro
EXB02102,NLI138745,ST501,2024-06-13,99,Dr. Adekunle Bello
EXB01978,29388,EE301,05-07-2019,52,prof. chika nwosu
EXB02485,NLI77646,EN501,2021-01-09,57,dr. samuel okoro
EXB00297,nli-20464,PH401,18-02-2020,60,dr. samuel okoro
EXB02581,NLI177488,PH401,2021-07-10,62,prof. chika nwosu
EXB00732,NLI-184902,MT101,20-12-2023,109,prof. chika nwosu
EXB02308,177776,EN401,20-09-2022,87,Dr. Adekunle Bello
EXB00063,70154,CS301,2024-03-17,80,Dr Fatima Yusuf
EXB01851,NLI-173346,CS201,08/09/2022,84,prof. chika nwosu
EXB01444,119625,MT301,2024-02-15,63,Dr. Adekunle Bello
EXB01764,NLI-101173,ME201,2022-06-09,66,dr. samuel okoro
EXB01855,NLI94800,EC301,07-03-2019,50,PROF. NGOZI EZE
EXB02385,79168,EN101,2021-05-16,21,PROF. NGOZI EZE
EXB01735,121962,IT401,2021-03-10,50,Dr Fatima Yusuf
EXB01271,NLI-05487,PH101,07-06-2022,72,Dr Fatima Yusuf
EXB01856,NLI193380,EC301,2020-10-06,41,prof. chika nwosu
EXB02268,04020,IT401,02-02-2020,62,Dr. Adekunle Bello
EXB01389,90606,EC401,05/06/2020,-9,Dr. Adekunle Bello
EXB00058,NLI-72057,EN301,19-12-2020,80,PROF. NGOZI EZE
EXB01234,NLI-50857,CS501,2019-02-14,80,dr. samuel okoro
EXB00274,80663,DS301,11/10/2024,,PROF. NGOZI EZE
EXB01833,NLI97080,ME201,10-09-2019,37,Dr. Adekunle Bello
EXB01520,06918,MT401,19/04/2019,37,prof. chika nwosu
EXB02088,nli-130029,EN401,2023-10-09,71,PROF. NGOZI EZE
EXB01890,NLI163866,ST501,16-06-2022,99,PROF. NGOZI EZE
EXB00882,NLI-118514,DS401,2022-11-18,50,Dr Fatima Yusuf
EXB02070,NLI-100894,ST101,2020-03-02,50,Dr. Adekunle Bello
EXB02265,142097,ME201,09/06/2019,36,Dr. Adekunle Bello
EXB00581,NLI-48400,EN501,2024-04-06,24,Dr Fatima Yusuf
EXB00991,NLI-33927,PH201,26-10-2024,55,prof. chika nwosu
EXB01644,NLI-94544,PH201,2019-10-05,68,dr. samuel okoro
EXB01404,NLI35118,PH301,28-02-2023,20,PROF. NGOZI EZE
EXB01140,NLI-59786,EC301,28-04-2024,27,dr. samuel okoro
EXB02147,nli-174702,MT501,01-06-2022,73,prof. chika nwosu
EXB01902,nli-96969,PH101,2019-12-01,60,PROF. NGOZI EZE
EXB01563,NLI-24833,ST101,2022-12-11,93,prof. chika nwosu
EXB01500,NLI-138800,ST301,02/07/2024,66,dr. samuel okoro
EXB00805,nli-95228,ME201,2019-05-03,84,dr. samuel okoro
EXB02208,70928,CS401,2020-03-23,21,PROF. NGOZI EZE
EXB02542,NLI-38833,ME401,2024-04-17,55,PROF. NGOZI EZE
EXB02520,NLI-140854,MT401,10-12-2022,34,Dr Fatima Yusuf
EXB00265,NLI170186,EN101,2019-04-13,44,prof. chika nwosu
EXB00715,NLI-73368,CS201,27-10-2019,96,dr. samuel okoro
EXB00675,NLI-160407,EC401,2023-05-28,39,Dr. Adekunle Bello
EXB00500,NLI34403,ST501,2021-09-09,20,Dr. Adekunle Bello
EXB00185,58570,IT101,19/01/2021,57,Dr. Adekunle Bello
EXB01945,14304,IT301,2020-10-04,61,prof. chika nwosu
EXB00910,NLI-72312,EE301,21-11-2019,92,prof. chika nwosu
EXB01816,nli-114558,IT201,17/10/2024,59,Dr. Adekunle Bello
EXB00030,NLI-92701,EC201,2021-04-19,63,Dr Fatima Yusuf
EXB01117,NLI-120157,PH101,2023-07-10,95,Dr. Adekunle Bello
EXB02286,NLI-169083,EE401,2019-01-23,61,dr. samuel okoro
EXB00365,NLI62353,ME501,13/01/2019,91,Dr. Adekunle Bello
EXB00077,NLI-159179,DS301,01-08-2021,57,prof. chika nwosu
EXB02100,NLI-194142,CS101,20/09/2021,38,PROF. NGOZI EZE
EXB02342,NLI-43736,PH501,2020-06-28,52,Dr Fatima Yusuf
EXB00583,174477,PH401,2022-10-05,31,dr. samuel okoro
EXB01471,16850,PH401,27-05-2020,25,Dr. Adekunle Bello
EXB02186,NLI-84927,ST501,19-01-2022,99,dr. samuel okoro
EXB02177,NLI-123035,IT301,13/10/2020,28,dr. samuel okoro
EXB01448,NLI-147406,DS501,01/02/2019,89,Dr. Adekunle Bello
EXB02347,nli-174519,EN301,25-05-2023,56,dr. samuel okoro
EXB01436,NLI122356,EE401,14-06-2024,28,PROF. NGOZI EZE
EXB01795,NLI-69100,PH501,2019-01-12,107,PROF. NGOZI EZE
EXB01794,nli-148350,DS101,2019-02-07,116,dr. samuel okoro
EXB00681,nli-179304,EE201,01-12-2020,28,prof. chika nwosu
EXB02190,NLI14346,EE401,2021-07-10,58,Dr Fatima Yusuf
EXB00891,123580,IT101,2023-04-07,81,Dr. Adekunle Bello
EXB00778,NLI54590,EE201,2020-06-01,96,dr. samuel okoro
EXB00822,nli-80307,DS201,04/05/2019,58,prof. chika nwosu
EXB01195,nli-97183,EC201,2020-12-16,98,Dr Fatima Yusuf
EXB01078,NLI-33767,MT301,18-06-2024,74,Dr Fatima Yusuf
EXB01369,NLI142568,CS201,2022-07-09,,Dr Fatima Yusuf
EXB01289,NLI-84642,CS101,23-12-2024,72,prof. chika nwosu
EXB00941,nli-71125,ST101,2019-04-19,93,PROF. NGOZI EZE
EXB00898,NLI-162515,DS101,03/03/2019,26,Dr Fatima Yusuf
EXB00141,NLI-85447,EN201,09-11-2020,55,Dr. Adekunle Bello
EXB01410,50331,IT201,10-09-2021,99,dr. samuel okoro
EXB01281,nli-89915,CS201,19/04/2023,,Dr. Adekunle Bello
EXB01964,NLI130979,ME201,11-12-2022,33,PROF. NGOZI EZE
EXB02203,NLI-153357,EC501,2021-11-22,36,PROF. NGOZI EZE
EXB01264,NLI96738,EN301,13/01/2020,95,dr. samuel okoro
EXB01333,nli-172547,EC501,2021-03-07,49,prof. chika nwosu
EXB02172,NLI-12912,EN201,05-04-2020,61,prof. chika nwosu
EXB00655,NLI-27792,ME201,2024-10-05,39,Dr. Adekunle Bello
EXB02511,nli-116680,IT101,11/06/2024,61,Dr. Adekunle Bello
EXB00700,NLI-181905,ST301,07/09/2024,69,Dr Fatima Yusuf
EXB01083,NLI-80188,PH401,2022-05-23,34,Dr Fatima Yusuf
EXB01154,123651,IT501,18/02/2023,34,Dr Fatima Yusuf
EXB01308,NLI-155007,ME301,08-03-2023,97,PROF. NGOZI EZE
EXB00470,NLI-146864,ST101,26/12/2024,29,dr. samuel okoro
EXB01873,nli-89071,PH201,02-12-2022,39,dr. samuel okoro
EXB01819,NLI96275,PH101,2019-12-08,55,dr. samuel okoro
EXB00437,NLI-173318,EN501,2024-05-20,24,prof. chika nwosu
EXB00526,nli-182909,PH101,2019-10-10,31,Dr Fatima Yusuf
EXB02163,NLI-142344,CS401,2024-12-13,84,dr. samuel okoro
EXB01950,NLI-170966,ST101,2022-10-11,24,Dr Fatima Yusuf
EXB01935,NLI-59598,DS301,2019-07-01,47,PROF. NGOZI EZE
EXB01672,NLI-77756,CS501,02/12/2024,32,PROF. NGOZI EZE
EXB01746,nli-54292,CS101,17/07/2021,45,Dr. Adekunle Bello
EXB00278,NLI-170544,EC101,2020-08-21,31,dr. samuel okoro
EXB01181,NLI-149407,ST201,13/02/2019,40,prof. chika nwosu
EXB00708,NLI-48455,MT201,22-07-2023,80,PROF. NGOZI EZE
EXB01789,NLI-49642,PH201,05/07/2020,86,dr. samuel okoro
EXB02460,NLI59926,ST401,28-12-2020,78,Dr Fatima Yusuf
EXB00039,NLI-113750,EE101,2023-06-14,23,dr. samuel okoro
EXB00289,NLI-58883,EE301,19-05-2024,82,Dr Fatima Yusuf
EXB01469,NLI82679,ME101,2020-09-27,32,Dr. Adekunle Bello
EXB01211,27318,ST501,10-02-2020,21,dr. samuel okoro
EXB01676,nli-176874,MT401,11/12/2023,37,dr. samuel okoro
EXB01516,43483,ST501,18/01/2021,88,dr. samuel okoro
EXB01663,NLI-79395,EE501,2020-08-23,32,PROF. NGOZI EZE
EXB00740,nli-189278,IT201,21-08-2024,30,dr. samuel okoro
EXB01186,NLI86196,ME301,2024-06-11,82,Dr Fatima Yusuf
EXB00481,NLI-62312,CS401,2020-10-28,99,PROF. NGOZI EZE
EXB02515,NLI-137716,MT401,06-11-2019,46,dr. samuel okoro
EXB00443,nli-25441,ME301,26-03-2023,26,Dr. Adekunle Bello
EXB01596,32210,CS201,06-03-2021,44,Dr. Adekunle Bello
EXB02295,nli-110448,ME301,2023-02-16,22,prof. chika nwosu
EXB01944,NLI94307,EC501,2020-08-21,77,Dr Fatima Yusuf
EXB01931,NLI-143310,ME401,10-02-2019,41,dr. samuel okoro
EXB02514,nli-124275,EC301,26-01-2021,100,Dr Fatima Yusuf
EXB00170,32729,EN301,02/01/2022,48,PROF. NGOZI EZE
EXB01538,NLI33523,IT301,2021-05-28,54,dr. samuel okoro
EXB00191,nli-76557,IT501,07/04/2020,47,prof. chika nwosu
EXB00888,NLI-21058,PH401,2019-08-17,35,dr. samuel okoro
EXB01611,NLI-20970,PH501,2021-01-13,,prof. chika nwosu
EXB00422,NLI158181,DS101,09/07/2023,68,dr. samuel okoro
EXB00725,nli-125280,EN401,2024-12-16,99,dr. samuel okoro
EXB00653,NLI-175911,MT501,11-12-2022,49,dr. samuel okoro
EXB02219,NLI42322,EN401,2024-10-18,75,Dr. Adekunle Bello
EXB00389,132321,ME401,28/07/2019,24,PROF. NGOZI EZE
EXB00258,NLI-19502,ME101,01/10/2020,48,PROF. NGOZI EZE
EXB01406,nli-171708,EE101,01/05/2019,50,prof. chika nwosu
EXB00849,NLI-08757,ST201,18/02/2023,39,dr. samuel okoro
EXB00788,111477,CS501,19/10/2021,88,prof. chika nwosu
EXB00565,55226,EE301,2021-12-16,98,prof. chika nwosu
EXB02479,124963,IT101,07/06/2023,31,PROF. NGOZI EZE
EXB00034,NLI-190993,EN501,24-07-2024,95,PROF. NGOZI EZE
EXB01534,NLI-176756,EC101,2019-05-14,44,Dr Fatima Yusuf
EXB00942,nli-163610,IT301,23/11/2023,38,dr. samuel okoro
EXB01730,nli-114751,CS401,2022-03-07,86,Dr Fatima Yusuf
EXB00721,NLI-59611,ME301,2021-11-23,87,PROF. NGOZI EZE
EXB00858,nli-125094,IT401,2022-11-13,53,PROF. NGOZI EZE
EXB02083,NLI137653,EN501,19/08/2019,22,PROF. NGOZI EZE
EXB00636,NLI-196295,EC101,27-05-2020,34,prof. chika nwosu
EXB00143,NLI-100927,ST501,2022-07-11,52,Dr. Adekunle Bello
EXB02007,NLI101076,ST501,26/11/2023,,PROF. NGOZI EZE
EXB02182,NLI-172743,IT501,24/11/2021,20,PROF. NGOZI EZE
EXB02002,nli-114147,MT401,06-10-2022,77,dr. samuel okoro
EXB01865,NLI-182385,PH501,2022-03-15,96,Dr Fatima Yusuf
EXB02087,NLI191118,ST101,04-01-2022,82,prof. chika nwosu
EXB00361,NLI-95191,ME401,11/12/2020,,dr. samuel okoro
EXB01908,171388,EN401,2020-01-23,99,dr. samuel okoro
EXB01541,NLI95583,IT201,11/02/2021,,Dr Fatima Yusuf
EXB01521,NLI-80243,EE301,15/04/2020,87,PROF. NGOZI EZE
EXB02091,NLI147048,EN301,10/08/2021,96,prof. chika nwosu
EXB00598,NLI-154827,PH201,14/09/2024,29,Dr Fatima Yusuf
EXB02290,NLI184490,ME101,21/09/2024,60,PROF. NGOZI EZE
EXB01252,NLI-76085,ST101,2019-09-02,92,Dr Fatima Yusuf
EXB01770,nli-91717,CS101,11/03/2021,116,PROF. NGOZI EZE
EXB01039,NLI-169136,MT301,2022-01-13,57,Dr. Adekunle Bello
EXB02014,NLI-62789,EN401,2024-10-01,20,PROF. NGOZI EZE
EXB00688,NLI-13997,MT401,07/01/2022,90,Dr Fatima Yusuf
EXB01797,NLI-176565,PH201,2023-11-14,91,Dr. Adekunle Bello
EXB02558,NLI-116876,EN501,2024-10-04,21,dr. samuel okoro
EXB00741,NLI-93536,DS501,13/10/2021,58,prof. chika nwosu
EXB01180,nli-101214,EE501,08/08/2021,55,Dr. Adekunle Bello
EXB00827,NLI10717,MT301,20/12/2022,21,Dr. Adekunle Bello
EXB00312,NLI-04619,EE101,2023-05-26,63,dr. samuel okoro
EXB00937,18136,EE101,2023-11-18,77,dr. samuel okoro
EXB01005,NLI-151052,DS501,27-09-2022,55,prof. chika nwosu
EXB01674,NLI-112238,DS401,05-03-2021,62,prof. chika nwosu
EXB01582,05165,MT401,09/12/2021,97,Dr. Adekunle Bello
EXB00616,NLI-188093,ST501,2024-09-05,99,PROF. NGOZI EZE
EXB00231,nli-144538,EE101,2024-08-03,54,dr. samuel okoro
EXB02360,nli-85973,DS201,2020-10-11,67,prof. chika nwosu
EXB02120,nli-56179,ST401,18-04-2022,89,Dr Fatima Yusuf
EXB02410,NLI22924,ST501,20-07-2019,,PROF. NGOZI EZE
EXB00148,nli-28518,DS101,26/10/2024,81,Dr. Adekunle Bello
EXB02114,NLI-21410,EN101,03/10/2020,83,dr. samuel okoro
EXB00114,NLI-95959,ME201,27/02/2024,32,PROF. NGOZI EZE
EXB02399,nli-146229,MT501,11-05-2022,,PROF. NGOZI EZE
EXB01235,NLI-85994,ME301,2019-08-11,77,dr. samuel okoro
EXB01434,NLI112111,EC201,2019-05-25,83,prof. chika nwosu
EXB00080,nli-90468,EC201,28-09-2019,81,dr. samuel okoro
EXB02551,NLI-167825,EC501,27/04/2024,,PROF. NGOZI EZE
EXB02278,58875,ST301,13-02-2021,33,prof. chika nwosu
EXB01943,nli-185264,MT101,04/05/2020,53,PROF. NGOZI EZE
EXB02302,nli-04692,ST301,17/11/2023,21,prof. chika nwosu
EXB02000,65143,PH401,12/05/2021,61,Dr Fatima Yusuf
EXB00772,nli-94534,DS201,24/08/2021,39,Dr. Adekunle Bello
EXB01205,NLI14699,EE501,03/03/2022,94,PROF. NGOZI EZE
EXB02005,nli-62364,DS301,26-02-2022,89,dr. samuel okoro
EXB00169,NLI-48338,IT301,2022-06-02,34,Dr Fatima Yusuf
EXB01188,NLI-19933,IT401,16/10/2020,54,Dr Fatima Yusuf
EXB02030,179760,EE501,15-01-2019,,PROF. NGOZI EZE
EXB02573,NLI-51002,EE101,17-08-2020,32,PROF. NGOZI EZE
EXB00761,NLI-119008,EN501,22-05-2024,80,Dr Fatima Yusuf
EXB01505,02777,DS101,2020-06-08,34,PROF. NGOZI EZE
EXB02447,195835,DS301,23-04-2023,48,dr. samuel okoro
EXB01839,NLI81761,EN101,2023-07-06,66,PROF. NGOZI EZE
EXB01284,NLI-45448,EC401,18-07-2020,58,PROF. NGOZI EZE
EXB00625,NLI-65316,MT201,22-09-2023,22,Dr. Adekunle Bello
EXB01203,164217,MT301,17/09/2023,26,Dr Fatima Yusuf
EXB02232,nli-156677,ST101,18-11-2020,71,prof. chika nwosu
EXB00830,nli-24928,EC201,16/12/2020,,dr. samuel okoro
EXB00449,nli-51111,CS501,08/09/2020,40,dr. samuel okoro
EXB01629,NLI121190,IT301,2023-07-22,83,dr. samuel okoro
EXB00332,NLI-101904,PH501,2019-08-03,81,prof. chika nwosu
EXB01860,NLI143497,CS501,2024-04-01,23,dr. samuel okoro
EXB00576,NLI-125311,EE301,21/04/2024,24,Dr Fatima Yusuf
EXB00240,NLI12804,EE501,20/01/2024,72,Dr. Adekunle Bello
EXB02356,NLI-189792,DS301,19/02/2022,81,Dr. Adekunle Bello
EXB01985,NLI46192,ME201,21/11/2024,83,PROF. NGOZI EZE
EXB00702,NLI-197414,ST201,15-02-2019,74,dr. samuel okoro
EXB00792,17021,EN501,2023-09-25,93,Dr Fatima Yusuf
EXB01155,nli-89311,EE301,2023-01-23,77,Dr Fatima Yusuf
EXB02141,NLI-36095,EC301,18/08/2022,88,Dr Fatima Yusuf
EXB01394,NLI-132000,EE101,26-10-2021,40,PROF. NGOZI EZE
EXB02336,NLI-126386,ST401,17-04-2024,24,Dr Fatima Yusuf
EXB01631,55676,EE101,02-07-2023,60,prof. chika nwosu
EXB00256,64834,EE201,16/08/2019,24,prof. chika nwosu
EXB02443,157910,IT501,02-03-2022,70,PROF. NGOZI EZE
EXB01101,170780,ST401,24/01/2021,63,Dr. Adekunle Bello
EXB00495,NLI-110135,DS201,11/04/2022,20,Dr Fatima Yusuf
EXB01368,NLI-17126,IT101,20-03-2020,39,Dr Fatima Yusuf
EXB02592,nli-63047,MT301,25-10-2021,70,prof. chika nwosu
EXB01422,NLI36589,EC301,07-10-2023,96,PROF. NGOZI EZE
EXB02292,NLI175547,PH201,24-10-2023,71,prof. chika nwosu
EXB00379,NLI16170,EC301,16-10-2022,73,Dr. Adekunle Bello
EXB00162,183118,ME301,2020-08-12,35,Dr Fatima Yusuf
EXB02246,NLI196643,IT101,26/03/2024,29,PROF. NGOZI EZE
EXB00477,nli-169209,PH301,10/12/2023,42,Dr Fatima Yusuf
EXB00671,NLI-139298,ST101,23/01/2021,34,PROF. NGOZI EZE
EXB00502,nli-46337,PH201,04/11/2023,65,prof. chika nwosu
EXB00523,82573,CS201,11-12-2024,44,prof. chika nwosu
EXB00006,NLI102676,EE401,16/03/2020,76,prof. chika nwosu
EXB02431,NLI-29406,ST401,02-08-2022,71,PROF. NGOZI EZE
EXB00876,NLI-52223,EC401,14/10/2019,49,dr. samuel okoro
EXB00131,NLI-46398,PH101,20-07-2023,92,Dr Fatima Yusuf
EXB02361,nli-144580,EN201,24/05/2021,96,prof. chika nwosu
EXB00584,NLI-107312,DS401,2021-06-23,85,prof. chika nwosu
EXB02044,NLI-103235,CS101,13-11-2020,109,PROF. NGOZI EZE
EXB01481,nli-136963,ME401,04-09-2023,87,PROF. NGOZI EZE
EXB01054,nli-02344,EE101,02-04-2024,42,Dr Fatima Yusuf
EXB01544,NLI-157785,CS401,11-04-2023,51,Dr. Adekunle Bello
EXB02400,NLI-93938,ME401,2021-03-17,84,dr. samuel okoro
EXB01740,nli-59859,DS501,2021-10-03,44,Dr. Adekunle Bello
EXB00623,120405,PH501,05/03/2023,63,Dr. Adekunle Bello
EXB00459,NLI-95765,ME401,13/03/2024,,PROF. NGOZI EZE
EXB01043,NLI-190441,EN301,20-04-2022,97,prof. chika nwosu
EXB00087,130570,EE101,13-05-2021,73,Dr Fatima Yusuf
EXB01058,108727,EN501,2021-12-12,51,Dr. Adekunle Bello
EXB02113,NLI100036,DS101,11/04/2019,27,dr. samuel okoro
EXB02382,nli-188066,ME501,2021-09-03,80,Dr Fatima Yusuf
EXB02245,NLI-13995,EC401,03-06-2019,80,dr. samuel okoro
EXB00204,NLI-137968,MT101,19/01/2024,99,PROF. NGOZI EZE
EXB01592,NLI-36818,EN201,24/11/2024,28,prof. chika nwosu
EXB01614,nli-198843,ME101,21/01/2020,93,prof. chika nwosu
EXB02199,NLI72082,MT301,07-09-2022,69,dr. samuel okoro
EXB00752,NLI156126,DS101,2019-10-27,16,prof. chika nwosu
EXB01288,NLI-170242,EE501,2021-01-28,72,prof. chika nwosu
EXB01768,NLI159932,ME501,24/09/2023,43,Dr. Adekunle Bello
EXB01197,NLI110687,EE301,2020-03-19,47,prof. chika nwosu
EXB02483,50418,DS201,14-04-2019,37,dr. samuel okoro
EXB00378,nli-60704,ST101,06-11-2024,60,Dr. Adekunle Bello
EXB00387,33199,IT201,27/02/2020,77,prof. chika nwosu
EXB00629,NLI-07822,PH201,23/04/2020,72,Dr Fatima Yusuf
EXB00440,43350,PH101,11-04-2020,60,PROF. NGOZI EZE
EXB01206,nli-63426,DS401,18/04/2022,21,Dr. Adekunle Bello
EXB01065,NLI-85703,IT101,2019-11-21,100,Dr Fatima Yusuf
EXB01576,nli-74535,EE401,13-12-2019,43,PROF. NGOZI EZE
EXB01492,NLI10277,EN401,28/12/2024,71,Dr Fatima Yusuf
EXB01843,NLI126477,ST201,2024-11-27,62,dr. samuel okoro
EXB01587,NLI181134,ME501,2020-09-19,64,Dr. Adekunle Bello
EXB01092,NLI-95054,EE301,24/04/2021,82,Dr. Adekunle Bello
EXB01941,NLI195061,EE301,21-05-2020,81,dr. samuel okoro
EXB00135,NLI18362,MT201,15/05/2022,92,Dr. Adekunle Bello
EXB00438,NLI146626,EC101,2021-12-03,31,dr. samuel okoro
EXB01018,NLI-52345,IT201,04-05-2024,67,dr. samuel okoro
EXB01440,NLI-93094,ME501,18-06-2019,36,Dr Fatima Yusuf
EXB00691,188609,DS101,2019-08-06,87,prof. chika nwosu
EXB00205,nli-94847,CS301,11/09/2021,59,PROF. NGOZI EZE
EXB00870,nli-185705,IT201,12-05-2019,46,Dr Fatima Yusuf
EXB00003,166436,ME201,2022-06-11,97,dr. samuel okoro
EXB00455,NLI26910,CS201,22/12/2023,83,dr. samuel okoro
EXB02184,164048,CS501,16/08/2023,69,Dr. Adekunle Bello
EXB01063,nli-49216,EN501,10-12-2022,81,Dr Fatima Yusuf
EXB01026,NLI25067,DS201,2023-10-03,99,PROF. NGOZI EZE
EXB00818,17362,IT501,2024-01-11,60,Dr Fatima Yusuf
EXB01372,100845,DS101,2020-10-25,66,PROF. NGOZI EZE
EXB02501,96356,CS401,02/11/2020,34,dr. samuel okoro
EXB00916,NLI62964,IT101,2024-06-18,84,dr. samuel okoro
EXB00834,NLI-99825,EE101,24-10-2023,55,PROF. NGOZI EZE
EXB00630,nli-98563,EE301,19/10/2024,24,prof. chika nwosu
EXB01192,172174,EC401,12/06/2022,75,prof. chika nwosu
EXB02121,187629,PH201,05-05-2022,22,PROF. NGOZI EZE
EXB00315,NLI93621,IT401,2021-02-09,89,Dr. Adekunle Bello
EXB01937,182326,EE201,2021-01-22,20,dr. samuel okoro
EXB01602,NLI162409,EE101,23-05-2019,47,Dr Fatima Yusuf
EXB00994,nli-195706,EE101,05/05/2024,119,Dr. Adekunle Bello
EXB00816,NLI-50407,EE501,05-10-2024,77,prof. chika nwosu
EXB01443,37863,DS301,15/04/2019,50,dr. samuel okoro
EXB00137,NLI32458,EC501,12/12/2020,57,dr. samuel okoro
EXB01107,01639,ST401,26-05-2022,29,Dr. Adekunle Bello
EXB02404,NLI-14832,IT301,23/07/2023,42,PROF. NGOZI EZE
EXB02537,NLI-81918,EN101,16-07-2023,53,Dr Fatima Yusuf
EXB00538,112084,MT401,20-01-2023,94,dr. samuel okoro
EXB00337,NLI-37305,ST101,2020-05-16,35,Dr. Adekunle Bello
EXB02050,NLI159395,CS201,2020-10-21,68,prof. chika nwosu
EXB01659,NLI-115566,EC101,18/11/2024,98,Dr. Adekunle Bello
EXB00606,NLI108972,DS401,2024-07-04,76,Dr. Adekunle Bello
EXB01295,53758,PH501,23-06-2020,47,prof. chika nwosu
EXB00045,NLI136510,MT401,2019-03-09,83,dr. samuel okoro
EXB00620,NLI-176059,EN201,14/01/2023,70,PROF. NGOZI EZE
EXB01109,NLI-47323,EN301,14-02-2022,49,Dr. Adekunle Bello
EXB00968,NLI92144,ST201,10-09-2019,28,dr. samuel okoro
EXB01080,36945,EC201,16/12/2019,56,dr. samuel okoro
EXB01702,nli-48248,ME201,09/01/2023,78,prof. chika nwosu
EXB01733,nli-131826,EE201,20-02-2021,49,dr. samuel okoro
EXB01575,nli-186987,EC301,01-12-2019,48,PROF. NGOZI EZE
EXB01989,NLI-74144,EE401,2021-01-12,26,dr. samuel okoro
EXB00328,195238,EN501,01/07/2019,97,PROF. NGOZI EZE
EXB01624,NLI77949,DS101,01-05-2021,44,dr. samuel okoro
EXB01905,118123,DS201,10/11/2022,37,prof. chika nwosu
EXB02482,19307,EC501,24/03/2020,-16,dr. samuel okoro
EXB01585,NLI28537,EN201,04-03-2021,89,prof. chika nwosu
EXB01845,NLI-10469,EN101,02-04-2024,74,prof. chika nwosu
EXB01535,NLI122821,ST501,06/09/2021,93,Dr. Adekunle Bello
EXB00419,NLI-117926,ME101,2019-03-03,67,PROF. NGOZI EZE
EXB00604,nli-69793,PH301,2023-04-10,20,dr. samuel okoro
EXB00793,nli-49990,PH401,19-12-2021,57,Dr Fatima Yusuf
EXB00042,138332,EN301,2020-10-11,67,PROF. NGOZI EZE
EXB00338,nli-01414,IT301,06-06-2020,54,prof. chika nwosu
EXB00020,nli-44263,EN301,15/07/2023,84,PROF. NGOZI EZE
EXB01920,50540,ST201,21/04/2022,99,dr. samuel okoro
EXB00774,NLI-82403,IT201,2023-05-16,34,Dr. Adekunle Bello
EXB00660,NLI-152200,DS301,09-08-2022,75,Dr. Adekunle Bello
EXB01626,177721,CS101,27/01/2023,,Dr. Adekunle Bello
EXB01202,NLI-127655,DS301,13-05-2020,48,dr. samuel okoro
EXB01729,NLI-106705,PH501,2024-10-12,,prof. chika nwosu
EXB01031,NLI-04320,CS301,26-10-2022,80,PROF. NGOZI EZE
EXB00771,NLI-71375,EN401,18/05/2019,72,PROF. NGOZI EZE
EXB01223,NLI-17503,EE101,2024-06-10,77,Dr. Adekunle Bello
EXB01490,NLI-115839,EN501,10/05/2020,40,Dr. Adekunle Bello
EXB00556,NLI-96835,ST201,05-05-2020,103,PROF. NGOZI EZE
EXB00317,nli-111558,EE401,16-04-2019,78,Dr. Adekunle Bello
EXB02475,NLI170777,EE301,2021-01-17,77,PROF. NGOZI EZE
EXB00108,nli-155068,EC101,2021-11-18,98,prof. chika nwosu
EXB02523,NLI-76285,CS101,05-04-2021,86,dr. samuel okoro
EXB01208,NLI-123131,EC501,2020-12-10,58,prof. chika nwosu
EXB02346,156276,IT401,16/01/2022,20,Dr Fatima Yusuf
EXB00363,NLI-54729,PH201,2022-11-16,30,dr. samuel okoro
EXB01204,NLI-10692,ST501,2022-08-02,60,Dr. Adekunle Bello
EXB01160,nli-06064,ME301,2021-02-05,95,PROF. NGOZI EZE
EXB00126,NLI-16580,IT101,2023-10-27,45,dr. samuel okoro
EXB02247,NLI101502,DS301,20-08-2020,68,PROF. NGOZI EZE
EXB00446,NLI-165869,IT301,21/01/2021,46,prof. chika nwosu
EXB00461,NLI-67581,EE101,03/12/2022,,Dr Fatima Yusuf
EXB00416,NLI-26682,EE501,18/04/2023,45,Dr. Adekunle Bello
EXB01411,NLI199325,EN501,08-05-2024,50,Dr. Adekunle Bello
EXB00368,178111,DS401,06-08-2024,97,prof. chika nwosu
EXB02373,NLI165152,ME201,02-01-2024,32,prof. chika nwosu
EXB01887,NLI-44837,EC501,06/05/2021,73,prof. chika nwosu
EXB00150,152123,ME101,2020-08-10,49,prof. chika nwosu
EXB01052,NLI-54189,EN101,09/02/2021,83,PROF. NGOZI EZE
EXB02298,nli-162400,ME401,2023-02-08,36,dr. samuel okoro
EXB00840,nli-88337,CS401,2019-10-23,107,Dr Fatima Yusuf
EXB02530,NLI157116,EN101,17-01-2021,,PROF. NGOZI EZE
EXB00059,NLI-134280,CS501,20-09-2024,76,prof. chika nwosu
EXB01127,NLI-68514,ME401,2024-11-21,80,Dr. Adekunle Bello
EXB01565,nli-65785,EC101,09-10-2022,60,PROF. NGOZI EZE
EXB00596,187213,CS501,18-02-2023,76,PROF. NGOZI EZE
EXB00286,NLI-123556,ME201,2020-09-08,89,Dr Fatima Yusuf
EXB01581,nli-194458,EC401,02/06/2023,31,prof. chika nwosu
EXB00089,NLI105627,CS401,15-10-2020,29,PROF. NGOZI EZE
EXB02477,nli-197882,EC501,19-11-2021,118,prof. chika nwosu
EXB00192,NLI187165,EC301,2020-09-22,96,Dr. Adekunle Bello
EXB02191,nli-03094,CS101,12-07-2020,89,prof. chika nwosu
EXB01774,NLI52432,EC401,23-12-2022,97,Dr. Adekunle Bello
EXB00264,NLI-85361,DS101,21/05/2019,98,Dr Fatima Yusuf
EXB00846,NLI103903,EN401,10/04/2019,42,PROF. NGOZI EZE
EXB02448,nli-60738,IT501,10-10-2021,42,PROF. NGOZI EZE
EXB01453,NLI-43541,ST101,2019-09-05,87,Dr Fatima Yusuf
EXB02506,127450,IT201,08-03-2019,72,dr. samuel okoro
EXB01504,NLI194948,EC301,2024-02-11,61,PROF. NGOZI EZE
EXB02090,20223,MT201,2021-03-17,50,Dr. Adekunle Bello
EXB00886,nli-190871,ME101,2023-08-17,63,PROF. NGOZI EZE
EXB02034,NLI139049,PH401,02-08-2020,77,Dr Fatima Yusuf
EXB01777,nli-190684,EE301,2024-05-16,93,PROF. NGOZI EZE
EXB00661,NLI-101748,CS501,2021-04-10,51,PROF. NGOZI EZE
EXB02252,NLI-155855,PH201,19/07/2021,82,Dr Fatima Yusuf
EXB01876,NLI-72234,PH301,25-06-2020,65,dr. samuel okoro
EXB02452,NLI26946,ST201,08/08/2019,66,dr. samuel okoro
EXB00043,86145,MT101,21/09/2024,73,Dr. Adekunle Bello
EXB01749,NLI-191521,CS401,07-10-2021,58,Dr Fatima Yusuf
EXB01174,NLI-170889,DS501,26-02-2019,94,Dr Fatima Yusuf
EXB02132,88166,DS101,2019-05-10,57,dr. samuel okoro
EXB02412,nli-165322,MT401,20/07/2020,70,Dr Fatima Yusuf
EXB02488,NLI-18738,EE401,11/10/2022,60,Dr. Adekunle Bello
EXB00776,NLI-18985,EN501,21/01/2019,23,prof. chika nwosu
EXB01850,07902,ME101,16-11-2020,100,prof. chika nwosu
EXB02306,NLI-149300,DS401,22-11-2022,50,dr. samuel okoro
EXB02096,NLI-107725,ME401,12-12-2024,79,dr. samuel okoro
EXB02162,NLI56376,EN201,16-02-2023,49,Dr. Adekunle Bello
EXB00787,136694,DS401,2024-05-25,38,Dr. Adekunle Bello
EXB01115,nli-54896,ME501,05-01-2020,22,Dr. Adekunle Bello
EXB02277,NLI-156991,ST101,27-09-2021,38,dr. samuel okoro
EXB01403,NLI-25322,ST201,26/04/2020,99,PROF. NGOZI EZE
EXB02333,NLI-46228,DS501,2023-06-25,37,dr. samuel okoro
EXB00294,nli-148665,EC401,09/08/2022,67,dr. samuel okoro
EXB01618,nli-40690,PH201,24-02-2019,76,Dr. Adekunle Bello
EXB00375,177465,DS401,2020-12-17,35,prof. chika nwosu
EXB02398,NLI-17093,ME201,2023-04-05,99,Dr. Adekunle Bello
EXB00111,NLI-13915,CS401,2023-01-01,36,PROF. NGOZI EZE
EXB02397,68680,DS401,2024-12-03,67,PROF. NGOZI EZE
EXB01903,NLI-184042,ME101,03-05-2023,50,dr. samuel okoro
EXB02574,NLI-83188,EN201,18-10-2021,54,Dr Fatima Yusuf
EXB00611,nli-145804,ME301,23/10/2023,90,PROF. NGOZI EZE
EXB00499,110624,DS301,2022-03-09,88,PROF. NGOZI EZE
EXB01219,NLI-51203,EE201,2021-01-14,24,prof. chika nwosu
EXB00984,NLI-109894,EN301,25/03/2023,83,Dr. Adekunle Bello
EXB00706,nli-134899,EN301,23-02-2022,55,Dr. Adekunle Bello
EXB02221,NLI-90843,EN501,11-06-2023,73,dr. samuel okoro
EXB00174,NLI-131673,MT501,25-07-2023,30,Dr. Adekunle Bello
EXB01178,nli-68190,ME101,15-10-2019,84,prof. chika nwosu
EXB00764,NLI124353,EE201,03-05-2019,70,PROF. NGOZI EZE
EXB02562,NLI-61884,CS401,26/11/2024,95,PROF. NGOZI EZE
EXB00933,nli-155945,EC101,2022-03-19,41,PROF. NGOZI EZE
EXB01599,NLI65734,IT401,01/09/2019,75,Dr Fatima Yusuf
EXB00266,NLI07953,PH101,17/08/2022,53,prof. chika nwosu
EXB01346,NLI-198553,DS101,27-01-2020,50,Dr. Adekunle Bello
EXB00323,nli-199699,EE201,2024-02-06,90,PROF. NGOZI EZE
EXB02167,nli-37240,EE501,2021-12-13,27,Dr Fatima Yusuf
EXB00237,NLI-168545,EC501,2021-10-23,21,Dr Fatima Yusuf
EXB02508,58229,ST401,07-04-2023,94,Dr. Adekunle Bello
EXB00640,NLI-02589,EC301,24-11-2019,57,Dr Fatima Yusuf
EXB01076,nli-70290,DS301,2023-05-06,45,dr. samuel okoro
EXB01213,nli-131111,CS301,2022-08-19,27,prof. chika nwosu
EXB02181,NLI-100625,PH501,05/04/2024,74,Dr. Adekunle Bello
EXB00018,NLI-31726,EN101,08-11-2020,23,dr. samuel okoro
EXB00082,142599,EC301,14-08-2020,51,PROF. NGOZI EZE
EXB00825,118635,DS501,05/01/2022,40,prof. chika nwosu
EXB01486,NLI123595,ME101,11-04-2020,32,dr. samuel okoro
EXB01986,NLI-136621,DS501,09-10-2024,59,dr. samuel okoro
EXB00397,NLI-98286,DS201,19/06/2024,40,prof. chika nwosu
EXB02024,NLI-146146,ST301,2023-03-20,46,Dr. Adekunle Bello
EXB02283,NLI09521,CS101,2019-09-22,81,PROF. NGOZI EZE
EXB00092,189298,MT101,24/10/2023,,prof. chika nwosu
EXB01381,192079,CS301,2022-10-10,48,Dr. Adekunle Bello
EXB00524,158474,EN301,21/11/2024,31,PROF. NGOZI EZE
EXB00665,nli-189046,EE101,10-09-2023,,PROF. NGOZI EZE
EXB00099,33463,EE201,2019-04-12,33,Dr. Adekunle Bello
EXB00551,NLI-151011,ST301,2023-12-19,92,dr. samuel okoro
EXB00650,NLI-130182,EE101,2021-04-17,36,Dr. Adekunle Bello
EXB00257,NLI55211,EN401,23/05/2021,55,Dr. Adekunle Bello
EXB00299,NLI11303,DS201,2019-12-05,21,Dr. Adekunle Bello
EXB00496,NLI-55603,ME501,12-10-2024,48,PROF. NGOZI EZE
EXB01719,NLI152870,EC401,08/08/2019,68,Dr. Adekunle Bello
EXB01662,NLI-82786,ST201,12/12/2024,64,Dr Fatima Yusuf
EXB01700,NLI135737,EN201,14/12/2023,79,Dr. Adekunle Bello
EXB00100,161735,DS401,2020-07-04,46,PROF. NGOZI EZE
EXB02469,NLI-14966,EE501,15/11/2023,72,prof. chika nwosu
EXB01960,76119,IT401,14-01-2023,77,Dr Fatima Yusuf
EXB01709,NLI-160571,MT401,2019-03-06,71,prof. chika nwosu
EXB02567,NLI196932,EN301,10/05/2024,48,dr. samuel okoro
EXB01868,nli-137494,EC301,21/09/2021,100,prof. chika nwosu
EXB00246,nli-115612,PH201,21-01-2021,50,PROF. NGOZI EZE
EXB00808,NLI-27206,EE501,2022-10-11,56,dr. samuel okoro
EXB00022,NLI102422,MT501,2021-07-23,25,prof. chika nwosu
EXB01012,NLI116949,ME401,20/01/2024,,Dr. Adekunle Bello
EXB01091,61203,EC101,25-03-2020,-19,Dr. Adekunle Bello
EXB01717,NLI-197174,DS201,09/02/2024,87,Dr. Adekunle Bello
EXB02243,NLI-140737,EN501,19-11-2020,37,PROF. NGOZI EZE
EXB01947,nli-14961,PH401,16/03/2019,53,prof. chika nwosu
EXB01546,NLI-82036,PH101,16-06-2024,97,Dr. Adekunle Bello
EXB02357,NLI-162627,MT201,10/12/2021,41,Dr. Adekunle Bello
EXB01094,NLI-67485,IT201,2019-07-17,24,prof. chika nwosu
EXB00253,NLI56125,EC301,04-01-2021,80,PROF. NGOZI EZE
EXB01888,NLI71684,ME101,10-08-2023,32,Dr. Adekunle Bello
EXB00756,NLI61937,DS201,03-09-2023,29,PROF. NGOZI EZE
EXB01324,NLI104310,ME401,2024-02-25,,PROF. NGOZI EZE
EXB01669,nli-00031,DS301,01-10-2024,36,dr. samuel okoro
EXB01509,NLI54019,EC101,2024-03-23,54,dr. samuel okoro
EXB00981,NLI-62860,CS101,2024-04-23,79,prof. chika nwosu
EXB01682,NLI-05873,DS401,27-02-2019,92,Dr. Adekunle Bello
EXB01360,NLI-132191,MT301,04-12-2024,45,Dr. Adekunle Bello
EXB02041,166905,PH401,15-04-2024,48,prof. chika nwosu
EXB01189,NLI-61574,EC101,17-06-2022,97,PROF. NGOZI EZE
EXB00782,nli-34110,CS501,2024-04-19,34,dr. samuel okoro
EXB01375,NLI152804,PH401,2021-01-01,39,prof. chika nwosu
EXB01197,NLI110687,EE301,2020-03-19,47,prof. chika nwosu
EXB00421,NLI-194521,EE101,2023-02-06,29,Dr. Adekunle Bello
EXB01201,197116,EN201,07-10-2024,81,Dr. Adekunle Bello
EXB02383,NLI72542,EC401,2021-07-18,70,Dr Fatima Yusuf
EXB01775,11692,DS401,18/12/2020,27,Dr. Adekunle Bello
EXB01345,NLI-100384,MT501,27-07-2020,51,Dr. Adekunle Bello
EXB01001,114512,ST301,2024-04-27,25,prof. chika nwosu
EXB00093,nli-153297,EN501,14/07/2023,42,prof. chika nwosu
EXB01128,nli-151994,EE501,14/02/2024,67,prof. chika nwosu
EXB00566,NLI-179071,PH401,12-06-2023,87,Dr. Adekunle Bello
EXB02471,106517,IT201,2024-10-26,62,dr. samuel okoro
EXB01227,NLI-133708,CS501,2020-04-05,72,dr. samuel okoro
EXB00705,NLI-66035,EC401,2024-06-22,92,dr. samuel okoro
EXB02003,142508,IT101,2020-07-12,86,Dr. Adekunle Bello
EXB00069,NLI-133971,MT401,17-09-2019,55,Dr. Adekunle Bello
EXB01498,NLI-103615,EN401,09/08/2022,78,prof. chika nwosu
EXB01293,nli-165952,IT201,2022-10-04,53,Dr Fatima Yusuf
EXB01808,NLI-82318,EE301,2021-05-10,88,PROF. NGOZI EZE
EXB01460,nli-62315,EE401,2020-02-17,88,prof. chika nwosu
EXB01598,NLI37174,DS101,2019-03-12,92,PROF. NGOZI EZE
EXB02536,NLI-29337,ME201,15/01/2024,26,Dr Fatima Yusuf
EXB00703,NLI47440,ST101,2021-12-08,35,PROF. NGOZI EZE
EXB00445,08262,PH401,2021-06-15,64,prof. chika nwosu
EXB02140,NLI-136998,ME501,12/03/2019,34,PROF. NGOZI EZE
EXB02315,NLI-141066,ST401,16-10-2023,87,PROF. NGOZI EZE
EXB02491,NLI-101129,EC201,17-05-2021,93,dr. samuel okoro
EXB01495,nli-28648,DS301,18/08/2021,69,Dr. Adekunle Bello
EXB00883,122851,EN501,28/08/2022,38,PROF. NGOZI EZE
EXB00973,nli-115378,ST201,2019-09-24,66,PROF. NGOZI EZE
EXB01120,NLI-145451,ST101,2019-11-10,90,dr. samuel okoro
EXB02541,NLI26598,ST201,16/09/2021,74,prof. chika nwosu
EXB02238,94730,IT301,02/08/2019,85,Dr. Adekunle Bello
EXB00945,52038,MT301,2019-10-27,37,Dr Fatima Yusuf
EXB02484,nli-150677,IT201,15-03-2019,50,Dr. Adekunle Bello
EXB00791,NLI-132492,DS201,2021-12-19,82,prof. chika nwosu
EXB02304,nli-134667,EE201,2020-07-08,54,Dr. Adekunle Bello
EXB02496,NLI195845,ST401,2024-03-14,58,Dr. Adekunle Bello
EXB02074,nli-93869,PH401,13-08-2024,99,Dr. Adekunle Bello
EXB01646,nli-110838,IT301,2022-01-25,64,dr. samuel okoro
EXB02320,nli-04809,CS101,2019-06-27,48,Dr Fatima Yusuf
EXB01319,NLI-167110,ME401,10/09/2023,7,Dr. Adekunle Bello
EXB00943,NLI61527,EN401,2020-06-04,25,dr. samuel okoro
EXB00812,NLI183632,EN501,2021-02-09,100,prof. chika nwosu
EXB01146,nli-91197,ME401,06/01/2023,34,prof. chika nwosu
EXB00744,NLI-63196,CS401,24/11/2022,21,dr. samuel okoro
EXB02253,NLI170570,EC501,12-09-2020,54,PROF. NGOZI EZE
EXB02589,nli-52811,DS201,2024-12-19,51,Dr Fatima Yusuf
EXB00471,31676,EN501,2024-02-01,70,Dr Fatima Yusuf
EXB01798,NLI21734,DS301,01-12-2024,87,Dr. Adekunle Bello
EXB00608,141491,EC201,2022-04-25,76,Dr. Adekunle Bello
EXB00234,51804,CS201,14-09-2021,26,prof. chika nwosu
EXB02534,06318,CS401,17-10-2020,93,Dr. Adekunle Bello
EXB01283,NLI28208,ST501,2022-12-17,82,PROF. NGOZI EZE
EXB02328,33488,MT501,28-04-2020,41,dr. samuel okoro
EXB01993,NLI-12287,IT301,16/10/2024,-3,dr. samuel okoro
EXB01922,186159,IT301,20/03/2019,84,prof. chika nwosu
EXB00885,NLI115705,PH201,18/04/2021,78,prof. chika nwosu
EXB00196,NLI193568,EN501,15-08-2024,63,Dr. Adekunle Bello
EXB02322,nli-96408,EN401,2021-01-22,26,PROF. NGOZI EZE
EXB01138,NLI-61249,MT301,17/01/2021,77,Dr Fatima Yusuf
EXB00963,NLI-86390,CS201,2020-10-23,45,Dr. Adekunle Bello
EXB01610,NLI-78396,DS201,2020-06-11,58,Dr. Adekunle Bello
EXB00334,111042,ST501,12/06/2022,70,prof. chika nwosu
EXB00483,24835,IT301,17-11-2023,,dr. samuel okoro
EXB00371,NLI179089,EN401,2021-08-23,39,PROF. NGOZI EZE
EXB02209,NLI137416,PH101,16-08-2021,37,PROF. NGOZI EZE
EXB00557,NLI-19812,EE401,2022-12-03,41,dr. samuel okoro
EXB01037,NLI-61341,DS101,18-04-2020,48,Dr. Adekunle Bello
EXB01813,NLI-196378,DS501,23/01/2019,28,dr. samuel okoro
EXB02285,nli-126080,ST101,15-09-2024,46,Dr. Adekunle Bello
EXB00285,NLI-40575,EN101,18/02/2021,30,Dr. Adekunle Bello
EXB01454,NLI-22604,EN201,2020-03-06,37,PROF. NGOZI EZE
EXB01038,NLI-146543,CS501,2024-07-20,70,Dr Fatima Yusuf
EXB00729,nli-169178,EN401,05/08/2024,20,Dr Fatima Yusuf
EXB01942,nli-112525,PH401,04/04/2022,91,Dr Fatima Yusuf
EXB01701,95126,EE201,2021-02-20,81,prof. chika nwosu
EXB02180,34121,IT301,07/04/2024,31,PROF. NGOZI EZE
EXB02150,40394,MT301,03-06-2019,,Dr Fatima Yusuf
EXB00637,NLI-75363,ST301,04-02-2020,91,Dr Fatima Yusuf
EXB01665,192545,EN301,10/05/2020,92,prof. chika nwosu
EXB00412,NLI-77996,EE301,23-12-2024,96,Dr Fatima Yusuf
EXB02142,nli-86508,DS301,19/02/2020,42,prof. chika nwosu
EXB01045,NLI-66693,ME101,20-01-2022,47,Dr Fatima Yusuf
EXB00613,91814,MT101,25-06-2024,37,PROF. NGOZI EZE
EXB01559,NLI171861,EC101,2019-12-04,98,Dr Fatima Yusuf
EXB00580,NLI-175546,EE201,2020-08-07,43,dr. samuel okoro
EXB01074,nli-06478,DS501,2021-03-08,74,Dr. Adekunle Bello
